global_question_id,source_csv,question_id,question,category,difficulty,query_type,tables_used,number_of_tables_used,sql_query,ground_truth_answer
wealth_management_125_question_benchmark:WM125-1T-001,wealth_management_125_question_benchmark.csv,WM125-1T-001,What is the name of investor INV-081?,Investor and portfolio lookup,Easy,Direct Retrieval,ATOM_ENTITY_INVESTOR_PROFILE_001,1,SELECT investor_name FROM ATOM_ENTITY_INVESTOR_PROFILE_001 WHERE investor_id='INV-081';,"[{""investor_name"": ""Bhavna Pandey""}]"
wealth_management_125_question_benchmark:WM125-1T-005,wealth_management_125_question_benchmark.csv,WM125-1T-005,"What are the risk, liquidity, and diversification scores of investor INV-085?",Investor and portfolio lookup,Easy,Direct Retrieval,ATOM_ENTITY_PORTFOLIO_HEALTH_001,1,"SELECT risk_score, liquidity_score, diversification_score FROM ATOM_ENTITY_PORTFOLIO_HEALTH_001 WHERE investor_id='INV-085';","[{""risk_score"": null, ""liquidity_score"": 94.684395, ""diversification_score"": 9.959252}]"
wealth_management_125_question_benchmark:WM125-1T-009,wealth_management_125_question_benchmark.csv,WM125-1T-009,What is the investment goal and segment of investor INV-089?,Investor and portfolio lookup,Easy,Direct Retrieval,ATOM_ENTITY_INVESTOR_PROFILE_001,1,"SELECT investment_goal, segment FROM ATOM_ENTITY_INVESTOR_PROFILE_001 WHERE investor_id='INV-089';","[{""investment_goal"": ""Growth"", ""segment"": ""Diversified""}]"
wealth_management_125_question_benchmark:WM125-1T-013,wealth_management_125_question_benchmark.csv,WM125-1T-013,What is the name of investor INV-093?,Investor and portfolio lookup,Easy,Direct Retrieval,ATOM_ENTITY_INVESTOR_PROFILE_001,1,SELECT investor_name FROM ATOM_ENTITY_INVESTOR_PROFILE_001 WHERE investor_id='INV-093';,"[{""investor_name"": ""Anand Gupta""}]"
wealth_management_125_question_benchmark:WM125-1T-017,wealth_management_125_question_benchmark.csv,WM125-1T-017,"What are the risk, liquidity, and diversification scores of investor INV-097?",Investor and portfolio lookup,Easy,Direct Retrieval,ATOM_ENTITY_PORTFOLIO_HEALTH_001,1,"SELECT risk_score, liquidity_score, diversification_score FROM ATOM_ENTITY_PORTFOLIO_HEALTH_001 WHERE investor_id='INV-097';","[{""risk_score"": 63.717536, ""liquidity_score"": 49.266554, ""diversification_score"": 62.234816}]"
wealth_management_125_question_benchmark:WM125-1T-021,wealth_management_125_question_benchmark.csv,WM125-1T-021,What is the investment goal and segment of investor INV-1000?,Investor and portfolio lookup,Easy,Direct Retrieval,ATOM_ENTITY_INVESTOR_PROFILE_001,1,"SELECT investment_goal, segment FROM ATOM_ENTITY_INVESTOR_PROFILE_001 WHERE investor_id='INV-1000';","[{""investment_goal"": ""Retirement Planning"", ""segment"": ""Large Cap""}]"
wealth_management_125_question_benchmark:WM125-1T-025,wealth_management_125_question_benchmark.csv,WM125-1T-025,What is the name of investor INV-1004?,Investor and portfolio lookup,Easy,Direct Retrieval,ATOM_ENTITY_INVESTOR_PROFILE_001,1,SELECT investor_name FROM ATOM_ENTITY_INVESTOR_PROFILE_001 WHERE investor_id='INV-1004';,"[{""investor_name"": ""Abhishek Hegde""}]"
wealth_management_125_question_benchmark:WM125-1T-029,wealth_management_125_question_benchmark.csv,WM125-1T-029,"What are the risk, liquidity, and diversification scores of investor INV-1008?",Investor and portfolio lookup,Easy,Direct Retrieval,ATOM_ENTITY_PORTFOLIO_HEALTH_001,1,"SELECT risk_score, liquidity_score, diversification_score FROM ATOM_ENTITY_PORTFOLIO_HEALTH_001 WHERE investor_id='INV-1008';","[{""risk_score"": 40.680426, ""liquidity_score"": 47.953137, ""diversification_score"": 66.197968}]"
wealth_management_125_question_benchmark:WM125-1T-033,wealth_management_125_question_benchmark.csv,WM125-1T-033,What is the investment goal and segment of investor INV-1011?,Investor and portfolio lookup,Easy,Direct Retrieval,ATOM_ENTITY_INVESTOR_PROFILE_001,1,"SELECT investment_goal, segment FROM ATOM_ENTITY_INVESTOR_PROFILE_001 WHERE investor_id='INV-1011';","[{""investment_goal"": ""Income Generation"", ""segment"": null}]"
wealth_management_125_question_benchmark:WM125-2T-003,wealth_management_125_question_benchmark.csv,WM125-2T-003,How many Aggressive investors have a liquidity score below 25?,Risk cohort,Medium,Multi-Relational,ATOM_ENTITY_INVESTOR_PROFILE_001; ATOM_ENTITY_PORTFOLIO_HEALTH_001,2,SELECT COUNT(DISTINCT p.investor_id) AS investor_count FROM ATOM_ENTITY_INVESTOR_PROFILE_001 p JOIN ATOM_ENTITY_PORTFOLIO_HEALTH_001 h ON h.investor_id=p.investor_id WHERE p.risk_tolerance='Aggressive' AND h.liquidity_score < 25;,"[{""investor_count"": 122}]"
wealth_management_125_question_benchmark:WM125-2T-007,wealth_management_125_question_benchmark.csv,WM125-2T-007,How many Moderate investors have a risk score above 75?,Risk cohort,Medium,Multi-Relational,ATOM_ENTITY_INVESTOR_PROFILE_001; ATOM_ENTITY_PORTFOLIO_HEALTH_001,2,SELECT COUNT(DISTINCT p.investor_id) AS investor_count FROM ATOM_ENTITY_INVESTOR_PROFILE_001 p JOIN ATOM_ENTITY_PORTFOLIO_HEALTH_001 h ON h.investor_id=p.investor_id WHERE p.risk_tolerance='Moderate' AND h.risk_score > 75;,"[{""investor_count"": 106}]"
wealth_management_125_question_benchmark:WM125-2T-011,wealth_management_125_question_benchmark.csv,WM125-2T-011,What is the average liquidity score of investors in the Diversified segment?,Segment health,Medium,Categorical Aggregation,ATOM_ENTITY_INVESTOR_PROFILE_001; ATOM_ENTITY_PORTFOLIO_HEALTH_001,2,"SELECT ROUND(AVG(h.liquidity_score),2) AS avg_score FROM ATOM_ENTITY_INVESTOR_PROFILE_001 p JOIN ATOM_ENTITY_PORTFOLIO_HEALTH_001 h ON h.investor_id=p.investor_id WHERE p.segment='Diversified';","[{""avg_score"": 49.89}]"
wealth_management_125_question_benchmark:WM125-2T-015,wealth_management_125_question_benchmark.csv,WM125-2T-015,What is the average diversification score of investors in the Large Cap segment?,Segment health,Medium,Categorical Aggregation,ATOM_ENTITY_INVESTOR_PROFILE_001; ATOM_ENTITY_PORTFOLIO_HEALTH_001,2,"SELECT ROUND(AVG(h.diversification_score),2) AS avg_score FROM ATOM_ENTITY_INVESTOR_PROFILE_001 p JOIN ATOM_ENTITY_PORTFOLIO_HEALTH_001 h ON h.investor_id=p.investor_id WHERE p.segment='Large Cap';","[{""avg_score"": 49.63}]"
wealth_management_125_question_benchmark:WM125-2T-019,wealth_management_125_question_benchmark.csv,WM125-2T-019,What is the average risk score of investors in the Small Cap segment?,Segment health,Medium,Categorical Aggregation,ATOM_ENTITY_INVESTOR_PROFILE_001; ATOM_ENTITY_PORTFOLIO_HEALTH_001,2,"SELECT ROUND(AVG(h.risk_score),2) AS avg_score FROM ATOM_ENTITY_INVESTOR_PROFILE_001 p JOIN ATOM_ENTITY_PORTFOLIO_HEALTH_001 h ON h.investor_id=p.investor_id WHERE p.segment='Small Cap';","[{""avg_score"": 52.66}]"
wealth_management_125_question_benchmark:WM125-2T-023,wealth_management_125_question_benchmark.csv,WM125-2T-023,"What is the average goal progress for investors whose stated goal is Emergency Fund, averaging each investor's goal progress first?",Goal progress by objective,Medium,Categorical Aggregation,ATOM_ENTITY_INVESTMENT_GOAL_001; ATOM_ENTITY_INVESTOR_PROFILE_001,2,"WITH g AS (SELECT investor_id, AVG(progress_pct) AS progress_pct FROM ATOM_ENTITY_INVESTMENT_GOAL_001 GROUP BY investor_id) SELECT ROUND(AVG(g.progress_pct),2) AS avg_progress FROM ATOM_ENTITY_INVESTOR_PROFILE_001 p LEFT JOIN g ON g.investor_id=p.investor_id WHERE p.investment_goal='Emergency Fund';","[{""avg_progress"": 41.01}]"
wealth_management_125_question_benchmark:WM125-2T-027,wealth_management_125_question_benchmark.csv,WM125-2T-027,"What is the average goal progress for investors whose stated goal is Wealth Preservation, averaging each investor's goal progress first?",Goal progress by objective,Medium,Categorical Aggregation,ATOM_ENTITY_INVESTMENT_GOAL_001; ATOM_ENTITY_INVESTOR_PROFILE_001,2,"WITH g AS (SELECT investor_id, AVG(progress_pct) AS progress_pct FROM ATOM_ENTITY_INVESTMENT_GOAL_001 GROUP BY investor_id) SELECT ROUND(AVG(g.progress_pct),2) AS avg_progress FROM ATOM_ENTITY_INVESTOR_PROFILE_001 p LEFT JOIN g ON g.investor_id=p.investor_id WHERE p.investment_goal='Wealth Preservation';","[{""avg_progress"": 38.79}]"
wealth_management_125_question_benchmark:WM125-3T-001,wealth_management_125_question_benchmark.csv,WM125-3T-001,Which Aggressive investors have a risk score above 75 and hold a Corporate Bond?,Risk + holding profile,Hard,Multi-Relational,ATOM_ENTITY_INVESTOR_PROFILE_001; ATOM_ENTITY_PORTFOLIO_HEALTH_001; ATOM_ENTITY_PORTFOLIO_HOLDING_001,3,"SELECT DISTINCT p.investor_id, p.investor_name FROM ATOM_ENTITY_INVESTOR_PROFILE_001 p JOIN ATOM_ENTITY_PORTFOLIO_HEALTH_001 h ON h.investor_id=p.investor_id WHERE p.risk_tolerance='Aggressive' AND h.risk_score>75 AND EXISTS (SELECT 1 FROM ATOM_ENTITY_PORTFOLIO_HOLDING_001 o WHERE o.investor_id=p.investor_id AND o.investment_type='Corporate Bond') ORDER BY p.investor_id;","[{""investor_id"": ""INV-037"", ""investor_name"": ""Chetan Sharma""}, {""investor_id"": ""INV-064"", ""investor_name"": ""Arvind Singh""}, {""investor_id"": ""INV-073"", ""investor_name"": ""Abhishek Mehta""}, {""investor_id"": ""INV-078"", ""investor_name"": ""Rajesh Bhat""}, {""investor_id"": ""INV-079"", ""investor_name"": ""Ankita Rao""}, {""investor_id"": ""INV-081"", ""investor_name"": ""Bhavna Pandey""}, {""investor_id"": ""INV-084"", ""investor_name"": ""Anand Reddy""}, {""investor_id"": ""INV-1041"", ""investor_name"": ""Deepak Kulkarni""}, {""investor_id"": ""INV-1070"", ""investor_name"": ""Ishita Chauhan""}, {""investor_id"": ""INV-1111"", ""investor_name"": ""Rajesh Sharma""}, {""investor_id"": ""INV-1153"", ""investor_name"": ""Arvind Sharma""}, {""investor_id"": ""INV-121"", ""investor_name"": ""Anita Hegde""}, {""investor_id"": ""INV-1236"", ""investor_name"": ""Dipti Yadav""}, {""investor_id"": ""INV-1264"", ""investor_name"": ""Aishwarya Singh""}, {""investor_id"": ""INV-1271"", ""investor_name"": ""Rohan Arora""}, {""investor_id"": ""INV-1311"", ""investor_name"": ""Ramesh Patel""}, {""investor_id"": ""INV-1332"", ""investor_name"": ""Amit Arora""}, {""investor_id"": ""INV-1336"", ""investor_name"": ""Vikram Kulkarni""}, {""investor_id"": ""INV-1341"", ""investor_name"": ""Amrita Chauhan""}, {""investor_id"": ""INV-1360"", ""investor_name"": ""Dipti Bhat""}, {""investor_id"": ""INV-1427"", ""investor_name"": ""Anjali Arora""}, {""investor_id"": ""INV-1433"", ""investor_name"": ""Vivek Bhat""}, {""investor_id"": ""INV-1459"", ""investor_name"": ""Arjun Iyer""}, {""investor_id"": ""INV-189"", ""investor_name"": ""Meena Hegde""}, {""investor_id"": ""INV-281"", ""investor_name"": ""Sunita Pandey""}, {""investor_id"": ""INV-298"", ""investor_name"": ""Anita Arora""}, {""investor_id"": ""INV-306"", ""investor_name"": ""Ishita Deshmukh""}, {""investor_id"": ""INV-327"", ""investor_name"": ""Anjali Sharma""}, {""investor_id"": ""INV-377"", ""investor_name"": ""Anita Singh""}, {""investor_id"": ""INV-434"", ""investor_name"": ""Siddharth Reddy""}, {""investor_id"": ""INV-457"", ""investor_name"": ""Kavita Hegde""}, {""investor_id"": ""INV-507"", ""investor_name"": ""Ishita Sharma""}, {""investor_id"": ""INV-561"", ""investor_name"": ""Ishita Kulkarni""}, {""investor_id"": ""INV-580"", ""investor_name"": ""Anita Patel""}, {""investor_id"": ""INV-634"", ""investor_name"": ""Rohan Singh""}, {""investor_id"": ""INV-641"", ""investor_name"": ""Suresh Iyer""}, {""investor_id"": ""INV-653"", ""investor_name"": ""Suresh Bhat""}, {""investor_id"": ""INV-671"", ""investor_name"": ""Ishita Iyer""}, {""investor_id"": ""INV-721"", ""investor_name"": ""Amrita Reddy""}, {""investor_id"": ""INV-738"", ""investor_name"": ""Arvind Nair""}, {""investor_id"": ""INV-768"", ""investor_name"": ""Amrita Reddy""}, {""investor_id"": ""INV-794"", ""investor_name"": ""Sneha Singh""}, {""investor_id"": ""INV-849"", ""investor_name"": ""Arvind Bhat""}, {""investor_id"": ""INV-887"", ""investor_name"": ""Deepak Mishra""}, {""investor_id"": ""INV-888"", ""investor_name"": ""Anjali Hegde""}, {""investor_id"": ""INV-921"", ""investor_name"": ""Vikram Sharma""}, {""investor_id"": ""INV-932"", ""investor_name"": ""Akshay Joshi""}]"
wealth_management_125_question_benchmark:WM125-3T-005,wealth_management_125_question_benchmark.csv,WM125-3T-005,Which Aggressive investors have a risk score above 75 and hold a Gold?,Risk + holding profile,Hard,Multi-Relational,ATOM_ENTITY_INVESTOR_PROFILE_001; ATOM_ENTITY_PORTFOLIO_HEALTH_001; ATOM_ENTITY_PORTFOLIO_HOLDING_001,3,"SELECT DISTINCT p.investor_id, p.investor_name FROM ATOM_ENTITY_INVESTOR_PROFILE_001 p JOIN ATOM_ENTITY_PORTFOLIO_HEALTH_001 h ON h.investor_id=p.investor_id WHERE p.risk_tolerance='Aggressive' AND h.risk_score>75 AND EXISTS (SELECT 1 FROM ATOM_ENTITY_PORTFOLIO_HOLDING_001 o WHERE o.investor_id=p.investor_id AND o.investment_type='Gold') ORDER BY p.investor_id;","[{""investor_id"": ""INV-010"", ""investor_name"": ""Ankita Kulkarni""}, {""investor_id"": ""INV-061"", ""investor_name"": ""Kavita Sharma""}, {""investor_id"": ""INV-068"", ""investor_name"": ""Vikram Yadav""}, {""investor_id"": ""INV-073"", ""investor_name"": ""Abhishek Mehta""}, {""investor_id"": ""INV-079"", ""investor_name"": ""Ankita Rao""}, {""investor_id"": ""INV-1075"", ""investor_name"": ""Amrita Iyer""}, {""investor_id"": ""INV-1104"", ""investor_name"": ""Arjun Patel""}, {""investor_id"": ""INV-1133"", ""investor_name"": ""Rajesh Chauhan""}, {""investor_id"": ""INV-1164"", ""investor_name"": ""Sneha Singh""}, {""investor_id"": ""INV-1184"", ""investor_name"": ""Amrita Mehta""}, {""investor_id"": ""INV-1219"", ""investor_name"": ""Rajesh Mishra""}, {""investor_id"": ""INV-1236"", ""investor_name"": ""Dipti Yadav""}, {""investor_id"": ""INV-1248"", ""investor_name"": ""Siddharth Deshmukh""}, {""investor_id"": ""INV-130"", ""investor_name"": ""Abhishek Verma""}, {""investor_id"": ""INV-1360"", ""investor_name"": ""Dipti Bhat""}, {""investor_id"": ""INV-1397"", ""investor_name"": ""Rajesh Kulkarni""}, {""investor_id"": ""INV-1497"", ""investor_name"": ""Dipti Arora""}, {""investor_id"": ""INV-181"", ""investor_name"": ""Suresh Reddy""}, {""investor_id"": ""INV-189"", ""investor_name"": ""Meena Hegde""}, {""investor_id"": ""INV-246"", ""investor_name"": ""Ishita Hegde""}, {""investor_id"": ""INV-281"", ""investor_name"": ""Sunita Pandey""}, {""investor_id"": ""INV-306"", ""investor_name"": ""Ishita Deshmukh""}, {""investor_id"": ""INV-327"", ""investor_name"": ""Anjali Sharma""}, {""investor_id"": ""INV-349"", ""investor_name"": ""Arvind Kulkarni""}, {""investor_id"": ""INV-377"", ""investor_name"": ""Anita Singh""}, {""investor_id"": ""INV-434"", ""investor_name"": ""Siddharth Reddy""}, {""investor_id"": ""INV-457"", ""investor_name"": ""Kavita Hegde""}, {""investor_id"": ""INV-507"", ""investor_name"": ""Ishita Sharma""}, {""investor_id"": ""INV-561"", ""investor_name"": ""Ishita Kulkarni""}, {""investor_id"": ""INV-580"", ""investor_name"": ""Anita Patel""}, {""investor_id"": ""INV-634"", ""investor_name"": ""Rohan Singh""}, {""investor_id"": ""INV-635"", ""investor_name"": ""Rohan Yadav""}, {""investor_id"": ""INV-641"", ""investor_name"": ""Suresh Iyer""}, {""investor_id"": ""INV-653"", ""investor_name"": ""Suresh Bhat""}, {""investor_id"": ""INV-721"", ""investor_name"": ""Amrita Reddy""}, {""investor_id"": ""INV-749"", ""investor_name"": ""Rahul Pandey""}, {""investor_id"": ""INV-810"", ""investor_name"": ""Dipti Mishra""}, {""investor_id"": ""INV-845"", ""investor_name"": ""Geeta Chauhan""}, {""investor_id"": ""INV-849"", ""investor_name"": ""Arvind Bhat""}, {""investor_id"": ""INV-850"", ""investor_name"": ""Siddharth Reddy""}, {""investor_id"": ""INV-878"", ""investor_name"": ""Vikram Kulkarni""}, {""investor_id"": ""INV-887"", ""investor_name"": ""Deepak Mishra""}, {""investor_id"": ""INV-888"", ""investor_name"": ""Anjali Hegde""}, {""investor_id"": ""INV-906"", ""investor_name"": ""Dipti Verma""}, {""investor_id"": ""INV-921"", ""investor_name"": ""Vikram Sharma""}, {""investor_id"": ""INV-932"", ""investor_name"": ""Akshay Joshi""}]"
wealth_management_125_question_benchmark:WM125-3T-009,wealth_management_125_question_benchmark.csv,WM125-3T-009,Which Conservative investors have a risk score above 75 and hold a position with investment type 'Equity'?,Risk + holding profile,Hard,Multi-Relational,ATOM_ENTITY_INVESTOR_PROFILE_001; ATOM_ENTITY_PORTFOLIO_HEALTH_001; ATOM_ENTITY_PORTFOLIO_HOLDING_001,3,"SELECT DISTINCT p.investor_id, p.investor_name FROM ATOM_ENTITY_INVESTOR_PROFILE_001 p JOIN ATOM_ENTITY_PORTFOLIO_HEALTH_001 h ON h.investor_id=p.investor_id WHERE p.risk_tolerance='Conservative' AND h.risk_score>75 AND EXISTS (SELECT 1 FROM ATOM_ENTITY_PORTFOLIO_HOLDING_001 o WHERE o.investor_id=p.investor_id AND o.investment_type='Equity') ORDER BY p.investor_id;","{""_total_rows"": 62, ""_truncated_to"": 50, ""rows"": [{""investor_id"": ""INV-021"", ""investor_name"": ""Arvind Chauhan""}, {""investor_id"": ""INV-047"", ""investor_name"": ""Aishwarya Reddy""}, {""investor_id"": ""INV-069"", ""investor_name"": ""Sunita Patel""}, {""investor_id"": ""INV-1025"", ""investor_name"": ""Rohan Arora""}, {""investor_id"": ""INV-1045"", ""investor_name"": ""Arvind Nair""}, {""investor_id"": ""INV-1072"", ""investor_name"": ""Amrita Kulkarni""}, {""investor_id"": ""INV-1090"", ""investor_name"": ""Rajesh Yadav""}, {""investor_id"": ""INV-1093"", ""investor_name"": ""Akshay Yadav""}, {""investor_id"": ""INV-1120"", ""investor_name"": ""Arjun Bhat""}, {""investor_id"": ""INV-1139"", ""investor_name"": ""Rahul Chauhan""}, {""investor_id"": ""INV-1154"", ""investor_name"": ""Ishita Hegde""}, {""investor_id"": ""INV-1176"", ""investor_name"": ""Vikram Mishra""}, {""investor_id"": ""INV-1198"", ""investor_name"": ""Anita Verma""}, {""investor_id"": ""INV-1200"", ""investor_name"": ""Ishita Gupta""}, {""investor_id"": ""INV-1238"", ""investor_name"": ""Bhavna Bhat""}, {""investor_id"": ""INV-1269"", ""investor_name"": ""Vikram Patel""}, {""investor_id"": ""INV-1281"", ""investor_name"": ""Ankita Rao""}, {""investor_id"": ""INV-1299"", ""investor_name"": ""Geeta Chauhan""}, {""investor_id"": ""INV-1309"", ""investor_name"": ""Anjali Rao""}, {""investor_id"": ""INV-1310"", ""investor_name"": ""Sneha Iyer""}, {""investor_id"": ""INV-1321"", ""investor_name"": ""Sunita Verma""}, {""investor_id"": ""INV-1347"", ""investor_name"": ""Rohan Hegde""}, {""investor_id"": ""INV-1378"", ""investor_name"": ""Anjali Joshi""}, {""investor_id"": ""INV-1409"", ""investor_name"": ""Vivek Hegde""}, {""investor_id"": ""INV-141"", ""investor_name"": ""Geeta Verma""}, {""investor_id"": ""INV-1421"", ""investor_name"": ""Meena Mishra""}, {""investor_id"": ""INV-1434"", ""investor_name"": ""Arjun Mishra""}, {""investor_id"": ""INV-1446"", ""investor_name"": ""Arvind Arora""}, {""investor_id"": ""INV-1452"", ""investor_name"": ""Akshay Gupta""}, {""investor_id"": ""INV-1484"", ""investor_name"": ""Geeta Bhat""}, {""investor_id"": ""INV-1492"", ""investor_name"": ""Amrita Yadav""}, {""investor_id"": ""INV-1505"", ""investor_name"": ""Akshay Nair""}, {""investor_id"": ""INV-161"", ""investor_name"": ""Rahul Mishra""}, {""investor_id"": ""INV-226"", ""investor_name"": ""Sneha Bhat""}, {""investor_id"": ""INV-237"", ""investor_name"": ""Rohan Verma""}, {""investor_id"": ""INV-273"", ""investor_name"": ""Ankita Yadav""}, {""investor_id"": ""INV-291"", ""investor_name"": ""Rahul Iyer""}, {""investor_id"": ""INV-295"", ""investor_name"": ""Vikram Joshi""}, {""investor_id"": ""INV-309"", ""investor_name"": ""Arjun Joshi""}, {""investor_id"": ""INV-381"", ""investor_name"": ""Priyanka Deshmukh""}, {""investor_id"": ""INV-393"", ""investor_name"": ""Amrita Pandey""}, {""investor_id"": ""INV-396"", ""investor_name"": ""Sunita Deshmukh""}, {""investor_id"": ""INV-465"", ""investor_name"": ""Abhishek Hegde""}, {""investor_id"": ""INV-468"", ""investor_name"": ""Arvind Mehta""}, {""investor_id"": ""INV-486"", ""investor_name"": ""Anita Rao""}, {""investor_id"": ""INV-506"", ""investor_name"": ""Amrita Mehta""}, {""investor_id"": ""INV-548"", ""investor_name"": ""Ishita Yadav""}, {""investor_id"": ""INV-557"", ""investor_name"": ""Priyanka Arora""}, {""investor_id"": ""INV-590"", ""investor_name"": ""Sneha Singh""}, {""investor_id"": ""INV-609"", ""investor_name"": ""Akshay Yadav""}]}"
wealth_management_125_question_benchmark:WM125-3T-013,wealth_management_125_question_benchmark.csv,WM125-3T-013,Which Moderate investors have a risk score above 75 and hold a Corporate Bond?,Risk + holding profile,Hard,Multi-Relational,ATOM_ENTITY_INVESTOR_PROFILE_001; ATOM_ENTITY_PORTFOLIO_HEALTH_001; ATOM_ENTITY_PORTFOLIO_HOLDING_001,3,"SELECT DISTINCT p.investor_id, p.investor_name FROM ATOM_ENTITY_INVESTOR_PROFILE_001 p JOIN ATOM_ENTITY_PORTFOLIO_HEALTH_001 h ON h.investor_id=p.investor_id WHERE p.risk_tolerance='Moderate' AND h.risk_score>75 AND EXISTS (SELECT 1 FROM ATOM_ENTITY_PORTFOLIO_HOLDING_001 o WHERE o.investor_id=p.investor_id AND o.investment_type='Corporate Bond') ORDER BY p.investor_id;","[{""investor_id"": ""INV-018"", ""investor_name"": ""Meena Rao""}, {""investor_id"": ""INV-041"", ""investor_name"": ""Sneha Nair""}, {""investor_id"": ""INV-058"", ""investor_name"": ""Meena Bhat""}, {""investor_id"": ""INV-072"", ""investor_name"": ""Siddharth Gupta""}, {""investor_id"": ""INV-075"", ""investor_name"": ""Arjun Rao""}, {""investor_id"": ""INV-1005"", ""investor_name"": ""Siddharth Chauhan""}, {""investor_id"": ""INV-1015"", ""investor_name"": ""Siddharth Deshmukh""}, {""investor_id"": ""INV-1021"", ""investor_name"": ""Amit Joshi""}, {""investor_id"": ""INV-1049"", ""investor_name"": ""Abhishek Yadav""}, {""investor_id"": ""INV-1079"", ""investor_name"": ""Amit Reddy""}, {""investor_id"": ""INV-1099"", ""investor_name"": ""Anita Deshmukh""}, {""investor_id"": ""INV-1112"", ""investor_name"": ""Anand Verma""}, {""investor_id"": ""INV-1126"", ""investor_name"": ""Anita Iyer""}, {""investor_id"": ""INV-1141"", ""investor_name"": ""Ankita Iyer""}, {""investor_id"": ""INV-1159"", ""investor_name"": ""Anand Sharma""}, {""investor_id"": ""INV-1216"", ""investor_name"": ""Vivek Kulkarni""}, {""investor_id"": ""INV-1241"", ""investor_name"": ""Sneha Hegde""}, {""investor_id"": ""INV-1287"", ""investor_name"": ""Ishita Mehta""}, {""investor_id"": ""INV-1349"", ""investor_name"": ""Dipti Pandey""}, {""investor_id"": ""INV-1539"", ""investor_name"": ""Amrita Chauhan""}, {""investor_id"": ""INV-1544"", ""investor_name"": ""Chetan Rao""}, {""investor_id"": ""INV-1547"", ""investor_name"": ""Deepak Kulkarni""}, {""investor_id"": ""INV-178"", ""investor_name"": ""Arjun Nair""}, {""investor_id"": ""INV-241"", ""investor_name"": ""Vivek Rao""}, {""investor_id"": ""INV-250"", ""investor_name"": ""Vivek Chauhan""}, {""investor_id"": ""INV-310"", ""investor_name"": ""Siddharth Nair""}, {""investor_id"": ""INV-374"", ""investor_name"": ""Anjali Pandey""}, {""investor_id"": ""INV-430"", ""investor_name"": ""Abhishek Verma""}, {""investor_id"": ""INV-441"", ""investor_name"": ""Ramesh Patel""}, {""investor_id"": ""INV-474"", ""investor_name"": ""Meena Kulkarni""}, {""investor_id"": ""INV-478"", ""investor_name"": ""Anand Singh""}, {""investor_id"": ""INV-490"", ""investor_name"": ""Dipti Yadav""}, {""investor_id"": ""INV-534"", ""investor_name"": ""Ishita Nair""}, {""investor_id"": ""INV-541"", ""investor_name"": ""Priyanka Rao""}, {""investor_id"": ""INV-681"", ""investor_name"": ""Vikram Arora""}, {""investor_id"": ""INV-694"", ""investor_name"": ""Aishwarya Gupta""}, {""investor_id"": ""INV-712"", ""investor_name"": ""Aishwarya Mehta""}, {""investor_id"": ""INV-733"", ""investor_name"": ""Amit Arora""}, {""investor_id"": ""INV-781"", ""investor_name"": ""Dipti Reddy""}, {""investor_id"": ""INV-874"", ""investor_name"": ""Rajesh Bhat""}, {""investor_id"": ""INV-891"", ""investor_name"": ""Anita Deshmukh""}, {""investor_id"": ""INV-895"", ""investor_name"": ""Dipti Verma""}, {""investor_id"": ""INV-936"", ""investor_name"": ""Amrita Joshi""}, {""investor_id"": ""INV-945"", ""investor_name"": ""Siddharth Mehta""}, {""investor_id"": ""INV-960"", ""investor_name"": ""Arvind Patel""}, {""investor_id"": ""INV-969"", ""investor_name"": ""Vikram Mishra""}, {""investor_id"": ""INV-972"", ""investor_name"": ""Aishwarya Kulkarni""}]"
wealth_management_125_question_benchmark:WM125-3T-017,wealth_management_125_question_benchmark.csv,WM125-3T-017,Which Moderate investors have a risk score above 75 and hold a Gold?,Risk + holding profile,Hard,Multi-Relational,ATOM_ENTITY_INVESTOR_PROFILE_001; ATOM_ENTITY_PORTFOLIO_HEALTH_001; ATOM_ENTITY_PORTFOLIO_HOLDING_001,3,"SELECT DISTINCT p.investor_id, p.investor_name FROM ATOM_ENTITY_INVESTOR_PROFILE_001 p JOIN ATOM_ENTITY_PORTFOLIO_HEALTH_001 h ON h.investor_id=p.investor_id WHERE p.risk_tolerance='Moderate' AND h.risk_score>75 AND EXISTS (SELECT 1 FROM ATOM_ENTITY_PORTFOLIO_HOLDING_001 o WHERE o.investor_id=p.investor_id AND o.investment_type='Gold') ORDER BY p.investor_id;","{""_total_rows"": 55, ""_truncated_to"": 50, ""rows"": [{""investor_id"": ""INV-053"", ""investor_name"": ""Anita Iyer""}, {""investor_id"": ""INV-058"", ""investor_name"": ""Meena Bhat""}, {""investor_id"": ""INV-072"", ""investor_name"": ""Siddharth Gupta""}, {""investor_id"": ""INV-091"", ""investor_name"": ""Akshay Iyer""}, {""investor_id"": ""INV-1014"", ""investor_name"": ""Sneha Hegde""}, {""investor_id"": ""INV-1015"", ""investor_name"": ""Siddharth Deshmukh""}, {""investor_id"": ""INV-1021"", ""investor_name"": ""Amit Joshi""}, {""investor_id"": ""INV-1049"", ""investor_name"": ""Abhishek Yadav""}, {""investor_id"": ""INV-1079"", ""investor_name"": ""Amit Reddy""}, {""investor_id"": ""INV-1099"", ""investor_name"": ""Anita Deshmukh""}, {""investor_id"": ""INV-1112"", ""investor_name"": ""Anand Verma""}, {""investor_id"": ""INV-1126"", ""investor_name"": ""Anita Iyer""}, {""investor_id"": ""INV-1159"", ""investor_name"": ""Anand Sharma""}, {""investor_id"": ""INV-1186"", ""investor_name"": ""Vikram Yadav""}, {""investor_id"": ""INV-1241"", ""investor_name"": ""Sneha Hegde""}, {""investor_id"": ""INV-1287"", ""investor_name"": ""Ishita Mehta""}, {""investor_id"": ""INV-129"", ""investor_name"": ""Sneha Bhat""}, {""investor_id"": ""INV-1331"", ""investor_name"": ""Meena Iyer""}, {""investor_id"": ""INV-1349"", ""investor_name"": ""Dipti Pandey""}, {""investor_id"": ""INV-1367"", ""investor_name"": ""Amrita Joshi""}, {""investor_id"": ""INV-1441"", ""investor_name"": ""Rahul Chauhan""}, {""investor_id"": ""INV-1472"", ""investor_name"": ""Ishita Rao""}, {""investor_id"": ""INV-1539"", ""investor_name"": ""Amrita Chauhan""}, {""investor_id"": ""INV-178"", ""investor_name"": ""Arjun Nair""}, {""investor_id"": ""INV-220"", ""investor_name"": ""Amit Joshi""}, {""investor_id"": ""INV-269"", ""investor_name"": ""Amrita Verma""}, {""investor_id"": ""INV-335"", ""investor_name"": ""Amrita Sharma""}, {""investor_id"": ""INV-373"", ""investor_name"": ""Priyanka Bhat""}, {""investor_id"": ""INV-391"", ""investor_name"": ""Vivek Kulkarni""}, {""investor_id"": ""INV-418"", ""investor_name"": ""Akshay Mishra""}, {""investor_id"": ""INV-437"", ""investor_name"": ""Abhishek Singh""}, {""investor_id"": ""INV-439"", ""investor_name"": ""Ramesh Joshi""}, {""investor_id"": ""INV-461"", ""investor_name"": ""Amrita Arora""}, {""investor_id"": ""INV-469"", ""investor_name"": ""Priyanka Chauhan""}, {""investor_id"": ""INV-474"", ""investor_name"": ""Meena Kulkarni""}, {""investor_id"": ""INV-546"", ""investor_name"": ""Anand Mishra""}, {""investor_id"": ""INV-597"", ""investor_name"": ""Suresh Rao""}, {""investor_id"": ""INV-624"", ""investor_name"": ""Anita Verma""}, {""investor_id"": ""INV-681"", ""investor_name"": ""Vikram Arora""}, {""investor_id"": ""INV-694"", ""investor_name"": ""Aishwarya Gupta""}, {""investor_id"": ""INV-718"", ""investor_name"": ""Anjali Mishra""}, {""investor_id"": ""INV-733"", ""investor_name"": ""Amit Arora""}, {""investor_id"": ""INV-753"", ""investor_name"": ""Amit Sharma""}, {""investor_id"": ""INV-754"", ""investor_name"": ""Ramesh Deshmukh""}, {""investor_id"": ""INV-779"", ""investor_name"": ""Deepak Chauhan""}, {""investor_id"": ""INV-781"", ""investor_name"": ""Dipti Reddy""}, {""investor_id"": ""INV-846"", ""investor_name"": ""Akshay Patel""}, {""investor_id"": ""INV-891"", ""investor_name"": ""Anita Deshmukh""}, {""investor_id"": ""INV-894"", ""investor_name"": ""Rahul Kulkarni""}, {""investor_id"": ""INV-960"", ""investor_name"": ""Arvind Patel""}]}"
wealth_management_125_question_benchmark:WM125-3T-021,wealth_management_125_question_benchmark.csv,WM125-3T-021,Which Aggressive investors have a liquidity score below 50 and a sector allocation above 0% in Consumer Goods?,Health + allocation profile,Hard,Multi-Relational,ATOM_ENTITY_INVESTOR_PROFILE_001; ATOM_ENTITY_PORTFOLIO_HEALTH_001; ATOM_ENTITY_SECTOR_ALLOCATION_001,3,"SELECT DISTINCT p.investor_id, p.investor_name FROM ATOM_ENTITY_INVESTOR_PROFILE_001 p JOIN ATOM_ENTITY_PORTFOLIO_HEALTH_001 h ON h.investor_id=p.investor_id WHERE p.risk_tolerance='Aggressive' AND h.liquidity_score<50 AND EXISTS (SELECT 1 FROM ATOM_ENTITY_SECTOR_ALLOCATION_001 a WHERE a.investor_id=p.investor_id AND a.sector='Consumer Goods' AND a.allocation_pct>0) ORDER BY p.investor_id;","[{""investor_id"": ""INV-033"", ""investor_name"": ""Aishwarya Sharma""}, {""investor_id"": ""INV-1004"", ""investor_name"": ""Abhishek Hegde""}, {""investor_id"": ""INV-1016"", ""investor_name"": ""Ankita Joshi""}, {""investor_id"": ""INV-1229"", ""investor_name"": ""Ramesh Joshi""}, {""investor_id"": ""INV-1247"", ""investor_name"": ""Ramesh Verma""}, {""investor_id"": ""INV-282"", ""investor_name"": ""Anita Deshmukh""}, {""investor_id"": ""INV-375"", ""investor_name"": ""Akshay Kulkarni""}, {""investor_id"": ""INV-482"", ""investor_name"": ""Deepak Mishra""}, {""investor_id"": ""INV-559"", ""investor_name"": ""Sneha Joshi""}, {""investor_id"": ""INV-611"", ""investor_name"": ""Amit Verma""}, {""investor_id"": ""INV-764"", ""investor_name"": ""Deepak Rao""}, {""investor_id"": ""INV-798"", ""investor_name"": ""Aishwarya Singh""}, {""investor_id"": ""INV-888"", ""investor_name"": ""Anjali Hegde""}]"
wealth_management_125_question_benchmark:WM125-3T-025,wealth_management_125_question_benchmark.csv,WM125-3T-025,Which Conservative investors have a liquidity score below 50 and a sector allocation above 0% in Banking?,Health + allocation profile,Hard,Multi-Relational,ATOM_ENTITY_INVESTOR_PROFILE_001; ATOM_ENTITY_PORTFOLIO_HEALTH_001; ATOM_ENTITY_SECTOR_ALLOCATION_001,3,"SELECT DISTINCT p.investor_id, p.investor_name FROM ATOM_ENTITY_INVESTOR_PROFILE_001 p JOIN ATOM_ENTITY_PORTFOLIO_HEALTH_001 h ON h.investor_id=p.investor_id WHERE p.risk_tolerance='Conservative' AND h.liquidity_score<50 AND EXISTS (SELECT 1 FROM ATOM_ENTITY_SECTOR_ALLOCATION_001 a WHERE a.investor_id=p.investor_id AND a.sector='Banking' AND a.allocation_pct>0) ORDER BY p.investor_id;","[{""investor_id"": ""INV-098"", ""investor_name"": ""Arvind Singh""}, {""investor_id"": ""INV-1132"", ""investor_name"": ""Deepak Bhat""}, {""investor_id"": ""INV-118"", ""investor_name"": ""Vivek Rao""}, {""investor_id"": ""INV-1235"", ""investor_name"": ""Aishwarya Reddy""}, {""investor_id"": ""INV-1347"", ""investor_name"": ""Rohan Hegde""}, {""investor_id"": ""INV-177"", ""investor_name"": ""Arvind Chauhan""}, {""investor_id"": ""INV-378"", ""investor_name"": ""Geeta Verma""}, {""investor_id"": ""INV-484"", ""investor_name"": ""Anand Mishra""}, {""investor_id"": ""INV-777"", ""investor_name"": ""Priyanka Iyer""}, {""investor_id"": ""INV-914"", ""investor_name"": ""Rohan Pandey""}]"
wealth_management_125_question_benchmark:WM125-4T-002,wealth_management_125_question_benchmark.csv,WM125-4T-002,"Which Aggressive investors have a diversification score below 25, a Bear Market scenario record, and at least one underfunded goal?",Cross-table risk context,Advanced,Composite Reasoning,ATOM_ENTITY_INVESTMENT_GOAL_001; ATOM_ENTITY_INVESTOR_PROFILE_001; ATOM_ENTITY_PORTFOLIO_HEALTH_001; ATOM_EVENT_SCENARIO_REBALANCING_001,4,"SELECT DISTINCT p.investor_id, p.investor_name FROM ATOM_ENTITY_INVESTOR_PROFILE_001 p JOIN ATOM_ENTITY_PORTFOLIO_HEALTH_001 h ON h.investor_id=p.investor_id WHERE p.risk_tolerance='Aggressive' AND h.diversification_score<25 AND EXISTS (SELECT 1 FROM ATOM_EVENT_SCENARIO_REBALANCING_001 s WHERE s.investor_id=p.investor_id AND s.scenario='Bear Market') AND EXISTS (SELECT 1 FROM ATOM_ENTITY_INVESTMENT_GOAL_001 g WHERE g.investor_id=p.investor_id AND g.shortfall>0) ORDER BY p.investor_id;","[{""investor_id"": ""INV-030"", ""investor_name"": ""Ramesh Rao""}, {""investor_id"": ""INV-068"", ""investor_name"": ""Vikram Yadav""}, {""investor_id"": ""INV-133"", ""investor_name"": ""Rohan Arora""}, {""investor_id"": ""INV-1485"", ""investor_name"": ""Geeta Rao""}, {""investor_id"": ""INV-182"", ""investor_name"": ""Bhavna Verma""}, {""investor_id"": ""INV-386"", ""investor_name"": ""Siddharth Iyer""}, {""investor_id"": ""INV-482"", ""investor_name"": ""Deepak Mishra""}, {""investor_id"": ""INV-485"", ""investor_name"": ""Vivek Pandey""}, {""investor_id"": ""INV-645"", ""investor_name"": ""Kavita Mishra""}, {""investor_id"": ""INV-653"", ""investor_name"": ""Suresh Bhat""}, {""investor_id"": ""INV-892"", ""investor_name"": ""Anita Nair""}]"
wealth_management_125_question_benchmark:WM125-4T-006,wealth_management_125_question_benchmark.csv,WM125-4T-006,"Which Conservative investors have a diversification score below 25, a Approaching Goal scenario record, and at least one underfunded goal?",Cross-table risk context,Advanced,Composite Reasoning,ATOM_ENTITY_INVESTMENT_GOAL_001; ATOM_ENTITY_INVESTOR_PROFILE_001; ATOM_ENTITY_PORTFOLIO_HEALTH_001; ATOM_EVENT_SCENARIO_REBALANCING_001,4,"SELECT DISTINCT p.investor_id, p.investor_name FROM ATOM_ENTITY_INVESTOR_PROFILE_001 p JOIN ATOM_ENTITY_PORTFOLIO_HEALTH_001 h ON h.investor_id=p.investor_id WHERE p.risk_tolerance='Conservative' AND h.diversification_score<25 AND EXISTS (SELECT 1 FROM ATOM_EVENT_SCENARIO_REBALANCING_001 s WHERE s.investor_id=p.investor_id AND s.scenario='Approaching Goal') AND EXISTS (SELECT 1 FROM ATOM_ENTITY_INVESTMENT_GOAL_001 g WHERE g.investor_id=p.investor_id AND g.shortfall>0) ORDER BY p.investor_id;","[{""investor_id"": ""INV-002"", ""investor_name"": ""Geeta Nair""}, {""investor_id"": ""INV-059"", ""investor_name"": ""Deepak Bhat""}, {""investor_id"": ""INV-066"", ""investor_name"": ""Arjun Mishra""}, {""investor_id"": ""INV-1025"", ""investor_name"": ""Rohan Arora""}, {""investor_id"": ""INV-1082"", ""investor_name"": ""Suresh Verma""}, {""investor_id"": ""INV-1167"", ""investor_name"": ""Geeta Reddy""}, {""investor_id"": ""INV-1376"", ""investor_name"": ""Anand Hegde""}, {""investor_id"": ""INV-273"", ""investor_name"": ""Ankita Yadav""}, {""investor_id"": ""INV-473"", ""investor_name"": ""Rohan Rao""}]"
wealth_management_125_question_benchmark:WM125-4T-010,wealth_management_125_question_benchmark.csv,WM125-4T-010,"Which Conservative investors have a diversification score below 25, a Economic Growth scenario record, and at least one underfunded goal?",Cross-table risk context,Advanced,Composite Reasoning,ATOM_ENTITY_INVESTMENT_GOAL_001; ATOM_ENTITY_INVESTOR_PROFILE_001; ATOM_ENTITY_PORTFOLIO_HEALTH_001; ATOM_EVENT_SCENARIO_REBALANCING_001,4,"SELECT DISTINCT p.investor_id, p.investor_name FROM ATOM_ENTITY_INVESTOR_PROFILE_001 p JOIN ATOM_ENTITY_PORTFOLIO_HEALTH_001 h ON h.investor_id=p.investor_id WHERE p.risk_tolerance='Conservative' AND h.diversification_score<25 AND EXISTS (SELECT 1 FROM ATOM_EVENT_SCENARIO_REBALANCING_001 s WHERE s.investor_id=p.investor_id AND s.scenario='Economic Growth') AND EXISTS (SELECT 1 FROM ATOM_ENTITY_INVESTMENT_GOAL_001 g WHERE g.investor_id=p.investor_id AND g.shortfall>0) ORDER BY p.investor_id;","[{""investor_id"": ""INV-028"", ""investor_name"": ""Chetan Yadav""}, {""investor_id"": ""INV-1082"", ""investor_name"": ""Suresh Verma""}, {""investor_id"": ""INV-1289"", ""investor_name"": ""Anjali Verma""}, {""investor_id"": ""INV-1292"", ""investor_name"": ""Deepak Bhat""}, {""investor_id"": ""INV-1354"", ""investor_name"": ""Dipti Verma""}, {""investor_id"": ""INV-146"", ""investor_name"": ""Dipti Chauhan""}, {""investor_id"": ""INV-302"", ""investor_name"": ""Ankita Sharma""}, {""investor_id"": ""INV-382"", ""investor_name"": ""Arvind Reddy""}, {""investor_id"": ""INV-548"", ""investor_name"": ""Ishita Yadav""}, {""investor_id"": ""INV-706"", ""investor_name"": ""Vikram Deshmukh""}, {""investor_id"": ""INV-707"", ""investor_name"": ""Siddharth Bhat""}]"
wealth_management_125_question_benchmark:WM125-4T-014,wealth_management_125_question_benchmark.csv,WM125-4T-014,"Which Moderate investors have a diversification score below 25, a Currency Depreciation scenario record, and at least one underfunded goal?",Cross-table risk context,Advanced,Composite Reasoning,ATOM_ENTITY_INVESTMENT_GOAL_001; ATOM_ENTITY_INVESTOR_PROFILE_001; ATOM_ENTITY_PORTFOLIO_HEALTH_001; ATOM_EVENT_SCENARIO_REBALANCING_001,4,"SELECT DISTINCT p.investor_id, p.investor_name FROM ATOM_ENTITY_INVESTOR_PROFILE_001 p JOIN ATOM_ENTITY_PORTFOLIO_HEALTH_001 h ON h.investor_id=p.investor_id WHERE p.risk_tolerance='Moderate' AND h.diversification_score<25 AND EXISTS (SELECT 1 FROM ATOM_EVENT_SCENARIO_REBALANCING_001 s WHERE s.investor_id=p.investor_id AND s.scenario='Currency Depreciation') AND EXISTS (SELECT 1 FROM ATOM_ENTITY_INVESTMENT_GOAL_001 g WHERE g.investor_id=p.investor_id AND g.shortfall>0) ORDER BY p.investor_id;","[{""investor_id"": ""INV-062"", ""investor_name"": ""Siddharth Iyer""}, {""investor_id"": ""INV-1009"", ""investor_name"": ""Siddharth Hegde""}, {""investor_id"": ""INV-1017"", ""investor_name"": ""Rajesh Reddy""}, {""investor_id"": ""INV-1038"", ""investor_name"": ""Rahul Iyer""}, {""investor_id"": ""INV-1155"", ""investor_name"": ""Rahul Bhat""}, {""investor_id"": ""INV-1322"", ""investor_name"": ""Bhavna Gupta""}, {""investor_id"": ""INV-1477"", ""investor_name"": ""Siddharth Reddy""}, {""investor_id"": ""INV-367"", ""investor_name"": ""Sunita Kulkarni""}, {""investor_id"": ""INV-546"", ""investor_name"": ""Anand Mishra""}, {""investor_id"": ""INV-834"", ""investor_name"": ""Akshay Mehta""}]"
wealth_management_125_question_benchmark:WM125-4T-018,wealth_management_125_question_benchmark.csv,WM125-4T-018,"Which Long-term investors have a risk score above 50, hold a position with investment type 'Equity', and have at least one rebalancing action?",Time-horizon cross-table profile,Advanced,Composite Reasoning,ATOM_ENTITY_INVESTOR_PROFILE_001; ATOM_ENTITY_PORTFOLIO_HEALTH_001; ATOM_ENTITY_PORTFOLIO_HOLDING_001; ATOM_EVENT_REBALANCING_ACTION_001,4,"SELECT DISTINCT p.investor_id, p.investor_name FROM ATOM_ENTITY_INVESTOR_PROFILE_001 p JOIN ATOM_ENTITY_PORTFOLIO_HEALTH_001 h ON h.investor_id=p.investor_id WHERE p.time_horizon='Long-term' AND h.risk_score>50 AND EXISTS (SELECT 1 FROM ATOM_ENTITY_PORTFOLIO_HOLDING_001 o WHERE o.investor_id=p.investor_id AND o.investment_type='Equity') AND EXISTS (SELECT 1 FROM ATOM_EVENT_REBALANCING_ACTION_001 r WHERE r.investor_id=p.investor_id) ORDER BY p.investor_id;","{""_total_rows"": 85, ""_truncated_to"": 50, ""rows"": [{""investor_id"": ""INV-026"", ""investor_name"": ""Sneha Pandey""}, {""investor_id"": ""INV-056"", ""investor_name"": ""Amrita Hegde""}, {""investor_id"": ""INV-076"", ""investor_name"": ""Aishwarya Kulkarni""}, {""investor_id"": ""INV-1015"", ""investor_name"": ""Siddharth Deshmukh""}, {""investor_id"": ""INV-1016"", ""investor_name"": ""Ankita Joshi""}, {""investor_id"": ""INV-1018"", ""investor_name"": ""Kavita Hegde""}, {""investor_id"": ""INV-1024"", ""investor_name"": ""Geeta Gupta""}, {""investor_id"": ""INV-1033"", ""investor_name"": ""Arjun Kulkarni""}, {""investor_id"": ""INV-1059"", ""investor_name"": ""Rahul Sharma""}, {""investor_id"": ""INV-1067"", ""investor_name"": ""Arvind Patel""}, {""investor_id"": ""INV-1072"", ""investor_name"": ""Amrita Kulkarni""}, {""investor_id"": ""INV-1104"", ""investor_name"": ""Arjun Patel""}, {""investor_id"": ""INV-1108"", ""investor_name"": ""Ramesh Iyer""}, {""investor_id"": ""INV-1113"", ""investor_name"": ""Suresh Rao""}, {""investor_id"": ""INV-1119"", ""investor_name"": ""Ishita Nair""}, {""investor_id"": ""INV-1128"", ""investor_name"": ""Rajesh Arora""}, {""investor_id"": ""INV-1140"", ""investor_name"": ""Ishita Gupta""}, {""investor_id"": ""INV-1153"", ""investor_name"": ""Arvind Sharma""}, {""investor_id"": ""INV-1154"", ""investor_name"": ""Ishita Hegde""}, {""investor_id"": ""INV-116"", ""investor_name"": ""Ankita Deshmukh""}, {""investor_id"": ""INV-1164"", ""investor_name"": ""Sneha Singh""}, {""investor_id"": ""INV-1168"", ""investor_name"": ""Suresh Hegde""}, {""investor_id"": ""INV-1176"", ""investor_name"": ""Vikram Mishra""}, {""investor_id"": ""INV-1187"", ""investor_name"": ""Anita Rao""}, {""investor_id"": ""INV-1196"", ""investor_name"": ""Arvind Verma""}, {""investor_id"": ""INV-1236"", ""investor_name"": ""Dipti Yadav""}, {""investor_id"": ""INV-1281"", ""investor_name"": ""Ankita Rao""}, {""investor_id"": ""INV-1286"", ""investor_name"": ""Ramesh Hegde""}, {""investor_id"": ""INV-1299"", ""investor_name"": ""Geeta Chauhan""}, {""investor_id"": ""INV-1336"", ""investor_name"": ""Vikram Kulkarni""}, {""investor_id"": ""INV-1390"", ""investor_name"": ""Suresh Reddy""}, {""investor_id"": ""INV-1409"", ""investor_name"": ""Vivek Hegde""}, {""investor_id"": ""INV-1436"", ""investor_name"": ""Dipti Mehta""}, {""investor_id"": ""INV-1446"", ""investor_name"": ""Arvind Arora""}, {""investor_id"": ""INV-1479"", ""investor_name"": ""Rajesh Patel""}, {""investor_id"": ""INV-1488"", ""investor_name"": ""Priyanka Iyer""}, {""investor_id"": ""INV-1492"", ""investor_name"": ""Amrita Yadav""}, {""investor_id"": ""INV-1505"", ""investor_name"": ""Akshay Nair""}, {""investor_id"": ""INV-1509"", ""investor_name"": ""Arjun Rao""}, {""investor_id"": ""INV-164"", ""investor_name"": ""Rahul Hegde""}, {""investor_id"": ""INV-189"", ""investor_name"": ""Meena Hegde""}, {""investor_id"": ""INV-197"", ""investor_name"": ""Amrita Nair""}, {""investor_id"": ""INV-244"", ""investor_name"": ""Vikram Mishra""}, {""investor_id"": ""INV-245"", ""investor_name"": ""Chetan Patel""}, {""investor_id"": ""INV-269"", ""investor_name"": ""Amrita Verma""}, {""investor_id"": ""INV-273"", ""investor_name"": ""Ankita Yadav""}, {""investor_id"": ""INV-276"", ""investor_name"": ""Arjun Mishra""}, {""investor_id"": ""INV-299"", ""investor_name"": ""Chetan Pandey""}, {""investor_id"": ""INV-309"", ""investor_name"": ""Arjun Joshi""}, {""investor_id"": ""INV-319"", ""investor_name"": ""Siddharth Patel""}]}"
wealth_management_125_question_benchmark:WM125-5T-002,wealth_management_125_question_benchmark.csv,WM125-5T-002,"Which Aggressive investors have a risk score above 50, hold a Gold position, have a 'Asset Reallocation' rebalancing action, and an underfunded goal?",Five-table profile,Expert,Composite Reasoning,ATOM_ENTITY_INVESTMENT_GOAL_001; ATOM_ENTITY_INVESTOR_PROFILE_001; ATOM_ENTITY_PORTFOLIO_HEALTH_001; ATOM_ENTITY_PORTFOLIO_HOLDING_001; ATOM_EVENT_REBALANCING_ACTION_001,5,"SELECT DISTINCT p.investor_id, p.investor_name FROM ATOM_ENTITY_INVESTOR_PROFILE_001 p JOIN ATOM_ENTITY_PORTFOLIO_HEALTH_001 h ON h.investor_id=p.investor_id WHERE p.risk_tolerance='Aggressive' AND h.risk_score>50 AND EXISTS (SELECT 1 FROM ATOM_ENTITY_PORTFOLIO_HOLDING_001 o WHERE o.investor_id=p.investor_id AND o.investment_type='Gold') AND EXISTS (SELECT 1 FROM ATOM_EVENT_REBALANCING_ACTION_001 r WHERE r.investor_id=p.investor_id AND r.action='Asset Reallocation') AND EXISTS (SELECT 1 FROM ATOM_ENTITY_INVESTMENT_GOAL_001 g WHERE g.investor_id=p.investor_id AND g.shortfall>0) ORDER BY p.investor_id;","[{""investor_id"": ""INV-061"", ""investor_name"": ""Kavita Sharma""}, {""investor_id"": ""INV-1164"", ""investor_name"": ""Sneha Singh""}, {""investor_id"": ""INV-1360"", ""investor_name"": ""Dipti Bhat""}, {""investor_id"": ""INV-1397"", ""investor_name"": ""Rajesh Kulkarni""}, {""investor_id"": ""INV-147"", ""investor_name"": ""Rohan Sharma""}, {""investor_id"": ""INV-257"", ""investor_name"": ""Chetan Kulkarni""}, {""investor_id"": ""INV-306"", ""investor_name"": ""Ishita Deshmukh""}, {""investor_id"": ""INV-349"", ""investor_name"": ""Arvind Kulkarni""}, {""investor_id"": ""INV-397"", ""investor_name"": ""Anand Yadav""}, {""investor_id"": ""INV-434"", ""investor_name"": ""Siddharth Reddy""}, {""investor_id"": ""INV-435"", ""investor_name"": ""Ishita Reddy""}, {""investor_id"": ""INV-574"", ""investor_name"": ""Vivek Nair""}, {""investor_id"": ""INV-585"", ""investor_name"": ""Arjun Yadav""}, {""investor_id"": ""INV-665"", ""investor_name"": ""Vikram Singh""}, {""investor_id"": ""INV-726"", ""investor_name"": ""Rohan Joshi""}, {""investor_id"": ""INV-869"", ""investor_name"": ""Deepak Patel""}, {""investor_id"": ""INV-878"", ""investor_name"": ""Vikram Kulkarni""}, {""investor_id"": ""INV-906"", ""investor_name"": ""Dipti Verma""}, {""investor_id"": ""INV-917"", ""investor_name"": ""Akshay Mishra""}]"
wealth_management_125_question_benchmark:WM125-5T-006,wealth_management_125_question_benchmark.csv,WM125-5T-006,"Which Aggressive investors have a risk score above 50, hold a Gold position, have a 'Defensive Shift' rebalancing action, and an underfunded goal?",Five-table profile,Expert,Composite Reasoning,ATOM_ENTITY_INVESTMENT_GOAL_001; ATOM_ENTITY_INVESTOR_PROFILE_001; ATOM_ENTITY_PORTFOLIO_HEALTH_001; ATOM_ENTITY_PORTFOLIO_HOLDING_001; ATOM_EVENT_REBALANCING_ACTION_001,5,"SELECT DISTINCT p.investor_id, p.investor_name FROM ATOM_ENTITY_INVESTOR_PROFILE_001 p JOIN ATOM_ENTITY_PORTFOLIO_HEALTH_001 h ON h.investor_id=p.investor_id WHERE p.risk_tolerance='Aggressive' AND h.risk_score>50 AND EXISTS (SELECT 1 FROM ATOM_ENTITY_PORTFOLIO_HOLDING_001 o WHERE o.investor_id=p.investor_id AND o.investment_type='Gold') AND EXISTS (SELECT 1 FROM ATOM_EVENT_REBALANCING_ACTION_001 r WHERE r.investor_id=p.investor_id AND r.action='Defensive Shift') AND EXISTS (SELECT 1 FROM ATOM_ENTITY_INVESTMENT_GOAL_001 g WHERE g.investor_id=p.investor_id AND g.shortfall>0) ORDER BY p.investor_id;","[{""investor_id"": ""INV-010"", ""investor_name"": ""Ankita Kulkarni""}, {""investor_id"": ""INV-061"", ""investor_name"": ""Kavita Sharma""}, {""investor_id"": ""INV-073"", ""investor_name"": ""Abhishek Mehta""}, {""investor_id"": ""INV-1140"", ""investor_name"": ""Ishita Gupta""}, {""investor_id"": ""INV-1165"", ""investor_name"": ""Bhavna Mishra""}, {""investor_id"": ""INV-1430"", ""investor_name"": ""Abhishek Arora""}, {""investor_id"": ""INV-164"", ""investor_name"": ""Rahul Hegde""}, {""investor_id"": ""INV-281"", ""investor_name"": ""Sunita Pandey""}, {""investor_id"": ""INV-327"", ""investor_name"": ""Anjali Sharma""}, {""investor_id"": ""INV-578"", ""investor_name"": ""Amit Pandey""}, {""investor_id"": ""INV-580"", ""investor_name"": ""Anita Patel""}, {""investor_id"": ""INV-641"", ""investor_name"": ""Suresh Iyer""}, {""investor_id"": ""INV-804"", ""investor_name"": ""Vikram Bhat""}, {""investor_id"": ""INV-845"", ""investor_name"": ""Geeta Chauhan""}, {""investor_id"": ""INV-850"", ""investor_name"": ""Siddharth Reddy""}]"
wealth_management_125_question_benchmark:WM125-5T-010,wealth_management_125_question_benchmark.csv,WM125-5T-010,"Which Conservative investors have a risk score above 50, hold a Gold position, have a 'Cash Deployment' rebalancing action, and an underfunded goal?",Five-table profile,Expert,Composite Reasoning,ATOM_ENTITY_INVESTMENT_GOAL_001; ATOM_ENTITY_INVESTOR_PROFILE_001; ATOM_ENTITY_PORTFOLIO_HEALTH_001; ATOM_ENTITY_PORTFOLIO_HOLDING_001; ATOM_EVENT_REBALANCING_ACTION_001,5,"SELECT DISTINCT p.investor_id, p.investor_name FROM ATOM_ENTITY_INVESTOR_PROFILE_001 p JOIN ATOM_ENTITY_PORTFOLIO_HEALTH_001 h ON h.investor_id=p.investor_id WHERE p.risk_tolerance='Conservative' AND h.risk_score>50 AND EXISTS (SELECT 1 FROM ATOM_ENTITY_PORTFOLIO_HOLDING_001 o WHERE o.investor_id=p.investor_id AND o.investment_type='Gold') AND EXISTS (SELECT 1 FROM ATOM_EVENT_REBALANCING_ACTION_001 r WHERE r.investor_id=p.investor_id AND r.action='Cash Deployment') AND EXISTS (SELECT 1 FROM ATOM_ENTITY_INVESTMENT_GOAL_001 g WHERE g.investor_id=p.investor_id AND g.shortfall>0) ORDER BY p.investor_id;","[{""investor_id"": ""INV-1012"", ""investor_name"": ""Amrita Iyer""}, {""investor_id"": ""INV-1115"", ""investor_name"": ""Akshay Chauhan""}, {""investor_id"": ""INV-1127"", ""investor_name"": ""Bhavna Bhat""}, {""investor_id"": ""INV-118"", ""investor_name"": ""Vivek Rao""}, {""investor_id"": ""INV-1193"", ""investor_name"": ""Amrita Hegde""}, {""investor_id"": ""INV-1312"", ""investor_name"": ""Amit Verma""}, {""investor_id"": ""INV-1372"", ""investor_name"": ""Anand Singh""}, {""investor_id"": ""INV-1391"", ""investor_name"": ""Geeta Hegde""}, {""investor_id"": ""INV-212"", ""investor_name"": ""Meena Arora""}, {""investor_id"": ""INV-279"", ""investor_name"": ""Aishwarya Mehta""}, {""investor_id"": ""INV-491"", ""investor_name"": ""Aishwarya Chauhan""}, {""investor_id"": ""INV-625"", ""investor_name"": ""Ishita Sharma""}, {""investor_id"": ""INV-673"", ""investor_name"": ""Anita Pandey""}, {""investor_id"": ""INV-692"", ""investor_name"": ""Ramesh Joshi""}, {""investor_id"": ""INV-696"", ""investor_name"": ""Rajesh Chauhan""}, {""investor_id"": ""INV-788"", ""investor_name"": ""Ramesh Kulkarni""}, {""investor_id"": ""INV-792"", ""investor_name"": ""Amrita Arora""}, {""investor_id"": ""INV-848"", ""investor_name"": ""Sneha Patel""}, {""investor_id"": ""INV-880"", ""investor_name"": ""Rohan Yadav""}, {""investor_id"": ""INV-920"", ""investor_name"": ""Arjun Sharma""}]"
wealth_management_125_question_benchmark:WM125-5T-014,wealth_management_125_question_benchmark.csv,WM125-5T-014,"Which Moderate investors have a risk score above 50, hold a Gold position, have a 'Asset Reallocation' rebalancing action, and an underfunded goal?",Five-table profile,Expert,Composite Reasoning,ATOM_ENTITY_INVESTMENT_GOAL_001; ATOM_ENTITY_INVESTOR_PROFILE_001; ATOM_ENTITY_PORTFOLIO_HEALTH_001; ATOM_ENTITY_PORTFOLIO_HOLDING_001; ATOM_EVENT_REBALANCING_ACTION_001,5,"SELECT DISTINCT p.investor_id, p.investor_name FROM ATOM_ENTITY_INVESTOR_PROFILE_001 p JOIN ATOM_ENTITY_PORTFOLIO_HEALTH_001 h ON h.investor_id=p.investor_id WHERE p.risk_tolerance='Moderate' AND h.risk_score>50 AND EXISTS (SELECT 1 FROM ATOM_ENTITY_PORTFOLIO_HOLDING_001 o WHERE o.investor_id=p.investor_id AND o.investment_type='Gold') AND EXISTS (SELECT 1 FROM ATOM_EVENT_REBALANCING_ACTION_001 r WHERE r.investor_id=p.investor_id AND r.action='Asset Reallocation') AND EXISTS (SELECT 1 FROM ATOM_ENTITY_INVESTMENT_GOAL_001 g WHERE g.investor_id=p.investor_id AND g.shortfall>0) ORDER BY p.investor_id;","[{""investor_id"": ""INV-058"", ""investor_name"": ""Meena Bhat""}, {""investor_id"": ""INV-072"", ""investor_name"": ""Siddharth Gupta""}, {""investor_id"": ""INV-1014"", ""investor_name"": ""Sneha Hegde""}, {""investor_id"": ""INV-1037"", ""investor_name"": ""Anjali Reddy""}, {""investor_id"": ""INV-1119"", ""investor_name"": ""Ishita Nair""}, {""investor_id"": ""INV-1160"", ""investor_name"": ""Geeta Joshi""}, {""investor_id"": ""INV-1241"", ""investor_name"": ""Sneha Hegde""}, {""investor_id"": ""INV-1367"", ""investor_name"": ""Amrita Joshi""}, {""investor_id"": ""INV-1386"", ""investor_name"": ""Deepak Patel""}, {""investor_id"": ""INV-234"", ""investor_name"": ""Ramesh Mishra""}, {""investor_id"": ""INV-373"", ""investor_name"": ""Priyanka Bhat""}, {""investor_id"": ""INV-681"", ""investor_name"": ""Vikram Arora""}, {""investor_id"": ""INV-856"", ""investor_name"": ""Siddharth Pandey""}, {""investor_id"": ""INV-891"", ""investor_name"": ""Anita Deshmukh""}, {""investor_id"": ""INV-894"", ""investor_name"": ""Rahul Kulkarni""}, {""investor_id"": ""INV-973"", ""investor_name"": ""Vikram Bhat""}, {""investor_id"": ""INV-986"", ""investor_name"": ""Rajesh Kulkarni""}]"
wealth_management_at_risk_critical_125_questions:ARC125-1T-004,wealth_management_at_risk_critical_125_questions.csv,ARC125-1T-004,"List investors whose portfolio liquidity score is critically low, below 25.",Portfolio health status,Easy,Filtered List,ATOM_ENTITY_PORTFOLIO_HEALTH_001,1,"SELECT investor_id, liquidity_score FROM ATOM_ENTITY_PORTFOLIO_HEALTH_001 WHERE liquidity_score < 25 ORDER BY liquidity_score, investor_id ASC;","{""_total_rows"": 335, ""_truncated_to"": 50, ""rows"": [{""investor_id"": ""INV-002"", ""liquidity_score"": 0.0}, {""investor_id"": ""INV-022"", ""liquidity_score"": 0.0}, {""investor_id"": ""INV-062"", ""liquidity_score"": 0.0}, {""investor_id"": ""INV-082"", ""liquidity_score"": 0.0}, {""investor_id"": ""INV-1002"", ""liquidity_score"": 0.0}, {""investor_id"": ""INV-102"", ""liquidity_score"": 0.0}, {""investor_id"": ""INV-1022"", ""liquidity_score"": 0.0}, {""investor_id"": ""INV-1042"", ""liquidity_score"": 0.0}, {""investor_id"": ""INV-1082"", ""liquidity_score"": 0.0}, {""investor_id"": ""INV-1102"", ""liquidity_score"": 0.0}, {""investor_id"": ""INV-1122"", ""liquidity_score"": 0.0}, {""investor_id"": ""INV-1142"", ""liquidity_score"": 0.0}, {""investor_id"": ""INV-1162"", ""liquidity_score"": 0.0}, {""investor_id"": ""INV-1182"", ""liquidity_score"": 0.0}, {""investor_id"": ""INV-122"", ""liquidity_score"": 0.0}, {""investor_id"": ""INV-1222"", ""liquidity_score"": 0.0}, {""investor_id"": ""INV-1242"", ""liquidity_score"": 0.0}, {""investor_id"": ""INV-1262"", ""liquidity_score"": 0.0}, {""investor_id"": ""INV-1282"", ""liquidity_score"": 0.0}, {""investor_id"": ""INV-1302"", ""liquidity_score"": 0.0}, {""investor_id"": ""INV-1322"", ""liquidity_score"": 0.0}, {""investor_id"": ""INV-1342"", ""liquidity_score"": 0.0}, {""investor_id"": ""INV-1362"", ""liquidity_score"": 0.0}, {""investor_id"": ""INV-1382"", ""liquidity_score"": 0.0}, {""investor_id"": ""INV-1402"", ""liquidity_score"": 0.0}, {""investor_id"": ""INV-142"", ""liquidity_score"": 0.0}, {""investor_id"": ""INV-1422"", ""liquidity_score"": 0.0}, {""investor_id"": ""INV-1442"", ""liquidity_score"": 0.0}, {""investor_id"": ""INV-1462"", ""liquidity_score"": 0.0}, {""investor_id"": ""INV-1482"", ""liquidity_score"": 0.0}, {""investor_id"": ""INV-1502"", ""liquidity_score"": 0.0}, {""investor_id"": ""INV-1522"", ""liquidity_score"": 0.0}, {""investor_id"": ""INV-1542"", ""liquidity_score"": 0.0}, {""investor_id"": ""INV-162"", ""liquidity_score"": 0.0}, {""investor_id"": ""INV-182"", ""liquidity_score"": 0.0}, {""investor_id"": ""INV-202"", ""liquidity_score"": 0.0}, {""investor_id"": ""INV-222"", ""liquidity_score"": 0.0}, {""investor_id"": ""INV-242"", ""liquidity_score"": 0.0}, {""investor_id"": ""INV-262"", ""liquidity_score"": 0.0}, {""investor_id"": ""INV-282"", ""liquidity_score"": 0.0}, {""investor_id"": ""INV-302"", ""liquidity_score"": 0.0}, {""investor_id"": ""INV-322"", ""liquidity_score"": 0.0}, {""investor_id"": ""INV-342"", ""liquidity_score"": 0.0}, {""investor_id"": ""INV-362"", ""liquidity_score"": 0.0}, {""investor_id"": ""INV-382"", ""liquidity_score"": 0.0}, {""investor_id"": ""INV-402"", ""liquidity_score"": 0.0}, {""investor_id"": ""INV-422"", ""liquidity_score"": 0.0}, {""investor_id"": ""INV-442"", ""liquidity_score"": 0.0}, {""investor_id"": ""INV-462"", ""liquidity_score"": 0.0}, {""investor_id"": ""INV-482"", ""liquidity_score"": 0.0}]}"
wealth_management_at_risk_critical_125_questions:ARC125-1T-008,wealth_management_at_risk_critical_125_questions.csv,ARC125-1T-008,"List investors whose goal-match percentage is weak, below 25.",Portfolio health status,Easy,Exception Detection,ATOM_ENTITY_PORTFOLIO_HEALTH_001,1,"SELECT investor_id, goal_match_pct FROM ATOM_ENTITY_PORTFOLIO_HEALTH_001 WHERE goal_match_pct < 25 ORDER BY goal_match_pct, investor_id ASC;","{""_total_rows"": 369, ""_truncated_to"": 50, ""rows"": [{""investor_id"": ""INV-022"", ""goal_match_pct"": 0.0}, {""investor_id"": ""INV-042"", ""goal_match_pct"": 0.0}, {""investor_id"": ""INV-062"", ""goal_match_pct"": 0.0}, {""investor_id"": ""INV-082"", ""goal_match_pct"": 0.0}, {""investor_id"": ""INV-1002"", ""goal_match_pct"": 0.0}, {""investor_id"": ""INV-102"", ""goal_match_pct"": 0.0}, {""investor_id"": ""INV-1022"", ""goal_match_pct"": 0.0}, {""investor_id"": ""INV-1042"", ""goal_match_pct"": 0.0}, {""investor_id"": ""INV-1062"", ""goal_match_pct"": 0.0}, {""investor_id"": ""INV-1082"", ""goal_match_pct"": 0.0}, {""investor_id"": ""INV-1102"", ""goal_match_pct"": 0.0}, {""investor_id"": ""INV-1122"", ""goal_match_pct"": 0.0}, {""investor_id"": ""INV-1162"", ""goal_match_pct"": 0.0}, {""investor_id"": ""INV-1182"", ""goal_match_pct"": 0.0}, {""investor_id"": ""INV-1202"", ""goal_match_pct"": 0.0}, {""investor_id"": ""INV-122"", ""goal_match_pct"": 0.0}, {""investor_id"": ""INV-1222"", ""goal_match_pct"": 0.0}, {""investor_id"": ""INV-1242"", ""goal_match_pct"": 0.0}, {""investor_id"": ""INV-1262"", ""goal_match_pct"": 0.0}, {""investor_id"": ""INV-1282"", ""goal_match_pct"": 0.0}, {""investor_id"": ""INV-1302"", ""goal_match_pct"": 0.0}, {""investor_id"": ""INV-1322"", ""goal_match_pct"": 0.0}, {""investor_id"": ""INV-1342"", ""goal_match_pct"": 0.0}, {""investor_id"": ""INV-1362"", ""goal_match_pct"": 0.0}, {""investor_id"": ""INV-1382"", ""goal_match_pct"": 0.0}, {""investor_id"": ""INV-1402"", ""goal_match_pct"": 0.0}, {""investor_id"": ""INV-142"", ""goal_match_pct"": 0.0}, {""investor_id"": ""INV-1422"", ""goal_match_pct"": 0.0}, {""investor_id"": ""INV-1442"", ""goal_match_pct"": 0.0}, {""investor_id"": ""INV-1462"", ""goal_match_pct"": 0.0}, {""investor_id"": ""INV-1482"", ""goal_match_pct"": 0.0}, {""investor_id"": ""INV-1502"", ""goal_match_pct"": 0.0}, {""investor_id"": ""INV-1522"", ""goal_match_pct"": 0.0}, {""investor_id"": ""INV-1542"", ""goal_match_pct"": 0.0}, {""investor_id"": ""INV-162"", ""goal_match_pct"": 0.0}, {""investor_id"": ""INV-182"", ""goal_match_pct"": 0.0}, {""investor_id"": ""INV-222"", ""goal_match_pct"": 0.0}, {""investor_id"": ""INV-242"", ""goal_match_pct"": 0.0}, {""investor_id"": ""INV-262"", ""goal_match_pct"": 0.0}, {""investor_id"": ""INV-302"", ""goal_match_pct"": 0.0}, {""investor_id"": ""INV-322"", ""goal_match_pct"": 0.0}, {""investor_id"": ""INV-342"", ""goal_match_pct"": 0.0}, {""investor_id"": ""INV-382"", ""goal_match_pct"": 0.0}, {""investor_id"": ""INV-402"", ""goal_match_pct"": 0.0}, {""investor_id"": ""INV-422"", ""goal_match_pct"": 0.0}, {""investor_id"": ""INV-442"", ""goal_match_pct"": 0.0}, {""investor_id"": ""INV-462"", ""goal_match_pct"": 0.0}, {""investor_id"": ""INV-482"", ""goal_match_pct"": 0.0}, {""investor_id"": ""INV-502"", ""goal_match_pct"": 0.0}, {""investor_id"": ""INV-522"", ""goal_match_pct"": 0.0}]}"
wealth_management_at_risk_critical_125_questions:ARC125-1T-012,wealth_management_at_risk_critical_125_questions.csv,ARC125-1T-012,"Which portfolios are triple-flagged with risk score above 75, liquidity below 25, and diversification below 25?",Critical portfolio health,Hard,Rule-Based Detection,ATOM_ENTITY_PORTFOLIO_HEALTH_001,1,"SELECT investor_id, risk_score, liquidity_score, diversification_score FROM ATOM_ENTITY_PORTFOLIO_HEALTH_001 WHERE risk_score > 75 AND liquidity_score < 25 AND diversification_score < 25 ORDER BY risk_score DESC, investor_id ASC;","[{""investor_id"": ""INV-794"", ""risk_score"": 94.991049, ""liquidity_score"": 15.867802, ""diversification_score"": 12.742352}, {""investor_id"": ""INV-490"", ""risk_score"": 92.911707, ""liquidity_score"": 19.636852, ""diversification_score"": 14.315296}, {""investor_id"": ""INV-434"", ""risk_score"": 91.9658, ""liquidity_score"": 19.277817, ""diversification_score"": 22.055804}, {""investor_id"": ""INV-412"", ""risk_score"": 86.218639, ""liquidity_score"": 15.882551, ""diversification_score"": 8.442922}, {""investor_id"": ""INV-009"", ""risk_score"": 86.216654, ""liquidity_score"": 18.438549, ""diversification_score"": 24.152979}, {""investor_id"": ""INV-885"", ""risk_score"": 86.066751, ""liquidity_score"": 11.733766, ""diversification_score"": 13.675618}, {""investor_id"": ""INV-1505"", ""risk_score"": 85.982337, ""liquidity_score"": 20.101404, ""diversification_score"": 8.297886}, {""investor_id"": ""INV-634"", ""risk_score"": 85.40689, ""liquidity_score"": 10.015448, ""diversification_score"": 13.194422}, {""investor_id"": ""INV-384"", ""risk_score"": 84.179181, ""liquidity_score"": 5.097957, ""diversification_score"": 17.087144}, {""investor_id"": ""INV-990"", ""risk_score"": 82.843055, ""liquidity_score"": 16.253879, ""diversification_score"": 6.60401}, {""investor_id"": ""INV-1038"", ""risk_score"": 81.265826, ""liquidity_score"": 15.258807, ""diversification_score"": 22.537635}, {""investor_id"": ""INV-300"", ""risk_score"": 79.921579, ""liquidity_score"": 10.67252, ""diversification_score"": 18.516432}, {""investor_id"": ""INV-237"", ""risk_score"": 77.17902, ""liquidity_score"": 15.54125, ""diversification_score"": 6.104821}, {""investor_id"": ""INV-1433"", ""risk_score"": 76.470174, ""liquidity_score"": 23.24833, ""diversification_score"": 10.641376}]"
wealth_management_at_risk_critical_125_questions:ARC125-1T-016,wealth_management_at_risk_critical_125_questions.csv,ARC125-1T-016,"List investment goals with poor progress, below 50 percent complete.",Poor goal progress,Easy,Exception Detection,ATOM_ENTITY_INVESTMENT_GOAL_001,1,"SELECT goal_id, investor_id, progress_pct FROM ATOM_ENTITY_INVESTMENT_GOAL_001 WHERE progress_pct < 50 ORDER BY progress_pct, goal_id ASC;","{""_total_rows"": 2665, ""_truncated_to"": 50, ""rows"": [{""goal_id"": ""012ab351-2896-479f-9f5d-eab003ec7415"", ""investor_id"": ""INV-048"", ""progress_pct"": 0.0}, {""goal_id"": ""046a5814-08ff-4f14-9dca-7d8daabd3feb"", ""investor_id"": ""INV-1267"", ""progress_pct"": 0.0}, {""goal_id"": ""09723bb1-ec34-4f6e-89c9-a2d9e7abdf4c"", ""investor_id"": ""INV-156"", ""progress_pct"": 0.0}, {""goal_id"": ""09b8fbcb-0a64-42df-a170-ae8c4a3ae0a5"", ""investor_id"": ""INV-1120"", ""progress_pct"": 0.0}, {""goal_id"": ""09e4a5dc-db0e-4262-8a55-a64f95c5eeb7"", ""investor_id"": ""INV-1429"", ""progress_pct"": 0.0}, {""goal_id"": ""0ad69936-7cdb-4dd6-baf2-2435a812db96"", ""investor_id"": ""INV-888"", ""progress_pct"": 0.0}, {""goal_id"": ""0d9c8863-1779-4d4c-a282-ab791649650c"", ""investor_id"": ""INV-060"", ""progress_pct"": 0.0}, {""goal_id"": ""0e7c1695-ecc3-415f-9fc0-c5e25cbcb207"", ""investor_id"": ""INV-477"", ""progress_pct"": 0.0}, {""goal_id"": ""10030384-af1c-44ce-8655-ba1ab06af731"", ""investor_id"": ""INV-1457"", ""progress_pct"": 0.0}, {""goal_id"": ""1200052b-06dc-48bb-93fa-fedcba320ad8"", ""investor_id"": ""INV-126"", ""progress_pct"": 0.0}, {""goal_id"": ""15203b29-b4db-4b76-8918-935ea8f0eab2"", ""investor_id"": ""INV-1104"", ""progress_pct"": 0.0}, {""goal_id"": ""15355565-67b8-45ef-9963-22277436ce5d"", ""investor_id"": ""INV-1531"", ""progress_pct"": 0.0}, {""goal_id"": ""19d500e5-bde3-4895-81cb-b8e74cd041cd"", ""investor_id"": ""INV-851"", ""progress_pct"": 0.0}, {""goal_id"": ""1ac1c461-1cca-4497-a6fa-f7baee9bab1a"", ""investor_id"": ""INV-1467"", ""progress_pct"": 0.0}, {""goal_id"": ""1b072672-20b3-4877-8d8f-e6175f9c0fdf"", ""investor_id"": ""INV-784"", ""progress_pct"": 0.0}, {""goal_id"": ""1b210420-ee4e-44e9-a9d0-500ffe521496"", ""investor_id"": ""INV-511"", ""progress_pct"": 0.0}, {""goal_id"": ""1d21eebe-a44b-405b-94ae-a0acdcf5ac9a"", ""investor_id"": ""INV-801"", ""progress_pct"": 0.0}, {""goal_id"": ""1d2bf334-ae05-4c01-b6d9-29c6f9c868ad"", ""investor_id"": ""INV-071"", ""progress_pct"": 0.0}, {""goal_id"": ""1ef4cf1c-cf58-402a-a569-b4668cf0e5b4"", ""investor_id"": ""INV-1174"", ""progress_pct"": 0.0}, {""goal_id"": ""1fcafc53-4695-4190-ab17-678340fd15d3"", ""investor_id"": ""INV-1510"", ""progress_pct"": 0.0}, {""goal_id"": ""1febcdc8-0330-4188-bc83-452fdebe7bb7"", ""investor_id"": ""INV-1328"", ""progress_pct"": 0.0}, {""goal_id"": ""221f2ac2-b674-4c9b-974e-e165a6a04a9a"", ""investor_id"": ""INV-1137"", ""progress_pct"": 0.0}, {""goal_id"": ""237add8e-a020-4249-9f01-58601482ecfb"", ""investor_id"": ""INV-550"", ""progress_pct"": 0.0}, {""goal_id"": ""23f56b14-597d-4bb0-96bb-6f386f70082b"", ""investor_id"": ""INV-509"", ""progress_pct"": 0.0}, {""goal_id"": ""243cc2ab-23f8-4c94-895c-174f094e513c"", ""investor_id"": ""INV-882"", ""progress_pct"": 0.0}, {""goal_id"": ""24f69976-8cb9-4365-a3d0-2a681d6dd877"", ""investor_id"": ""INV-365"", ""progress_pct"": 0.0}, {""goal_id"": ""28a601de-17a0-4332-88e5-70a76f6c23c3"", ""investor_id"": ""INV-787"", ""progress_pct"": 0.0}, {""goal_id"": ""28bc79d5-b80e-4717-b8d6-de541c836d50"", ""investor_id"": ""INV-567"", ""progress_pct"": 0.0}, {""goal_id"": ""2f7952c9-3340-4da1-8284-99a2e21e4a79"", ""investor_id"": ""INV-083"", ""progress_pct"": 0.0}, {""goal_id"": ""2fd8559d-f725-4251-a1d2-22520332eec3"", ""investor_id"": ""INV-1170"", ""progress_pct"": 0.0}, {""goal_id"": ""34c64d15-1eca-4207-90e5-2739068bdb02"", ""investor_id"": ""INV-927"", ""progress_pct"": 0.0}, {""goal_id"": ""3628a5ce-2d90-4450-a30b-dbe8b3163218"", ""investor_id"": ""INV-1007"", ""progress_pct"": 0.0}, {""goal_id"": ""371420b8-5c48-4ebc-86ec-1d934dc39949"", ""investor_id"": ""INV-507"", ""progress_pct"": 0.0}, {""goal_id"": ""386b5c1b-ab8b-4e10-803b-e5a8b0fcdb3d"", ""investor_id"": ""INV-393"", ""progress_pct"": 0.0}, {""goal_id"": ""3a7c0a48-b6cd-4068-86b1-3c7d910a2437"", ""investor_id"": ""INV-754"", ""progress_pct"": 0.0}, {""goal_id"": ""3af88bf2-af8f-439a-a19e-e73dcbfbc4b8"", ""investor_id"": ""INV-1475"", ""progress_pct"": 0.0}, {""goal_id"": ""3b076baa-3d69-477c-a21c-df166c86e012"", ""investor_id"": ""INV-1546"", ""progress_pct"": 0.0}, {""goal_id"": ""3fd375ed-5c45-4272-af7a-5185a84a2ea8"", ""investor_id"": ""INV-763"", ""progress_pct"": 0.0}, {""goal_id"": ""4070d574-3f50-4f9d-b961-84dbed2446e9"", ""investor_id"": ""INV-1302"", ""progress_pct"": 0.0}, {""goal_id"": ""4093f383-22c4-4a13-834f-622f38db2175"", ""investor_id"": ""INV-428"", ""progress_pct"": 0.0}, {""goal_id"": ""42cf0291-acf9-43b7-9e06-cd22906bdbb6"", ""investor_id"": ""INV-1274"", ""progress_pct"": 0.0}, {""goal_id"": ""42d0a5be-036c-4733-8f5e-bdb638cf01aa"", ""investor_id"": ""INV-1075"", ""progress_pct"": 0.0}, {""goal_id"": ""43390919-b74d-45f9-af5e-399d9aeccb47"", ""investor_id"": ""INV-1184"", ""progress_pct"": 0.0}, {""goal_id"": ""4349d052-7a31-46fa-a589-ac5266cace2c"", ""investor_id"": ""INV-310"", ""progress_pct"": 0.0}, {""goal_id"": ""4547f884-c471-4ab1-8c23-003f1daeaa36"", ""investor_id"": ""INV-1119"", ""progress_pct"": 0.0}, {""goal_id"": ""46152a29-4f8b-4130-ab55-01e70120d181"", ""investor_id"": ""INV-168"", ""progress_pct"": 0.0}, {""goal_id"": ""48b782d5-5c4b-4029-af8b-f3afe2b3934e"", ""investor_id"": ""INV-269"", ""progress_pct"": 0.0}, {""goal_id"": ""4c581cb3-41dd-4894-bcdf-f3d92805d885"", ""investor_id"": ""INV-1364"", ""progress_pct"": 0.0}, {""goal_id"": ""4cb58ae3-d0b1-4968-a94f-7771f9c31dc9"", ""investor_id"": ""INV-1008"", ""progress_pct"": 0.0}, {""goal_id"": ""4d0633e9-2020-44f6-a231-317605c4e1fe"", ""investor_id"": ""INV-767"", ""progress_pct"": 0.0}]}"
wealth_management_at_risk_critical_125_questions:ARC125-1T-020,wealth_management_at_risk_critical_125_questions.csv,ARC125-1T-020,Which Corporate Bond holdings are showing a negative return (counting only holdings with a recorded cost and current value)?,Loss-making holdings,Easy,Exception Detection,ATOM_ENTITY_PORTFOLIO_HOLDING_001,1,"SELECT holding_id, investor_id, returns_pct FROM ATOM_ENTITY_PORTFOLIO_HOLDING_001 WHERE investment_type='Corporate Bond' AND returns_pct < 0 AND cost > 0 AND current_value IS NOT NULL ORDER BY returns_pct, holding_id ASC;","[{""holding_id"": ""0909b179-af9c-46d7-b265-046988f5d03a"", ""investor_id"": ""INV-581"", ""returns_pct"": -100.0}, {""holding_id"": ""15042219-7bf7-4f6f-ba13-4fd4f97ac19c"", ""investor_id"": ""INV-995"", ""returns_pct"": -100.0}, {""holding_id"": ""171e5a56-42fd-4418-87f9-2cf4c58a5699"", ""investor_id"": ""INV-285"", ""returns_pct"": -100.0}, {""holding_id"": ""1a9a8ae0-27bb-49ec-84a3-3378bdc6d051"", ""investor_id"": ""INV-730"", ""returns_pct"": -100.0}, {""holding_id"": ""24ba1943-00bd-489a-bc09-13ea2ca5fbb8"", ""investor_id"": ""INV-1336"", ""returns_pct"": -100.0}, {""holding_id"": ""2511da44-cfa3-4090-8690-765e3b1ebd5a"", ""investor_id"": ""INV-229"", ""returns_pct"": -100.0}, {""holding_id"": ""25b4d0a4-1249-4ef5-9bb9-a9562687c281"", ""investor_id"": ""INV-001"", ""returns_pct"": -100.0}, {""holding_id"": ""2f0483ab-2f29-4493-85dc-e66318ac5054"", ""investor_id"": ""INV-580"", ""returns_pct"": -100.0}, {""holding_id"": ""39dfae1a-8401-48d9-bd5a-6c84fd496933"", ""investor_id"": ""INV-1332"", ""returns_pct"": -100.0}, {""holding_id"": ""3ec02f31-e2db-484f-9be6-583056ee6979"", ""investor_id"": ""INV-1136"", ""returns_pct"": -100.0}, {""holding_id"": ""451b7bb1-6b80-4044-86d2-61280c6bd02f"", ""investor_id"": ""INV-1349"", ""returns_pct"": -100.0}, {""holding_id"": ""47635360-5d09-4d99-b7fe-b471b82ee95d"", ""investor_id"": ""INV-563"", ""returns_pct"": -100.0}, {""holding_id"": ""498c7fff-ef4b-4a35-9dbf-9ae883b57890"", ""investor_id"": ""INV-193"", ""returns_pct"": -100.0}, {""holding_id"": ""4ff906ee-8bfb-41ab-bf16-09d13054b8c4"", ""investor_id"": ""INV-475"", ""returns_pct"": -100.0}, {""holding_id"": ""5665aa8e-3b3a-4e74-8ecd-47bb7d946ab9"", ""investor_id"": ""INV-910"", ""returns_pct"": -100.0}, {""holding_id"": ""5670255c-00ff-48e7-84bf-931c270984c1"", ""investor_id"": ""INV-355"", ""returns_pct"": -100.0}, {""holding_id"": ""5e43d813-2270-40fc-a6e1-90cf741bb60b"", ""investor_id"": ""INV-056"", ""returns_pct"": -100.0}, {""holding_id"": ""723bb79d-f44c-4c08-a016-ebcc217fba46"", ""investor_id"": ""INV-019"", ""returns_pct"": -100.0}, {""holding_id"": ""72bab12c-550f-4ba1-bdc9-0ba4a9dfae7e"", ""investor_id"": ""INV-243"", ""returns_pct"": -100.0}, {""holding_id"": ""738578ac-da35-4bfe-9953-7cdbf3224266"", ""investor_id"": ""INV-1211"", ""returns_pct"": -100.0}, {""holding_id"": ""7945a22b-82b7-4a29-be64-452596a9b3fa"", ""investor_id"": ""INV-740"", ""returns_pct"": -100.0}, {""holding_id"": ""80edbea2-bb9a-4cfd-a1f2-79f771b7ebe1"", ""investor_id"": ""INV-1165"", ""returns_pct"": -100.0}, {""holding_id"": ""8f114bd1-6031-47e4-bef6-128436c62408"", ""investor_id"": ""INV-761"", ""returns_pct"": -100.0}, {""holding_id"": ""971451a9-2470-4900-9b07-28e73144c905"", ""investor_id"": ""INV-1466"", ""returns_pct"": -100.0}, {""holding_id"": ""9d1748b4-a6b6-4847-8dbd-a8f9eb5b6e2c"", ""investor_id"": ""INV-238"", ""returns_pct"": -100.0}, {""holding_id"": ""9f2236f9-0dbf-4a64-ad45-574ef63a0ad0"", ""investor_id"": ""INV-916"", ""returns_pct"": -100.0}, {""holding_id"": ""a1a7f029-72dd-41c1-9454-8a622bd379cf"", ""investor_id"": ""INV-825"", ""returns_pct"": -100.0}, {""holding_id"": ""b1142087-a768-43fa-9d76-3153f4eb7251"", ""investor_id"": ""INV-1060"", ""returns_pct"": -100.0}, {""holding_id"": ""b4753fe8-8a17-4134-b061-f533458cfe7f"", ""investor_id"": ""INV-575"", ""returns_pct"": -100.0}, {""holding_id"": ""b8295a55-a907-416a-a3e2-e798bdd7f484"", ""investor_id"": ""INV-018"", ""returns_pct"": -100.0}, {""holding_id"": ""bcc0f2cc-42c0-4042-b17d-871266f06727"", ""investor_id"": ""INV-1271"", ""returns_pct"": -100.0}, {""holding_id"": ""bd432b8a-8a21-41de-a1c1-ae8a91a694fa"", ""investor_id"": ""INV-1410"", ""returns_pct"": -100.0}, {""holding_id"": ""bf818921-720e-43f8-b154-4f703687a617"", ""investor_id"": ""INV-1231"", ""returns_pct"": -100.0}, {""holding_id"": ""c0c6dc71-1557-4878-a117-4fbf2ad7bf93"", ""investor_id"": ""INV-656"", ""returns_pct"": -100.0}, {""holding_id"": ""c405bda8-c77c-40c6-bd1f-104749dee827"", ""investor_id"": ""INV-802"", ""returns_pct"": -100.0}, {""holding_id"": ""c69e1c50-e833-43ec-8476-ce22b4521b7b"", ""investor_id"": ""INV-1102"", ""returns_pct"": -100.0}, {""holding_id"": ""c6a31d76-66d3-4bbb-b2d8-54b01c940edf"", ""investor_id"": ""INV-1098"", ""returns_pct"": -100.0}, {""holding_id"": ""cd7f8538-6c3e-4e5c-819c-eee16db0d63b"", ""investor_id"": ""INV-1048"", ""returns_pct"": -100.0}, {""holding_id"": ""dcf19f55-0962-418a-9c1d-08076c66a6a5"", ""investor_id"": ""INV-1019"", ""returns_pct"": -100.0}, {""holding_id"": ""dd5175e0-a647-4965-b960-28c5e130e6e4"", ""investor_id"": ""INV-1111"", ""returns_pct"": -100.0}, {""holding_id"": ""e461e211-9146-4c93-aea8-32990633605c"", ""investor_id"": ""INV-167"", ""returns_pct"": -100.0}, {""holding_id"": ""e62183fc-6a4a-436b-98ad-0eb7bf5933bd"", ""investor_id"": ""INV-473"", ""returns_pct"": -100.0}, {""holding_id"": ""e854653d-84dd-4f5c-ba3d-202b0e4ca949"", ""investor_id"": ""INV-768"", ""returns_pct"": -100.0}, {""holding_id"": ""e8ae3485-94fd-45e3-92ed-67957e54ca7a"", ""investor_id"": ""INV-1529"", ""returns_pct"": -100.0}, {""holding_id"": ""ef7f3790-dd51-43e9-bcb7-9fb8bdd13bc3"", ""investor_id"": ""INV-1493"", ""returns_pct"": -100.0}, {""holding_id"": ""fd04e4fa-0091-4dd9-a60d-ec2f67c283b7"", ""investor_id"": ""INV-1546"", ""returns_pct"": -100.0}, {""holding_id"": ""fd3d5d21-69d5-4eee-879e-989e4e172ab1"", ""investor_id"": ""INV-1221"", ""returns_pct"": -100.0}]"
wealth_management_at_risk_critical_125_questions:ARC125-2T-004,wealth_management_at_risk_critical_125_questions.csv,ARC125-2T-004,List Aggressive investors whose liquidity score is below 10.,Risk cohort detection,Medium,Multi-Relational,ATOM_ENTITY_INVESTOR_PROFILE_001; ATOM_ENTITY_PORTFOLIO_HEALTH_001,2,"SELECT p.investor_id, p.investor_name, h.liquidity_score FROM ATOM_ENTITY_INVESTOR_PROFILE_001 p JOIN ATOM_ENTITY_PORTFOLIO_HEALTH_001 h ON h.investor_id=p.investor_id WHERE p.risk_tolerance='Aggressive' AND h.liquidity_score < 10 ORDER BY h.liquidity_score, p.investor_id ASC;","[{""investor_id"": ""INV-082"", ""investor_name"": ""Amit Chauhan"", ""liquidity_score"": 0.0}, {""investor_id"": ""INV-1122"", ""investor_name"": ""Deepak Sharma"", ""liquidity_score"": 0.0}, {""investor_id"": ""INV-1302"", ""investor_name"": ""Arjun Nair"", ""liquidity_score"": 0.0}, {""investor_id"": ""INV-1342"", ""investor_name"": ""Anita Chauhan"", ""liquidity_score"": 0.0}, {""investor_id"": ""INV-1382"", ""investor_name"": ""Arjun Arora"", ""liquidity_score"": 0.0}, {""investor_id"": ""INV-142"", ""investor_name"": ""Chetan Iyer"", ""liquidity_score"": 0.0}, {""investor_id"": ""INV-1422"", ""investor_name"": ""Deepak Hegde"", ""liquidity_score"": 0.0}, {""investor_id"": ""INV-1502"", ""investor_name"": ""Meena Rao"", ""liquidity_score"": 0.0}, {""investor_id"": ""INV-162"", ""investor_name"": ""Suresh Joshi"", ""liquidity_score"": 0.0}, {""investor_id"": ""INV-182"", ""investor_name"": ""Bhavna Verma"", ""liquidity_score"": 0.0}, {""investor_id"": ""INV-282"", ""investor_name"": ""Anita Deshmukh"", ""liquidity_score"": 0.0}, {""investor_id"": ""INV-362"", ""investor_name"": ""Siddharth Kulkarni"", ""liquidity_score"": 0.0}, {""investor_id"": ""INV-402"", ""investor_name"": ""Anita Kulkarni"", ""liquidity_score"": 0.0}, {""investor_id"": ""INV-442"", ""investor_name"": ""Arvind Rao"", ""liquidity_score"": 0.0}, {""investor_id"": ""INV-482"", ""investor_name"": ""Deepak Mishra"", ""liquidity_score"": 0.0}, {""investor_id"": ""INV-502"", ""investor_name"": ""Dipti Pandey"", ""liquidity_score"": 0.0}, {""investor_id"": ""INV-562"", ""investor_name"": ""Ankita Joshi"", ""liquidity_score"": 0.0}, {""investor_id"": ""INV-582"", ""investor_name"": ""Amit Bhat"", ""liquidity_score"": 0.0}, {""investor_id"": ""INV-682"", ""investor_name"": ""Chetan Kulkarni"", ""liquidity_score"": 0.0}, {""investor_id"": ""INV-702"", ""investor_name"": ""Meena Chauhan"", ""liquidity_score"": 0.0}, {""investor_id"": ""INV-722"", ""investor_name"": ""Meena Deshmukh"", ""liquidity_score"": 0.0}, {""investor_id"": ""INV-802"", ""investor_name"": ""Sunita Arora"", ""liquidity_score"": 0.0}, {""investor_id"": ""INV-822"", ""investor_name"": ""Sneha Iyer"", ""liquidity_score"": 0.0}, {""investor_id"": ""INV-942"", ""investor_name"": ""Dipti Reddy"", ""liquidity_score"": 0.0}, {""investor_id"": ""INV-962"", ""investor_name"": ""Amit Mishra"", ""liquidity_score"": 0.0}, {""investor_id"": ""INV-929"", ""investor_name"": ""Priyanka Rao"", ""liquidity_score"": 5.3806200457147035}, {""investor_id"": ""INV-835"", ""investor_name"": ""Arvind Arora"", ""liquidity_score"": 5.554657409423701}, {""investor_id"": ""INV-908"", ""investor_name"": ""Arjun Sharma"", ""liquidity_score"": 6.27701457953809}, {""investor_id"": ""INV-1332"", ""investor_name"": ""Amit Arora"", ""liquidity_score"": 6.576859122162824}, {""investor_id"": ""INV-1089"", ""investor_name"": ""Rahul Joshi"", ""liquidity_score"": 6.663653410895104}, {""investor_id"": ""INV-084"", ""investor_name"": ""Anand Reddy"", ""liquidity_score"": 6.697611568849898}, {""investor_id"": ""INV-671"", ""investor_name"": ""Ishita Iyer"", ""liquidity_score"": 6.775053260419402}, {""investor_id"": ""INV-1098"", ""investor_name"": ""Arvind Iyer"", ""liquidity_score"": 7.334205740130605}, {""investor_id"": ""INV-1018"", ""investor_name"": ""Kavita Hegde"", ""liquidity_score"": 7.90744067338726}, {""investor_id"": ""INV-369"", ""investor_name"": ""Geeta Sharma"", ""liquidity_score"": 8.0085766073349}, {""investor_id"": ""INV-033"", ""investor_name"": ""Aishwarya Sharma"", ""liquidity_score"": 8.194945309116106}, {""investor_id"": ""INV-454"", ""investor_name"": ""Arjun Kulkarni"", ""liquidity_score"": 8.372345696436286}, {""investor_id"": ""INV-1474"", ""investor_name"": ""Amrita Yadav"", ""liquidity_score"": 8.605465256254758}, {""investor_id"": ""INV-073"", ""investor_name"": ""Abhishek Mehta"", ""liquidity_score"": 9.167650823196995}, {""investor_id"": ""INV-1458"", ""investor_name"": ""Sunita Singh"", ""liquidity_score"": 9.34785199847691}, {""investor_id"": ""INV-715"", ""investor_name"": ""Anand Pandey"", ""liquidity_score"": 9.627100149983983}]"
wealth_management_at_risk_critical_125_questions:ARC125-2T-008,wealth_management_at_risk_critical_125_questions.csv,ARC125-2T-008,List Conservative investors whose risk score is above 90.,Risk cohort detection,Medium,Multi-Relational,ATOM_ENTITY_INVESTOR_PROFILE_001; ATOM_ENTITY_PORTFOLIO_HEALTH_001,2,"SELECT p.investor_id, p.investor_name, h.risk_score FROM ATOM_ENTITY_INVESTOR_PROFILE_001 p JOIN ATOM_ENTITY_PORTFOLIO_HEALTH_001 h ON h.investor_id=p.investor_id WHERE p.risk_tolerance='Conservative' AND h.risk_score > 90 ORDER BY h.risk_score DESC, p.investor_id ASC;","[{""investor_id"": ""INV-001"", ""investor_name"": ""Arjun Iyer"", ""risk_score"": 100.0}, {""investor_id"": ""INV-021"", ""investor_name"": ""Arvind Chauhan"", ""risk_score"": 100.0}, {""investor_id"": ""INV-101"", ""investor_name"": ""Aishwarya Patel"", ""risk_score"": 100.0}, {""investor_id"": ""INV-1061"", ""investor_name"": ""Vikram Verma"", ""risk_score"": 100.0}, {""investor_id"": ""INV-1121"", ""investor_name"": ""Rajesh Arora"", ""risk_score"": 100.0}, {""investor_id"": ""INV-1201"", ""investor_name"": ""Ankita Gupta"", ""risk_score"": 100.0}, {""investor_id"": ""INV-1221"", ""investor_name"": ""Aishwarya Kulkarni"", ""risk_score"": 100.0}, {""investor_id"": ""INV-1281"", ""investor_name"": ""Ankita Rao"", ""risk_score"": 100.0}, {""investor_id"": ""INV-1301"", ""investor_name"": ""Ishita Pandey"", ""risk_score"": 100.0}, {""investor_id"": ""INV-1321"", ""investor_name"": ""Sunita Verma"", ""risk_score"": 100.0}, {""investor_id"": ""INV-141"", ""investor_name"": ""Geeta Verma"", ""risk_score"": 100.0}, {""investor_id"": ""INV-1421"", ""investor_name"": ""Meena Mishra"", ""risk_score"": 100.0}, {""investor_id"": ""INV-1481"", ""investor_name"": ""Amit Mishra"", ""risk_score"": 100.0}, {""investor_id"": ""INV-1541"", ""investor_name"": ""Geeta Rao"", ""risk_score"": 100.0}, {""investor_id"": ""INV-161"", ""investor_name"": ""Rahul Mishra"", ""risk_score"": 100.0}, {""investor_id"": ""INV-201"", ""investor_name"": ""Rohan Arora"", ""risk_score"": 100.0}, {""investor_id"": ""INV-221"", ""investor_name"": ""Aishwarya Yadav"", ""risk_score"": 100.0}, {""investor_id"": ""INV-381"", ""investor_name"": ""Priyanka Deshmukh"", ""risk_score"": 100.0}, {""investor_id"": ""INV-481"", ""investor_name"": ""Rajesh Joshi"", ""risk_score"": 100.0}, {""investor_id"": ""INV-521"", ""investor_name"": ""Rahul Hegde"", ""risk_score"": 100.0}, {""investor_id"": ""INV-581"", ""investor_name"": ""Siddharth Pandey"", ""risk_score"": 100.0}, {""investor_id"": ""INV-621"", ""investor_name"": ""Kavita Reddy"", ""risk_score"": 100.0}, {""investor_id"": ""INV-741"", ""investor_name"": ""Vivek Kulkarni"", ""risk_score"": 100.0}, {""investor_id"": ""INV-761"", ""investor_name"": ""Meena Gupta"", ""risk_score"": 100.0}, {""investor_id"": ""INV-821"", ""investor_name"": ""Amit Iyer"", ""risk_score"": 100.0}, {""investor_id"": ""INV-901"", ""investor_name"": ""Geeta Patel"", ""risk_score"": 100.0}, {""investor_id"": ""INV-941"", ""investor_name"": ""Rahul Iyer"", ""risk_score"": 100.0}, {""investor_id"": ""INV-961"", ""investor_name"": ""Amrita Yadav"", ""risk_score"": 100.0}, {""investor_id"": ""INV-981"", ""investor_name"": ""Geeta Nair"", ""risk_score"": 100.0}, {""investor_id"": ""INV-1348"", ""investor_name"": ""Anand Deshmukh"", ""risk_score"": 94.93621748447434}, {""investor_id"": ""INV-1048"", ""investor_name"": ""Geeta Pandey"", ""risk_score"": 94.82190449887113}, {""investor_id"": ""INV-1492"", ""investor_name"": ""Amrita Yadav"", ""risk_score"": 94.81715870222543}, {""investor_id"": ""INV-295"", ""investor_name"": ""Vikram Joshi"", ""risk_score"": 94.36207228088129}, {""investor_id"": ""INV-1452"", ""investor_name"": ""Akshay Gupta"", ""risk_score"": 94.09318690113557}, {""investor_id"": ""INV-1045"", ""investor_name"": ""Arvind Nair"", ""risk_score"": 93.73486286178247}, {""investor_id"": ""INV-1460"", ""investor_name"": ""Priyanka Iyer"", ""risk_score"": 93.33590942021154}, {""investor_id"": ""INV-251"", ""investor_name"": ""Ishita Sharma"", ""risk_score"": 93.33375154536006}, {""investor_id"": ""INV-1269"", ""investor_name"": ""Vikram Patel"", ""risk_score"": 92.6044542678958}, {""investor_id"": ""INV-366"", ""investor_name"": ""Ishita Bhat"", ""risk_score"": 92.48440419110723}, {""investor_id"": ""INV-114"", ""investor_name"": ""Ishita Singh"", ""risk_score"": 92.43147041759181}, {""investor_id"": ""INV-777"", ""investor_name"": ""Priyanka Iyer"", ""risk_score"": 92.22522357036978}, {""investor_id"": ""INV-1138"", ""investor_name"": ""Sneha Reddy"", ""risk_score"": 91.76891623538573}, {""investor_id"": ""INV-047"", ""investor_name"": ""Aishwarya Reddy"", ""risk_score"": 91.76875740770528}, {""investor_id"": ""INV-1238"", ""investor_name"": ""Bhavna Bhat"", ""risk_score"": 91.06620211355352}, {""investor_id"": ""INV-171"", ""investor_name"": ""Meena Mehta"", ""risk_score"": 90.79814380870663}, {""investor_id"": ""INV-1484"", ""investor_name"": ""Geeta Bhat"", ""risk_score"": 90.73679662816397}, {""investor_id"": ""INV-692"", ""investor_name"": ""Ramesh Joshi"", ""risk_score"": 90.49190269933564}]"
wealth_management_at_risk_critical_125_questions:ARC125-2T-012,wealth_management_at_risk_critical_125_questions.csv,ARC125-2T-012,List Conservative investors whose goal-match percentage is below 25.,Risk cohort detection,Medium,Multi-Relational,ATOM_ENTITY_INVESTOR_PROFILE_001; ATOM_ENTITY_PORTFOLIO_HEALTH_001,2,"SELECT p.investor_id, p.investor_name, h.goal_match_pct FROM ATOM_ENTITY_INVESTOR_PROFILE_001 p JOIN ATOM_ENTITY_PORTFOLIO_HEALTH_001 h ON h.investor_id=p.investor_id WHERE p.risk_tolerance='Conservative' AND h.goal_match_pct < 25 ORDER BY h.goal_match_pct, p.investor_id ASC;","{""_total_rows"": 112, ""_truncated_to"": 50, ""rows"": [{""investor_id"": ""INV-102"", ""investor_name"": ""Akshay Iyer"", ""goal_match_pct"": 0.0}, {""investor_id"": ""INV-1042"", ""investor_name"": ""Rajesh Kulkarni"", ""goal_match_pct"": 0.0}, {""investor_id"": ""INV-1082"", ""investor_name"": ""Suresh Verma"", ""goal_match_pct"": 0.0}, {""investor_id"": ""INV-1362"", ""investor_name"": ""Rahul Bhat"", ""goal_match_pct"": 0.0}, {""investor_id"": ""INV-1442"", ""investor_name"": ""Rahul Patel"", ""goal_match_pct"": 0.0}, {""investor_id"": ""INV-1462"", ""investor_name"": ""Sunita Kulkarni"", ""goal_match_pct"": 0.0}, {""investor_id"": ""INV-1482"", ""investor_name"": ""Aishwarya Joshi"", ""goal_match_pct"": 0.0}, {""investor_id"": ""INV-1522"", ""investor_name"": ""Sunita Kulkarni"", ""goal_match_pct"": 0.0}, {""investor_id"": ""INV-262"", ""investor_name"": ""Sneha Deshmukh"", ""goal_match_pct"": 0.0}, {""investor_id"": ""INV-302"", ""investor_name"": ""Ankita Sharma"", ""goal_match_pct"": 0.0}, {""investor_id"": ""INV-322"", ""investor_name"": ""Akshay Nair"", ""goal_match_pct"": 0.0}, {""investor_id"": ""INV-342"", ""investor_name"": ""Ankita Rao"", ""goal_match_pct"": 0.0}, {""investor_id"": ""INV-382"", ""investor_name"": ""Arvind Reddy"", ""goal_match_pct"": 0.0}, {""investor_id"": ""INV-462"", ""investor_name"": ""Sneha Rao"", ""goal_match_pct"": 0.0}, {""investor_id"": ""INV-522"", ""investor_name"": ""Siddharth Chauhan"", ""goal_match_pct"": 0.0}, {""investor_id"": ""INV-542"", ""investor_name"": ""Priyanka Singh"", ""goal_match_pct"": 0.0}, {""investor_id"": ""INV-602"", ""investor_name"": ""Sneha Bhat"", ""goal_match_pct"": 0.0}, {""investor_id"": ""INV-622"", ""investor_name"": ""Vikram Sharma"", ""goal_match_pct"": 0.0}, {""investor_id"": ""INV-642"", ""investor_name"": ""Priyanka Mishra"", ""goal_match_pct"": 0.0}, {""investor_id"": ""INV-882"", ""investor_name"": ""Ankita Mishra"", ""goal_match_pct"": 0.0}, {""investor_id"": ""INV-902"", ""investor_name"": ""Anjali Mehta"", ""goal_match_pct"": 0.0}, {""investor_id"": ""INV-817"", ""investor_name"": ""Meena Arora"", ""goal_match_pct"": 5.037838568395685}, {""investor_id"": ""INV-1319"", ""investor_name"": ""Kavita Verma"", ""goal_match_pct"": 5.303403909046295}, {""investor_id"": ""INV-670"", ""investor_name"": ""Ankita Chauhan"", ""goal_match_pct"": 5.359971816685269}, {""investor_id"": ""INV-1071"", ""investor_name"": ""Anand Joshi"", ""goal_match_pct"": 5.553572982214481}, {""investor_id"": ""INV-099"", ""investor_name"": ""Anita Deshmukh"", ""goal_match_pct"": 5.599869902229058}, {""investor_id"": ""INV-366"", ""investor_name"": ""Ishita Bhat"", ""goal_match_pct"": 6.142756743285562}, {""investor_id"": ""INV-1232"", ""investor_name"": ""Kavita Arora"", ""goal_match_pct"": 6.2706134166611625}, {""investor_id"": ""INV-680"", ""investor_name"": ""Meena Deshmukh"", ""goal_match_pct"": 6.540099005073007}, {""investor_id"": ""INV-353"", ""investor_name"": ""Vivek Deshmukh"", ""goal_match_pct"": 6.5829619227703695}, {""investor_id"": ""INV-1095"", ""investor_name"": ""Suresh Mishra"", ""goal_match_pct"": 6.607857527396169}, {""investor_id"": ""INV-604"", ""investor_name"": ""Priyanka Arora"", ""goal_match_pct"": 6.984411630231189}, {""investor_id"": ""INV-258"", ""investor_name"": ""Anita Rao"", ""goal_match_pct"": 7.377840432994972}, {""investor_id"": ""INV-907"", ""investor_name"": ""Anand Sharma"", ""goal_match_pct"": 7.4057997715470965}, {""investor_id"": ""INV-654"", ""investor_name"": ""Geeta Rao"", ""goal_match_pct"": 7.454620093014016}, {""investor_id"": ""INV-1478"", ""investor_name"": ""Deepak Rao"", ""goal_match_pct"": 7.485511430247344}, {""investor_id"": ""INV-1086"", ""investor_name"": ""Amrita Rao"", ""goal_match_pct"": 7.830611110754665}, {""investor_id"": ""INV-658"", ""investor_name"": ""Ankita Gupta"", ""goal_match_pct"": 7.955084292422516}, {""investor_id"": ""INV-617"", ""investor_name"": ""Vivek Pandey"", ""goal_match_pct"": 8.239183326995}, {""investor_id"": ""INV-792"", ""investor_name"": ""Amrita Arora"", ""goal_match_pct"": 8.312628390471843}, {""investor_id"": ""INV-1504"", ""investor_name"": ""Ankita Rao"", ""goal_match_pct"": 8.790299482206482}, {""investor_id"": ""INV-1011"", ""investor_name"": ""Anjali Patel"", ""goal_match_pct"": 8.926363664613064}, {""investor_id"": ""INV-316"", ""investor_name"": ""Akshay Sharma"", ""goal_match_pct"": 8.937768743890427}, {""investor_id"": ""INV-293"", ""investor_name"": ""Vivek Yadav"", ""goal_match_pct"": 9.022200165575295}, {""investor_id"": ""INV-112"", ""investor_name"": ""Amit Gupta"", ""goal_match_pct"": 9.106726930880502}, {""investor_id"": ""INV-002"", ""investor_name"": ""Geeta Nair"", ""goal_match_pct"": 9.21871117514353}, {""investor_id"": ""INV-1420"", ""investor_name"": ""Ramesh Arora"", ""goal_match_pct"": 9.21871117514353}, {""investor_id"": ""INV-616"", ""investor_name"": ""Anjali Patel"", ""goal_match_pct"": 9.316005222416006}, {""investor_id"": ""INV-789"", ""investor_name"": ""Vikram Bhat"", ""goal_match_pct"": 10.007293353197571}, {""investor_id"": ""INV-550"", ""investor_name"": ""Vikram Sharma"", ""goal_match_pct"": 10.112874487589178}]}"
wealth_management_at_risk_critical_125_questions:ARC125-2T-016,wealth_management_at_risk_critical_125_questions.csv,ARC125-2T-016,List Moderate investors whose liquidity score is below 10.,Risk cohort detection,Medium,Multi-Relational,ATOM_ENTITY_INVESTOR_PROFILE_001; ATOM_ENTITY_PORTFOLIO_HEALTH_001,2,"SELECT p.investor_id, p.investor_name, h.liquidity_score FROM ATOM_ENTITY_INVESTOR_PROFILE_001 p JOIN ATOM_ENTITY_PORTFOLIO_HEALTH_001 h ON h.investor_id=p.investor_id WHERE p.risk_tolerance='Moderate' AND h.liquidity_score < 10 ORDER BY h.liquidity_score, p.investor_id ASC;","[{""investor_id"": ""INV-022"", ""investor_name"": ""Rohan Rao"", ""liquidity_score"": 0.0}, {""investor_id"": ""INV-062"", ""investor_name"": ""Siddharth Iyer"", ""liquidity_score"": 0.0}, {""investor_id"": ""INV-1002"", ""investor_name"": ""Anjali Sharma"", ""liquidity_score"": 0.0}, {""investor_id"": ""INV-1022"", ""investor_name"": ""Geeta Mehta"", ""liquidity_score"": 0.0}, {""investor_id"": ""INV-1102"", ""investor_name"": ""Deepak Gupta"", ""liquidity_score"": 0.0}, {""investor_id"": ""INV-1162"", ""investor_name"": ""Siddharth Joshi"", ""liquidity_score"": 0.0}, {""investor_id"": ""INV-1182"", ""investor_name"": ""Priyanka Singh"", ""liquidity_score"": 0.0}, {""investor_id"": ""INV-122"", ""investor_name"": ""Dipti Gupta"", ""liquidity_score"": 0.0}, {""investor_id"": ""INV-1222"", ""investor_name"": ""Siddharth Arora"", ""liquidity_score"": 0.0}, {""investor_id"": ""INV-1242"", ""investor_name"": ""Rajesh Arora"", ""liquidity_score"": 0.0}, {""investor_id"": ""INV-1262"", ""investor_name"": ""Vivek Kulkarni"", ""liquidity_score"": 0.0}, {""investor_id"": ""INV-1282"", ""investor_name"": ""Akshay Pandey"", ""liquidity_score"": 0.0}, {""investor_id"": ""INV-1322"", ""investor_name"": ""Bhavna Gupta"", ""liquidity_score"": 0.0}, {""investor_id"": ""INV-1402"", ""investor_name"": ""Dipti Yadav"", ""liquidity_score"": 0.0}, {""investor_id"": ""INV-222"", ""investor_name"": ""Geeta Pandey"", ""liquidity_score"": 0.0}, {""investor_id"": ""INV-242"", ""investor_name"": ""Rahul Mishra"", ""liquidity_score"": 0.0}, {""investor_id"": ""INV-422"", ""investor_name"": ""Sunita Rao"", ""liquidity_score"": 0.0}, {""investor_id"": ""INV-662"", ""investor_name"": ""Arvind Chauhan"", ""liquidity_score"": 0.0}, {""investor_id"": ""INV-742"", ""investor_name"": ""Rahul Deshmukh"", ""liquidity_score"": 0.0}, {""investor_id"": ""INV-762"", ""investor_name"": ""Chetan Pandey"", ""liquidity_score"": 0.0}, {""investor_id"": ""INV-782"", ""investor_name"": ""Chetan Kulkarni"", ""liquidity_score"": 0.0}, {""investor_id"": ""INV-842"", ""investor_name"": ""Akshay Iyer"", ""liquidity_score"": 0.0}, {""investor_id"": ""INV-862"", ""investor_name"": ""Aishwarya Rao"", ""liquidity_score"": 0.0}, {""investor_id"": ""INV-922"", ""investor_name"": ""Dipti Iyer"", ""liquidity_score"": 0.0}, {""investor_id"": ""INV-982"", ""investor_name"": ""Anjali Patel"", ""liquidity_score"": 0.0}, {""investor_id"": ""INV-384"", ""investor_name"": ""Sneha Gupta"", ""liquidity_score"": 5.097956635188061}, {""investor_id"": ""INV-1049"", ""investor_name"": ""Abhishek Yadav"", ""liquidity_score"": 5.150663281345841}, {""investor_id"": ""INV-898"", ""investor_name"": ""Rahul Arora"", ""liquidity_score"": 5.395145858655703}, {""investor_id"": ""INV-167"", ""investor_name"": ""Priyanka Reddy"", ""liquidity_score"": 6.635217083539684}, {""investor_id"": ""INV-860"", ""investor_name"": ""Ankita Patel"", ""liquidity_score"": 7.0376042634346545}, {""investor_id"": ""INV-249"", ""investor_name"": ""Vivek Kulkarni"", ""liquidity_score"": 7.194657107924398}, {""investor_id"": ""INV-606"", ""investor_name"": ""Meena Rao"", ""liquidity_score"": 7.489570670910895}, {""investor_id"": ""INV-211"", ""investor_name"": ""Amrita Reddy"", ""liquidity_score"": 7.582755987027627}, {""investor_id"": ""INV-874"", ""investor_name"": ""Rajesh Bhat"", ""liquidity_score"": 7.634268182055263}, {""investor_id"": ""INV-374"", ""investor_name"": ""Anjali Pandey"", ""liquidity_score"": 7.747254356187163}, {""investor_id"": ""INV-1349"", ""investor_name"": ""Dipti Pandey"", ""liquidity_score"": 7.796612289493319}, {""investor_id"": ""INV-320"", ""investor_name"": ""Ankita Verma"", ""liquidity_score"": 8.05933063711966}, {""investor_id"": ""INV-540"", ""investor_name"": ""Anjali Singh"", ""liquidity_score"": 8.428372048858588}, {""investor_id"": ""INV-973"", ""investor_name"": ""Vikram Bhat"", ""liquidity_score"": 8.57430426896238}, {""investor_id"": ""INV-693"", ""investor_name"": ""Rohan Mehta"", ""liquidity_score"": 8.978873555849137}, {""investor_id"": ""INV-196"", ""investor_name"": ""Amit Rao"", ""liquidity_score"": 9.282333802279272}, {""investor_id"": ""INV-1468"", ""investor_name"": ""Vikram Arora"", ""liquidity_score"": 9.981779889792074}]"
wealth_management_at_risk_critical_125_questions:ARC125-2T-020,wealth_management_at_risk_critical_125_questions.csv,ARC125-2T-020,List Diversified segment investors with a low liquidity score below 25.,Segment risk detection,Medium,Multi-Relational,ATOM_ENTITY_INVESTOR_PROFILE_001; ATOM_ENTITY_PORTFOLIO_HEALTH_001,2,"SELECT p.investor_id, p.investor_name, h.liquidity_score FROM ATOM_ENTITY_INVESTOR_PROFILE_001 p JOIN ATOM_ENTITY_PORTFOLIO_HEALTH_001 h ON h.investor_id=p.investor_id WHERE p.segment='Diversified' AND h.liquidity_score < 25 ORDER BY h.liquidity_score, p.investor_id ASC;","{""_total_rows"": 77, ""_truncated_to"": 50, ""rows"": [{""investor_id"": ""INV-062"", ""investor_name"": ""Siddharth Iyer"", ""liquidity_score"": 0.0}, {""investor_id"": ""INV-082"", ""investor_name"": ""Amit Chauhan"", ""liquidity_score"": 0.0}, {""investor_id"": ""INV-1162"", ""investor_name"": ""Siddharth Joshi"", ""liquidity_score"": 0.0}, {""investor_id"": ""INV-1342"", ""investor_name"": ""Anita Chauhan"", ""liquidity_score"": 0.0}, {""investor_id"": ""INV-1402"", ""investor_name"": ""Dipti Yadav"", ""liquidity_score"": 0.0}, {""investor_id"": ""INV-1442"", ""investor_name"": ""Rahul Patel"", ""liquidity_score"": 0.0}, {""investor_id"": ""INV-1502"", ""investor_name"": ""Meena Rao"", ""liquidity_score"": 0.0}, {""investor_id"": ""INV-202"", ""investor_name"": ""Chetan Patel"", ""liquidity_score"": 0.0}, {""investor_id"": ""INV-322"", ""investor_name"": ""Akshay Nair"", ""liquidity_score"": 0.0}, {""investor_id"": ""INV-382"", ""investor_name"": ""Arvind Reddy"", ""liquidity_score"": 0.0}, {""investor_id"": ""INV-422"", ""investor_name"": ""Sunita Rao"", ""liquidity_score"": 0.0}, {""investor_id"": ""INV-462"", ""investor_name"": ""Sneha Rao"", ""liquidity_score"": 0.0}, {""investor_id"": ""INV-762"", ""investor_name"": ""Chetan Pandey"", ""liquidity_score"": 0.0}, {""investor_id"": ""INV-802"", ""investor_name"": ""Sunita Arora"", ""liquidity_score"": 0.0}, {""investor_id"": ""INV-982"", ""investor_name"": ""Anjali Patel"", ""liquidity_score"": 0.0}, {""investor_id"": ""INV-1246"", ""investor_name"": ""Deepak Verma"", ""liquidity_score"": 5.636779774144415}, {""investor_id"": ""INV-378"", ""investor_name"": ""Geeta Verma"", ""liquidity_score"": 6.237556152576173}, {""investor_id"": ""INV-167"", ""investor_name"": ""Priyanka Reddy"", ""liquidity_score"": 6.635217083539684}, {""investor_id"": ""INV-179"", ""investor_name"": ""Anita Singh"", ""liquidity_score"": 7.453476354415935}, {""investor_id"": ""INV-606"", ""investor_name"": ""Meena Rao"", ""liquidity_score"": 7.489570670910895}, {""investor_id"": ""INV-211"", ""investor_name"": ""Amrita Reddy"", ""liquidity_score"": 7.582755987027627}, {""investor_id"": ""INV-600"", ""investor_name"": ""Ankita Yadav"", ""liquidity_score"": 8.262102944987221}, {""investor_id"": ""INV-454"", ""investor_name"": ""Arjun Kulkarni"", ""liquidity_score"": 8.372345696436286}, {""investor_id"": ""INV-973"", ""investor_name"": ""Vikram Bhat"", ""liquidity_score"": 8.57430426896238}, {""investor_id"": ""INV-1474"", ""investor_name"": ""Amrita Yadav"", ""liquidity_score"": 8.605465256254758}, {""investor_id"": ""INV-715"", ""investor_name"": ""Anand Pandey"", ""liquidity_score"": 9.627100149983983}, {""investor_id"": ""INV-1468"", ""investor_name"": ""Vikram Arora"", ""liquidity_score"": 9.981779889792074}, {""investor_id"": ""INV-634"", ""investor_name"": ""Rohan Singh"", ""liquidity_score"": 10.015447832871887}, {""investor_id"": ""INV-815"", ""investor_name"": ""Abhishek Patel"", ""liquidity_score"": 10.269792655172026}, {""investor_id"": ""INV-075"", ""investor_name"": ""Arjun Rao"", ""liquidity_score"": 10.414709906335844}, {""investor_id"": ""INV-067"", ""investor_name"": ""Vikram Iyer"", ""liquidity_score"": 10.609347422849734}, {""investor_id"": ""INV-060"", ""investor_name"": ""Sneha Rao"", ""liquidity_score"": 10.704205305850659}, {""investor_id"": ""INV-395"", ""investor_name"": ""Rajesh Gupta"", ""liquidity_score"": 11.077402294023877}, {""investor_id"": ""INV-927"", ""investor_name"": ""Sneha Kulkarni"", ""liquidity_score"": 11.226520513881248}, {""investor_id"": ""INV-1419"", ""investor_name"": ""Ramesh Rao"", ""liquidity_score"": 11.575846373873464}, {""investor_id"": ""INV-939"", ""investor_name"": ""Suresh Singh"", ""liquidity_score"": 12.126808224889167}, {""investor_id"": ""INV-1375"", ""investor_name"": ""Kavita Patel"", ""liquidity_score"": 12.246527401721663}, {""investor_id"": ""INV-1398"", ""investor_name"": ""Rahul Singh"", ""liquidity_score"": 12.338369765345963}, {""investor_id"": ""INV-667"", ""investor_name"": ""Arvind Sharma"", ""liquidity_score"": 12.567308004064895}, {""investor_id"": ""INV-1476"", ""investor_name"": ""Dipti Nair"", ""liquidity_score"": 12.685891854427656}, {""investor_id"": ""INV-285"", ""investor_name"": ""Meena Reddy"", ""liquidity_score"": 12.722515913793316}, {""investor_id"": ""INV-253"", ""investor_name"": ""Chetan Pandey"", ""liquidity_score"": 13.138836143611455}, {""investor_id"": ""INV-814"", ""investor_name"": ""Arvind Mishra"", ""liquidity_score"": 13.451077570295816}, {""investor_id"": ""INV-413"", ""investor_name"": ""Priyanka Deshmukh"", ""liquidity_score"": 13.677249932046939}, {""investor_id"": ""INV-912"", ""investor_name"": ""Deepak Deshmukh"", ""liquidity_score"": 14.42956176820987}, {""investor_id"": ""INV-1218"", ""investor_name"": ""Vivek Rao"", ""liquidity_score"": 14.650721018063393}, {""investor_id"": ""INV-1404"", ""investor_name"": ""Deepak Hegde"", ""liquidity_score"": 14.941022394985943}, {""investor_id"": ""INV-229"", ""investor_name"": ""Kavita Pandey"", ""liquidity_score"": 15.169761950906212}, {""investor_id"": ""INV-1038"", ""investor_name"": ""Rahul Iyer"", ""liquidity_score"": 15.258807280251762}, {""investor_id"": ""INV-1369"", ""investor_name"": ""Anand Bhat"", ""liquidity_score"": 15.62942781160495}]}"
wealth_management_at_risk_critical_125_questions:ARC125-2T-024,wealth_management_at_risk_critical_125_questions.csv,ARC125-2T-024,List Large Cap segment investors with a low diversification score below 25.,Segment risk detection,Medium,Multi-Relational,ATOM_ENTITY_INVESTOR_PROFILE_001; ATOM_ENTITY_PORTFOLIO_HEALTH_001,2,"SELECT p.investor_id, p.investor_name, h.diversification_score FROM ATOM_ENTITY_INVESTOR_PROFILE_001 p JOIN ATOM_ENTITY_PORTFOLIO_HEALTH_001 h ON h.investor_id=p.investor_id WHERE p.segment='Large Cap' AND h.diversification_score < 25 ORDER BY h.diversification_score, p.investor_id ASC;","{""_total_rows"": 86, ""_truncated_to"": 50, ""rows"": [{""investor_id"": ""INV-1002"", ""investor_name"": ""Anjali Sharma"", ""diversification_score"": 0.0}, {""investor_id"": ""INV-1022"", ""investor_name"": ""Geeta Mehta"", ""diversification_score"": 0.0}, {""investor_id"": ""INV-1102"", ""investor_name"": ""Deepak Gupta"", ""diversification_score"": 0.0}, {""investor_id"": ""INV-1182"", ""investor_name"": ""Priyanka Singh"", ""diversification_score"": 0.0}, {""investor_id"": ""INV-1202"", ""investor_name"": ""Sunita Sharma"", ""diversification_score"": 0.0}, {""investor_id"": ""INV-1282"", ""investor_name"": ""Akshay Pandey"", ""diversification_score"": 0.0}, {""investor_id"": ""INV-1462"", ""investor_name"": ""Sunita Kulkarni"", ""diversification_score"": 0.0}, {""investor_id"": ""INV-222"", ""investor_name"": ""Geeta Pandey"", ""diversification_score"": 0.0}, {""investor_id"": ""INV-282"", ""investor_name"": ""Anita Deshmukh"", ""diversification_score"": 0.0}, {""investor_id"": ""INV-442"", ""investor_name"": ""Arvind Rao"", ""diversification_score"": 0.0}, {""investor_id"": ""INV-502"", ""investor_name"": ""Dipti Pandey"", ""diversification_score"": 0.0}, {""investor_id"": ""INV-522"", ""investor_name"": ""Siddharth Chauhan"", ""diversification_score"": 0.0}, {""investor_id"": ""INV-582"", ""investor_name"": ""Amit Bhat"", ""diversification_score"": 0.0}, {""investor_id"": ""INV-602"", ""investor_name"": ""Sneha Bhat"", ""diversification_score"": 0.0}, {""investor_id"": ""INV-642"", ""investor_name"": ""Priyanka Mishra"", ""diversification_score"": 0.0}, {""investor_id"": ""INV-662"", ""investor_name"": ""Arvind Chauhan"", ""diversification_score"": 0.0}, {""investor_id"": ""INV-682"", ""investor_name"": ""Chetan Kulkarni"", ""diversification_score"": 0.0}, {""investor_id"": ""INV-722"", ""investor_name"": ""Meena Deshmukh"", ""diversification_score"": 0.0}, {""investor_id"": ""INV-742"", ""investor_name"": ""Rahul Deshmukh"", ""diversification_score"": 0.0}, {""investor_id"": ""INV-882"", ""investor_name"": ""Ankita Mishra"", ""diversification_score"": 0.0}, {""investor_id"": ""INV-962"", ""investor_name"": ""Amit Mishra"", ""diversification_score"": 0.0}, {""investor_id"": ""INV-287"", ""investor_name"": ""Anand Arora"", ""diversification_score"": 5.022530446095802}, {""investor_id"": ""INV-670"", ""investor_name"": ""Ankita Chauhan"", ""diversification_score"": 5.546278161802322}, {""investor_id"": ""INV-057"", ""investor_name"": ""Sneha Verma"", ""diversification_score"": 5.976951684839803}, {""investor_id"": ""INV-416"", ""investor_name"": ""Akshay Reddy"", ""diversification_score"": 5.977431177381835}, {""investor_id"": ""INV-1485"", ""investor_name"": ""Geeta Rao"", ""diversification_score"": 5.982277397583282}, {""investor_id"": ""INV-1155"", ""investor_name"": ""Rahul Bhat"", ""diversification_score"": 6.195419403337654}, {""investor_id"": ""INV-427"", ""investor_name"": ""Meena Mishra"", ""diversification_score"": 6.629829483148618}, {""investor_id"": ""INV-985"", ""investor_name"": ""Arjun Rao"", ""diversification_score"": 7.176343130105826}, {""investor_id"": ""INV-494"", ""investor_name"": ""Aishwarya Gupta"", ""diversification_score"": 7.397179328170679}, {""investor_id"": ""INV-638"", ""investor_name"": ""Rahul Mishra"", ""diversification_score"": 7.624071064317644}, {""investor_id"": ""INV-432"", ""investor_name"": ""Amrita Yadav"", ""diversification_score"": 7.78163325051369}, {""investor_id"": ""INV-319"", ""investor_name"": ""Siddharth Patel"", ""diversification_score"": 9.580076852130508}, {""investor_id"": ""INV-085"", ""investor_name"": ""Anjali Kulkarni"", ""diversification_score"": 9.959252187823038}, {""investor_id"": ""INV-965"", ""investor_name"": ""Meena Nair"", ""diversification_score"": 10.001002688887432}, {""investor_id"": ""INV-1433"", ""investor_name"": ""Vivek Bhat"", ""diversification_score"": 10.641376006371544}, {""investor_id"": ""INV-597"", ""investor_name"": ""Suresh Rao"", ""diversification_score"": 11.177347730594118}, {""investor_id"": ""INV-571"", ""investor_name"": ""Arvind Yadav"", ""diversification_score"": 11.507241298391651}, {""investor_id"": ""INV-315"", ""investor_name"": ""Anjali Pandey"", ""diversification_score"": 11.81150564190851}, {""investor_id"": ""INV-1430"", ""investor_name"": ""Abhishek Arora"", ""diversification_score"": 11.97538139063029}, {""investor_id"": ""INV-826"", ""investor_name"": ""Ramesh Chauhan"", ""diversification_score"": 12.30356630495791}, {""investor_id"": ""INV-379"", ""investor_name"": ""Amrita Singh"", ""diversification_score"": 12.993101485081134}, {""investor_id"": ""INV-745"", ""investor_name"": ""Sunita Mehta"", ""diversification_score"": 13.087229506934468}, {""investor_id"": ""INV-433"", ""investor_name"": ""Geeta Arora"", ""diversification_score"": 13.476056773157687}, {""investor_id"": ""INV-775"", ""investor_name"": ""Rajesh Rao"", ""diversification_score"": 13.566321147166892}, {""investor_id"": ""INV-885"", ""investor_name"": ""Sneha Nair"", ""diversification_score"": 13.675618127721744}, {""investor_id"": ""INV-914"", ""investor_name"": ""Rohan Pandey"", ""diversification_score"": 13.811820113910722}, {""investor_id"": ""INV-1164"", ""investor_name"": ""Sneha Singh"", ""diversification_score"": 13.955257774492445}, {""investor_id"": ""INV-1357"", ""investor_name"": ""Priyanka Joshi"", ""diversification_score"": 13.970886237354673}, {""investor_id"": ""INV-1248"", ""investor_name"": ""Siddharth Deshmukh"", ""diversification_score"": 14.205797972853217}]}"
wealth_management_at_risk_critical_125_questions:ARC125-2T-028,wealth_management_at_risk_critical_125_questions.csv,ARC125-2T-028,List Small Cap segment investors with a high risk score above 75.,Segment risk detection,Medium,Multi-Relational,ATOM_ENTITY_INVESTOR_PROFILE_001; ATOM_ENTITY_PORTFOLIO_HEALTH_001,2,"SELECT p.investor_id, p.investor_name, h.risk_score FROM ATOM_ENTITY_INVESTOR_PROFILE_001 p JOIN ATOM_ENTITY_PORTFOLIO_HEALTH_001 h ON h.investor_id=p.investor_id WHERE p.segment='Small Cap' AND h.risk_score > 75 ORDER BY h.risk_score DESC, p.investor_id ASC;","{""_total_rows"": 98, ""_truncated_to"": 50, ""rows"": [{""investor_id"": ""INV-001"", ""investor_name"": ""Arjun Iyer"", ""risk_score"": 100.0}, {""investor_id"": ""INV-041"", ""investor_name"": ""Sneha Nair"", ""risk_score"": 100.0}, {""investor_id"": ""INV-1001"", ""investor_name"": ""Vikram Singh"", ""risk_score"": 100.0}, {""investor_id"": ""INV-1141"", ""investor_name"": ""Ankita Iyer"", ""risk_score"": 100.0}, {""investor_id"": ""INV-1321"", ""investor_name"": ""Sunita Verma"", ""risk_score"": 100.0}, {""investor_id"": ""INV-1501"", ""investor_name"": ""Priyanka Singh"", ""risk_score"": 100.0}, {""investor_id"": ""INV-1541"", ""investor_name"": ""Geeta Rao"", ""risk_score"": 100.0}, {""investor_id"": ""INV-221"", ""investor_name"": ""Aishwarya Yadav"", ""risk_score"": 100.0}, {""investor_id"": ""INV-561"", ""investor_name"": ""Ishita Kulkarni"", ""risk_score"": 100.0}, {""investor_id"": ""INV-621"", ""investor_name"": ""Kavita Reddy"", ""risk_score"": 100.0}, {""investor_id"": ""INV-681"", ""investor_name"": ""Vikram Arora"", ""risk_score"": 100.0}, {""investor_id"": ""INV-781"", ""investor_name"": ""Dipti Reddy"", ""risk_score"": 100.0}, {""investor_id"": ""INV-901"", ""investor_name"": ""Geeta Patel"", ""risk_score"": 100.0}, {""investor_id"": ""INV-941"", ""investor_name"": ""Rahul Iyer"", ""risk_score"": 100.0}, {""investor_id"": ""INV-981"", ""investor_name"": ""Geeta Nair"", ""risk_score"": 100.0}, {""investor_id"": ""INV-874"", ""investor_name"": ""Rajesh Bhat"", ""risk_score"": 94.81080335870811}, {""investor_id"": ""INV-847"", ""investor_name"": ""Chetan Joshi"", ""risk_score"": 94.56135182906861}, {""investor_id"": ""INV-295"", ""investor_name"": ""Vikram Joshi"", ""risk_score"": 94.36207228088129}, {""investor_id"": ""INV-580"", ""investor_name"": ""Anita Patel"", ""risk_score"": 94.10552798358276}, {""investor_id"": ""INV-1452"", ""investor_name"": ""Akshay Gupta"", ""risk_score"": 94.09318690113557}, {""investor_id"": ""INV-1045"", ""investor_name"": ""Arvind Nair"", ""risk_score"": 93.73486286178247}, {""investor_id"": ""INV-1460"", ""investor_name"": ""Priyanka Iyer"", ""risk_score"": 93.33590942021154}, {""investor_id"": ""INV-1367"", ""investor_name"": ""Amrita Joshi"", ""risk_score"": 93.10789603940276}, {""investor_id"": ""INV-987"", ""investor_name"": ""Sneha Bhat"", ""risk_score"": 93.01467531252712}, {""investor_id"": ""INV-490"", ""investor_name"": ""Dipti Yadav"", ""risk_score"": 92.9117065897472}, {""investor_id"": ""INV-1264"", ""investor_name"": ""Aishwarya Singh"", ""risk_score"": 92.55112813691866}, {""investor_id"": ""INV-718"", ""investor_name"": ""Anjali Mishra"", ""risk_score"": 92.55004164366434}, {""investor_id"": ""INV-366"", ""investor_name"": ""Ishita Bhat"", ""risk_score"": 92.48440419110723}, {""investor_id"": ""INV-152"", ""investor_name"": ""Ramesh Gupta"", ""risk_score"": 92.3959021348693}, {""investor_id"": ""INV-1005"", ""investor_name"": ""Siddharth Chauhan"", ""risk_score"": 92.22774123753959}, {""investor_id"": ""INV-073"", ""investor_name"": ""Abhishek Mehta"", ""risk_score"": 92.21474188893754}, {""investor_id"": ""INV-1153"", ""investor_name"": ""Arvind Sharma"", ""risk_score"": 91.55123578174637}, {""investor_id"": ""INV-635"", ""investor_name"": ""Rohan Yadav"", ""risk_score"": 90.93105781032428}, {""investor_id"": ""INV-888"", ""investor_name"": ""Anjali Hegde"", ""risk_score"": 90.62855441094469}, {""investor_id"": ""INV-692"", ""investor_name"": ""Ramesh Joshi"", ""risk_score"": 90.49190269933564}, {""investor_id"": ""INV-1436"", ""investor_name"": ""Dipti Mehta"", ""risk_score"": 90.48440619568586}, {""investor_id"": ""INV-993"", ""investor_name"": ""Arvind Rao"", ""risk_score"": 90.03270261868336}, {""investor_id"": ""INV-1126"", ""investor_name"": ""Anita Iyer"", ""risk_score"": 89.95538889712513}, {""investor_id"": ""INV-768"", ""investor_name"": ""Amrita Reddy"", ""risk_score"": 89.84224109158832}, {""investor_id"": ""INV-1311"", ""investor_name"": ""Ramesh Patel"", ""risk_score"": 89.57255403609447}, {""investor_id"": ""INV-373"", ""investor_name"": ""Priyanka Bhat"", ""risk_score"": 89.3056112632682}, {""investor_id"": ""INV-469"", ""investor_name"": ""Priyanka Chauhan"", ""risk_score"": 89.2177551355072}, {""investor_id"": ""INV-133"", ""investor_name"": ""Rohan Arora"", ""risk_score"": 89.10409777506928}, {""investor_id"": ""INV-1472"", ""investor_name"": ""Ishita Rao"", ""risk_score"": 88.76402207744191}, {""investor_id"": ""INV-594"", ""investor_name"": ""Siddharth Mishra"", ""risk_score"": 88.3432770342212}, {""investor_id"": ""INV-557"", ""investor_name"": ""Priyanka Arora"", ""risk_score"": 87.921279948917}, {""investor_id"": ""INV-590"", ""investor_name"": ""Sneha Singh"", ""risk_score"": 87.89784539588416}, {""investor_id"": ""INV-1253"", ""investor_name"": ""Sneha Bhat"", ""risk_score"": 87.85186689986404}, {""investor_id"": ""INV-084"", ""investor_name"": ""Anand Reddy"", ""risk_score"": 87.2556430351618}, {""investor_id"": ""INV-865"", ""investor_name"": ""Ishita Arora"", ""risk_score"": 86.96077484787104}]}"
wealth_management_at_risk_critical_125_questions:ARC125-3T-002,wealth_management_at_risk_critical_125_questions.csv,ARC125-3T-002,Which Aggressive investors have a risk score above 75 and at least one underfunded goal?,At-risk underfunded detection,Hard,Multi-Relational,ATOM_ENTITY_INVESTMENT_GOAL_001; ATOM_ENTITY_INVESTOR_PROFILE_001; ATOM_ENTITY_PORTFOLIO_HEALTH_001,3,"SELECT DISTINCT p.investor_id, p.investor_name FROM ATOM_ENTITY_INVESTOR_PROFILE_001 p JOIN ATOM_ENTITY_PORTFOLIO_HEALTH_001 h ON h.investor_id=p.investor_id WHERE p.risk_tolerance='Aggressive' AND h.risk_score > 75 AND EXISTS (SELECT 1 FROM ATOM_ENTITY_INVESTMENT_GOAL_001 g WHERE g.investor_id=p.investor_id AND g.shortfall > 0) ORDER BY p.investor_id;","{""_total_rows"": 109, ""_truncated_to"": 50, ""rows"": [{""investor_id"": ""INV-010"", ""investor_name"": ""Ankita Kulkarni""}, {""investor_id"": ""INV-030"", ""investor_name"": ""Ramesh Rao""}, {""investor_id"": ""INV-037"", ""investor_name"": ""Chetan Sharma""}, {""investor_id"": ""INV-061"", ""investor_name"": ""Kavita Sharma""}, {""investor_id"": ""INV-064"", ""investor_name"": ""Arvind Singh""}, {""investor_id"": ""INV-068"", ""investor_name"": ""Vikram Yadav""}, {""investor_id"": ""INV-073"", ""investor_name"": ""Abhishek Mehta""}, {""investor_id"": ""INV-076"", ""investor_name"": ""Aishwarya Kulkarni""}, {""investor_id"": ""INV-078"", ""investor_name"": ""Rajesh Bhat""}, {""investor_id"": ""INV-079"", ""investor_name"": ""Ankita Rao""}, {""investor_id"": ""INV-081"", ""investor_name"": ""Bhavna Pandey""}, {""investor_id"": ""INV-084"", ""investor_name"": ""Anand Reddy""}, {""investor_id"": ""INV-094"", ""investor_name"": ""Anita Bhat""}, {""investor_id"": ""INV-1001"", ""investor_name"": ""Vikram Singh""}, {""investor_id"": ""INV-1016"", ""investor_name"": ""Ankita Joshi""}, {""investor_id"": ""INV-1031"", ""investor_name"": ""Vikram Arora""}, {""investor_id"": ""INV-1041"", ""investor_name"": ""Deepak Kulkarni""}, {""investor_id"": ""INV-1057"", ""investor_name"": ""Abhishek Iyer""}, {""investor_id"": ""INV-1059"", ""investor_name"": ""Rahul Sharma""}, {""investor_id"": ""INV-1070"", ""investor_name"": ""Ishita Chauhan""}, {""investor_id"": ""INV-1075"", ""investor_name"": ""Amrita Iyer""}, {""investor_id"": ""INV-1104"", ""investor_name"": ""Arjun Patel""}, {""investor_id"": ""INV-1111"", ""investor_name"": ""Rajesh Sharma""}, {""investor_id"": ""INV-1133"", ""investor_name"": ""Rajesh Chauhan""}, {""investor_id"": ""INV-1153"", ""investor_name"": ""Arvind Sharma""}, {""investor_id"": ""INV-1164"", ""investor_name"": ""Sneha Singh""}, {""investor_id"": ""INV-1184"", ""investor_name"": ""Amrita Mehta""}, {""investor_id"": ""INV-1185"", ""investor_name"": ""Kavita Singh""}, {""investor_id"": ""INV-121"", ""investor_name"": ""Anita Hegde""}, {""investor_id"": ""INV-1219"", ""investor_name"": ""Rajesh Mishra""}, {""investor_id"": ""INV-1236"", ""investor_name"": ""Dipti Yadav""}, {""investor_id"": ""INV-1248"", ""investor_name"": ""Siddharth Deshmukh""}, {""investor_id"": ""INV-1256"", ""investor_name"": ""Sneha Nair""}, {""investor_id"": ""INV-1261"", ""investor_name"": ""Ishita Arora""}, {""investor_id"": ""INV-1264"", ""investor_name"": ""Aishwarya Singh""}, {""investor_id"": ""INV-1271"", ""investor_name"": ""Rohan Arora""}, {""investor_id"": ""INV-130"", ""investor_name"": ""Abhishek Verma""}, {""investor_id"": ""INV-1308"", ""investor_name"": ""Kavita Deshmukh""}, {""investor_id"": ""INV-1311"", ""investor_name"": ""Ramesh Patel""}, {""investor_id"": ""INV-1313"", ""investor_name"": ""Ramesh Bhat""}, {""investor_id"": ""INV-133"", ""investor_name"": ""Rohan Arora""}, {""investor_id"": ""INV-1332"", ""investor_name"": ""Amit Arora""}, {""investor_id"": ""INV-1336"", ""investor_name"": ""Vikram Kulkarni""}, {""investor_id"": ""INV-1341"", ""investor_name"": ""Amrita Chauhan""}, {""investor_id"": ""INV-1351"", ""investor_name"": ""Geeta Deshmukh""}, {""investor_id"": ""INV-1360"", ""investor_name"": ""Dipti Bhat""}, {""investor_id"": ""INV-1361"", ""investor_name"": ""Anand Iyer""}, {""investor_id"": ""INV-1397"", ""investor_name"": ""Rajesh Kulkarni""}, {""investor_id"": ""INV-1427"", ""investor_name"": ""Anjali Arora""}, {""investor_id"": ""INV-1429"", ""investor_name"": ""Meena Hegde""}]}"
wealth_management_at_risk_critical_125_questions:ARC125-3T-006,wealth_management_at_risk_critical_125_questions.csv,ARC125-3T-006,Which Aggressive investors have a diversification score below 25 and at least one underfunded goal?,At-risk underfunded detection,Hard,Multi-Relational,ATOM_ENTITY_INVESTMENT_GOAL_001; ATOM_ENTITY_INVESTOR_PROFILE_001; ATOM_ENTITY_PORTFOLIO_HEALTH_001,3,"SELECT DISTINCT p.investor_id, p.investor_name FROM ATOM_ENTITY_INVESTOR_PROFILE_001 p JOIN ATOM_ENTITY_PORTFOLIO_HEALTH_001 h ON h.investor_id=p.investor_id WHERE p.risk_tolerance='Aggressive' AND h.diversification_score < 25 AND EXISTS (SELECT 1 FROM ATOM_ENTITY_INVESTMENT_GOAL_001 g WHERE g.investor_id=p.investor_id AND g.shortfall > 0) ORDER BY p.investor_id;","{""_total_rows"": 114, ""_truncated_to"": 50, ""rows"": [{""investor_id"": ""INV-014"", ""investor_name"": ""Rohan Chauhan""}, {""investor_id"": ""INV-030"", ""investor_name"": ""Ramesh Rao""}, {""investor_id"": ""INV-051"", ""investor_name"": ""Ishita Sharma""}, {""investor_id"": ""INV-055"", ""investor_name"": ""Ramesh Bhat""}, {""investor_id"": ""INV-057"", ""investor_name"": ""Sneha Verma""}, {""investor_id"": ""INV-068"", ""investor_name"": ""Vikram Yadav""}, {""investor_id"": ""INV-082"", ""investor_name"": ""Amit Chauhan""}, {""investor_id"": ""INV-1016"", ""investor_name"": ""Ankita Joshi""}, {""investor_id"": ""INV-1019"", ""investor_name"": ""Kavita Hegde""}, {""investor_id"": ""INV-1027"", ""investor_name"": ""Aishwarya Deshmukh""}, {""investor_id"": ""INV-1030"", ""investor_name"": ""Akshay Mehta""}, {""investor_id"": ""INV-1106"", ""investor_name"": ""Vivek Bhat""}, {""investor_id"": ""INV-1107"", ""investor_name"": ""Arvind Joshi""}, {""investor_id"": ""INV-1122"", ""investor_name"": ""Deepak Sharma""}, {""investor_id"": ""INV-1164"", ""investor_name"": ""Sneha Singh""}, {""investor_id"": ""INV-1189"", ""investor_name"": ""Rajesh Kulkarni""}, {""investor_id"": ""INV-1197"", ""investor_name"": ""Rahul Yadav""}, {""investor_id"": ""INV-1202"", ""investor_name"": ""Sunita Sharma""}, {""investor_id"": ""INV-1213"", ""investor_name"": ""Sneha Reddy""}, {""investor_id"": ""INV-1245"", ""investor_name"": ""Amit Patel""}, {""investor_id"": ""INV-1247"", ""investor_name"": ""Ramesh Verma""}, {""investor_id"": ""INV-1248"", ""investor_name"": ""Siddharth Deshmukh""}, {""investor_id"": ""INV-1250"", ""investor_name"": ""Priyanka Deshmukh""}, {""investor_id"": ""INV-1268"", ""investor_name"": ""Ankita Nair""}, {""investor_id"": ""INV-127"", ""investor_name"": ""Rahul Gupta""}, {""investor_id"": ""INV-130"", ""investor_name"": ""Abhishek Verma""}, {""investor_id"": ""INV-1300"", ""investor_name"": ""Deepak Mehta""}, {""investor_id"": ""INV-1302"", ""investor_name"": ""Arjun Nair""}, {""investor_id"": ""INV-1306"", ""investor_name"": ""Deepak Mehta""}, {""investor_id"": ""INV-133"", ""investor_name"": ""Rohan Arora""}, {""investor_id"": ""INV-1342"", ""investor_name"": ""Anita Chauhan""}, {""investor_id"": ""INV-1351"", ""investor_name"": ""Geeta Deshmukh""}, {""investor_id"": ""INV-1382"", ""investor_name"": ""Arjun Arora""}, {""investor_id"": ""INV-1384"", ""investor_name"": ""Amrita Reddy""}, {""investor_id"": ""INV-1397"", ""investor_name"": ""Rajesh Kulkarni""}, {""investor_id"": ""INV-1407"", ""investor_name"": ""Akshay Verma""}, {""investor_id"": ""INV-1408"", ""investor_name"": ""Ishita Bhat""}, {""investor_id"": ""INV-142"", ""investor_name"": ""Chetan Iyer""}, {""investor_id"": ""INV-1422"", ""investor_name"": ""Deepak Hegde""}, {""investor_id"": ""INV-1430"", ""investor_name"": ""Abhishek Arora""}, {""investor_id"": ""INV-1433"", ""investor_name"": ""Vivek Bhat""}, {""investor_id"": ""INV-1440"", ""investor_name"": ""Bhavna Mehta""}, {""investor_id"": ""INV-1447"", ""investor_name"": ""Aishwarya Rao""}, {""investor_id"": ""INV-1448"", ""investor_name"": ""Anjali Mehta""}, {""investor_id"": ""INV-1458"", ""investor_name"": ""Sunita Singh""}, {""investor_id"": ""INV-1464"", ""investor_name"": ""Arjun Sharma""}, {""investor_id"": ""INV-1465"", ""investor_name"": ""Amit Gupta""}, {""investor_id"": ""INV-1485"", ""investor_name"": ""Geeta Rao""}, {""investor_id"": ""INV-1494"", ""investor_name"": ""Chetan Reddy""}, {""investor_id"": ""INV-1497"", ""investor_name"": ""Dipti Arora""}]}"
wealth_management_at_risk_critical_125_questions:ARC125-3T-010,wealth_management_at_risk_critical_125_questions.csv,ARC125-3T-010,Which Conservative investors have a liquidity score below 25 and at least one underfunded goal?,At-risk underfunded detection,Hard,Multi-Relational,ATOM_ENTITY_INVESTMENT_GOAL_001; ATOM_ENTITY_INVESTOR_PROFILE_001; ATOM_ENTITY_PORTFOLIO_HEALTH_001,3,"SELECT DISTINCT p.investor_id, p.investor_name FROM ATOM_ENTITY_INVESTOR_PROFILE_001 p JOIN ATOM_ENTITY_PORTFOLIO_HEALTH_001 h ON h.investor_id=p.investor_id WHERE p.risk_tolerance='Conservative' AND h.liquidity_score < 25 AND EXISTS (SELECT 1 FROM ATOM_ENTITY_INVESTMENT_GOAL_001 g WHERE g.investor_id=p.investor_id AND g.shortfall > 0) ORDER BY p.investor_id;","{""_total_rows"": 101, ""_truncated_to"": 50, ""rows"": [{""investor_id"": ""INV-002"", ""investor_name"": ""Geeta Nair""}, {""investor_id"": ""INV-027"", ""investor_name"": ""Sneha Verma""}, {""investor_id"": ""INV-039"", ""investor_name"": ""Siddharth Chauhan""}, {""investor_id"": ""INV-059"", ""investor_name"": ""Deepak Bhat""}, {""investor_id"": ""INV-060"", ""investor_name"": ""Sneha Rao""}, {""investor_id"": ""INV-092"", ""investor_name"": ""Anita Yadav""}, {""investor_id"": ""INV-102"", ""investor_name"": ""Akshay Iyer""}, {""investor_id"": ""INV-1034"", ""investor_name"": ""Priyanka Arora""}, {""investor_id"": ""INV-104"", ""investor_name"": ""Bhavna Verma""}, {""investor_id"": ""INV-1042"", ""investor_name"": ""Rajesh Kulkarni""}, {""investor_id"": ""INV-1044"", ""investor_name"": ""Amrita Deshmukh""}, {""investor_id"": ""INV-1048"", ""investor_name"": ""Geeta Pandey""}, {""investor_id"": ""INV-1082"", ""investor_name"": ""Suresh Verma""}, {""investor_id"": ""INV-1096"", ""investor_name"": ""Amrita Sharma""}, {""investor_id"": ""INV-1117"", ""investor_name"": ""Arvind Kulkarni""}, {""investor_id"": ""INV-1127"", ""investor_name"": ""Bhavna Bhat""}, {""investor_id"": ""INV-1132"", ""investor_name"": ""Deepak Bhat""}, {""investor_id"": ""INV-114"", ""investor_name"": ""Ishita Singh""}, {""investor_id"": ""INV-1142"", ""investor_name"": ""Aishwarya Arora""}, {""investor_id"": ""INV-1192"", ""investor_name"": ""Amit Deshmukh""}, {""investor_id"": ""INV-1200"", ""investor_name"": ""Ishita Gupta""}, {""investor_id"": ""INV-1217"", ""investor_name"": ""Siddharth Mehta""}, {""investor_id"": ""INV-1232"", ""investor_name"": ""Kavita Arora""}, {""investor_id"": ""INV-1235"", ""investor_name"": ""Aishwarya Reddy""}, {""investor_id"": ""INV-1246"", ""investor_name"": ""Deepak Verma""}, {""investor_id"": ""INV-1252"", ""investor_name"": ""Ramesh Sharma""}, {""investor_id"": ""INV-1273"", ""investor_name"": ""Aishwarya Hegde""}, {""investor_id"": ""INV-1291"", ""investor_name"": ""Sunita Bhat""}, {""investor_id"": ""INV-1312"", ""investor_name"": ""Amit Verma""}, {""investor_id"": ""INV-1348"", ""investor_name"": ""Anand Deshmukh""}, {""investor_id"": ""INV-1355"", ""investor_name"": ""Vivek Verma""}, {""investor_id"": ""INV-1356"", ""investor_name"": ""Rajesh Hegde""}, {""investor_id"": ""INV-1362"", ""investor_name"": ""Rahul Bhat""}, {""investor_id"": ""INV-1369"", ""investor_name"": ""Anand Bhat""}, {""investor_id"": ""INV-1371"", ""investor_name"": ""Sunita Patel""}, {""investor_id"": ""INV-1374"", ""investor_name"": ""Vivek Mehta""}, {""investor_id"": ""INV-1376"", ""investor_name"": ""Anand Hegde""}, {""investor_id"": ""INV-1419"", ""investor_name"": ""Ramesh Rao""}, {""investor_id"": ""INV-1437"", ""investor_name"": ""Arvind Rao""}, {""investor_id"": ""INV-1442"", ""investor_name"": ""Rahul Patel""}, {""investor_id"": ""INV-1462"", ""investor_name"": ""Sunita Kulkarni""}, {""investor_id"": ""INV-1476"", ""investor_name"": ""Dipti Nair""}, {""investor_id"": ""INV-1482"", ""investor_name"": ""Aishwarya Joshi""}, {""investor_id"": ""INV-1492"", ""investor_name"": ""Amrita Yadav""}, {""investor_id"": ""INV-150"", ""investor_name"": ""Priyanka Reddy""}, {""investor_id"": ""INV-1505"", ""investor_name"": ""Akshay Nair""}, {""investor_id"": ""INV-1520"", ""investor_name"": ""Priyanka Mehta""}, {""investor_id"": ""INV-1522"", ""investor_name"": ""Sunita Kulkarni""}, {""investor_id"": ""INV-1528"", ""investor_name"": ""Anand Mishra""}, {""investor_id"": ""INV-1537"", ""investor_name"": ""Anjali Singh""}]}"
wealth_management_at_risk_critical_125_questions:ARC125-3T-014,wealth_management_at_risk_critical_125_questions.csv,ARC125-3T-014,Which Moderate investors have a risk score above 75 and at least one underfunded goal?,At-risk underfunded detection,Hard,Multi-Relational,ATOM_ENTITY_INVESTMENT_GOAL_001; ATOM_ENTITY_INVESTOR_PROFILE_001; ATOM_ENTITY_PORTFOLIO_HEALTH_001,3,"SELECT DISTINCT p.investor_id, p.investor_name FROM ATOM_ENTITY_INVESTOR_PROFILE_001 p JOIN ATOM_ENTITY_PORTFOLIO_HEALTH_001 h ON h.investor_id=p.investor_id WHERE p.risk_tolerance='Moderate' AND h.risk_score > 75 AND EXISTS (SELECT 1 FROM ATOM_ENTITY_INVESTMENT_GOAL_001 g WHERE g.investor_id=p.investor_id AND g.shortfall > 0) ORDER BY p.investor_id;","{""_total_rows"": 104, ""_truncated_to"": 50, ""rows"": [{""investor_id"": ""INV-006"", ""investor_name"": ""Rajesh Mishra""}, {""investor_id"": ""INV-009"", ""investor_name"": ""Anand Verma""}, {""investor_id"": ""INV-018"", ""investor_name"": ""Meena Rao""}, {""investor_id"": ""INV-041"", ""investor_name"": ""Sneha Nair""}, {""investor_id"": ""INV-053"", ""investor_name"": ""Anita Iyer""}, {""investor_id"": ""INV-058"", ""investor_name"": ""Meena Bhat""}, {""investor_id"": ""INV-072"", ""investor_name"": ""Siddharth Gupta""}, {""investor_id"": ""INV-075"", ""investor_name"": ""Arjun Rao""}, {""investor_id"": ""INV-091"", ""investor_name"": ""Akshay Iyer""}, {""investor_id"": ""INV-1005"", ""investor_name"": ""Siddharth Chauhan""}, {""investor_id"": ""INV-1014"", ""investor_name"": ""Sneha Hegde""}, {""investor_id"": ""INV-1015"", ""investor_name"": ""Siddharth Deshmukh""}, {""investor_id"": ""INV-1021"", ""investor_name"": ""Amit Joshi""}, {""investor_id"": ""INV-1038"", ""investor_name"": ""Rahul Iyer""}, {""investor_id"": ""INV-1047"", ""investor_name"": ""Anjali Hegde""}, {""investor_id"": ""INV-1049"", ""investor_name"": ""Abhishek Yadav""}, {""investor_id"": ""INV-106"", ""investor_name"": ""Akshay Gupta""}, {""investor_id"": ""INV-1079"", ""investor_name"": ""Amit Reddy""}, {""investor_id"": ""INV-1099"", ""investor_name"": ""Anita Deshmukh""}, {""investor_id"": ""INV-1101"", ""investor_name"": ""Rahul Verma""}, {""investor_id"": ""INV-1112"", ""investor_name"": ""Anand Verma""}, {""investor_id"": ""INV-1126"", ""investor_name"": ""Anita Iyer""}, {""investor_id"": ""INV-1141"", ""investor_name"": ""Ankita Iyer""}, {""investor_id"": ""INV-1159"", ""investor_name"": ""Anand Sharma""}, {""investor_id"": ""INV-1186"", ""investor_name"": ""Vikram Yadav""}, {""investor_id"": ""INV-1216"", ""investor_name"": ""Vivek Kulkarni""}, {""investor_id"": ""INV-1218"", ""investor_name"": ""Vivek Rao""}, {""investor_id"": ""INV-1234"", ""investor_name"": ""Ishita Iyer""}, {""investor_id"": ""INV-1239"", ""investor_name"": ""Sunita Bhat""}, {""investor_id"": ""INV-1241"", ""investor_name"": ""Sneha Hegde""}, {""investor_id"": ""INV-1287"", ""investor_name"": ""Ishita Mehta""}, {""investor_id"": ""INV-129"", ""investor_name"": ""Sneha Bhat""}, {""investor_id"": ""INV-131"", ""investor_name"": ""Priyanka Sharma""}, {""investor_id"": ""INV-1331"", ""investor_name"": ""Meena Iyer""}, {""investor_id"": ""INV-1349"", ""investor_name"": ""Dipti Pandey""}, {""investor_id"": ""INV-1367"", ""investor_name"": ""Amrita Joshi""}, {""investor_id"": ""INV-1401"", ""investor_name"": ""Anand Arora""}, {""investor_id"": ""INV-1441"", ""investor_name"": ""Rahul Chauhan""}, {""investor_id"": ""INV-1450"", ""investor_name"": ""Anand Patel""}, {""investor_id"": ""INV-1461"", ""investor_name"": ""Amit Yadav""}, {""investor_id"": ""INV-1468"", ""investor_name"": ""Vikram Arora""}, {""investor_id"": ""INV-1472"", ""investor_name"": ""Ishita Rao""}, {""investor_id"": ""INV-1498"", ""investor_name"": ""Anand Mehta""}, {""investor_id"": ""INV-151"", ""investor_name"": ""Rahul Kulkarni""}, {""investor_id"": ""INV-1527"", ""investor_name"": ""Kavita Yadav""}, {""investor_id"": ""INV-1539"", ""investor_name"": ""Amrita Chauhan""}, {""investor_id"": ""INV-1544"", ""investor_name"": ""Chetan Rao""}, {""investor_id"": ""INV-1547"", ""investor_name"": ""Deepak Kulkarni""}, {""investor_id"": ""INV-178"", ""investor_name"": ""Arjun Nair""}, {""investor_id"": ""INV-220"", ""investor_name"": ""Amit Joshi""}]}"
wealth_management_at_risk_critical_125_questions:ARC125-3T-018,wealth_management_at_risk_critical_125_questions.csv,ARC125-3T-018,Which Moderate investors have a diversification score below 25 and at least one underfunded goal?,At-risk underfunded detection,Hard,Multi-Relational,ATOM_ENTITY_INVESTMENT_GOAL_001; ATOM_ENTITY_INVESTOR_PROFILE_001; ATOM_ENTITY_PORTFOLIO_HEALTH_001,3,"SELECT DISTINCT p.investor_id, p.investor_name FROM ATOM_ENTITY_INVESTOR_PROFILE_001 p JOIN ATOM_ENTITY_PORTFOLIO_HEALTH_001 h ON h.investor_id=p.investor_id WHERE p.risk_tolerance='Moderate' AND h.diversification_score < 25 AND EXISTS (SELECT 1 FROM ATOM_ENTITY_INVESTMENT_GOAL_001 g WHERE g.investor_id=p.investor_id AND g.shortfall > 0) ORDER BY p.investor_id;","{""_total_rows"": 109, ""_truncated_to"": 50, ""rows"": [{""investor_id"": ""INV-004"", ""investor_name"": ""Kavita Bhat""}, {""investor_id"": ""INV-008"", ""investor_name"": ""Vivek Singh""}, {""investor_id"": ""INV-009"", ""investor_name"": ""Anand Verma""}, {""investor_id"": ""INV-011"", ""investor_name"": ""Bhavna Verma""}, {""investor_id"": ""INV-018"", ""investor_name"": ""Meena Rao""}, {""investor_id"": ""INV-022"", ""investor_name"": ""Rohan Rao""}, {""investor_id"": ""INV-026"", ""investor_name"": ""Sneha Pandey""}, {""investor_id"": ""INV-042"", ""investor_name"": ""Suresh Bhat""}, {""investor_id"": ""INV-046"", ""investor_name"": ""Arjun Mishra""}, {""investor_id"": ""INV-050"", ""investor_name"": ""Rajesh Singh""}, {""investor_id"": ""INV-062"", ""investor_name"": ""Siddharth Iyer""}, {""investor_id"": ""INV-085"", ""investor_name"": ""Anjali Kulkarni""}, {""investor_id"": ""INV-1002"", ""investor_name"": ""Anjali Sharma""}, {""investor_id"": ""INV-1009"", ""investor_name"": ""Siddharth Hegde""}, {""investor_id"": ""INV-1015"", ""investor_name"": ""Siddharth Deshmukh""}, {""investor_id"": ""INV-1017"", ""investor_name"": ""Rajesh Reddy""}, {""investor_id"": ""INV-1022"", ""investor_name"": ""Geeta Mehta""}, {""investor_id"": ""INV-1038"", ""investor_name"": ""Rahul Iyer""}, {""investor_id"": ""INV-1062"", ""investor_name"": ""Rahul Joshi""}, {""investor_id"": ""INV-107"", ""investor_name"": ""Arjun Rao""}, {""investor_id"": ""INV-1077"", ""investor_name"": ""Rohan Joshi""}, {""investor_id"": ""INV-1102"", ""investor_name"": ""Deepak Gupta""}, {""investor_id"": ""INV-1131"", ""investor_name"": ""Rajesh Deshmukh""}, {""investor_id"": ""INV-1155"", ""investor_name"": ""Rahul Bhat""}, {""investor_id"": ""INV-1160"", ""investor_name"": ""Geeta Joshi""}, {""investor_id"": ""INV-1162"", ""investor_name"": ""Siddharth Joshi""}, {""investor_id"": ""INV-1182"", ""investor_name"": ""Priyanka Singh""}, {""investor_id"": ""INV-122"", ""investor_name"": ""Dipti Gupta""}, {""investor_id"": ""INV-1222"", ""investor_name"": ""Siddharth Arora""}, {""investor_id"": ""INV-1239"", ""investor_name"": ""Sunita Bhat""}, {""investor_id"": ""INV-1242"", ""investor_name"": ""Rajesh Arora""}, {""investor_id"": ""INV-1262"", ""investor_name"": ""Vivek Kulkarni""}, {""investor_id"": ""INV-1270"", ""investor_name"": ""Aishwarya Hegde""}, {""investor_id"": ""INV-1280"", ""investor_name"": ""Ishita Joshi""}, {""investor_id"": ""INV-1282"", ""investor_name"": ""Akshay Pandey""}, {""investor_id"": ""INV-129"", ""investor_name"": ""Sneha Bhat""}, {""investor_id"": ""INV-1322"", ""investor_name"": ""Bhavna Gupta""}, {""investor_id"": ""INV-134"", ""investor_name"": ""Deepak Iyer""}, {""investor_id"": ""INV-1392"", ""investor_name"": ""Anand Mishra""}, {""investor_id"": ""INV-1402"", ""investor_name"": ""Dipti Yadav""}, {""investor_id"": ""INV-1472"", ""investor_name"": ""Ishita Rao""}, {""investor_id"": ""INV-1477"", ""investor_name"": ""Siddharth Reddy""}, {""investor_id"": ""INV-1515"", ""investor_name"": ""Abhishek Nair""}, {""investor_id"": ""INV-1517"", ""investor_name"": ""Vivek Arora""}, {""investor_id"": ""INV-1534"", ""investor_name"": ""Akshay Reddy""}, {""investor_id"": ""INV-1536"", ""investor_name"": ""Suresh Joshi""}, {""investor_id"": ""INV-159"", ""investor_name"": ""Rajesh Gupta""}, {""investor_id"": ""INV-167"", ""investor_name"": ""Priyanka Reddy""}, {""investor_id"": ""INV-186"", ""investor_name"": ""Bhavna Arora""}, {""investor_id"": ""INV-197"", ""investor_name"": ""Amrita Nair""}]}"
wealth_management_at_risk_critical_125_questions:ARC125-3T-022,wealth_management_at_risk_critical_125_questions.csv,ARC125-3T-022,Which Aggressive investors have a liquidity score below 25 and an allocation above 0% in the Corporate sector?,Illiquid + sector detection,Hard,Multi-Relational,ATOM_ENTITY_INVESTOR_PROFILE_001; ATOM_ENTITY_PORTFOLIO_HEALTH_001; ATOM_ENTITY_SECTOR_ALLOCATION_001,3,"SELECT DISTINCT p.investor_id, p.investor_name FROM ATOM_ENTITY_INVESTOR_PROFILE_001 p JOIN ATOM_ENTITY_PORTFOLIO_HEALTH_001 h ON h.investor_id=p.investor_id WHERE p.risk_tolerance='Aggressive' AND h.liquidity_score < 25 AND EXISTS (SELECT 1 FROM ATOM_ENTITY_SECTOR_ALLOCATION_001 a WHERE a.investor_id=p.investor_id AND a.sector='Corporate' AND a.allocation_pct > 0) ORDER BY p.investor_id;","[{""investor_id"": ""INV-1122"", ""investor_name"": ""Deepak Sharma""}, {""investor_id"": ""INV-1266"", ""investor_name"": ""Vikram Iyer""}, {""investor_id"": ""INV-1336"", ""investor_name"": ""Vikram Kulkarni""}, {""investor_id"": ""INV-184"", ""investor_name"": ""Vivek Joshi""}, {""investor_id"": ""INV-330"", ""investor_name"": ""Amit Kulkarni""}, {""investor_id"": ""INV-333"", ""investor_name"": ""Vivek Rao""}, {""investor_id"": ""INV-402"", ""investor_name"": ""Anita Kulkarni""}, {""investor_id"": ""INV-554"", ""investor_name"": ""Geeta Bhat""}, {""investor_id"": ""INV-959"", ""investor_name"": ""Anita Hegde""}]"
wealth_management_at_risk_critical_125_questions:ARC125-3T-026,wealth_management_at_risk_critical_125_questions.csv,ARC125-3T-026,Which Conservative investors have a liquidity score below 25 and an allocation above 0% in the Consumer Goods sector?,Illiquid + sector detection,Hard,Multi-Relational,ATOM_ENTITY_INVESTOR_PROFILE_001; ATOM_ENTITY_PORTFOLIO_HEALTH_001; ATOM_ENTITY_SECTOR_ALLOCATION_001,3,"SELECT DISTINCT p.investor_id, p.investor_name FROM ATOM_ENTITY_INVESTOR_PROFILE_001 p JOIN ATOM_ENTITY_PORTFOLIO_HEALTH_001 h ON h.investor_id=p.investor_id WHERE p.risk_tolerance='Conservative' AND h.liquidity_score < 25 AND EXISTS (SELECT 1 FROM ATOM_ENTITY_SECTOR_ALLOCATION_001 a WHERE a.investor_id=p.investor_id AND a.sector='Consumer Goods' AND a.allocation_pct > 0) ORDER BY p.investor_id;","[{""investor_id"": ""INV-1096"", ""investor_name"": ""Amrita Sharma""}, {""investor_id"": ""INV-1348"", ""investor_name"": ""Anand Deshmukh""}, {""investor_id"": ""INV-1437"", ""investor_name"": ""Arvind Rao""}, {""investor_id"": ""INV-202"", ""investor_name"": ""Chetan Patel""}, {""investor_id"": ""INV-300"", ""investor_name"": ""Geeta Rao""}, {""investor_id"": ""INV-902"", ""investor_name"": ""Anjali Mehta""}]"
wealth_management_at_risk_critical_125_questions:ARC125-3T-030,wealth_management_at_risk_critical_125_questions.csv,ARC125-3T-030,Which Moderate investors have a liquidity score below 25 and an allocation above 0% in the Banking sector?,Illiquid + sector detection,Hard,Multi-Relational,ATOM_ENTITY_INVESTOR_PROFILE_001; ATOM_ENTITY_PORTFOLIO_HEALTH_001; ATOM_ENTITY_SECTOR_ALLOCATION_001,3,"SELECT DISTINCT p.investor_id, p.investor_name FROM ATOM_ENTITY_INVESTOR_PROFILE_001 p JOIN ATOM_ENTITY_PORTFOLIO_HEALTH_001 h ON h.investor_id=p.investor_id WHERE p.risk_tolerance='Moderate' AND h.liquidity_score < 25 AND EXISTS (SELECT 1 FROM ATOM_ENTITY_SECTOR_ALLOCATION_001 a WHERE a.investor_id=p.investor_id AND a.sector='Banking' AND a.allocation_pct > 0) ORDER BY p.investor_id;","[{""investor_id"": ""INV-1039"", ""investor_name"": ""Ishita Rao""}, {""investor_id"": ""INV-1159"", ""investor_name"": ""Anand Sharma""}, {""investor_id"": ""INV-1450"", ""investor_name"": ""Anand Patel""}, {""investor_id"": ""INV-1531"", ""investor_name"": ""Rohan Singh""}, {""investor_id"": ""INV-211"", ""investor_name"": ""Amrita Reddy""}, {""investor_id"": ""INV-490"", ""investor_name"": ""Dipti Yadav""}, {""investor_id"": ""INV-842"", ""investor_name"": ""Akshay Iyer""}, {""investor_id"": ""INV-973"", ""investor_name"": ""Vikram Bhat""}]"
wealth_management_at_risk_critical_125_questions:ARC125-4T-004,wealth_management_at_risk_critical_125_questions.csv,ARC125-4T-004,"Which Conservative investors have a liquidity score below 25, an underfunded goal, and a loss-making holding (counting only holdings with a recorded cost and current value)?",Critical multi-signal,Advanced,Composite Reasoning,ATOM_ENTITY_INVESTMENT_GOAL_001; ATOM_ENTITY_INVESTOR_PROFILE_001; ATOM_ENTITY_PORTFOLIO_HEALTH_001; ATOM_ENTITY_PORTFOLIO_HOLDING_001,4,"SELECT DISTINCT p.investor_id, p.investor_name FROM ATOM_ENTITY_INVESTOR_PROFILE_001 p JOIN ATOM_ENTITY_PORTFOLIO_HEALTH_001 h ON h.investor_id=p.investor_id WHERE p.risk_tolerance='Conservative' AND h.liquidity_score < 25 AND EXISTS (SELECT 1 FROM ATOM_ENTITY_INVESTMENT_GOAL_001 g WHERE g.investor_id=p.investor_id AND g.shortfall > 0) AND EXISTS (SELECT 1 FROM ATOM_ENTITY_PORTFOLIO_HOLDING_001 o WHERE o.investor_id=p.investor_id AND o.returns_pct < 0 AND o.cost > 0 AND o.current_value IS NOT NULL) ORDER BY p.investor_id;","[{""investor_id"": ""INV-027"", ""investor_name"": ""Sneha Verma""}, {""investor_id"": ""INV-060"", ""investor_name"": ""Sneha Rao""}, {""investor_id"": ""INV-1048"", ""investor_name"": ""Geeta Pandey""}, {""investor_id"": ""INV-1096"", ""investor_name"": ""Amrita Sharma""}, {""investor_id"": ""INV-1117"", ""investor_name"": ""Arvind Kulkarni""}, {""investor_id"": ""INV-1127"", ""investor_name"": ""Bhavna Bhat""}, {""investor_id"": ""INV-1217"", ""investor_name"": ""Siddharth Mehta""}, {""investor_id"": ""INV-1235"", ""investor_name"": ""Aishwarya Reddy""}, {""investor_id"": ""INV-1291"", ""investor_name"": ""Sunita Bhat""}, {""investor_id"": ""INV-1312"", ""investor_name"": ""Amit Verma""}, {""investor_id"": ""INV-1348"", ""investor_name"": ""Anand Deshmukh""}, {""investor_id"": ""INV-1355"", ""investor_name"": ""Vivek Verma""}, {""investor_id"": ""INV-1522"", ""investor_name"": ""Sunita Kulkarni""}, {""investor_id"": ""INV-1538"", ""investor_name"": ""Priyanka Joshi""}, {""investor_id"": ""INV-202"", ""investor_name"": ""Chetan Patel""}, {""investor_id"": ""INV-258"", ""investor_name"": ""Anita Rao""}, {""investor_id"": ""INV-352"", ""investor_name"": ""Kavita Nair""}, {""investor_id"": ""INV-462"", ""investor_name"": ""Sneha Rao""}, {""investor_id"": ""INV-475"", ""investor_name"": ""Meena Iyer""}, {""investor_id"": ""INV-476"", ""investor_name"": ""Vikram Nair""}, {""investor_id"": ""INV-517"", ""investor_name"": ""Priyanka Gupta""}, {""investor_id"": ""INV-542"", ""investor_name"": ""Priyanka Singh""}, {""investor_id"": ""INV-550"", ""investor_name"": ""Vikram Sharma""}, {""investor_id"": ""INV-691"", ""investor_name"": ""Dipti Mishra""}, {""investor_id"": ""INV-707"", ""investor_name"": ""Siddharth Bhat""}, {""investor_id"": ""INV-787"", ""investor_name"": ""Bhavna Kulkarni""}, {""investor_id"": ""INV-939"", ""investor_name"": ""Suresh Singh""}]"
wealth_management_at_risk_critical_125_questions:ARC125-4T-008,wealth_management_at_risk_critical_125_questions.csv,ARC125-4T-008,"Which Aggressive investors have a risk score above 75, an underfunded goal, and a 'Asset Reallocation' rebalancing action?",At-risk with rebalancing,Advanced,Composite Reasoning,ATOM_ENTITY_INVESTMENT_GOAL_001; ATOM_ENTITY_INVESTOR_PROFILE_001; ATOM_ENTITY_PORTFOLIO_HEALTH_001; ATOM_EVENT_REBALANCING_ACTION_001,4,"SELECT DISTINCT p.investor_id, p.investor_name FROM ATOM_ENTITY_INVESTOR_PROFILE_001 p JOIN ATOM_ENTITY_PORTFOLIO_HEALTH_001 h ON h.investor_id=p.investor_id WHERE p.risk_tolerance='Aggressive' AND h.risk_score > 75 AND EXISTS (SELECT 1 FROM ATOM_ENTITY_INVESTMENT_GOAL_001 g WHERE g.investor_id=p.investor_id AND g.shortfall > 0) AND EXISTS (SELECT 1 FROM ATOM_EVENT_REBALANCING_ACTION_001 r WHERE r.investor_id=p.investor_id AND r.action='Asset Reallocation') ORDER BY p.investor_id;","[{""investor_id"": ""INV-061"", ""investor_name"": ""Kavita Sharma""}, {""investor_id"": ""INV-078"", ""investor_name"": ""Rajesh Bhat""}, {""investor_id"": ""INV-094"", ""investor_name"": ""Anita Bhat""}, {""investor_id"": ""INV-1164"", ""investor_name"": ""Sneha Singh""}, {""investor_id"": ""INV-1256"", ""investor_name"": ""Sneha Nair""}, {""investor_id"": ""INV-1313"", ""investor_name"": ""Ramesh Bhat""}, {""investor_id"": ""INV-1351"", ""investor_name"": ""Geeta Deshmukh""}, {""investor_id"": ""INV-1360"", ""investor_name"": ""Dipti Bhat""}, {""investor_id"": ""INV-1361"", ""investor_name"": ""Anand Iyer""}, {""investor_id"": ""INV-1397"", ""investor_name"": ""Rajesh Kulkarni""}, {""investor_id"": ""INV-298"", ""investor_name"": ""Anita Arora""}, {""investor_id"": ""INV-306"", ""investor_name"": ""Ishita Deshmukh""}, {""investor_id"": ""INV-349"", ""investor_name"": ""Arvind Kulkarni""}, {""investor_id"": ""INV-434"", ""investor_name"": ""Siddharth Reddy""}, {""investor_id"": ""INV-820"", ""investor_name"": ""Vikram Yadav""}, {""investor_id"": ""INV-878"", ""investor_name"": ""Vikram Kulkarni""}, {""investor_id"": ""INV-881"", ""investor_name"": ""Aishwarya Rao""}, {""investor_id"": ""INV-906"", ""investor_name"": ""Dipti Verma""}]"
wealth_management_at_risk_critical_125_questions:ARC125-4T-012,wealth_management_at_risk_critical_125_questions.csv,ARC125-4T-012,"Which Conservative investors have a risk score above 75, an underfunded goal, and a 'Asset Reallocation' rebalancing action?",At-risk with rebalancing,Advanced,Composite Reasoning,ATOM_ENTITY_INVESTMENT_GOAL_001; ATOM_ENTITY_INVESTOR_PROFILE_001; ATOM_ENTITY_PORTFOLIO_HEALTH_001; ATOM_EVENT_REBALANCING_ACTION_001,4,"SELECT DISTINCT p.investor_id, p.investor_name FROM ATOM_ENTITY_INVESTOR_PROFILE_001 p JOIN ATOM_ENTITY_PORTFOLIO_HEALTH_001 h ON h.investor_id=p.investor_id WHERE p.risk_tolerance='Conservative' AND h.risk_score > 75 AND EXISTS (SELECT 1 FROM ATOM_ENTITY_INVESTMENT_GOAL_001 g WHERE g.investor_id=p.investor_id AND g.shortfall > 0) AND EXISTS (SELECT 1 FROM ATOM_EVENT_REBALANCING_ACTION_001 r WHERE r.investor_id=p.investor_id AND r.action='Asset Reallocation') ORDER BY p.investor_id;","[{""investor_id"": ""INV-001"", ""investor_name"": ""Arjun Iyer""}, {""investor_id"": ""INV-034"", ""investor_name"": ""Sneha Reddy""}, {""investor_id"": ""INV-1121"", ""investor_name"": ""Rajesh Arora""}, {""investor_id"": ""INV-1148"", ""investor_name"": ""Rohan Rao""}, {""investor_id"": ""INV-1154"", ""investor_name"": ""Ishita Hegde""}, {""investor_id"": ""INV-1425"", ""investor_name"": ""Geeta Iyer""}, {""investor_id"": ""INV-1484"", ""investor_name"": ""Geeta Bhat""}, {""investor_id"": ""INV-1496"", ""investor_name"": ""Vikram Chauhan""}, {""investor_id"": ""INV-171"", ""investor_name"": ""Meena Mehta""}, {""investor_id"": ""INV-221"", ""investor_name"": ""Aishwarya Yadav""}, {""investor_id"": ""INV-237"", ""investor_name"": ""Rohan Verma""}, {""investor_id"": ""INV-251"", ""investor_name"": ""Ishita Sharma""}, {""investor_id"": ""INV-273"", ""investor_name"": ""Ankita Yadav""}, {""investor_id"": ""INV-366"", ""investor_name"": ""Ishita Bhat""}, {""investor_id"": ""INV-409"", ""investor_name"": ""Sneha Gupta""}, {""investor_id"": ""INV-468"", ""investor_name"": ""Arvind Mehta""}, {""investor_id"": ""INV-481"", ""investor_name"": ""Rajesh Joshi""}, {""investor_id"": ""INV-486"", ""investor_name"": ""Anita Rao""}, {""investor_id"": ""INV-557"", ""investor_name"": ""Priyanka Arora""}, {""investor_id"": ""INV-581"", ""investor_name"": ""Siddharth Pandey""}, {""investor_id"": ""INV-977"", ""investor_name"": ""Anand Iyer""}]"
wealth_management_at_risk_critical_125_questions:ARC125-4T-016,wealth_management_at_risk_critical_125_questions.csv,ARC125-4T-016,"Which Moderate investors have a risk score above 75, an underfunded goal, and a 'Asset Reallocation' rebalancing action?",At-risk with rebalancing,Advanced,Composite Reasoning,ATOM_ENTITY_INVESTMENT_GOAL_001; ATOM_ENTITY_INVESTOR_PROFILE_001; ATOM_ENTITY_PORTFOLIO_HEALTH_001; ATOM_EVENT_REBALANCING_ACTION_001,4,"SELECT DISTINCT p.investor_id, p.investor_name FROM ATOM_ENTITY_INVESTOR_PROFILE_001 p JOIN ATOM_ENTITY_PORTFOLIO_HEALTH_001 h ON h.investor_id=p.investor_id WHERE p.risk_tolerance='Moderate' AND h.risk_score > 75 AND EXISTS (SELECT 1 FROM ATOM_ENTITY_INVESTMENT_GOAL_001 g WHERE g.investor_id=p.investor_id AND g.shortfall > 0) AND EXISTS (SELECT 1 FROM ATOM_EVENT_REBALANCING_ACTION_001 r WHERE r.investor_id=p.investor_id AND r.action='Asset Reallocation') ORDER BY p.investor_id;","[{""investor_id"": ""INV-058"", ""investor_name"": ""Meena Bhat""}, {""investor_id"": ""INV-072"", ""investor_name"": ""Siddharth Gupta""}, {""investor_id"": ""INV-1014"", ""investor_name"": ""Sneha Hegde""}, {""investor_id"": ""INV-1038"", ""investor_name"": ""Rahul Iyer""}, {""investor_id"": ""INV-106"", ""investor_name"": ""Akshay Gupta""}, {""investor_id"": ""INV-1241"", ""investor_name"": ""Sneha Hegde""}, {""investor_id"": ""INV-1367"", ""investor_name"": ""Amrita Joshi""}, {""investor_id"": ""INV-239"", ""investor_name"": ""Anita Chauhan""}, {""investor_id"": ""INV-373"", ""investor_name"": ""Priyanka Bhat""}, {""investor_id"": ""INV-412"", ""investor_name"": ""Kavita Verma""}, {""investor_id"": ""INV-681"", ""investor_name"": ""Vikram Arora""}, {""investor_id"": ""INV-874"", ""investor_name"": ""Rajesh Bhat""}, {""investor_id"": ""INV-891"", ""investor_name"": ""Anita Deshmukh""}, {""investor_id"": ""INV-894"", ""investor_name"": ""Rahul Kulkarni""}, {""investor_id"": ""INV-986"", ""investor_name"": ""Rajesh Kulkarni""}]"
wealth_management_at_risk_critical_125_questions:ARC125-4T-020,wealth_management_at_risk_critical_125_questions.csv,ARC125-4T-020,"Which Aggressive investors have a diversification score below 25, a loss-making holding (counting only holdings with a recorded cost and current value), and an allocation above 0% in the Banking sector?",Undiversified multi-signal,Advanced,Composite Reasoning,ATOM_ENTITY_INVESTOR_PROFILE_001; ATOM_ENTITY_PORTFOLIO_HEALTH_001; ATOM_ENTITY_PORTFOLIO_HOLDING_001; ATOM_ENTITY_SECTOR_ALLOCATION_001,4,"SELECT DISTINCT p.investor_id, p.investor_name FROM ATOM_ENTITY_INVESTOR_PROFILE_001 p JOIN ATOM_ENTITY_PORTFOLIO_HEALTH_001 h ON h.investor_id=p.investor_id WHERE p.risk_tolerance='Aggressive' AND h.diversification_score < 25 AND EXISTS (SELECT 1 FROM ATOM_ENTITY_PORTFOLIO_HOLDING_001 o WHERE o.investor_id=p.investor_id AND o.returns_pct < 0 AND o.cost > 0 AND o.current_value IS NOT NULL) AND EXISTS (SELECT 1 FROM ATOM_ENTITY_SECTOR_ALLOCATION_001 a WHERE a.investor_id=p.investor_id AND a.sector='Banking' AND a.allocation_pct > 0) ORDER BY p.investor_id;","[{""investor_id"": ""INV-1384"", ""investor_name"": ""Amrita Reddy""}, {""investor_id"": ""INV-768"", ""investor_name"": ""Amrita Reddy""}, {""investor_id"": ""INV-942"", ""investor_name"": ""Dipti Reddy""}]"
wealth_management_at_risk_critical_125_questions:ARC125-4T-024,wealth_management_at_risk_critical_125_questions.csv,ARC125-4T-024,"Which Conservative investors have a diversification score below 25, a loss-making holding (counting only holdings with a recorded cost and current value), and an allocation above 0% in the Banking sector?",Undiversified multi-signal,Advanced,Composite Reasoning,ATOM_ENTITY_INVESTOR_PROFILE_001; ATOM_ENTITY_PORTFOLIO_HEALTH_001; ATOM_ENTITY_PORTFOLIO_HOLDING_001; ATOM_ENTITY_SECTOR_ALLOCATION_001,4,"SELECT DISTINCT p.investor_id, p.investor_name FROM ATOM_ENTITY_INVESTOR_PROFILE_001 p JOIN ATOM_ENTITY_PORTFOLIO_HEALTH_001 h ON h.investor_id=p.investor_id WHERE p.risk_tolerance='Conservative' AND h.diversification_score < 25 AND EXISTS (SELECT 1 FROM ATOM_ENTITY_PORTFOLIO_HOLDING_001 o WHERE o.investor_id=p.investor_id AND o.returns_pct < 0 AND o.cost > 0 AND o.current_value IS NOT NULL) AND EXISTS (SELECT 1 FROM ATOM_ENTITY_SECTOR_ALLOCATION_001 a WHERE a.investor_id=p.investor_id AND a.sector='Banking' AND a.allocation_pct > 0) ORDER BY p.investor_id;","[{""investor_id"": ""INV-1406"", ""investor_name"": ""Meena Sharma""}, {""investor_id"": ""INV-670"", ""investor_name"": ""Ankita Chauhan""}, {""investor_id"": ""INV-914"", ""investor_name"": ""Rohan Pandey""}]"
wealth_management_at_risk_critical_125_questions:ARC125-5T-003,wealth_management_at_risk_critical_125_questions.csv,ARC125-5T-003,"Which Aggressive investors have a risk score above 75, a loss-making holding (counting only holdings with a recorded cost and current value), an underfunded goal, and an allocation above 0% in the Consumer Goods sector?",Five-signal critical detection,Expert,Composite Reasoning,ATOM_ENTITY_INVESTMENT_GOAL_001; ATOM_ENTITY_INVESTOR_PROFILE_001; ATOM_ENTITY_PORTFOLIO_HEALTH_001; ATOM_ENTITY_PORTFOLIO_HOLDING_001; ATOM_ENTITY_SECTOR_ALLOCATION_001,5,"SELECT DISTINCT p.investor_id, p.investor_name FROM ATOM_ENTITY_INVESTOR_PROFILE_001 p JOIN ATOM_ENTITY_PORTFOLIO_HEALTH_001 h ON h.investor_id=p.investor_id WHERE p.risk_tolerance='Aggressive' AND h.risk_score > 75 AND EXISTS (SELECT 1 FROM ATOM_ENTITY_PORTFOLIO_HOLDING_001 o WHERE o.investor_id=p.investor_id AND o.returns_pct < 0 AND o.cost > 0 AND o.current_value IS NOT NULL) AND EXISTS (SELECT 1 FROM ATOM_ENTITY_INVESTMENT_GOAL_001 g WHERE g.investor_id=p.investor_id AND g.shortfall > 0) AND EXISTS (SELECT 1 FROM ATOM_ENTITY_SECTOR_ALLOCATION_001 a WHERE a.investor_id=p.investor_id AND a.sector='Consumer Goods' AND a.allocation_pct > 0) ORDER BY p.investor_id;",[]
wealth_management_at_risk_critical_125_questions:ARC125-5T-007,wealth_management_at_risk_critical_125_questions.csv,ARC125-5T-007,"Which Conservative investors have a risk score above 75, a loss-making holding (counting only holdings with a recorded cost and current value), an underfunded goal, and an allocation above 0% in the Consumer Goods sector?",Five-signal critical detection,Expert,Composite Reasoning,ATOM_ENTITY_INVESTMENT_GOAL_001; ATOM_ENTITY_INVESTOR_PROFILE_001; ATOM_ENTITY_PORTFOLIO_HEALTH_001; ATOM_ENTITY_PORTFOLIO_HOLDING_001; ATOM_ENTITY_SECTOR_ALLOCATION_001,5,"SELECT DISTINCT p.investor_id, p.investor_name FROM ATOM_ENTITY_INVESTOR_PROFILE_001 p JOIN ATOM_ENTITY_PORTFOLIO_HEALTH_001 h ON h.investor_id=p.investor_id WHERE p.risk_tolerance='Conservative' AND h.risk_score > 75 AND EXISTS (SELECT 1 FROM ATOM_ENTITY_PORTFOLIO_HOLDING_001 o WHERE o.investor_id=p.investor_id AND o.returns_pct < 0 AND o.cost > 0 AND o.current_value IS NOT NULL) AND EXISTS (SELECT 1 FROM ATOM_ENTITY_INVESTMENT_GOAL_001 g WHERE g.investor_id=p.investor_id AND g.shortfall > 0) AND EXISTS (SELECT 1 FROM ATOM_ENTITY_SECTOR_ALLOCATION_001 a WHERE a.investor_id=p.investor_id AND a.sector='Consumer Goods' AND a.allocation_pct > 0) ORDER BY p.investor_id;","[{""investor_id"": ""INV-1012"", ""investor_name"": ""Amrita Iyer""}, {""investor_id"": ""INV-1348"", ""investor_name"": ""Anand Deshmukh""}, {""investor_id"": ""INV-1481"", ""investor_name"": ""Amit Mishra""}, {""investor_id"": ""INV-217"", ""investor_name"": ""Rohan Reddy""}]"
wealth_management_at_risk_critical_125_questions:ARC125-5T-011,wealth_management_at_risk_critical_125_questions.csv,ARC125-5T-011,"Which Moderate investors have a risk score above 75, a loss-making holding (counting only holdings with a recorded cost and current value), an underfunded goal, and an allocation above 0% in the Consumer Goods sector?",Five-signal critical detection,Expert,Composite Reasoning,ATOM_ENTITY_INVESTMENT_GOAL_001; ATOM_ENTITY_INVESTOR_PROFILE_001; ATOM_ENTITY_PORTFOLIO_HEALTH_001; ATOM_ENTITY_PORTFOLIO_HOLDING_001; ATOM_ENTITY_SECTOR_ALLOCATION_001,5,"SELECT DISTINCT p.investor_id, p.investor_name FROM ATOM_ENTITY_INVESTOR_PROFILE_001 p JOIN ATOM_ENTITY_PORTFOLIO_HEALTH_001 h ON h.investor_id=p.investor_id WHERE p.risk_tolerance='Moderate' AND h.risk_score > 75 AND EXISTS (SELECT 1 FROM ATOM_ENTITY_PORTFOLIO_HOLDING_001 o WHERE o.investor_id=p.investor_id AND o.returns_pct < 0 AND o.cost > 0 AND o.current_value IS NOT NULL) AND EXISTS (SELECT 1 FROM ATOM_ENTITY_INVESTMENT_GOAL_001 g WHERE g.investor_id=p.investor_id AND g.shortfall > 0) AND EXISTS (SELECT 1 FROM ATOM_ENTITY_SECTOR_ALLOCATION_001 a WHERE a.investor_id=p.investor_id AND a.sector='Consumer Goods' AND a.allocation_pct > 0) ORDER BY p.investor_id;","[{""investor_id"": ""INV-1141"", ""investor_name"": ""Ankita Iyer""}, {""investor_id"": ""INV-131"", ""investor_name"": ""Priyanka Sharma""}, {""investor_id"": ""INV-239"", ""investor_name"": ""Anita Chauhan""}, {""investor_id"": ""INV-391"", ""investor_name"": ""Vivek Kulkarni""}]"
wealth_management_at_risk_critical_125_questions:ARC125-5T-015,wealth_management_at_risk_critical_125_questions.csv,ARC125-5T-015,"Which Aggressive investors have a liquidity score below 25, a loss-making holding (counting only holdings with a recorded cost and current value), an underfunded goal, and a 'Buy' rebalancing action?",Five-signal critical detection,Expert,Composite Reasoning,ATOM_ENTITY_INVESTMENT_GOAL_001; ATOM_ENTITY_INVESTOR_PROFILE_001; ATOM_ENTITY_PORTFOLIO_HEALTH_001; ATOM_ENTITY_PORTFOLIO_HOLDING_001; ATOM_EVENT_REBALANCING_ACTION_001,5,"SELECT DISTINCT p.investor_id, p.investor_name FROM ATOM_ENTITY_INVESTOR_PROFILE_001 p JOIN ATOM_ENTITY_PORTFOLIO_HEALTH_001 h ON h.investor_id=p.investor_id WHERE p.risk_tolerance='Aggressive' AND h.liquidity_score < 25 AND EXISTS (SELECT 1 FROM ATOM_ENTITY_PORTFOLIO_HOLDING_001 o WHERE o.investor_id=p.investor_id AND o.returns_pct < 0 AND o.cost > 0 AND o.current_value IS NOT NULL) AND EXISTS (SELECT 1 FROM ATOM_ENTITY_INVESTMENT_GOAL_001 g WHERE g.investor_id=p.investor_id AND g.shortfall > 0) AND EXISTS (SELECT 1 FROM ATOM_EVENT_REBALANCING_ACTION_001 r WHERE r.investor_id=p.investor_id AND r.action='Buy') ORDER BY p.investor_id;","[{""investor_id"": ""INV-1018"", ""investor_name"": ""Kavita Hegde""}, {""investor_id"": ""INV-193"", ""investor_name"": ""Dipti Gupta""}, {""investor_id"": ""INV-330"", ""investor_name"": ""Amit Kulkarni""}, {""investor_id"": ""INV-806"", ""investor_name"": ""Vikram Rao""}, {""investor_id"": ""INV-942"", ""investor_name"": ""Dipti Reddy""}]"
wealth_management_at_risk_critical_125_questions:ARC125-5T-019,wealth_management_at_risk_critical_125_questions.csv,ARC125-5T-019,"Which Conservative investors have a liquidity score below 25, a loss-making holding (counting only holdings with a recorded cost and current value), an underfunded goal, and a 'Buy' rebalancing action?",Five-signal critical detection,Expert,Composite Reasoning,ATOM_ENTITY_INVESTMENT_GOAL_001; ATOM_ENTITY_INVESTOR_PROFILE_001; ATOM_ENTITY_PORTFOLIO_HEALTH_001; ATOM_ENTITY_PORTFOLIO_HOLDING_001; ATOM_EVENT_REBALANCING_ACTION_001,5,"SELECT DISTINCT p.investor_id, p.investor_name FROM ATOM_ENTITY_INVESTOR_PROFILE_001 p JOIN ATOM_ENTITY_PORTFOLIO_HEALTH_001 h ON h.investor_id=p.investor_id WHERE p.risk_tolerance='Conservative' AND h.liquidity_score < 25 AND EXISTS (SELECT 1 FROM ATOM_ENTITY_PORTFOLIO_HOLDING_001 o WHERE o.investor_id=p.investor_id AND o.returns_pct < 0 AND o.cost > 0 AND o.current_value IS NOT NULL) AND EXISTS (SELECT 1 FROM ATOM_ENTITY_INVESTMENT_GOAL_001 g WHERE g.investor_id=p.investor_id AND g.shortfall > 0) AND EXISTS (SELECT 1 FROM ATOM_EVENT_REBALANCING_ACTION_001 r WHERE r.investor_id=p.investor_id AND r.action='Buy') ORDER BY p.investor_id;","[{""investor_id"": ""INV-1127"", ""investor_name"": ""Bhavna Bhat""}, {""investor_id"": ""INV-1291"", ""investor_name"": ""Sunita Bhat""}, {""investor_id"": ""INV-1522"", ""investor_name"": ""Sunita Kulkarni""}, {""investor_id"": ""INV-202"", ""investor_name"": ""Chetan Patel""}]"
wealth_management_batch_status_125_questions:BSQ125-1T-003,wealth_management_batch_status_125_questions.csv,BSQ125-1T-003,How many investors sit in the Debt category cohort?,Category cohort,Easy,Categorical Aggregation,ATOM_ENTITY_INVESTOR_PROFILE_001,1,SELECT COUNT(DISTINCT investor_id) AS investor_count FROM ATOM_ENTITY_INVESTOR_PROFILE_001 WHERE category='Debt';,"[{""investor_count"": 273}]"
wealth_management_batch_status_125_questions:BSQ125-1T-007,wealth_management_batch_status_125_questions.csv,BSQ125-1T-007,List the investor id and name of every Long-term time-horizon investor.,Time-horizon roster,Easy,Filtered List,ATOM_ENTITY_INVESTOR_PROFILE_001,1,"SELECT investor_id, investor_name FROM ATOM_ENTITY_INVESTOR_PROFILE_001 WHERE time_horizon='Long-term' ORDER BY investor_id;","{""_total_rows"": 489, ""_truncated_to"": 50, ""rows"": [{""investor_id"": ""INV-002"", ""investor_name"": ""Geeta Nair""}, {""investor_id"": ""INV-007"", ""investor_name"": ""Ramesh Sharma""}, {""investor_id"": ""INV-010"", ""investor_name"": ""Ankita Kulkarni""}, {""investor_id"": ""INV-011"", ""investor_name"": ""Bhavna Verma""}, {""investor_id"": ""INV-022"", ""investor_name"": ""Rohan Rao""}, {""investor_id"": ""INV-026"", ""investor_name"": ""Sneha Pandey""}, {""investor_id"": ""INV-029"", ""investor_name"": ""Vikram Reddy""}, {""investor_id"": ""INV-034"", ""investor_name"": ""Sneha Reddy""}, {""investor_id"": ""INV-040"", ""investor_name"": ""Anita Joshi""}, {""investor_id"": ""INV-043"", ""investor_name"": ""Kavita Gupta""}, {""investor_id"": ""INV-045"", ""investor_name"": ""Aishwarya Deshmukh""}, {""investor_id"": ""INV-050"", ""investor_name"": ""Rajesh Singh""}, {""investor_id"": ""INV-056"", ""investor_name"": ""Amrita Hegde""}, {""investor_id"": ""INV-059"", ""investor_name"": ""Deepak Bhat""}, {""investor_id"": ""INV-063"", ""investor_name"": ""Ishita Deshmukh""}, {""investor_id"": ""INV-064"", ""investor_name"": ""Arvind Singh""}, {""investor_id"": ""INV-066"", ""investor_name"": ""Arjun Mishra""}, {""investor_id"": ""INV-076"", ""investor_name"": ""Aishwarya Kulkarni""}, {""investor_id"": ""INV-077"", ""investor_name"": ""Arjun Gupta""}, {""investor_id"": ""INV-080"", ""investor_name"": ""Anjali Iyer""}, {""investor_id"": ""INV-081"", ""investor_name"": ""Bhavna Pandey""}, {""investor_id"": ""INV-082"", ""investor_name"": ""Amit Chauhan""}, {""investor_id"": ""INV-086"", ""investor_name"": ""Ramesh Kulkarni""}, {""investor_id"": ""INV-087"", ""investor_name"": ""Deepak Pandey""}, {""investor_id"": ""INV-088"", ""investor_name"": ""Anjali Mishra""}, {""investor_id"": ""INV-091"", ""investor_name"": ""Akshay Iyer""}, {""investor_id"": ""INV-095"", ""investor_name"": ""Anita Rao""}, {""investor_id"": ""INV-098"", ""investor_name"": ""Arvind Singh""}, {""investor_id"": ""INV-100"", ""investor_name"": ""Bhavna Mishra""}, {""investor_id"": ""INV-1005"", ""investor_name"": ""Siddharth Chauhan""}, {""investor_id"": ""INV-1007"", ""investor_name"": ""Amit Nair""}, {""investor_id"": ""INV-1011"", ""investor_name"": ""Anjali Patel""}, {""investor_id"": ""INV-1012"", ""investor_name"": ""Amrita Iyer""}, {""investor_id"": ""INV-1015"", ""investor_name"": ""Siddharth Deshmukh""}, {""investor_id"": ""INV-1016"", ""investor_name"": ""Ankita Joshi""}, {""investor_id"": ""INV-1018"", ""investor_name"": ""Kavita Hegde""}, {""investor_id"": ""INV-102"", ""investor_name"": ""Akshay Iyer""}, {""investor_id"": ""INV-1024"", ""investor_name"": ""Geeta Gupta""}, {""investor_id"": ""INV-1029"", ""investor_name"": ""Abhishek Hegde""}, {""investor_id"": ""INV-103"", ""investor_name"": ""Aishwarya Rao""}, {""investor_id"": ""INV-1030"", ""investor_name"": ""Akshay Mehta""}, {""investor_id"": ""INV-1033"", ""investor_name"": ""Arjun Kulkarni""}, {""investor_id"": ""INV-1041"", ""investor_name"": ""Deepak Kulkarni""}, {""investor_id"": ""INV-105"", ""investor_name"": ""Chetan Verma""}, {""investor_id"": ""INV-1050"", ""investor_name"": ""Rajesh Joshi""}, {""investor_id"": ""INV-1052"", ""investor_name"": ""Amit Reddy""}, {""investor_id"": ""INV-1053"", ""investor_name"": ""Anita Patel""}, {""investor_id"": ""INV-1059"", ""investor_name"": ""Rahul Sharma""}, {""investor_id"": ""INV-1061"", ""investor_name"": ""Vikram Verma""}, {""investor_id"": ""INV-1064"", ""investor_name"": ""Rohan Bhat""}]}"
wealth_management_batch_status_125_questions:BSQ125-1T-011,wealth_management_batch_status_125_questions.csv,BSQ125-1T-011,List the goal id and shortfall of the underfunded goals with progress below 30 percent.,Goal funding status,Medium,Rule-Based Detection,ATOM_ENTITY_INVESTMENT_GOAL_001,1,"SELECT goal_id, shortfall FROM ATOM_ENTITY_INVESTMENT_GOAL_001 WHERE progress_pct < 30 AND shortfall > 0 ORDER BY goal_id;","{""_total_rows"": 2251, ""_truncated_to"": 50, ""rows"": [{""goal_id"": ""0006aef2-ab21-43d6-8885-4730e21c870b"", ""shortfall"": 221658.517661}, {""goal_id"": ""00a2226e-9f0f-4747-a4cc-d80b9f33f4df"", ""shortfall"": 4217833.68966}, {""goal_id"": ""00ab462f-e832-4424-bbf7-04e7f9b4ef0e"", ""shortfall"": 17190097.216176}, {""goal_id"": ""00ca72fc-b530-4621-9035-7a41500d16dc"", ""shortfall"": 4160493.089771}, {""goal_id"": ""00dee476-e20f-4607-9633-7046c23c002b"", ""shortfall"": 2858888.500716}, {""goal_id"": ""010fd2f3-c3b9-48e3-a68a-de8c3531915a"", ""shortfall"": 2765926.911215}, {""goal_id"": ""012ab351-2896-479f-9f5d-eab003ec7415"", ""shortfall"": 767756.0}, {""goal_id"": ""01365475-945c-4d79-94ce-d80cc30193aa"", ""shortfall"": 2786265.0433}, {""goal_id"": ""015450e1-757c-4540-916b-3d6f29f0937a"", ""shortfall"": 97729407.9}, {""goal_id"": ""01697f1d-9d41-4526-af59-1da48545ee52"", ""shortfall"": 448537825.8}, {""goal_id"": ""02000565-1afa-4cb8-9c41-b1b8342ac770"", ""shortfall"": 14070926.581262}, {""goal_id"": ""0296f051-8a3d-401d-9138-2f641abab90a"", ""shortfall"": 439722.8302}, {""goal_id"": ""029f2f52-65d5-4271-b096-313535728e89"", ""shortfall"": 167157238.5}, {""goal_id"": ""02a2aaf5-4551-4d6a-9504-98a4a8185b54"", ""shortfall"": 1684557.644397}, {""goal_id"": ""0306f0c5-6335-4845-b675-c64202ae80f4"", ""shortfall"": 940779.063286}, {""goal_id"": ""030f5607-a130-4913-8090-df30b74e2163"", ""shortfall"": 5905520.923865}, {""goal_id"": ""03229eec-fc8e-494e-a371-552a72f1bbe9"", ""shortfall"": 211490703.9}, {""goal_id"": ""032fe6cd-dc1f-4771-a2da-4c73c03e575e"", ""shortfall"": 586781.566027}, {""goal_id"": ""03560040-c1bc-4674-9437-b3a1767058cd"", ""shortfall"": 259267.204075}, {""goal_id"": ""03913078-593a-4830-95a4-d7c740899c47"", ""shortfall"": 297969696.0}, {""goal_id"": ""0392d8c0-965d-4a00-871d-e71750704d51"", ""shortfall"": 4162672.170886}, {""goal_id"": ""03a4332e-f102-4eff-b927-0856c10d360f"", ""shortfall"": 226967749.2}, {""goal_id"": ""03dfc7f5-c62b-4549-9ef2-ce58721a147d"", ""shortfall"": 110582316.0}, {""goal_id"": ""0400950c-8351-41cf-880b-751d5549cf65"", ""shortfall"": 329582806.2}, {""goal_id"": ""043e5b2b-2c90-4b55-8ef2-17c7e82cb085"", ""shortfall"": 1389799.70933}, {""goal_id"": ""046a5814-08ff-4f14-9dca-7d8daabd3feb"", ""shortfall"": 1000000.0}, {""goal_id"": ""0470ba49-955f-4bdf-8e98-1c21c5c04459"", ""shortfall"": 2511806.851678}, {""goal_id"": ""0478c114-3dce-465e-bede-7630e006aeb1"", ""shortfall"": 402823024.2}, {""goal_id"": ""0493161d-3cf0-4dff-9c02-86bab58218e4"", ""shortfall"": 4946157.71278}, {""goal_id"": ""05236334-279d-475d-aa03-ee3af0a37cf7"", ""shortfall"": 347839.755489}, {""goal_id"": ""0548f368-7080-4640-94bb-8729d0b138c9"", ""shortfall"": 2621056.970412}, {""goal_id"": ""0584ba16-f051-4485-85e5-0faaa6fcc323"", ""shortfall"": 361132207.2}, {""goal_id"": ""063fbf5d-ea36-4b44-b89d-35fece95b264"", ""shortfall"": 275204230.2}, {""goal_id"": ""064dfade-b959-441d-b3c1-29834fcec232"", ""shortfall"": 2032555.263789}, {""goal_id"": ""0669b78d-aa18-4545-af5e-b1fb1b1d77e7"", ""shortfall"": 17973289.167739}, {""goal_id"": ""066ba58f-a99f-47ef-b829-86ec05707605"", ""shortfall"": 283386379.5}, {""goal_id"": ""0688e615-c730-4691-ac80-a30320fa942b"", ""shortfall"": 7526889.162311}, {""goal_id"": ""06a905b9-228d-4a6b-ada8-c1c9b46ab228"", ""shortfall"": 8763319.15259}, {""goal_id"": ""06cb72e6-813b-4b64-be4b-d5c062d8efcb"", ""shortfall"": 3087668.277452}, {""goal_id"": ""07eeb3b0-81f0-4667-ade0-a47a9050fb0e"", ""shortfall"": 7014946.379929}, {""goal_id"": ""07f8d57c-cba3-481a-94e1-6c3182e6493d"", ""shortfall"": 17138577.82189}, {""goal_id"": ""0809da9b-115c-4ff1-9433-5530951da027"", ""shortfall"": 17221982.428534}, {""goal_id"": ""08712d59-efce-498d-ba5c-e02c1831e5e2"", ""shortfall"": 4007621.036748}, {""goal_id"": ""08f27c94-0d2a-4e94-9ceb-6253eab71e8d"", ""shortfall"": 367643715.3}, {""goal_id"": ""09774385-c19d-4206-878b-419f1f9816b7"", ""shortfall"": 425625589.8}, {""goal_id"": ""09987421-eab7-4077-b461-ba10ebf66364"", ""shortfall"": 144275076.9}, {""goal_id"": ""09acc777-d2a5-4ce3-9afc-1dba266c250c"", ""shortfall"": 257690026.8}, {""goal_id"": ""09b8fbcb-0a64-42df-a170-ae8c4a3ae0a5"", ""shortfall"": 516668.0}, {""goal_id"": ""09cd606d-e7c5-4098-b335-10eaf1c0c3f1"", ""shortfall"": 3232843.844366}, {""goal_id"": ""0a16d274-7bf0-4eb1-97bb-1ced2686e83c"", ""shortfall"": 2795267.751285}]}"
wealth_management_batch_status_125_questions:BSQ125-1T-015,wealth_management_batch_status_125_questions.csv,BSQ125-1T-015,How many investors have Emergency Fund as their stated investment goal?,Goal-objective cohort,Easy,Categorical Aggregation,ATOM_ENTITY_INVESTOR_PROFILE_001,1,SELECT COUNT(DISTINCT investor_id) AS investor_count FROM ATOM_ENTITY_INVESTOR_PROFILE_001 WHERE investment_goal='Emergency Fund';,"[{""investor_count"": 230}]"
wealth_management_batch_status_125_questions:BSQ125-1T-019,wealth_management_batch_status_125_questions.csv,BSQ125-1T-019,How many investors fall in the poorly-diversified health band with a diversification score below 25?,Health-status band,Easy,Rule-Based Detection,ATOM_ENTITY_PORTFOLIO_HEALTH_001,1,SELECT COUNT(DISTINCT investor_id) AS investor_count FROM ATOM_ENTITY_PORTFOLIO_HEALTH_001 WHERE diversification_score < 25;,"[{""investor_count"": 357}]"
wealth_management_batch_status_125_questions:BSQ125-1T-023,wealth_management_batch_status_125_questions.csv,BSQ125-1T-023,How many investors belong to the Mid Cap segment cohort?,Segment cohort,Easy,Categorical Aggregation,ATOM_ENTITY_INVESTOR_PROFILE_001,1,SELECT COUNT(DISTINCT investor_id) AS investor_count FROM ATOM_ENTITY_INVESTOR_PROFILE_001 WHERE segment='Mid Cap';,"[{""investor_count"": 361}]"
wealth_management_batch_status_125_questions:BSQ125-1T-027,wealth_management_batch_status_125_questions.csv,BSQ125-1T-027,List the investor id and name of every investor in the Gold category cohort.,Category roster,Easy,Filtered List,ATOM_ENTITY_INVESTOR_PROFILE_001,1,"SELECT investor_id, investor_name FROM ATOM_ENTITY_INVESTOR_PROFILE_001 WHERE category='Gold' ORDER BY investor_id;","{""_total_rows"": 301, ""_truncated_to"": 50, ""rows"": [{""investor_id"": ""INV-001"", ""investor_name"": ""Arjun Iyer""}, {""investor_id"": ""INV-003"", ""investor_name"": ""Siddharth Sharma""}, {""investor_id"": ""INV-004"", ""investor_name"": ""Kavita Bhat""}, {""investor_id"": ""INV-009"", ""investor_name"": ""Anand Verma""}, {""investor_id"": ""INV-012"", ""investor_name"": ""Dipti Arora""}, {""investor_id"": ""INV-022"", ""investor_name"": ""Rohan Rao""}, {""investor_id"": ""INV-024"", ""investor_name"": ""Deepak Singh""}, {""investor_id"": ""INV-027"", ""investor_name"": ""Sneha Verma""}, {""investor_id"": ""INV-033"", ""investor_name"": ""Aishwarya Sharma""}, {""investor_id"": ""INV-038"", ""investor_name"": ""Bhavna Reddy""}, {""investor_id"": ""INV-052"", ""investor_name"": ""Suresh Singh""}, {""investor_id"": ""INV-053"", ""investor_name"": ""Anita Iyer""}, {""investor_id"": ""INV-060"", ""investor_name"": ""Sneha Rao""}, {""investor_id"": ""INV-071"", ""investor_name"": ""Anita Iyer""}, {""investor_id"": ""INV-078"", ""investor_name"": ""Rajesh Bhat""}, {""investor_id"": ""INV-087"", ""investor_name"": ""Deepak Pandey""}, {""investor_id"": ""INV-099"", ""investor_name"": ""Anita Deshmukh""}, {""investor_id"": ""INV-1001"", ""investor_name"": ""Vikram Singh""}, {""investor_id"": ""INV-1002"", ""investor_name"": ""Anjali Sharma""}, {""investor_id"": ""INV-1008"", ""investor_name"": ""Priyanka Sharma""}, {""investor_id"": ""INV-1011"", ""investor_name"": ""Anjali Patel""}, {""investor_id"": ""INV-1017"", ""investor_name"": ""Rajesh Reddy""}, {""investor_id"": ""INV-1022"", ""investor_name"": ""Geeta Mehta""}, {""investor_id"": ""INV-1024"", ""investor_name"": ""Geeta Gupta""}, {""investor_id"": ""INV-1035"", ""investor_name"": ""Arjun Verma""}, {""investor_id"": ""INV-1036"", ""investor_name"": ""Arjun Deshmukh""}, {""investor_id"": ""INV-104"", ""investor_name"": ""Bhavna Verma""}, {""investor_id"": ""INV-1040"", ""investor_name"": ""Bhavna Pandey""}, {""investor_id"": ""INV-1042"", ""investor_name"": ""Rajesh Kulkarni""}, {""investor_id"": ""INV-1043"", ""investor_name"": ""Ramesh Mehta""}, {""investor_id"": ""INV-1051"", ""investor_name"": ""Rahul Reddy""}, {""investor_id"": ""INV-1054"", ""investor_name"": ""Arjun Reddy""}, {""investor_id"": ""INV-1058"", ""investor_name"": ""Aishwarya Patel""}, {""investor_id"": ""INV-1062"", ""investor_name"": ""Rahul Joshi""}, {""investor_id"": ""INV-1066"", ""investor_name"": ""Siddharth Gupta""}, {""investor_id"": ""INV-1067"", ""investor_name"": ""Arvind Patel""}, {""investor_id"": ""INV-1069"", ""investor_name"": ""Ramesh Joshi""}, {""investor_id"": ""INV-1070"", ""investor_name"": ""Ishita Chauhan""}, {""investor_id"": ""INV-1071"", ""investor_name"": ""Anand Joshi""}, {""investor_id"": ""INV-1083"", ""investor_name"": ""Ishita Arora""}, {""investor_id"": ""INV-1086"", ""investor_name"": ""Amrita Rao""}, {""investor_id"": ""INV-109"", ""investor_name"": ""Amit Arora""}, {""investor_id"": ""INV-1098"", ""investor_name"": ""Arvind Iyer""}, {""investor_id"": ""INV-111"", ""investor_name"": ""Aishwarya Mishra""}, {""investor_id"": ""INV-1117"", ""investor_name"": ""Arvind Kulkarni""}, {""investor_id"": ""INV-1120"", ""investor_name"": ""Arjun Bhat""}, {""investor_id"": ""INV-1121"", ""investor_name"": ""Rajesh Arora""}, {""investor_id"": ""INV-1122"", ""investor_name"": ""Deepak Sharma""}, {""investor_id"": ""INV-1124"", ""investor_name"": ""Arvind Mishra""}, {""investor_id"": ""INV-1127"", ""investor_name"": ""Bhavna Bhat""}]}"
wealth_management_batch_status_125_questions:BSQ125-1T-031,wealth_management_batch_status_125_questions.csv,BSQ125-1T-031,How many Growth goals are on track with progress of at least 50 percent?,Goal funding status,Medium,Rule-Based Detection,ATOM_ENTITY_INVESTMENT_GOAL_001,1,SELECT COUNT(*) AS goal_count FROM ATOM_ENTITY_INVESTMENT_GOAL_001 WHERE investment_goal='Growth' AND progress_pct >= 50;,"[{""goal_count"": 377}]"
wealth_management_batch_status_125_questions:BSQ125-1T-035,wealth_management_batch_status_125_questions.csv,BSQ125-1T-035,List the investor id and name of every investor in the Small Cap segment cohort.,Segment roster,Easy,Filtered List,ATOM_ENTITY_INVESTOR_PROFILE_001,1,"SELECT investor_id, investor_name FROM ATOM_ENTITY_INVESTOR_PROFILE_001 WHERE segment='Small Cap' ORDER BY investor_id;","{""_total_rows"": 379, ""_truncated_to"": 50, ""rows"": [{""investor_id"": ""INV-001"", ""investor_name"": ""Arjun Iyer""}, {""investor_id"": ""INV-003"", ""investor_name"": ""Siddharth Sharma""}, {""investor_id"": ""INV-004"", ""investor_name"": ""Kavita Bhat""}, {""investor_id"": ""INV-008"", ""investor_name"": ""Vivek Singh""}, {""investor_id"": ""INV-012"", ""investor_name"": ""Dipti Arora""}, {""investor_id"": ""INV-017"", ""investor_name"": ""Ankita Nair""}, {""investor_id"": ""INV-026"", ""investor_name"": ""Sneha Pandey""}, {""investor_id"": ""INV-028"", ""investor_name"": ""Chetan Yadav""}, {""investor_id"": ""INV-035"", ""investor_name"": ""Dipti Patel""}, {""investor_id"": ""INV-036"", ""investor_name"": ""Suresh Pandey""}, {""investor_id"": ""INV-039"", ""investor_name"": ""Siddharth Chauhan""}, {""investor_id"": ""INV-041"", ""investor_name"": ""Sneha Nair""}, {""investor_id"": ""INV-048"", ""investor_name"": ""Priyanka Verma""}, {""investor_id"": ""INV-049"", ""investor_name"": ""Deepak Mehta""}, {""investor_id"": ""INV-052"", ""investor_name"": ""Suresh Singh""}, {""investor_id"": ""INV-066"", ""investor_name"": ""Arjun Mishra""}, {""investor_id"": ""INV-069"", ""investor_name"": ""Sunita Patel""}, {""investor_id"": ""INV-073"", ""investor_name"": ""Abhishek Mehta""}, {""investor_id"": ""INV-078"", ""investor_name"": ""Rajesh Bhat""}, {""investor_id"": ""INV-084"", ""investor_name"": ""Anand Reddy""}, {""investor_id"": ""INV-1001"", ""investor_name"": ""Vikram Singh""}, {""investor_id"": ""INV-1003"", ""investor_name"": ""Vikram Verma""}, {""investor_id"": ""INV-1005"", ""investor_name"": ""Siddharth Chauhan""}, {""investor_id"": ""INV-1012"", ""investor_name"": ""Amrita Iyer""}, {""investor_id"": ""INV-1015"", ""investor_name"": ""Siddharth Deshmukh""}, {""investor_id"": ""INV-1034"", ""investor_name"": ""Priyanka Arora""}, {""investor_id"": ""INV-1035"", ""investor_name"": ""Arjun Verma""}, {""investor_id"": ""INV-1037"", ""investor_name"": ""Anjali Reddy""}, {""investor_id"": ""INV-104"", ""investor_name"": ""Bhavna Verma""}, {""investor_id"": ""INV-1042"", ""investor_name"": ""Rajesh Kulkarni""}, {""investor_id"": ""INV-1045"", ""investor_name"": ""Arvind Nair""}, {""investor_id"": ""INV-1052"", ""investor_name"": ""Amit Reddy""}, {""investor_id"": ""INV-1064"", ""investor_name"": ""Rohan Bhat""}, {""investor_id"": ""INV-1066"", ""investor_name"": ""Siddharth Gupta""}, {""investor_id"": ""INV-1067"", ""investor_name"": ""Arvind Patel""}, {""investor_id"": ""INV-1071"", ""investor_name"": ""Anand Joshi""}, {""investor_id"": ""INV-1074"", ""investor_name"": ""Vivek Pandey""}, {""investor_id"": ""INV-1082"", ""investor_name"": ""Suresh Verma""}, {""investor_id"": ""INV-1088"", ""investor_name"": ""Ishita Chauhan""}, {""investor_id"": ""INV-1089"", ""investor_name"": ""Rahul Joshi""}, {""investor_id"": ""INV-109"", ""investor_name"": ""Amit Arora""}, {""investor_id"": ""INV-1097"", ""investor_name"": ""Anjali Bhat""}, {""investor_id"": ""INV-1100"", ""investor_name"": ""Arjun Nair""}, {""investor_id"": ""INV-1106"", ""investor_name"": ""Vivek Bhat""}, {""investor_id"": ""INV-111"", ""investor_name"": ""Aishwarya Mishra""}, {""investor_id"": ""INV-1113"", ""investor_name"": ""Suresh Rao""}, {""investor_id"": ""INV-1118"", ""investor_name"": ""Suresh Hegde""}, {""investor_id"": ""INV-1119"", ""investor_name"": ""Ishita Nair""}, {""investor_id"": ""INV-112"", ""investor_name"": ""Amit Gupta""}, {""investor_id"": ""INV-1124"", ""investor_name"": ""Arvind Mishra""}]}"
wealth_management_batch_status_125_questions:BSQ125-2T-004,wealth_management_batch_status_125_questions.csv,BSQ125-2T-004,What is the average liquidity score of investors in the Long-term time-horizon cohort?,Time-horizon health snapshot,Medium,Categorical Aggregation,ATOM_ENTITY_INVESTOR_PROFILE_001; ATOM_ENTITY_PORTFOLIO_HEALTH_001,2,"SELECT ROUND(AVG(h.liquidity_score),2) AS avg_score FROM ATOM_ENTITY_INVESTOR_PROFILE_001 p JOIN ATOM_ENTITY_PORTFOLIO_HEALTH_001 h ON h.investor_id=p.investor_id WHERE p.time_horizon='Long-term';","[{""avg_score"": 50.39}]"
wealth_management_batch_status_125_questions:BSQ125-2T-008,wealth_management_batch_status_125_questions.csv,BSQ125-2T-008,What is the average goal-match percentage of investors in the Diversified segment cohort?,Segment health snapshot,Medium,Categorical Aggregation,ATOM_ENTITY_INVESTOR_PROFILE_001; ATOM_ENTITY_PORTFOLIO_HEALTH_001,2,"SELECT ROUND(AVG(h.goal_match_pct),2) AS avg_goal_match FROM ATOM_ENTITY_INVESTOR_PROFILE_001 p JOIN ATOM_ENTITY_PORTFOLIO_HEALTH_001 h ON h.investor_id=p.investor_id WHERE p.segment='Diversified';","[{""avg_goal_match"": 46.99}]"
wealth_management_batch_status_125_questions:BSQ125-2T-012,wealth_management_batch_status_125_questions.csv,BSQ125-2T-012,List the Aggressive investors who sit in the poorly-diversified band with a diversification score below 25.,Risk cohort roster,Medium,Filtered List,ATOM_ENTITY_INVESTOR_PROFILE_001; ATOM_ENTITY_PORTFOLIO_HEALTH_001,2,"SELECT p.investor_id, p.investor_name FROM ATOM_ENTITY_INVESTOR_PROFILE_001 p JOIN ATOM_ENTITY_PORTFOLIO_HEALTH_001 h ON h.investor_id=p.investor_id WHERE p.risk_tolerance='Aggressive' AND h.diversification_score < 25 ORDER BY p.investor_id;","{""_total_rows"": 114, ""_truncated_to"": 50, ""rows"": [{""investor_id"": ""INV-014"", ""investor_name"": ""Rohan Chauhan""}, {""investor_id"": ""INV-030"", ""investor_name"": ""Ramesh Rao""}, {""investor_id"": ""INV-051"", ""investor_name"": ""Ishita Sharma""}, {""investor_id"": ""INV-055"", ""investor_name"": ""Ramesh Bhat""}, {""investor_id"": ""INV-057"", ""investor_name"": ""Sneha Verma""}, {""investor_id"": ""INV-068"", ""investor_name"": ""Vikram Yadav""}, {""investor_id"": ""INV-082"", ""investor_name"": ""Amit Chauhan""}, {""investor_id"": ""INV-1016"", ""investor_name"": ""Ankita Joshi""}, {""investor_id"": ""INV-1019"", ""investor_name"": ""Kavita Hegde""}, {""investor_id"": ""INV-1027"", ""investor_name"": ""Aishwarya Deshmukh""}, {""investor_id"": ""INV-1030"", ""investor_name"": ""Akshay Mehta""}, {""investor_id"": ""INV-1106"", ""investor_name"": ""Vivek Bhat""}, {""investor_id"": ""INV-1107"", ""investor_name"": ""Arvind Joshi""}, {""investor_id"": ""INV-1122"", ""investor_name"": ""Deepak Sharma""}, {""investor_id"": ""INV-1164"", ""investor_name"": ""Sneha Singh""}, {""investor_id"": ""INV-1189"", ""investor_name"": ""Rajesh Kulkarni""}, {""investor_id"": ""INV-1197"", ""investor_name"": ""Rahul Yadav""}, {""investor_id"": ""INV-1202"", ""investor_name"": ""Sunita Sharma""}, {""investor_id"": ""INV-1213"", ""investor_name"": ""Sneha Reddy""}, {""investor_id"": ""INV-1245"", ""investor_name"": ""Amit Patel""}, {""investor_id"": ""INV-1247"", ""investor_name"": ""Ramesh Verma""}, {""investor_id"": ""INV-1248"", ""investor_name"": ""Siddharth Deshmukh""}, {""investor_id"": ""INV-1250"", ""investor_name"": ""Priyanka Deshmukh""}, {""investor_id"": ""INV-1268"", ""investor_name"": ""Ankita Nair""}, {""investor_id"": ""INV-127"", ""investor_name"": ""Rahul Gupta""}, {""investor_id"": ""INV-130"", ""investor_name"": ""Abhishek Verma""}, {""investor_id"": ""INV-1300"", ""investor_name"": ""Deepak Mehta""}, {""investor_id"": ""INV-1302"", ""investor_name"": ""Arjun Nair""}, {""investor_id"": ""INV-1306"", ""investor_name"": ""Deepak Mehta""}, {""investor_id"": ""INV-133"", ""investor_name"": ""Rohan Arora""}, {""investor_id"": ""INV-1342"", ""investor_name"": ""Anita Chauhan""}, {""investor_id"": ""INV-1351"", ""investor_name"": ""Geeta Deshmukh""}, {""investor_id"": ""INV-1382"", ""investor_name"": ""Arjun Arora""}, {""investor_id"": ""INV-1384"", ""investor_name"": ""Amrita Reddy""}, {""investor_id"": ""INV-1397"", ""investor_name"": ""Rajesh Kulkarni""}, {""investor_id"": ""INV-1407"", ""investor_name"": ""Akshay Verma""}, {""investor_id"": ""INV-1408"", ""investor_name"": ""Ishita Bhat""}, {""investor_id"": ""INV-142"", ""investor_name"": ""Chetan Iyer""}, {""investor_id"": ""INV-1422"", ""investor_name"": ""Deepak Hegde""}, {""investor_id"": ""INV-1430"", ""investor_name"": ""Abhishek Arora""}, {""investor_id"": ""INV-1433"", ""investor_name"": ""Vivek Bhat""}, {""investor_id"": ""INV-1440"", ""investor_name"": ""Bhavna Mehta""}, {""investor_id"": ""INV-1447"", ""investor_name"": ""Aishwarya Rao""}, {""investor_id"": ""INV-1448"", ""investor_name"": ""Anjali Mehta""}, {""investor_id"": ""INV-1458"", ""investor_name"": ""Sunita Singh""}, {""investor_id"": ""INV-1464"", ""investor_name"": ""Arjun Sharma""}, {""investor_id"": ""INV-1465"", ""investor_name"": ""Amit Gupta""}, {""investor_id"": ""INV-1485"", ""investor_name"": ""Geeta Rao""}, {""investor_id"": ""INV-1494"", ""investor_name"": ""Chetan Reddy""}, {""investor_id"": ""INV-1497"", ""investor_name"": ""Dipti Arora""}]}"
wealth_management_batch_status_125_questions:BSQ125-2T-016,wealth_management_batch_status_125_questions.csv,BSQ125-2T-016,How many investors in the Debt category cohort have a positive sector allocation in Automobile?,Category allocation presence,Medium,Multi-Relational,ATOM_ENTITY_INVESTOR_PROFILE_001; ATOM_ENTITY_SECTOR_ALLOCATION_001,2,SELECT COUNT(DISTINCT p.investor_id) AS investor_count FROM ATOM_ENTITY_INVESTOR_PROFILE_001 p WHERE p.category='Debt' AND EXISTS (SELECT 1 FROM ATOM_ENTITY_SECTOR_ALLOCATION_001 a WHERE a.investor_id=p.investor_id AND a.sector='Automobile' AND a.allocation_pct > 0);,"[{""investor_count"": 21}]"
wealth_management_batch_status_125_questions:BSQ125-2T-020,wealth_management_batch_status_125_questions.csv,BSQ125-2T-020,What is the average liquidity score of investors in the Equity category cohort?,Category health snapshot,Medium,Categorical Aggregation,ATOM_ENTITY_INVESTOR_PROFILE_001; ATOM_ENTITY_PORTFOLIO_HEALTH_001,2,"SELECT ROUND(AVG(h.liquidity_score),2) AS avg_score FROM ATOM_ENTITY_INVESTOR_PROFILE_001 p JOIN ATOM_ENTITY_PORTFOLIO_HEALTH_001 h ON h.investor_id=p.investor_id WHERE p.category='Equity';","[{""avg_score"": 50.42}]"
wealth_management_batch_status_125_questions:BSQ125-2T-024,wealth_management_batch_status_125_questions.csv,BSQ125-2T-024,What is the average goal-match percentage of investors in the Conservative risk cohort?,Risk cohort health snapshot,Medium,Categorical Aggregation,ATOM_ENTITY_INVESTOR_PROFILE_001; ATOM_ENTITY_PORTFOLIO_HEALTH_001,2,"SELECT ROUND(AVG(h.goal_match_pct),2) AS avg_goal_match FROM ATOM_ENTITY_INVESTOR_PROFILE_001 p JOIN ATOM_ENTITY_PORTFOLIO_HEALTH_001 h ON h.investor_id=p.investor_id WHERE p.risk_tolerance='Conservative';","[{""avg_goal_match"": 50.03}]"
wealth_management_batch_status_125_questions:BSQ125-2T-028,wealth_management_batch_status_125_questions.csv,BSQ125-2T-028,How many investors in the Medium-term time-horizon cohort have a goal-match percentage below 25?,Time-horizon match band,Medium,Rule-Based Detection,ATOM_ENTITY_INVESTOR_PROFILE_001; ATOM_ENTITY_PORTFOLIO_HEALTH_001,2,SELECT COUNT(DISTINCT p.investor_id) AS investor_count FROM ATOM_ENTITY_INVESTOR_PROFILE_001 p JOIN ATOM_ENTITY_PORTFOLIO_HEALTH_001 h ON h.investor_id=p.investor_id WHERE p.time_horizon='Medium-term' AND h.goal_match_pct < 25;,"[{""investor_count"": 121}]"
wealth_management_batch_status_125_questions:BSQ125-2T-032,wealth_management_batch_status_125_questions.csv,BSQ125-2T-032,How many investors in the Large Cap segment cohort have at least one underfunded goal?,Segment goal status,Medium,Multi-Relational,ATOM_ENTITY_INVESTMENT_GOAL_001; ATOM_ENTITY_INVESTOR_PROFILE_001,2,SELECT COUNT(DISTINCT p.investor_id) AS investor_count FROM ATOM_ENTITY_INVESTOR_PROFILE_001 p WHERE p.segment='Large Cap' AND EXISTS (SELECT 1 FROM ATOM_ENTITY_INVESTMENT_GOAL_001 g WHERE g.investor_id=p.investor_id AND g.shortfall > 0);,"[{""investor_count"": 371}]"
wealth_management_batch_status_125_questions:BSQ125-2T-036,wealth_management_batch_status_125_questions.csv,BSQ125-2T-036,What is the average risk score of investors in the Short-term time-horizon cohort?,Time-horizon health snapshot,Medium,Categorical Aggregation,ATOM_ENTITY_INVESTOR_PROFILE_001; ATOM_ENTITY_PORTFOLIO_HEALTH_001,2,"SELECT ROUND(AVG(h.risk_score),2) AS avg_score FROM ATOM_ENTITY_INVESTOR_PROFILE_001 p JOIN ATOM_ENTITY_PORTFOLIO_HEALTH_001 h ON h.investor_id=p.investor_id WHERE p.time_horizon='Short-term';","[{""avg_score"": 51.08}]"
wealth_management_batch_status_125_questions:BSQ125-2T-040,wealth_management_batch_status_125_questions.csv,BSQ125-2T-040,What is the average diversification score of investors in the Short-term time-horizon cohort?,Time-horizon health snapshot,Medium,Categorical Aggregation,ATOM_ENTITY_INVESTOR_PROFILE_001; ATOM_ENTITY_PORTFOLIO_HEALTH_001,2,"SELECT ROUND(AVG(h.diversification_score),2) AS avg_score FROM ATOM_ENTITY_INVESTOR_PROFILE_001 p JOIN ATOM_ENTITY_PORTFOLIO_HEALTH_001 h ON h.investor_id=p.investor_id WHERE p.time_horizon='Short-term';","[{""avg_score"": 53.09}]"
wealth_management_batch_status_125_questions:BSQ125-3T-004,wealth_management_batch_status_125_questions.csv,BSQ125-3T-004,How many investors in the Long-term time-horizon cohort with a goal-match percentage above 50 also hold a Corporate Bond position?,Time-horizon match + holding,Hard,Multi-Relational,ATOM_ENTITY_INVESTOR_PROFILE_001; ATOM_ENTITY_PORTFOLIO_HEALTH_001; ATOM_ENTITY_PORTFOLIO_HOLDING_001,3,SELECT COUNT(DISTINCT p.investor_id) AS investor_count FROM ATOM_ENTITY_INVESTOR_PROFILE_001 p JOIN ATOM_ENTITY_PORTFOLIO_HEALTH_001 h ON h.investor_id=p.investor_id WHERE p.time_horizon='Long-term' AND h.goal_match_pct > 50 AND EXISTS (SELECT 1 FROM ATOM_ENTITY_PORTFOLIO_HOLDING_001 o WHERE o.investor_id=p.investor_id AND o.investment_type='Corporate Bond');,"[{""investor_count"": 96}]"
wealth_management_batch_status_125_questions:BSQ125-3T-008,wealth_management_batch_status_125_questions.csv,BSQ125-3T-008,Which investors in the Debt category cohort have a diversification score below 50 and a sector allocation above 0% in Banking?,Category diversification + allocation,Hard,Multi-Relational,ATOM_ENTITY_INVESTOR_PROFILE_001; ATOM_ENTITY_PORTFOLIO_HEALTH_001; ATOM_ENTITY_SECTOR_ALLOCATION_001,3,"SELECT DISTINCT p.investor_id, p.investor_name FROM ATOM_ENTITY_INVESTOR_PROFILE_001 p JOIN ATOM_ENTITY_PORTFOLIO_HEALTH_001 h ON h.investor_id=p.investor_id WHERE p.category='Debt' AND h.diversification_score < 50 AND EXISTS (SELECT 1 FROM ATOM_ENTITY_SECTOR_ALLOCATION_001 a WHERE a.investor_id=p.investor_id AND a.sector='Banking' AND a.allocation_pct > 0) ORDER BY p.investor_id;","[{""investor_id"": ""INV-085"", ""investor_name"": ""Anjali Kulkarni""}, {""investor_id"": ""INV-098"", ""investor_name"": ""Arvind Singh""}, {""investor_id"": ""INV-1235"", ""investor_name"": ""Aishwarya Reddy""}, {""investor_id"": ""INV-1342"", ""investor_name"": ""Anita Chauhan""}, {""investor_id"": ""INV-1382"", ""investor_name"": ""Arjun Arora""}, {""investor_id"": ""INV-1406"", ""investor_name"": ""Meena Sharma""}, {""investor_id"": ""INV-710"", ""investor_name"": ""Rahul Reddy""}, {""investor_id"": ""INV-925"", ""investor_name"": ""Anand Mishra""}]"
wealth_management_batch_status_125_questions:BSQ125-3T-012,wealth_management_batch_status_125_questions.csv,BSQ125-3T-012,Which investors in the Diversified segment cohort have a liquidity score below 50 and hold a position with investment type 'Equity'?,Segment liquidity + holding,Hard,Multi-Relational,ATOM_ENTITY_INVESTOR_PROFILE_001; ATOM_ENTITY_PORTFOLIO_HEALTH_001; ATOM_ENTITY_PORTFOLIO_HOLDING_001,3,"SELECT DISTINCT p.investor_id, p.investor_name FROM ATOM_ENTITY_INVESTOR_PROFILE_001 p JOIN ATOM_ENTITY_PORTFOLIO_HEALTH_001 h ON h.investor_id=p.investor_id WHERE p.segment='Diversified' AND h.liquidity_score < 50 AND EXISTS (SELECT 1 FROM ATOM_ENTITY_PORTFOLIO_HOLDING_001 o WHERE o.investor_id=p.investor_id AND o.investment_type='Equity') ORDER BY p.investor_id;","{""_total_rows"": 82, ""_truncated_to"": 50, ""rows"": [{""investor_id"": ""INV-020"", ""investor_name"": ""Rajesh Kulkarni""}, {""investor_id"": ""INV-031"", ""investor_name"": ""Meena Rao""}, {""investor_id"": ""INV-045"", ""investor_name"": ""Aishwarya Deshmukh""}, {""investor_id"": ""INV-060"", ""investor_name"": ""Sneha Rao""}, {""investor_id"": ""INV-077"", ""investor_name"": ""Arjun Gupta""}, {""investor_id"": ""INV-089"", ""investor_name"": ""Siddharth Pandey""}, {""investor_id"": ""INV-1085"", ""investor_name"": ""Akshay Chauhan""}, {""investor_id"": ""INV-1087"", ""investor_name"": ""Rajesh Arora""}, {""investor_id"": ""INV-1093"", ""investor_name"": ""Akshay Yadav""}, {""investor_id"": ""INV-1133"", ""investor_name"": ""Rajesh Chauhan""}, {""investor_id"": ""INV-1147"", ""investor_name"": ""Bhavna Mehta""}, {""investor_id"": ""INV-1162"", ""investor_name"": ""Siddharth Joshi""}, {""investor_id"": ""INV-1187"", ""investor_name"": ""Anita Rao""}, {""investor_id"": ""INV-119"", ""investor_name"": ""Vikram Gupta""}, {""investor_id"": ""INV-1205"", ""investor_name"": ""Sneha Mehta""}, {""investor_id"": ""INV-1213"", ""investor_name"": ""Sneha Reddy""}, {""investor_id"": ""INV-1246"", ""investor_name"": ""Deepak Verma""}, {""investor_id"": ""INV-1307"", ""investor_name"": ""Vivek Hegde""}, {""investor_id"": ""INV-1309"", ""investor_name"": ""Anjali Rao""}, {""investor_id"": ""INV-1314"", ""investor_name"": ""Siddharth Patel""}, {""investor_id"": ""INV-1336"", ""investor_name"": ""Vikram Kulkarni""}, {""investor_id"": ""INV-1342"", ""investor_name"": ""Anita Chauhan""}, {""investor_id"": ""INV-1369"", ""investor_name"": ""Anand Bhat""}, {""investor_id"": ""INV-1402"", ""investor_name"": ""Dipti Yadav""}, {""investor_id"": ""INV-1404"", ""investor_name"": ""Deepak Hegde""}, {""investor_id"": ""INV-1419"", ""investor_name"": ""Ramesh Rao""}, {""investor_id"": ""INV-146"", ""investor_name"": ""Dipti Chauhan""}, {""investor_id"": ""INV-1469"", ""investor_name"": ""Anand Kulkarni""}, {""investor_id"": ""INV-1474"", ""investor_name"": ""Amrita Yadav""}, {""investor_id"": ""INV-1476"", ""investor_name"": ""Dipti Nair""}, {""investor_id"": ""INV-1488"", ""investor_name"": ""Priyanka Iyer""}, {""investor_id"": ""INV-1489"", ""investor_name"": ""Amrita Bhat""}, {""investor_id"": ""INV-1492"", ""investor_name"": ""Amrita Yadav""}, {""investor_id"": ""INV-1546"", ""investor_name"": ""Sunita Hegde""}, {""investor_id"": ""INV-1548"", ""investor_name"": ""Aishwarya Yadav""}, {""investor_id"": ""INV-156"", ""investor_name"": ""Meena Kulkarni""}, {""investor_id"": ""INV-197"", ""investor_name"": ""Amrita Nair""}, {""investor_id"": ""INV-202"", ""investor_name"": ""Chetan Patel""}, {""investor_id"": ""INV-205"", ""investor_name"": ""Kavita Deshmukh""}, {""investor_id"": ""INV-211"", ""investor_name"": ""Amrita Reddy""}, {""investor_id"": ""INV-229"", ""investor_name"": ""Kavita Pandey""}, {""investor_id"": ""INV-236"", ""investor_name"": ""Suresh Iyer""}, {""investor_id"": ""INV-286"", ""investor_name"": ""Amit Mishra""}, {""investor_id"": ""INV-307"", ""investor_name"": ""Geeta Reddy""}, {""investor_id"": ""INV-322"", ""investor_name"": ""Akshay Nair""}, {""investor_id"": ""INV-334"", ""investor_name"": ""Chetan Verma""}, {""investor_id"": ""INV-349"", ""investor_name"": ""Arvind Kulkarni""}, {""investor_id"": ""INV-353"", ""investor_name"": ""Vivek Deshmukh""}, {""investor_id"": ""INV-382"", ""investor_name"": ""Arvind Reddy""}, {""investor_id"": ""INV-391"", ""investor_name"": ""Vivek Kulkarni""}]}"
wealth_management_batch_status_125_questions:BSQ125-3T-016,wealth_management_batch_status_125_questions.csv,BSQ125-3T-016,Which investors in the Large Cap segment cohort have a liquidity score below 50 and hold a Corporate Bond position?,Segment liquidity + holding,Hard,Multi-Relational,ATOM_ENTITY_INVESTOR_PROFILE_001; ATOM_ENTITY_PORTFOLIO_HEALTH_001; ATOM_ENTITY_PORTFOLIO_HOLDING_001,3,"SELECT DISTINCT p.investor_id, p.investor_name FROM ATOM_ENTITY_INVESTOR_PROFILE_001 p JOIN ATOM_ENTITY_PORTFOLIO_HEALTH_001 h ON h.investor_id=p.investor_id WHERE p.segment='Large Cap' AND h.liquidity_score < 50 AND EXISTS (SELECT 1 FROM ATOM_ENTITY_PORTFOLIO_HOLDING_001 o WHERE o.investor_id=p.investor_id AND o.investment_type='Corporate Bond') ORDER BY p.investor_id;","{""_total_rows"": 84, ""_truncated_to"": 50, ""rows"": [{""investor_id"": ""INV-014"", ""investor_name"": ""Rohan Chauhan""}, {""investor_id"": ""INV-016"", ""investor_name"": ""Deepak Joshi""}, {""investor_id"": ""INV-018"", ""investor_name"": ""Meena Rao""}, {""investor_id"": ""INV-055"", ""investor_name"": ""Ramesh Bhat""}, {""investor_id"": ""INV-058"", ""investor_name"": ""Meena Bhat""}, {""investor_id"": ""INV-087"", ""investor_name"": ""Deepak Pandey""}, {""investor_id"": ""INV-097"", ""investor_name"": ""Rajesh Patel""}, {""investor_id"": ""INV-098"", ""investor_name"": ""Arvind Singh""}, {""investor_id"": ""INV-1002"", ""investor_name"": ""Anjali Sharma""}, {""investor_id"": ""INV-1022"", ""investor_name"": ""Geeta Mehta""}, {""investor_id"": ""INV-1048"", ""investor_name"": ""Geeta Pandey""}, {""investor_id"": ""INV-1065"", ""investor_name"": ""Akshay Gupta""}, {""investor_id"": ""INV-1077"", ""investor_name"": ""Rohan Joshi""}, {""investor_id"": ""INV-1102"", ""investor_name"": ""Deepak Gupta""}, {""investor_id"": ""INV-1117"", ""investor_name"": ""Arvind Kulkarni""}, {""investor_id"": ""INV-1136"", ""investor_name"": ""Bhavna Iyer""}, {""investor_id"": ""INV-114"", ""investor_name"": ""Ishita Singh""}, {""investor_id"": ""INV-1155"", ""investor_name"": ""Rahul Bhat""}, {""investor_id"": ""INV-1167"", ""investor_name"": ""Geeta Reddy""}, {""investor_id"": ""INV-1192"", ""investor_name"": ""Amit Deshmukh""}, {""investor_id"": ""INV-120"", ""investor_name"": ""Arjun Arora""}, {""investor_id"": ""INV-1235"", ""investor_name"": ""Aishwarya Reddy""}, {""investor_id"": ""INV-1266"", ""investor_name"": ""Vikram Iyer""}, {""investor_id"": ""INV-1272"", ""investor_name"": ""Sneha Deshmukh""}, {""investor_id"": ""INV-1273"", ""investor_name"": ""Aishwarya Hegde""}, {""investor_id"": ""INV-1275"", ""investor_name"": ""Amit Patel""}, {""investor_id"": ""INV-1282"", ""investor_name"": ""Akshay Pandey""}, {""investor_id"": ""INV-1290"", ""investor_name"": ""Abhishek Joshi""}, {""investor_id"": ""INV-1298"", ""investor_name"": ""Rajesh Verma""}, {""investor_id"": ""INV-1318"", ""investor_name"": ""Priyanka Pandey""}, {""investor_id"": ""INV-1332"", ""investor_name"": ""Amit Arora""}, {""investor_id"": ""INV-1346"", ""investor_name"": ""Vikram Kulkarni""}, {""investor_id"": ""INV-1348"", ""investor_name"": ""Anand Deshmukh""}, {""investor_id"": ""INV-1349"", ""investor_name"": ""Dipti Pandey""}, {""investor_id"": ""INV-1350"", ""investor_name"": ""Siddharth Bhat""}, {""investor_id"": ""INV-1352"", ""investor_name"": ""Vikram Joshi""}, {""investor_id"": ""INV-1390"", ""investor_name"": ""Suresh Reddy""}, {""investor_id"": ""INV-1405"", ""investor_name"": ""Vivek Bhat""}, {""investor_id"": ""INV-1433"", ""investor_name"": ""Vivek Bhat""}, {""investor_id"": ""INV-1446"", ""investor_name"": ""Arvind Arora""}, {""investor_id"": ""INV-1462"", ""investor_name"": ""Sunita Kulkarni""}, {""investor_id"": ""INV-1475"", ""investor_name"": ""Aishwarya Bhat""}, {""investor_id"": ""INV-1528"", ""investor_name"": ""Anand Mishra""}, {""investor_id"": ""INV-1539"", ""investor_name"": ""Amrita Chauhan""}, {""investor_id"": ""INV-155"", ""investor_name"": ""Vikram Singh""}, {""investor_id"": ""INV-165"", ""investor_name"": ""Meena Mishra""}, {""investor_id"": ""INV-172"", ""investor_name"": ""Dipti Gupta""}, {""investor_id"": ""INV-225"", ""investor_name"": ""Vivek Chauhan""}, {""investor_id"": ""INV-278"", ""investor_name"": ""Vivek Joshi""}, {""investor_id"": ""INV-282"", ""investor_name"": ""Anita Deshmukh""}]}"
wealth_management_batch_status_125_questions:BSQ125-3T-020,wealth_management_batch_status_125_questions.csv,BSQ125-3T-020,Which investors in the Gold category cohort have a diversification score below 50 and a sector allocation above 0% in Automobile?,Category diversification + allocation,Hard,Multi-Relational,ATOM_ENTITY_INVESTOR_PROFILE_001; ATOM_ENTITY_PORTFOLIO_HEALTH_001; ATOM_ENTITY_SECTOR_ALLOCATION_001,3,"SELECT DISTINCT p.investor_id, p.investor_name FROM ATOM_ENTITY_INVESTOR_PROFILE_001 p JOIN ATOM_ENTITY_PORTFOLIO_HEALTH_001 h ON h.investor_id=p.investor_id WHERE p.category='Gold' AND h.diversification_score < 50 AND EXISTS (SELECT 1 FROM ATOM_ENTITY_SECTOR_ALLOCATION_001 a WHERE a.investor_id=p.investor_id AND a.sector='Automobile' AND a.allocation_pct > 0) ORDER BY p.investor_id;","[{""investor_id"": ""INV-004"", ""investor_name"": ""Kavita Bhat""}, {""investor_id"": ""INV-1137"", ""investor_name"": ""Rohan Mehta""}, {""investor_id"": ""INV-152"", ""investor_name"": ""Ramesh Gupta""}, {""investor_id"": ""INV-304"", ""investor_name"": ""Ishita Nair""}, {""investor_id"": ""INV-935"", ""investor_name"": ""Ramesh Mishra""}]"
wealth_management_batch_status_125_questions:BSQ125-3T-024,wealth_management_batch_status_125_questions.csv,BSQ125-3T-024,How many investors in the Short-term time-horizon cohort with a goal-match percentage above 50 also hold a position with investment type 'ETF'?,Time-horizon match + holding,Hard,Multi-Relational,ATOM_ENTITY_INVESTOR_PROFILE_001; ATOM_ENTITY_PORTFOLIO_HEALTH_001; ATOM_ENTITY_PORTFOLIO_HOLDING_001,3,SELECT COUNT(DISTINCT p.investor_id) AS investor_count FROM ATOM_ENTITY_INVESTOR_PROFILE_001 p JOIN ATOM_ENTITY_PORTFOLIO_HEALTH_001 h ON h.investor_id=p.investor_id WHERE p.time_horizon='Short-term' AND h.goal_match_pct > 50 AND EXISTS (SELECT 1 FROM ATOM_ENTITY_PORTFOLIO_HOLDING_001 o WHERE o.investor_id=p.investor_id AND o.investment_type='ETF');,"[{""investor_count"": 87}]"
wealth_management_batch_status_125_questions:BSQ125-3T-028,wealth_management_batch_status_125_questions.csv,BSQ125-3T-028,Which investors in the Hybrid category cohort have a diversification score below 50 and a sector allocation above 0% in Banking?,Category diversification + allocation,Hard,Multi-Relational,ATOM_ENTITY_INVESTOR_PROFILE_001; ATOM_ENTITY_PORTFOLIO_HEALTH_001; ATOM_ENTITY_SECTOR_ALLOCATION_001,3,"SELECT DISTINCT p.investor_id, p.investor_name FROM ATOM_ENTITY_INVESTOR_PROFILE_001 p JOIN ATOM_ENTITY_PORTFOLIO_HEALTH_001 h ON h.investor_id=p.investor_id WHERE p.category='Hybrid' AND h.diversification_score < 50 AND EXISTS (SELECT 1 FROM ATOM_ENTITY_SECTOR_ALLOCATION_001 a WHERE a.investor_id=p.investor_id AND a.sector='Banking' AND a.allocation_pct > 0) ORDER BY p.investor_id;","[{""investor_id"": ""INV-1107"", ""investor_name"": ""Arvind Joshi""}, {""investor_id"": ""INV-1188"", ""investor_name"": ""Anjali Bhat""}, {""investor_id"": ""INV-1257"", ""investor_name"": ""Amrita Iyer""}, {""investor_id"": ""INV-129"", ""investor_name"": ""Sneha Bhat""}, {""investor_id"": ""INV-1450"", ""investor_name"": ""Anand Patel""}, {""investor_id"": ""INV-1531"", ""investor_name"": ""Rohan Singh""}, {""investor_id"": ""INV-211"", ""investor_name"": ""Amrita Reddy""}, {""investor_id"": ""INV-217"", ""investor_name"": ""Rohan Reddy""}, {""investor_id"": ""INV-228"", ""investor_name"": ""Vivek Rao""}, {""investor_id"": ""INV-432"", ""investor_name"": ""Amrita Yadav""}, {""investor_id"": ""INV-670"", ""investor_name"": ""Ankita Chauhan""}, {""investor_id"": ""INV-678"", ""investor_name"": ""Ankita Gupta""}, {""investor_id"": ""INV-794"", ""investor_name"": ""Sneha Singh""}, {""investor_id"": ""INV-842"", ""investor_name"": ""Akshay Iyer""}, {""investor_id"": ""INV-942"", ""investor_name"": ""Dipti Reddy""}]"
wealth_management_batch_status_125_questions:BSQ125-4T-002,wealth_management_batch_status_125_questions.csv,BSQ125-4T-002,"Which investors in the Diversified segment cohort have a liquidity score below 50, a sector allocation above 0% in Automobile, and at least one underfunded goal?",Segment allocation + goal,Advanced,Multi-Relational,ATOM_ENTITY_INVESTMENT_GOAL_001; ATOM_ENTITY_INVESTOR_PROFILE_001; ATOM_ENTITY_PORTFOLIO_HEALTH_001; ATOM_ENTITY_SECTOR_ALLOCATION_001,4,"SELECT DISTINCT p.investor_id, p.investor_name FROM ATOM_ENTITY_INVESTOR_PROFILE_001 p JOIN ATOM_ENTITY_PORTFOLIO_HEALTH_001 h ON h.investor_id=p.investor_id WHERE p.segment='Diversified' AND h.liquidity_score < 50 AND EXISTS (SELECT 1 FROM ATOM_ENTITY_SECTOR_ALLOCATION_001 a WHERE a.investor_id=p.investor_id AND a.sector='Automobile' AND a.allocation_pct > 0) AND EXISTS (SELECT 1 FROM ATOM_ENTITY_INVESTMENT_GOAL_001 g WHERE g.investor_id=p.investor_id AND g.shortfall > 0) ORDER BY p.investor_id;","[{""investor_id"": ""INV-045"", ""investor_name"": ""Aishwarya Deshmukh""}, {""investor_id"": ""INV-286"", ""investor_name"": ""Amit Mishra""}, {""investor_id"": ""INV-634"", ""investor_name"": ""Rohan Singh""}, {""investor_id"": ""INV-809"", ""investor_name"": ""Anjali Chauhan""}]"
wealth_management_batch_status_125_questions:BSQ125-4T-006,wealth_management_batch_status_125_questions.csv,BSQ125-4T-006,"Which investors in the Debt category cohort have a diversification score below 50, hold a position with investment type 'ETF', and have a sector allocation above 0% in Automobile?",Category holding + allocation,Advanced,Multi-Relational,ATOM_ENTITY_INVESTOR_PROFILE_001; ATOM_ENTITY_PORTFOLIO_HEALTH_001; ATOM_ENTITY_PORTFOLIO_HOLDING_001; ATOM_ENTITY_SECTOR_ALLOCATION_001,4,"SELECT DISTINCT p.investor_id, p.investor_name FROM ATOM_ENTITY_INVESTOR_PROFILE_001 p JOIN ATOM_ENTITY_PORTFOLIO_HEALTH_001 h ON h.investor_id=p.investor_id WHERE p.category='Debt' AND h.diversification_score < 50 AND EXISTS (SELECT 1 FROM ATOM_ENTITY_PORTFOLIO_HOLDING_001 o WHERE o.investor_id=p.investor_id AND o.investment_type='ETF') AND EXISTS (SELECT 1 FROM ATOM_ENTITY_SECTOR_ALLOCATION_001 a WHERE a.investor_id=p.investor_id AND a.sector='Automobile' AND a.allocation_pct > 0) ORDER BY p.investor_id;","[{""investor_id"": ""INV-1215"", ""investor_name"": ""Geeta Patel""}, {""investor_id"": ""INV-1289"", ""investor_name"": ""Anjali Verma""}, {""investor_id"": ""INV-1393"", ""investor_name"": ""Rahul Iyer""}, {""investor_id"": ""INV-570"", ""investor_name"": ""Anita Pandey""}, {""investor_id"": ""INV-722"", ""investor_name"": ""Meena Deshmukh""}]"
wealth_management_batch_status_125_questions:BSQ125-4T-010,wealth_management_batch_status_125_questions.csv,BSQ125-4T-010,"Which investors in the Conservative risk cohort have a risk score above 50, hold a Corporate Bond position, and carry at least one underfunded goal?",Risk cohort holding + goal,Advanced,Multi-Relational,ATOM_ENTITY_INVESTMENT_GOAL_001; ATOM_ENTITY_INVESTOR_PROFILE_001; ATOM_ENTITY_PORTFOLIO_HEALTH_001; ATOM_ENTITY_PORTFOLIO_HOLDING_001,4,"SELECT DISTINCT p.investor_id, p.investor_name FROM ATOM_ENTITY_INVESTOR_PROFILE_001 p JOIN ATOM_ENTITY_PORTFOLIO_HEALTH_001 h ON h.investor_id=p.investor_id WHERE p.risk_tolerance='Conservative' AND h.risk_score > 50 AND EXISTS (SELECT 1 FROM ATOM_ENTITY_PORTFOLIO_HOLDING_001 o WHERE o.investor_id=p.investor_id AND o.investment_type='Corporate Bond') AND EXISTS (SELECT 1 FROM ATOM_ENTITY_INVESTMENT_GOAL_001 g WHERE g.investor_id=p.investor_id AND g.shortfall > 0) ORDER BY p.investor_id;","{""_total_rows"": 118, ""_truncated_to"": 50, ""rows"": [{""investor_id"": ""INV-001"", ""investor_name"": ""Arjun Iyer""}, {""investor_id"": ""INV-016"", ""investor_name"": ""Deepak Joshi""}, {""investor_id"": ""INV-027"", ""investor_name"": ""Sneha Verma""}, {""investor_id"": ""INV-028"", ""investor_name"": ""Chetan Yadav""}, {""investor_id"": ""INV-034"", ""investor_name"": ""Sneha Reddy""}, {""investor_id"": ""INV-047"", ""investor_name"": ""Aishwarya Reddy""}, {""investor_id"": ""INV-056"", ""investor_name"": ""Amrita Hegde""}, {""investor_id"": ""INV-069"", ""investor_name"": ""Sunita Patel""}, {""investor_id"": ""INV-071"", ""investor_name"": ""Anita Iyer""}, {""investor_id"": ""INV-092"", ""investor_name"": ""Anita Yadav""}, {""investor_id"": ""INV-098"", ""investor_name"": ""Arvind Singh""}, {""investor_id"": ""INV-1025"", ""investor_name"": ""Rohan Arora""}, {""investor_id"": ""INV-1034"", ""investor_name"": ""Priyanka Arora""}, {""investor_id"": ""INV-1045"", ""investor_name"": ""Arvind Nair""}, {""investor_id"": ""INV-1048"", ""investor_name"": ""Geeta Pandey""}, {""investor_id"": ""INV-1061"", ""investor_name"": ""Vikram Verma""}, {""investor_id"": ""INV-1071"", ""investor_name"": ""Anand Joshi""}, {""investor_id"": ""INV-1090"", ""investor_name"": ""Rajesh Yadav""}, {""investor_id"": ""INV-1115"", ""investor_name"": ""Akshay Chauhan""}, {""investor_id"": ""INV-1127"", ""investor_name"": ""Bhavna Bhat""}, {""investor_id"": ""INV-1129"", ""investor_name"": ""Akshay Hegde""}, {""investor_id"": ""INV-114"", ""investor_name"": ""Ishita Singh""}, {""investor_id"": ""INV-1145"", ""investor_name"": ""Rajesh Hegde""}, {""investor_id"": ""INV-1154"", ""investor_name"": ""Ishita Hegde""}, {""investor_id"": ""INV-1171"", ""investor_name"": ""Anjali Iyer""}, {""investor_id"": ""INV-1193"", ""investor_name"": ""Amrita Hegde""}, {""investor_id"": ""INV-1198"", ""investor_name"": ""Anita Verma""}, {""investor_id"": ""INV-1217"", ""investor_name"": ""Siddharth Mehta""}, {""investor_id"": ""INV-1221"", ""investor_name"": ""Aishwarya Kulkarni""}, {""investor_id"": ""INV-1228"", ""investor_name"": ""Geeta Iyer""}, {""investor_id"": ""INV-1235"", ""investor_name"": ""Aishwarya Reddy""}, {""investor_id"": ""INV-1267"", ""investor_name"": ""Geeta Rao""}, {""investor_id"": ""INV-1272"", ""investor_name"": ""Sneha Deshmukh""}, {""investor_id"": ""INV-1273"", ""investor_name"": ""Aishwarya Hegde""}, {""investor_id"": ""INV-1281"", ""investor_name"": ""Ankita Rao""}, {""investor_id"": ""INV-1299"", ""investor_name"": ""Geeta Chauhan""}, {""investor_id"": ""INV-1309"", ""investor_name"": ""Anjali Rao""}, {""investor_id"": ""INV-1310"", ""investor_name"": ""Sneha Iyer""}, {""investor_id"": ""INV-1318"", ""investor_name"": ""Priyanka Pandey""}, {""investor_id"": ""INV-1321"", ""investor_name"": ""Sunita Verma""}, {""investor_id"": ""INV-1347"", ""investor_name"": ""Rohan Hegde""}, {""investor_id"": ""INV-1348"", ""investor_name"": ""Anand Deshmukh""}, {""investor_id"": ""INV-1354"", ""investor_name"": ""Dipti Verma""}, {""investor_id"": ""INV-1369"", ""investor_name"": ""Anand Bhat""}, {""investor_id"": ""INV-1378"", ""investor_name"": ""Anjali Joshi""}, {""investor_id"": ""INV-1390"", ""investor_name"": ""Suresh Reddy""}, {""investor_id"": ""INV-1394"", ""investor_name"": ""Arjun Patel""}, {""investor_id"": ""INV-141"", ""investor_name"": ""Geeta Verma""}, {""investor_id"": ""INV-1434"", ""investor_name"": ""Arjun Mishra""}, {""investor_id"": ""INV-1446"", ""investor_name"": ""Arvind Arora""}]}"
wealth_management_batch_status_125_questions:BSQ125-4T-014,wealth_management_batch_status_125_questions.csv,BSQ125-4T-014,"Which investors in the Mid Cap segment cohort have a liquidity score below 50, a sector allocation above 0% in Automobile, and at least one underfunded goal?",Segment allocation + goal,Advanced,Multi-Relational,ATOM_ENTITY_INVESTMENT_GOAL_001; ATOM_ENTITY_INVESTOR_PROFILE_001; ATOM_ENTITY_PORTFOLIO_HEALTH_001; ATOM_ENTITY_SECTOR_ALLOCATION_001,4,"SELECT DISTINCT p.investor_id, p.investor_name FROM ATOM_ENTITY_INVESTOR_PROFILE_001 p JOIN ATOM_ENTITY_PORTFOLIO_HEALTH_001 h ON h.investor_id=p.investor_id WHERE p.segment='Mid Cap' AND h.liquidity_score < 50 AND EXISTS (SELECT 1 FROM ATOM_ENTITY_SECTOR_ALLOCATION_001 a WHERE a.investor_id=p.investor_id AND a.sector='Automobile' AND a.allocation_pct > 0) AND EXISTS (SELECT 1 FROM ATOM_ENTITY_INVESTMENT_GOAL_001 g WHERE g.investor_id=p.investor_id AND g.shortfall > 0) ORDER BY p.investor_id;","[{""investor_id"": ""INV-072"", ""investor_name"": ""Siddharth Gupta""}, {""investor_id"": ""INV-1027"", ""investor_name"": ""Aishwarya Deshmukh""}, {""investor_id"": ""INV-107"", ""investor_name"": ""Arjun Rao""}, {""investor_id"": ""INV-1128"", ""investor_name"": ""Rajesh Arora""}, {""investor_id"": ""INV-380"", ""investor_name"": ""Geeta Joshi""}, {""investor_id"": ""INV-830"", ""investor_name"": ""Anjali Yadav""}, {""investor_id"": ""INV-959"", ""investor_name"": ""Anita Hegde""}]"
wealth_management_batch_status_125_questions:BSQ125-4T-018,wealth_management_batch_status_125_questions.csv,BSQ125-4T-018,"Which investors in the Gold category cohort have a diversification score below 50, hold a position with investment type 'ETF', and have a sector allocation above 0% in Automobile?",Category holding + allocation,Advanced,Multi-Relational,ATOM_ENTITY_INVESTOR_PROFILE_001; ATOM_ENTITY_PORTFOLIO_HEALTH_001; ATOM_ENTITY_PORTFOLIO_HOLDING_001; ATOM_ENTITY_SECTOR_ALLOCATION_001,4,"SELECT DISTINCT p.investor_id, p.investor_name FROM ATOM_ENTITY_INVESTOR_PROFILE_001 p JOIN ATOM_ENTITY_PORTFOLIO_HEALTH_001 h ON h.investor_id=p.investor_id WHERE p.category='Gold' AND h.diversification_score < 50 AND EXISTS (SELECT 1 FROM ATOM_ENTITY_PORTFOLIO_HOLDING_001 o WHERE o.investor_id=p.investor_id AND o.investment_type='ETF') AND EXISTS (SELECT 1 FROM ATOM_ENTITY_SECTOR_ALLOCATION_001 a WHERE a.investor_id=p.investor_id AND a.sector='Automobile' AND a.allocation_pct > 0) ORDER BY p.investor_id;",[]
wealth_management_enrichment_context_125_questions:EC125-2T-002,wealth_management_enrichment_context_125_questions.csv,EC125-2T-002,"For investor INV-001, what is their risk tolerance and how many holdings do they own?",enrichment / context,Medium,Multi-Relational,ATOM_ENTITY_INVESTOR_PROFILE_001; ATOM_ENTITY_PORTFOLIO_HOLDING_001,2,"SELECT p.risk_tolerance, (SELECT COUNT(DISTINCT o.holding_id) FROM ATOM_ENTITY_PORTFOLIO_HOLDING_001 o WHERE o.investor_id=p.investor_id) AS holding_count FROM ATOM_ENTITY_INVESTOR_PROFILE_001 p WHERE p.investor_id='INV-001';","[{""risk_tolerance"": ""Conservative"", ""holding_count"": 1}]"
wealth_management_enrichment_context_125_questions:EC125-2T-006,wealth_management_enrichment_context_125_questions.csv,EC125-2T-006,"For investor INV-003, what is their investment goal and how many rebalancing actions were recorded?",enrichment / context,Medium,Multi-Relational,ATOM_ENTITY_INVESTOR_PROFILE_001; ATOM_EVENT_REBALANCING_ACTION_001,2,"SELECT p.investment_goal, (SELECT COUNT(DISTINCT r.rebalance_id) FROM ATOM_EVENT_REBALANCING_ACTION_001 r WHERE r.investor_id=p.investor_id) AS rebalance_count FROM ATOM_ENTITY_INVESTOR_PROFILE_001 p WHERE p.investor_id='INV-003';","[{""investment_goal"": ""Emergency Fund"", ""rebalance_count"": 7}]"
wealth_management_enrichment_context_125_questions:EC125-2T-010,wealth_management_enrichment_context_125_questions.csv,EC125-2T-010,"For investor INV-005, what is their time horizon and total sector-allocation amount?",enrichment / context,Medium,Multi-Relational,ATOM_ENTITY_INVESTOR_PROFILE_001; ATOM_ENTITY_SECTOR_ALLOCATION_001,2,"SELECT p.time_horizon, (SELECT ROUND(SUM(a.total_investment),2) FROM ATOM_ENTITY_SECTOR_ALLOCATION_001 a WHERE a.investor_id=p.investor_id) AS total_allocation FROM ATOM_ENTITY_INVESTOR_PROFILE_001 p WHERE p.investor_id='INV-005';","[{""time_horizon"": ""Short-term"", ""total_allocation"": null}]"
wealth_management_enrichment_context_125_questions:EC125-2T-014,wealth_management_enrichment_context_125_questions.csv,EC125-2T-014,"For investor INV-007, what is their segment and total cash-flow amount?",enrichment / context,Medium,Multi-Relational,ATOM_ENTITY_INVESTOR_PROFILE_001; ATOM_EVENT_CASH_FLOW_001,2,"SELECT p.segment, (SELECT ROUND(SUM(c.amount),2) FROM ATOM_EVENT_CASH_FLOW_001 c WHERE c.investor_id=p.investor_id) AS total_cash_flow FROM ATOM_ENTITY_INVESTOR_PROFILE_001 p WHERE p.investor_id='INV-007';","[{""segment"": ""Large Cap"", ""total_cash_flow"": 4782.0}]"
wealth_management_enrichment_context_125_questions:EC125-2T-018,wealth_management_enrichment_context_125_questions.csv,EC125-2T-018,"For investor INV-009, what is their category and average holding return percentage (counting only holdings with a recorded cost and current value)?",enrichment / context,Medium,Multi-Relational,ATOM_ENTITY_INVESTOR_PROFILE_001; ATOM_ENTITY_PORTFOLIO_HOLDING_001,2,"SELECT p.category, (SELECT ROUND(AVG(o.returns_pct),2) FROM ATOM_ENTITY_PORTFOLIO_HOLDING_001 o WHERE o.investor_id=p.investor_id AND o.cost > 0 AND o.current_value IS NOT NULL) AS avg_return_pct FROM ATOM_ENTITY_INVESTOR_PROFILE_001 p WHERE p.investor_id='INV-009';","[{""category"": ""Gold"", ""avg_return_pct"": 50.0}]"
wealth_management_enrichment_context_125_questions:EC125-2T-022,wealth_management_enrichment_context_125_questions.csv,EC125-2T-022,"For investor INV-011, what is their risk tolerance and how many holdings do they own?",enrichment / context,Medium,Multi-Relational,ATOM_ENTITY_INVESTOR_PROFILE_001; ATOM_ENTITY_PORTFOLIO_HOLDING_001,2,"SELECT p.risk_tolerance, (SELECT COUNT(DISTINCT o.holding_id) FROM ATOM_ENTITY_PORTFOLIO_HOLDING_001 o WHERE o.investor_id=p.investor_id) AS holding_count FROM ATOM_ENTITY_INVESTOR_PROFILE_001 p WHERE p.investor_id='INV-011';","[{""risk_tolerance"": ""Moderate"", ""holding_count"": 14}]"
wealth_management_enrichment_context_125_questions:EC125-2T-026,wealth_management_enrichment_context_125_questions.csv,EC125-2T-026,"For investor INV-013, what is their investment goal and how many rebalancing actions were recorded?",enrichment / context,Medium,Multi-Relational,ATOM_ENTITY_INVESTOR_PROFILE_001; ATOM_EVENT_REBALANCING_ACTION_001,2,"SELECT p.investment_goal, (SELECT COUNT(DISTINCT r.rebalance_id) FROM ATOM_EVENT_REBALANCING_ACTION_001 r WHERE r.investor_id=p.investor_id) AS rebalance_count FROM ATOM_ENTITY_INVESTOR_PROFILE_001 p WHERE p.investor_id='INV-013';","[{""investment_goal"": ""Emergency Fund"", ""rebalance_count"": 2}]"
wealth_management_enrichment_context_125_questions:EC125-2T-030,wealth_management_enrichment_context_125_questions.csv,EC125-2T-030,"For investor INV-015, what is their time horizon and total sector-allocation amount?",enrichment / context,Medium,Multi-Relational,ATOM_ENTITY_INVESTOR_PROFILE_001; ATOM_ENTITY_SECTOR_ALLOCATION_001,2,"SELECT p.time_horizon, (SELECT ROUND(SUM(a.total_investment),2) FROM ATOM_ENTITY_SECTOR_ALLOCATION_001 a WHERE a.investor_id=p.investor_id) AS total_allocation FROM ATOM_ENTITY_INVESTOR_PROFILE_001 p WHERE p.investor_id='INV-015';","[{""time_horizon"": ""Short-term"", ""total_allocation"": 196481.0}]"
wealth_management_enrichment_context_125_questions:EC125-2T-034,wealth_management_enrichment_context_125_questions.csv,EC125-2T-034,"For investor INV-017, what is their segment and total cash-flow amount?",enrichment / context,Medium,Multi-Relational,ATOM_ENTITY_INVESTOR_PROFILE_001; ATOM_EVENT_CASH_FLOW_001,2,"SELECT p.segment, (SELECT ROUND(SUM(c.amount),2) FROM ATOM_EVENT_CASH_FLOW_001 c WHERE c.investor_id=p.investor_id) AS total_cash_flow FROM ATOM_ENTITY_INVESTOR_PROFILE_001 p WHERE p.investor_id='INV-017';","[{""segment"": ""Small Cap"", ""total_cash_flow"": 12894.0}]"
wealth_management_enrichment_context_125_questions:EC125-2T-038,wealth_management_enrichment_context_125_questions.csv,EC125-2T-038,"For investor INV-019, what is their category and average holding return percentage (counting only holdings with a recorded cost and current value)?",enrichment / context,Medium,Multi-Relational,ATOM_ENTITY_INVESTOR_PROFILE_001; ATOM_ENTITY_PORTFOLIO_HOLDING_001,2,"SELECT p.category, (SELECT ROUND(AVG(o.returns_pct),2) FROM ATOM_ENTITY_PORTFOLIO_HOLDING_001 o WHERE o.investor_id=p.investor_id AND o.cost > 0 AND o.current_value IS NOT NULL) AS avg_return_pct FROM ATOM_ENTITY_INVESTOR_PROFILE_001 p WHERE p.investor_id='INV-019';","[{""category"": ""Hybrid"", ""avg_return_pct"": 0.0}]"
wealth_management_enrichment_context_125_questions:EC125-2T-042,wealth_management_enrichment_context_125_questions.csv,EC125-2T-042,"For investor INV-021, what is their risk tolerance and how many holdings do they own?",enrichment / context,Medium,Multi-Relational,ATOM_ENTITY_INVESTOR_PROFILE_001; ATOM_ENTITY_PORTFOLIO_HOLDING_001,2,"SELECT p.risk_tolerance, (SELECT COUNT(DISTINCT o.holding_id) FROM ATOM_ENTITY_PORTFOLIO_HOLDING_001 o WHERE o.investor_id=p.investor_id) AS holding_count FROM ATOM_ENTITY_INVESTOR_PROFILE_001 p WHERE p.investor_id='INV-021';","[{""risk_tolerance"": ""Conservative"", ""holding_count"": 5}]"
wealth_management_enrichment_context_125_questions:EC125-3T-001,wealth_management_enrichment_context_125_questions.csv,EC125-3T-001,"For each risk tolerance and holding sector, how many distinct investors with a risk score above 50 fall into that combination?",enrichment / context,Hard,Categorical Aggregation,ATOM_ENTITY_INVESTOR_PROFILE_001; ATOM_ENTITY_PORTFOLIO_HEALTH_001; ATOM_ENTITY_PORTFOLIO_HOLDING_001,3,"SELECT p.risk_tolerance AS risk_tolerance, o.sector AS sector, COUNT(DISTINCT p.investor_id) AS investor_count FROM ATOM_ENTITY_INVESTOR_PROFILE_001 p JOIN ATOM_ENTITY_PORTFOLIO_HEALTH_001 h ON h.investor_id=p.investor_id JOIN ATOM_ENTITY_PORTFOLIO_HOLDING_001 o ON o.investor_id=p.investor_id WHERE h.risk_score>50 GROUP BY p.risk_tolerance, o.sector ORDER BY p.risk_tolerance, o.sector;","{""_total_rows"": 52, ""_truncated_to"": 50, ""rows"": [{""risk_tolerance"": null, ""sector"": null, ""investor_count"": 11}, {""risk_tolerance"": null, ""sector"": ""Automobile"", ""investor_count"": 24}, {""risk_tolerance"": null, ""sector"": ""Banking"", ""investor_count"": 24}, {""risk_tolerance"": null, ""sector"": ""Consumer Goods"", ""investor_count"": 16}, {""risk_tolerance"": null, ""sector"": ""Corporate"", ""investor_count"": 18}, {""risk_tolerance"": null, ""sector"": ""Financial Services"", ""investor_count"": 20}, {""risk_tolerance"": null, ""sector"": ""Government"", ""investor_count"": 22}, {""risk_tolerance"": null, ""sector"": ""Healthcare"", ""investor_count"": 22}, {""risk_tolerance"": null, ""sector"": ""Infrastructure"", ""investor_count"": 26}, {""risk_tolerance"": null, ""sector"": ""Pharma"", ""investor_count"": 23}, {""risk_tolerance"": null, ""sector"": ""Private Equity"", ""investor_count"": 14}, {""risk_tolerance"": null, ""sector"": ""Real Estate"", ""investor_count"": 27}, {""risk_tolerance"": null, ""sector"": ""Technology"", ""investor_count"": 24}, {""risk_tolerance"": ""Aggressive"", ""sector"": null, ""investor_count"": 81}, {""risk_tolerance"": ""Aggressive"", ""sector"": ""Automobile"", ""investor_count"": 111}, {""risk_tolerance"": ""Aggressive"", ""sector"": ""Banking"", ""investor_count"": 114}, {""risk_tolerance"": ""Aggressive"", ""sector"": ""Consumer Goods"", ""investor_count"": 119}, {""risk_tolerance"": ""Aggressive"", ""sector"": ""Corporate"", ""investor_count"": 128}, {""risk_tolerance"": ""Aggressive"", ""sector"": ""Financial Services"", ""investor_count"": 115}, {""risk_tolerance"": ""Aggressive"", ""sector"": ""Government"", ""investor_count"": 119}, {""risk_tolerance"": ""Aggressive"", ""sector"": ""Healthcare"", ""investor_count"": 116}, {""risk_tolerance"": ""Aggressive"", ""sector"": ""Infrastructure"", ""investor_count"": 121}, {""risk_tolerance"": ""Aggressive"", ""sector"": ""Pharma"", ""investor_count"": 124}, {""risk_tolerance"": ""Aggressive"", ""sector"": ""Private Equity"", ""investor_count"": 124}, {""risk_tolerance"": ""Aggressive"", ""sector"": ""Real Estate"", ""investor_count"": 108}, {""risk_tolerance"": ""Aggressive"", ""sector"": ""Technology"", ""investor_count"": 114}, {""risk_tolerance"": ""Conservative"", ""sector"": null, ""investor_count"": 94}, {""risk_tolerance"": ""Conservative"", ""sector"": ""Automobile"", ""investor_count"": 126}, {""risk_tolerance"": ""Conservative"", ""sector"": ""Banking"", ""investor_count"": 130}, {""risk_tolerance"": ""Conservative"", ""sector"": ""Consumer Goods"", ""investor_count"": 128}, {""risk_tolerance"": ""Conservative"", ""sector"": ""Corporate"", ""investor_count"": 129}, {""risk_tolerance"": ""Conservative"", ""sector"": ""Financial Services"", ""investor_count"": 121}, {""risk_tolerance"": ""Conservative"", ""sector"": ""Government"", ""investor_count"": 112}, {""risk_tolerance"": ""Conservative"", ""sector"": ""Healthcare"", ""investor_count"": 127}, {""risk_tolerance"": ""Conservative"", ""sector"": ""Infrastructure"", ""investor_count"": 134}, {""risk_tolerance"": ""Conservative"", ""sector"": ""Pharma"", ""investor_count"": 128}, {""risk_tolerance"": ""Conservative"", ""sector"": ""Private Equity"", ""investor_count"": 119}, {""risk_tolerance"": ""Conservative"", ""sector"": ""Real Estate"", ""investor_count"": 121}, {""risk_tolerance"": ""Conservative"", ""sector"": ""Technology"", ""investor_count"": 122}, {""risk_tolerance"": ""Moderate"", ""sector"": null, ""investor_count"": 71}, {""risk_tolerance"": ""Moderate"", ""sector"": ""Automobile"", ""investor_count"": 110}, {""risk_tolerance"": ""Moderate"", ""sector"": ""Banking"", ""investor_count"": 109}, {""risk_tolerance"": ""Moderate"", ""sector"": ""Consumer Goods"", ""investor_count"": 123}, {""risk_tolerance"": ""Moderate"", ""sector"": ""Corporate"", ""investor_count"": 108}, {""risk_tolerance"": ""Moderate"", ""sector"": ""Financial Services"", ""investor_count"": 104}, {""risk_tolerance"": ""Moderate"", ""sector"": ""Government"", ""investor_count"": 116}, {""risk_tolerance"": ""Moderate"", ""sector"": ""Healthcare"", ""investor_count"": 107}, {""risk_tolerance"": ""Moderate"", ""sector"": ""Infrastructure"", ""investor_count"": 114}, {""risk_tolerance"": ""Moderate"", ""sector"": ""Pharma"", ""investor_count"": 115}, {""risk_tolerance"": ""Moderate"", ""sector"": ""Private Equity"", ""investor_count"": 103}]}"
wealth_management_enrichment_context_125_questions:EC125-3T-005,wealth_management_enrichment_context_125_questions.csv,EC125-3T-005,"For each risk tolerance and sector, how many distinct investors with a risk score above 50 have a sector allocation above 0% in that sector?",enrichment / context,Hard,Categorical Aggregation,ATOM_ENTITY_INVESTOR_PROFILE_001; ATOM_ENTITY_PORTFOLIO_HEALTH_001; ATOM_ENTITY_SECTOR_ALLOCATION_001,3,"SELECT p.risk_tolerance AS risk_tolerance, a.sector AS sector, COUNT(DISTINCT p.investor_id) AS investor_count FROM ATOM_ENTITY_INVESTOR_PROFILE_001 p JOIN ATOM_ENTITY_PORTFOLIO_HEALTH_001 h ON h.investor_id=p.investor_id JOIN ATOM_ENTITY_SECTOR_ALLOCATION_001 a ON a.investor_id=p.investor_id WHERE h.risk_score>50 AND a.allocation_pct>0 GROUP BY p.risk_tolerance, a.sector ORDER BY p.risk_tolerance, a.sector;","[{""risk_tolerance"": null, ""sector"": ""Automobile"", ""investor_count"": 3}, {""risk_tolerance"": null, ""sector"": ""Banking"", ""investor_count"": 4}, {""risk_tolerance"": null, ""sector"": ""Consumer Goods"", ""investor_count"": 3}, {""risk_tolerance"": null, ""sector"": ""Corporate"", ""investor_count"": 2}, {""risk_tolerance"": null, ""sector"": ""Financial Services"", ""investor_count"": 1}, {""risk_tolerance"": null, ""sector"": ""Government"", ""investor_count"": 2}, {""risk_tolerance"": null, ""sector"": ""Healthcare"", ""investor_count"": 2}, {""risk_tolerance"": null, ""sector"": ""Infrastructure"", ""investor_count"": 1}, {""risk_tolerance"": null, ""sector"": ""Pharma"", ""investor_count"": 4}, {""risk_tolerance"": null, ""sector"": ""Real Estate"", ""investor_count"": 5}, {""risk_tolerance"": null, ""sector"": ""Technology"", ""investor_count"": 5}, {""risk_tolerance"": ""Aggressive"", ""sector"": ""Automobile"", ""investor_count"": 17}, {""risk_tolerance"": ""Aggressive"", ""sector"": ""Banking"", ""investor_count"": 16}, {""risk_tolerance"": ""Aggressive"", ""sector"": ""Consumer Goods"", ""investor_count"": 9}, {""risk_tolerance"": ""Aggressive"", ""sector"": ""Corporate"", ""investor_count"": 15}, {""risk_tolerance"": ""Aggressive"", ""sector"": ""Financial Services"", ""investor_count"": 11}, {""risk_tolerance"": ""Aggressive"", ""sector"": ""Government"", ""investor_count"": 15}, {""risk_tolerance"": ""Aggressive"", ""sector"": ""Healthcare"", ""investor_count"": 17}, {""risk_tolerance"": ""Aggressive"", ""sector"": ""Infrastructure"", ""investor_count"": 22}, {""risk_tolerance"": ""Aggressive"", ""sector"": ""Pharma"", ""investor_count"": 18}, {""risk_tolerance"": ""Aggressive"", ""sector"": ""Private Equity"", ""investor_count"": 15}, {""risk_tolerance"": ""Aggressive"", ""sector"": ""Real Estate"", ""investor_count"": 25}, {""risk_tolerance"": ""Aggressive"", ""sector"": ""Technology"", ""investor_count"": 22}, {""risk_tolerance"": ""Conservative"", ""sector"": ""Automobile"", ""investor_count"": 16}, {""risk_tolerance"": ""Conservative"", ""sector"": ""Banking"", ""investor_count"": 20}, {""risk_tolerance"": ""Conservative"", ""sector"": ""Consumer Goods"", ""investor_count"": 14}, {""risk_tolerance"": ""Conservative"", ""sector"": ""Corporate"", ""investor_count"": 12}, {""risk_tolerance"": ""Conservative"", ""sector"": ""Financial Services"", ""investor_count"": 19}, {""risk_tolerance"": ""Conservative"", ""sector"": ""Government"", ""investor_count"": 17}, {""risk_tolerance"": ""Conservative"", ""sector"": ""Healthcare"", ""investor_count"": 16}, {""risk_tolerance"": ""Conservative"", ""sector"": ""Infrastructure"", ""investor_count"": 18}, {""risk_tolerance"": ""Conservative"", ""sector"": ""Pharma"", ""investor_count"": 14}, {""risk_tolerance"": ""Conservative"", ""sector"": ""Private Equity"", ""investor_count"": 16}, {""risk_tolerance"": ""Conservative"", ""sector"": ""Real Estate"", ""investor_count"": 13}, {""risk_tolerance"": ""Conservative"", ""sector"": ""Technology"", ""investor_count"": 25}, {""risk_tolerance"": ""Moderate"", ""sector"": ""Automobile"", ""investor_count"": 11}, {""risk_tolerance"": ""Moderate"", ""sector"": ""Banking"", ""investor_count"": 28}, {""risk_tolerance"": ""Moderate"", ""sector"": ""Consumer Goods"", ""investor_count"": 14}, {""risk_tolerance"": ""Moderate"", ""sector"": ""Corporate"", ""investor_count"": 19}, {""risk_tolerance"": ""Moderate"", ""sector"": ""Financial Services"", ""investor_count"": 19}, {""risk_tolerance"": ""Moderate"", ""sector"": ""Government"", ""investor_count"": 19}, {""risk_tolerance"": ""Moderate"", ""sector"": ""Healthcare"", ""investor_count"": 14}, {""risk_tolerance"": ""Moderate"", ""sector"": ""Infrastructure"", ""investor_count"": 8}, {""risk_tolerance"": ""Moderate"", ""sector"": ""Pharma"", ""investor_count"": 15}, {""risk_tolerance"": ""Moderate"", ""sector"": ""Private Equity"", ""investor_count"": 20}, {""risk_tolerance"": ""Moderate"", ""sector"": ""Real Estate"", ""investor_count"": 9}, {""risk_tolerance"": ""Moderate"", ""sector"": ""Technology"", ""investor_count"": 13}]"
wealth_management_enrichment_context_125_questions:EC125-3T-009,wealth_management_enrichment_context_125_questions.csv,EC125-3T-009,"For each risk tolerance and rebalancing action, how many distinct investors with a risk score above 50 fall into that combination?",enrichment / context,Hard,Categorical Aggregation,ATOM_ENTITY_INVESTOR_PROFILE_001; ATOM_ENTITY_PORTFOLIO_HEALTH_001; ATOM_EVENT_REBALANCING_ACTION_001,3,"SELECT p.risk_tolerance AS risk_tolerance, r.action AS action, COUNT(DISTINCT p.investor_id) AS investor_count FROM ATOM_ENTITY_INVESTOR_PROFILE_001 p JOIN ATOM_ENTITY_PORTFOLIO_HEALTH_001 h ON h.investor_id=p.investor_id JOIN ATOM_EVENT_REBALANCING_ACTION_001 r ON r.investor_id=p.investor_id WHERE h.risk_score>50 GROUP BY p.risk_tolerance, r.action ORDER BY p.risk_tolerance, r.action;","{""_total_rows"": 96, ""_truncated_to"": 50, ""rows"": [{""risk_tolerance"": null, ""action"": null, ""investor_count"": 6}, {""risk_tolerance"": null, ""action"": ""Aggressive Entry"", ""investor_count"": 5}, {""risk_tolerance"": null, ""action"": ""Asset Reallocation"", ""investor_count"": 10}, {""risk_tolerance"": null, ""action"": ""Buy"", ""investor_count"": 7}, {""risk_tolerance"": null, ""action"": ""Cash Deployment"", ""investor_count"": 4}, {""risk_tolerance"": null, ""action"": ""De-risking"", ""investor_count"": 7}, {""risk_tolerance"": null, ""action"": ""Defensive Shift"", ""investor_count"": 8}, {""risk_tolerance"": null, ""action"": ""Dividend Reinvestment"", ""investor_count"": 4}, {""risk_tolerance"": null, ""action"": ""Goal Alignment Buy"", ""investor_count"": 4}, {""risk_tolerance"": null, ""action"": ""Goal Alignment Sell"", ""investor_count"": 6}, {""risk_tolerance"": null, ""action"": ""Hold"", ""investor_count"": 4}, {""risk_tolerance"": null, ""action"": ""Partial Exit"", ""investor_count"": 7}, {""risk_tolerance"": null, ""action"": ""Portfolio Trim"", ""investor_count"": 6}, {""risk_tolerance"": null, ""action"": ""Profit Booking"", ""investor_count"": 4}, {""risk_tolerance"": null, ""action"": ""Rebalance Buy"", ""investor_count"": 5}, {""risk_tolerance"": null, ""action"": ""Rebalance Sell"", ""investor_count"": 5}, {""risk_tolerance"": null, ""action"": ""Sector Rotation Buy"", ""investor_count"": 5}, {""risk_tolerance"": null, ""action"": ""Sector Rotation Sell"", ""investor_count"": 5}, {""risk_tolerance"": null, ""action"": ""Sell"", ""investor_count"": 5}, {""risk_tolerance"": null, ""action"": ""Stop Loss Exit"", ""investor_count"": 3}, {""risk_tolerance"": null, ""action"": ""Switch In"", ""investor_count"": 6}, {""risk_tolerance"": null, ""action"": ""Switch Out"", ""investor_count"": 8}, {""risk_tolerance"": null, ""action"": ""Tactical Decrease"", ""investor_count"": 4}, {""risk_tolerance"": null, ""action"": ""Tactical Increase"", ""investor_count"": 6}, {""risk_tolerance"": ""Aggressive"", ""action"": null, ""investor_count"": 51}, {""risk_tolerance"": ""Aggressive"", ""action"": ""Aggressive Entry"", ""investor_count"": 35}, {""risk_tolerance"": ""Aggressive"", ""action"": ""Asset Reallocation"", ""investor_count"": 38}, {""risk_tolerance"": ""Aggressive"", ""action"": ""Buy"", ""investor_count"": 41}, {""risk_tolerance"": ""Aggressive"", ""action"": ""Cash Deployment"", ""investor_count"": 43}, {""risk_tolerance"": ""Aggressive"", ""action"": ""De-risking"", ""investor_count"": 37}, {""risk_tolerance"": ""Aggressive"", ""action"": ""Defensive Shift"", ""investor_count"": 39}, {""risk_tolerance"": ""Aggressive"", ""action"": ""Dividend Reinvestment"", ""investor_count"": 41}, {""risk_tolerance"": ""Aggressive"", ""action"": ""Goal Alignment Buy"", ""investor_count"": 39}, {""risk_tolerance"": ""Aggressive"", ""action"": ""Goal Alignment Sell"", ""investor_count"": 34}, {""risk_tolerance"": ""Aggressive"", ""action"": ""Hold"", ""investor_count"": 34}, {""risk_tolerance"": ""Aggressive"", ""action"": ""Partial Exit"", ""investor_count"": 34}, {""risk_tolerance"": ""Aggressive"", ""action"": ""Portfolio Trim"", ""investor_count"": 36}, {""risk_tolerance"": ""Aggressive"", ""action"": ""Profit Booking"", ""investor_count"": 36}, {""risk_tolerance"": ""Aggressive"", ""action"": ""Rebalance Buy"", ""investor_count"": 33}, {""risk_tolerance"": ""Aggressive"", ""action"": ""Rebalance Sell"", ""investor_count"": 33}, {""risk_tolerance"": ""Aggressive"", ""action"": ""Sector Rotation Buy"", ""investor_count"": 36}, {""risk_tolerance"": ""Aggressive"", ""action"": ""Sector Rotation Sell"", ""investor_count"": 32}, {""risk_tolerance"": ""Aggressive"", ""action"": ""Sell"", ""investor_count"": 35}, {""risk_tolerance"": ""Aggressive"", ""action"": ""Stop Loss Exit"", ""investor_count"": 33}, {""risk_tolerance"": ""Aggressive"", ""action"": ""Switch In"", ""investor_count"": 31}, {""risk_tolerance"": ""Aggressive"", ""action"": ""Switch Out"", ""investor_count"": 33}, {""risk_tolerance"": ""Aggressive"", ""action"": ""Tactical Decrease"", ""investor_count"": 30}, {""risk_tolerance"": ""Aggressive"", ""action"": ""Tactical Increase"", ""investor_count"": 32}, {""risk_tolerance"": ""Conservative"", ""action"": null, ""investor_count"": 31}, {""risk_tolerance"": ""Conservative"", ""action"": ""Aggressive Entry"", ""investor_count"": 29}]}"
wealth_management_enrichment_context_125_questions:EC125-3T-013,wealth_management_enrichment_context_125_questions.csv,EC125-3T-013,"For each time horizon and holding sector, how many distinct investors with a risk score above 50 fall into that combination?",enrichment / context,Hard,Categorical Aggregation,ATOM_ENTITY_INVESTOR_PROFILE_001; ATOM_ENTITY_PORTFOLIO_HEALTH_001; ATOM_ENTITY_PORTFOLIO_HOLDING_001,3,"SELECT p.time_horizon AS time_horizon, o.sector AS sector, COUNT(DISTINCT p.investor_id) AS investor_count FROM ATOM_ENTITY_INVESTOR_PROFILE_001 p JOIN ATOM_ENTITY_PORTFOLIO_HEALTH_001 h ON h.investor_id=p.investor_id JOIN ATOM_ENTITY_PORTFOLIO_HOLDING_001 o ON o.investor_id=p.investor_id WHERE h.risk_score>50 GROUP BY p.time_horizon, o.sector ORDER BY p.time_horizon, o.sector;","{""_total_rows"": 52, ""_truncated_to"": 50, ""rows"": [{""time_horizon"": null, ""sector"": null, ""investor_count"": 7}, {""time_horizon"": null, ""sector"": ""Automobile"", ""investor_count"": 14}, {""time_horizon"": null, ""sector"": ""Banking"", ""investor_count"": 19}, {""time_horizon"": null, ""sector"": ""Consumer Goods"", ""investor_count"": 22}, {""time_horizon"": null, ""sector"": ""Corporate"", ""investor_count"": 13}, {""time_horizon"": null, ""sector"": ""Financial Services"", ""investor_count"": 13}, {""time_horizon"": null, ""sector"": ""Government"", ""investor_count"": 15}, {""time_horizon"": null, ""sector"": ""Healthcare"", ""investor_count"": 14}, {""time_horizon"": null, ""sector"": ""Infrastructure"", ""investor_count"": 15}, {""time_horizon"": null, ""sector"": ""Pharma"", ""investor_count"": 20}, {""time_horizon"": null, ""sector"": ""Private Equity"", ""investor_count"": 16}, {""time_horizon"": null, ""sector"": ""Real Estate"", ""investor_count"": 16}, {""time_horizon"": null, ""sector"": ""Technology"", ""investor_count"": 15}, {""time_horizon"": ""Long-term"", ""sector"": null, ""investor_count"": 77}, {""time_horizon"": ""Long-term"", ""sector"": ""Automobile"", ""investor_count"": 123}, {""time_horizon"": ""Long-term"", ""sector"": ""Banking"", ""investor_count"": 115}, {""time_horizon"": ""Long-term"", ""sector"": ""Consumer Goods"", ""investor_count"": 112}, {""time_horizon"": ""Long-term"", ""sector"": ""Corporate"", ""investor_count"": 114}, {""time_horizon"": ""Long-term"", ""sector"": ""Financial Services"", ""investor_count"": 105}, {""time_horizon"": ""Long-term"", ""sector"": ""Government"", ""investor_count"": 119}, {""time_horizon"": ""Long-term"", ""sector"": ""Healthcare"", ""investor_count"": 106}, {""time_horizon"": ""Long-term"", ""sector"": ""Infrastructure"", ""investor_count"": 119}, {""time_horizon"": ""Long-term"", ""sector"": ""Pharma"", ""investor_count"": 110}, {""time_horizon"": ""Long-term"", ""sector"": ""Private Equity"", ""investor_count"": 103}, {""time_horizon"": ""Long-term"", ""sector"": ""Real Estate"", ""investor_count"": 115}, {""time_horizon"": ""Long-term"", ""sector"": ""Technology"", ""investor_count"": 111}, {""time_horizon"": ""Medium-term"", ""sector"": null, ""investor_count"": 89}, {""time_horizon"": ""Medium-term"", ""sector"": ""Automobile"", ""investor_count"": 123}, {""time_horizon"": ""Medium-term"", ""sector"": ""Banking"", ""investor_count"": 108}, {""time_horizon"": ""Medium-term"", ""sector"": ""Consumer Goods"", ""investor_count"": 118}, {""time_horizon"": ""Medium-term"", ""sector"": ""Corporate"", ""investor_count"": 124}, {""time_horizon"": ""Medium-term"", ""sector"": ""Financial Services"", ""investor_count"": 116}, {""time_horizon"": ""Medium-term"", ""sector"": ""Government"", ""investor_count"": 121}, {""time_horizon"": ""Medium-term"", ""sector"": ""Healthcare"", ""investor_count"": 113}, {""time_horizon"": ""Medium-term"", ""sector"": ""Infrastructure"", ""investor_count"": 132}, {""time_horizon"": ""Medium-term"", ""sector"": ""Pharma"", ""investor_count"": 134}, {""time_horizon"": ""Medium-term"", ""sector"": ""Private Equity"", ""investor_count"": 110}, {""time_horizon"": ""Medium-term"", ""sector"": ""Real Estate"", ""investor_count"": 115}, {""time_horizon"": ""Medium-term"", ""sector"": ""Technology"", ""investor_count"": 122}, {""time_horizon"": ""Short-term"", ""sector"": null, ""investor_count"": 84}, {""time_horizon"": ""Short-term"", ""sector"": ""Automobile"", ""investor_count"": 111}, {""time_horizon"": ""Short-term"", ""sector"": ""Banking"", ""investor_count"": 135}, {""time_horizon"": ""Short-term"", ""sector"": ""Consumer Goods"", ""investor_count"": 134}, {""time_horizon"": ""Short-term"", ""sector"": ""Corporate"", ""investor_count"": 132}, {""time_horizon"": ""Short-term"", ""sector"": ""Financial Services"", ""investor_count"": 126}, {""time_horizon"": ""Short-term"", ""sector"": ""Government"", ""investor_count"": 114}, {""time_horizon"": ""Short-term"", ""sector"": ""Healthcare"", ""investor_count"": 139}, {""time_horizon"": ""Short-term"", ""sector"": ""Infrastructure"", ""investor_count"": 129}, {""time_horizon"": ""Short-term"", ""sector"": ""Pharma"", ""investor_count"": 126}, {""time_horizon"": ""Short-term"", ""sector"": ""Private Equity"", ""investor_count"": 131}]}"
wealth_management_enrichment_context_125_questions:EC125-3T-017,wealth_management_enrichment_context_125_questions.csv,EC125-3T-017,"For each time horizon and sector, how many distinct investors with a risk score above 50 have a sector allocation above 0% in that sector?",enrichment / context,Hard,Categorical Aggregation,ATOM_ENTITY_INVESTOR_PROFILE_001; ATOM_ENTITY_PORTFOLIO_HEALTH_001; ATOM_ENTITY_SECTOR_ALLOCATION_001,3,"SELECT p.time_horizon AS time_horizon, a.sector AS sector, COUNT(DISTINCT p.investor_id) AS investor_count FROM ATOM_ENTITY_INVESTOR_PROFILE_001 p JOIN ATOM_ENTITY_PORTFOLIO_HEALTH_001 h ON h.investor_id=p.investor_id JOIN ATOM_ENTITY_SECTOR_ALLOCATION_001 a ON a.investor_id=p.investor_id WHERE h.risk_score>50 AND a.allocation_pct>0 GROUP BY p.time_horizon, a.sector ORDER BY p.time_horizon, a.sector;","[{""time_horizon"": null, ""sector"": ""Automobile"", ""investor_count"": 2}, {""time_horizon"": null, ""sector"": ""Banking"", ""investor_count"": 2}, {""time_horizon"": null, ""sector"": ""Consumer Goods"", ""investor_count"": 2}, {""time_horizon"": null, ""sector"": ""Corporate"", ""investor_count"": 1}, {""time_horizon"": null, ""sector"": ""Financial Services"", ""investor_count"": 3}, {""time_horizon"": null, ""sector"": ""Healthcare"", ""investor_count"": 2}, {""time_horizon"": null, ""sector"": ""Infrastructure"", ""investor_count"": 1}, {""time_horizon"": null, ""sector"": ""Pharma"", ""investor_count"": 2}, {""time_horizon"": null, ""sector"": ""Private Equity"", ""investor_count"": 3}, {""time_horizon"": null, ""sector"": ""Real Estate"", ""investor_count"": 5}, {""time_horizon"": null, ""sector"": ""Technology"", ""investor_count"": 2}, {""time_horizon"": ""Long-term"", ""sector"": ""Automobile"", ""investor_count"": 16}, {""time_horizon"": ""Long-term"", ""sector"": ""Banking"", ""investor_count"": 25}, {""time_horizon"": ""Long-term"", ""sector"": ""Consumer Goods"", ""investor_count"": 14}, {""time_horizon"": ""Long-term"", ""sector"": ""Corporate"", ""investor_count"": 14}, {""time_horizon"": ""Long-term"", ""sector"": ""Financial Services"", ""investor_count"": 10}, {""time_horizon"": ""Long-term"", ""sector"": ""Government"", ""investor_count"": 13}, {""time_horizon"": ""Long-term"", ""sector"": ""Healthcare"", ""investor_count"": 13}, {""time_horizon"": ""Long-term"", ""sector"": ""Infrastructure"", ""investor_count"": 11}, {""time_horizon"": ""Long-term"", ""sector"": ""Pharma"", ""investor_count"": 15}, {""time_horizon"": ""Long-term"", ""sector"": ""Private Equity"", ""investor_count"": 10}, {""time_horizon"": ""Long-term"", ""sector"": ""Real Estate"", ""investor_count"": 15}, {""time_horizon"": ""Long-term"", ""sector"": ""Technology"", ""investor_count"": 19}, {""time_horizon"": ""Medium-term"", ""sector"": ""Automobile"", ""investor_count"": 18}, {""time_horizon"": ""Medium-term"", ""sector"": ""Banking"", ""investor_count"": 11}, {""time_horizon"": ""Medium-term"", ""sector"": ""Consumer Goods"", ""investor_count"": 14}, {""time_horizon"": ""Medium-term"", ""sector"": ""Corporate"", ""investor_count"": 19}, {""time_horizon"": ""Medium-term"", ""sector"": ""Financial Services"", ""investor_count"": 19}, {""time_horizon"": ""Medium-term"", ""sector"": ""Government"", ""investor_count"": 21}, {""time_horizon"": ""Medium-term"", ""sector"": ""Healthcare"", ""investor_count"": 15}, {""time_horizon"": ""Medium-term"", ""sector"": ""Infrastructure"", ""investor_count"": 15}, {""time_horizon"": ""Medium-term"", ""sector"": ""Pharma"", ""investor_count"": 18}, {""time_horizon"": ""Medium-term"", ""sector"": ""Private Equity"", ""investor_count"": 18}, {""time_horizon"": ""Medium-term"", ""sector"": ""Real Estate"", ""investor_count"": 13}, {""time_horizon"": ""Medium-term"", ""sector"": ""Technology"", ""investor_count"": 20}, {""time_horizon"": ""Short-term"", ""sector"": ""Automobile"", ""investor_count"": 11}, {""time_horizon"": ""Short-term"", ""sector"": ""Banking"", ""investor_count"": 30}, {""time_horizon"": ""Short-term"", ""sector"": ""Consumer Goods"", ""investor_count"": 10}, {""time_horizon"": ""Short-term"", ""sector"": ""Corporate"", ""investor_count"": 14}, {""time_horizon"": ""Short-term"", ""sector"": ""Financial Services"", ""investor_count"": 18}, {""time_horizon"": ""Short-term"", ""sector"": ""Government"", ""investor_count"": 19}, {""time_horizon"": ""Short-term"", ""sector"": ""Healthcare"", ""investor_count"": 19}, {""time_horizon"": ""Short-term"", ""sector"": ""Infrastructure"", ""investor_count"": 22}, {""time_horizon"": ""Short-term"", ""sector"": ""Pharma"", ""investor_count"": 16}, {""time_horizon"": ""Short-term"", ""sector"": ""Private Equity"", ""investor_count"": 20}, {""time_horizon"": ""Short-term"", ""sector"": ""Real Estate"", ""investor_count"": 19}, {""time_horizon"": ""Short-term"", ""sector"": ""Technology"", ""investor_count"": 24}]"
wealth_management_enrichment_context_125_questions:EC125-3T-021,wealth_management_enrichment_context_125_questions.csv,EC125-3T-021,"For each time horizon and rebalancing action, how many distinct investors with a risk score above 50 fall into that combination?",enrichment / context,Hard,Categorical Aggregation,ATOM_ENTITY_INVESTOR_PROFILE_001; ATOM_ENTITY_PORTFOLIO_HEALTH_001; ATOM_EVENT_REBALANCING_ACTION_001,3,"SELECT p.time_horizon AS time_horizon, r.action AS action, COUNT(DISTINCT p.investor_id) AS investor_count FROM ATOM_ENTITY_INVESTOR_PROFILE_001 p JOIN ATOM_ENTITY_PORTFOLIO_HEALTH_001 h ON h.investor_id=p.investor_id JOIN ATOM_EVENT_REBALANCING_ACTION_001 r ON r.investor_id=p.investor_id WHERE h.risk_score>50 GROUP BY p.time_horizon, r.action ORDER BY p.time_horizon, r.action;","{""_total_rows"": 96, ""_truncated_to"": 50, ""rows"": [{""time_horizon"": null, ""action"": null, ""investor_count"": 4}, {""time_horizon"": null, ""action"": ""Aggressive Entry"", ""investor_count"": 5}, {""time_horizon"": null, ""action"": ""Asset Reallocation"", ""investor_count"": 2}, {""time_horizon"": null, ""action"": ""Buy"", ""investor_count"": 6}, {""time_horizon"": null, ""action"": ""Cash Deployment"", ""investor_count"": 3}, {""time_horizon"": null, ""action"": ""De-risking"", ""investor_count"": 4}, {""time_horizon"": null, ""action"": ""Defensive Shift"", ""investor_count"": 4}, {""time_horizon"": null, ""action"": ""Dividend Reinvestment"", ""investor_count"": 6}, {""time_horizon"": null, ""action"": ""Goal Alignment Buy"", ""investor_count"": 6}, {""time_horizon"": null, ""action"": ""Goal Alignment Sell"", ""investor_count"": 5}, {""time_horizon"": null, ""action"": ""Hold"", ""investor_count"": 3}, {""time_horizon"": null, ""action"": ""Partial Exit"", ""investor_count"": 1}, {""time_horizon"": null, ""action"": ""Portfolio Trim"", ""investor_count"": 5}, {""time_horizon"": null, ""action"": ""Profit Booking"", ""investor_count"": 2}, {""time_horizon"": null, ""action"": ""Rebalance Buy"", ""investor_count"": 5}, {""time_horizon"": null, ""action"": ""Rebalance Sell"", ""investor_count"": 3}, {""time_horizon"": null, ""action"": ""Sector Rotation Buy"", ""investor_count"": 4}, {""time_horizon"": null, ""action"": ""Sector Rotation Sell"", ""investor_count"": 8}, {""time_horizon"": null, ""action"": ""Sell"", ""investor_count"": 4}, {""time_horizon"": null, ""action"": ""Stop Loss Exit"", ""investor_count"": 2}, {""time_horizon"": null, ""action"": ""Switch In"", ""investor_count"": 2}, {""time_horizon"": null, ""action"": ""Switch Out"", ""investor_count"": 6}, {""time_horizon"": null, ""action"": ""Tactical Decrease"", ""investor_count"": 7}, {""time_horizon"": null, ""action"": ""Tactical Increase"", ""investor_count"": 6}, {""time_horizon"": ""Long-term"", ""action"": null, ""investor_count"": 33}, {""time_horizon"": ""Long-term"", ""action"": ""Aggressive Entry"", ""investor_count"": 24}, {""time_horizon"": ""Long-term"", ""action"": ""Asset Reallocation"", ""investor_count"": 39}, {""time_horizon"": ""Long-term"", ""action"": ""Buy"", ""investor_count"": 42}, {""time_horizon"": ""Long-term"", ""action"": ""Cash Deployment"", ""investor_count"": 34}, {""time_horizon"": ""Long-term"", ""action"": ""De-risking"", ""investor_count"": 43}, {""time_horizon"": ""Long-term"", ""action"": ""Defensive Shift"", ""investor_count"": 40}, {""time_horizon"": ""Long-term"", ""action"": ""Dividend Reinvestment"", ""investor_count"": 34}, {""time_horizon"": ""Long-term"", ""action"": ""Goal Alignment Buy"", ""investor_count"": 40}, {""time_horizon"": ""Long-term"", ""action"": ""Goal Alignment Sell"", ""investor_count"": 31}, {""time_horizon"": ""Long-term"", ""action"": ""Hold"", ""investor_count"": 41}, {""time_horizon"": ""Long-term"", ""action"": ""Partial Exit"", ""investor_count"": 31}, {""time_horizon"": ""Long-term"", ""action"": ""Portfolio Trim"", ""investor_count"": 33}, {""time_horizon"": ""Long-term"", ""action"": ""Profit Booking"", ""investor_count"": 28}, {""time_horizon"": ""Long-term"", ""action"": ""Rebalance Buy"", ""investor_count"": 30}, {""time_horizon"": ""Long-term"", ""action"": ""Rebalance Sell"", ""investor_count"": 30}, {""time_horizon"": ""Long-term"", ""action"": ""Sector Rotation Buy"", ""investor_count"": 36}, {""time_horizon"": ""Long-term"", ""action"": ""Sector Rotation Sell"", ""investor_count"": 37}, {""time_horizon"": ""Long-term"", ""action"": ""Sell"", ""investor_count"": 36}, {""time_horizon"": ""Long-term"", ""action"": ""Stop Loss Exit"", ""investor_count"": 34}, {""time_horizon"": ""Long-term"", ""action"": ""Switch In"", ""investor_count"": 27}, {""time_horizon"": ""Long-term"", ""action"": ""Switch Out"", ""investor_count"": 36}, {""time_horizon"": ""Long-term"", ""action"": ""Tactical Decrease"", ""investor_count"": 34}, {""time_horizon"": ""Long-term"", ""action"": ""Tactical Increase"", ""investor_count"": 28}, {""time_horizon"": ""Medium-term"", ""action"": null, ""investor_count"": 46}, {""time_horizon"": ""Medium-term"", ""action"": ""Aggressive Entry"", ""investor_count"": 28}]}"
wealth_management_enrichment_context_125_questions:EC125-3T-025,wealth_management_enrichment_context_125_questions.csv,EC125-3T-025,"For each segment and holding sector, how many distinct investors with a risk score above 50 fall into that combination?",enrichment / context,Hard,Categorical Aggregation,ATOM_ENTITY_INVESTOR_PROFILE_001; ATOM_ENTITY_PORTFOLIO_HEALTH_001; ATOM_ENTITY_PORTFOLIO_HOLDING_001,3,"SELECT p.segment AS segment, o.sector AS sector, COUNT(DISTINCT p.investor_id) AS investor_count FROM ATOM_ENTITY_INVESTOR_PROFILE_001 p JOIN ATOM_ENTITY_PORTFOLIO_HEALTH_001 h ON h.investor_id=p.investor_id JOIN ATOM_ENTITY_PORTFOLIO_HOLDING_001 o ON o.investor_id=p.investor_id WHERE h.risk_score>50 GROUP BY p.segment, o.sector ORDER BY p.segment, o.sector;","{""_total_rows"": 65, ""_truncated_to"": 50, ""rows"": [{""segment"": null, ""sector"": null, ""investor_count"": 10}, {""segment"": null, ""sector"": ""Automobile"", ""investor_count"": 14}, {""segment"": null, ""sector"": ""Banking"", ""investor_count"": 17}, {""segment"": null, ""sector"": ""Consumer Goods"", ""investor_count"": 16}, {""segment"": null, ""sector"": ""Corporate"", ""investor_count"": 19}, {""segment"": null, ""sector"": ""Financial Services"", ""investor_count"": 19}, {""segment"": null, ""sector"": ""Government"", ""investor_count"": 19}, {""segment"": null, ""sector"": ""Healthcare"", ""investor_count"": 13}, {""segment"": null, ""sector"": ""Infrastructure"", ""investor_count"": 19}, {""segment"": null, ""sector"": ""Pharma"", ""investor_count"": 20}, {""segment"": null, ""sector"": ""Private Equity"", ""investor_count"": 16}, {""segment"": null, ""sector"": ""Real Estate"", ""investor_count"": 20}, {""segment"": null, ""sector"": ""Technology"", ""investor_count"": 12}, {""segment"": ""Diversified"", ""sector"": null, ""investor_count"": 53}, {""segment"": ""Diversified"", ""sector"": ""Automobile"", ""investor_count"": 74}, {""segment"": ""Diversified"", ""sector"": ""Banking"", ""investor_count"": 80}, {""segment"": ""Diversified"", ""sector"": ""Consumer Goods"", ""investor_count"": 94}, {""segment"": ""Diversified"", ""sector"": ""Corporate"", ""investor_count"": 74}, {""segment"": ""Diversified"", ""sector"": ""Financial Services"", ""investor_count"": 77}, {""segment"": ""Diversified"", ""sector"": ""Government"", ""investor_count"": 87}, {""segment"": ""Diversified"", ""sector"": ""Healthcare"", ""investor_count"": 80}, {""segment"": ""Diversified"", ""sector"": ""Infrastructure"", ""investor_count"": 87}, {""segment"": ""Diversified"", ""sector"": ""Pharma"", ""investor_count"": 85}, {""segment"": ""Diversified"", ""sector"": ""Private Equity"", ""investor_count"": 73}, {""segment"": ""Diversified"", ""sector"": ""Real Estate"", ""investor_count"": 82}, {""segment"": ""Diversified"", ""sector"": ""Technology"", ""investor_count"": 84}, {""segment"": ""Large Cap"", ""sector"": null, ""investor_count"": 58}, {""segment"": ""Large Cap"", ""sector"": ""Automobile"", ""investor_count"": 86}, {""segment"": ""Large Cap"", ""sector"": ""Banking"", ""investor_count"": 86}, {""segment"": ""Large Cap"", ""sector"": ""Consumer Goods"", ""investor_count"": 83}, {""segment"": ""Large Cap"", ""sector"": ""Corporate"", ""investor_count"": 86}, {""segment"": ""Large Cap"", ""sector"": ""Financial Services"", ""investor_count"": 82}, {""segment"": ""Large Cap"", ""sector"": ""Government"", ""investor_count"": 68}, {""segment"": ""Large Cap"", ""sector"": ""Healthcare"", ""investor_count"": 87}, {""segment"": ""Large Cap"", ""sector"": ""Infrastructure"", ""investor_count"": 73}, {""segment"": ""Large Cap"", ""sector"": ""Pharma"", ""investor_count"": 85}, {""segment"": ""Large Cap"", ""sector"": ""Private Equity"", ""investor_count"": 86}, {""segment"": ""Large Cap"", ""sector"": ""Real Estate"", ""investor_count"": 82}, {""segment"": ""Large Cap"", ""sector"": ""Technology"", ""investor_count"": 84}, {""segment"": ""Mid Cap"", ""sector"": null, ""investor_count"": 58}, {""segment"": ""Mid Cap"", ""sector"": ""Automobile"", ""investor_count"": 89}, {""segment"": ""Mid Cap"", ""sector"": ""Banking"", ""investor_count"": 89}, {""segment"": ""Mid Cap"", ""sector"": ""Consumer Goods"", ""investor_count"": 89}, {""segment"": ""Mid Cap"", ""sector"": ""Corporate"", ""investor_count"": 102}, {""segment"": ""Mid Cap"", ""sector"": ""Financial Services"", ""investor_count"": 87}, {""segment"": ""Mid Cap"", ""sector"": ""Government"", ""investor_count"": 97}, {""segment"": ""Mid Cap"", ""sector"": ""Healthcare"", ""investor_count"": 86}, {""segment"": ""Mid Cap"", ""sector"": ""Infrastructure"", ""investor_count"": 105}, {""segment"": ""Mid Cap"", ""sector"": ""Pharma"", ""investor_count"": 98}, {""segment"": ""Mid Cap"", ""sector"": ""Private Equity"", ""investor_count"": 91}]}"
wealth_management_enrichment_context_125_questions:EC125-3T-029,wealth_management_enrichment_context_125_questions.csv,EC125-3T-029,"For each segment and sector, how many distinct investors with a risk score above 50 have a sector allocation above 0% in that sector?",enrichment / context,Hard,Categorical Aggregation,ATOM_ENTITY_INVESTOR_PROFILE_001; ATOM_ENTITY_PORTFOLIO_HEALTH_001; ATOM_ENTITY_SECTOR_ALLOCATION_001,3,"SELECT p.segment AS segment, a.sector AS sector, COUNT(DISTINCT p.investor_id) AS investor_count FROM ATOM_ENTITY_INVESTOR_PROFILE_001 p JOIN ATOM_ENTITY_PORTFOLIO_HEALTH_001 h ON h.investor_id=p.investor_id JOIN ATOM_ENTITY_SECTOR_ALLOCATION_001 a ON a.investor_id=p.investor_id WHERE h.risk_score>50 AND a.allocation_pct>0 GROUP BY p.segment, a.sector ORDER BY p.segment, a.sector;","{""_total_rows"": 59, ""_truncated_to"": 50, ""rows"": [{""segment"": null, ""sector"": ""Automobile"", ""investor_count"": 1}, {""segment"": null, ""sector"": ""Banking"", ""investor_count"": 5}, {""segment"": null, ""sector"": ""Consumer Goods"", ""investor_count"": 3}, {""segment"": null, ""sector"": ""Corporate"", ""investor_count"": 2}, {""segment"": null, ""sector"": ""Government"", ""investor_count"": 2}, {""segment"": null, ""sector"": ""Healthcare"", ""investor_count"": 3}, {""segment"": null, ""sector"": ""Infrastructure"", ""investor_count"": 3}, {""segment"": null, ""sector"": ""Pharma"", ""investor_count"": 4}, {""segment"": null, ""sector"": ""Private Equity"", ""investor_count"": 4}, {""segment"": null, ""sector"": ""Real Estate"", ""investor_count"": 3}, {""segment"": null, ""sector"": ""Technology"", ""investor_count"": 1}, {""segment"": ""Diversified"", ""sector"": ""Automobile"", ""investor_count"": 11}, {""segment"": ""Diversified"", ""sector"": ""Banking"", ""investor_count"": 15}, {""segment"": ""Diversified"", ""sector"": ""Consumer Goods"", ""investor_count"": 9}, {""segment"": ""Diversified"", ""sector"": ""Corporate"", ""investor_count"": 13}, {""segment"": ""Diversified"", ""sector"": ""Financial Services"", ""investor_count"": 12}, {""segment"": ""Diversified"", ""sector"": ""Government"", ""investor_count"": 19}, {""segment"": ""Diversified"", ""sector"": ""Healthcare"", ""investor_count"": 7}, {""segment"": ""Diversified"", ""sector"": ""Infrastructure"", ""investor_count"": 11}, {""segment"": ""Diversified"", ""sector"": ""Pharma"", ""investor_count"": 10}, {""segment"": ""Diversified"", ""sector"": ""Private Equity"", ""investor_count"": 8}, {""segment"": ""Diversified"", ""sector"": ""Real Estate"", ""investor_count"": 8}, {""segment"": ""Diversified"", ""sector"": ""Technology"", ""investor_count"": 13}, {""segment"": ""Large Cap"", ""sector"": ""Automobile"", ""investor_count"": 13}, {""segment"": ""Large Cap"", ""sector"": ""Banking"", ""investor_count"": 16}, {""segment"": ""Large Cap"", ""sector"": ""Consumer Goods"", ""investor_count"": 7}, {""segment"": ""Large Cap"", ""sector"": ""Corporate"", ""investor_count"": 6}, {""segment"": ""Large Cap"", ""sector"": ""Financial Services"", ""investor_count"": 14}, {""segment"": ""Large Cap"", ""sector"": ""Government"", ""investor_count"": 8}, {""segment"": ""Large Cap"", ""sector"": ""Healthcare"", ""investor_count"": 13}, {""segment"": ""Large Cap"", ""sector"": ""Infrastructure"", ""investor_count"": 8}, {""segment"": ""Large Cap"", ""sector"": ""Pharma"", ""investor_count"": 5}, {""segment"": ""Large Cap"", ""sector"": ""Private Equity"", ""investor_count"": 11}, {""segment"": ""Large Cap"", ""sector"": ""Real Estate"", ""investor_count"": 18}, {""segment"": ""Large Cap"", ""sector"": ""Technology"", ""investor_count"": 15}, {""segment"": ""Mid Cap"", ""sector"": ""Automobile"", ""investor_count"": 6}, {""segment"": ""Mid Cap"", ""sector"": ""Banking"", ""investor_count"": 11}, {""segment"": ""Mid Cap"", ""sector"": ""Consumer Goods"", ""investor_count"": 14}, {""segment"": ""Mid Cap"", ""sector"": ""Corporate"", ""investor_count"": 15}, {""segment"": ""Mid Cap"", ""sector"": ""Financial Services"", ""investor_count"": 11}, {""segment"": ""Mid Cap"", ""sector"": ""Government"", ""investor_count"": 15}, {""segment"": ""Mid Cap"", ""sector"": ""Healthcare"", ""investor_count"": 13}, {""segment"": ""Mid Cap"", ""sector"": ""Infrastructure"", ""investor_count"": 12}, {""segment"": ""Mid Cap"", ""sector"": ""Pharma"", ""investor_count"": 18}, {""segment"": ""Mid Cap"", ""sector"": ""Private Equity"", ""investor_count"": 12}, {""segment"": ""Mid Cap"", ""sector"": ""Real Estate"", ""investor_count"": 10}, {""segment"": ""Mid Cap"", ""sector"": ""Technology"", ""investor_count"": 16}, {""segment"": ""Small Cap"", ""sector"": ""Automobile"", ""investor_count"": 16}, {""segment"": ""Small Cap"", ""sector"": ""Banking"", ""investor_count"": 21}, {""segment"": ""Small Cap"", ""sector"": ""Consumer Goods"", ""investor_count"": 7}]}"
wealth_management_enrichment_context_125_questions:EC125-3T-033,wealth_management_enrichment_context_125_questions.csv,EC125-3T-033,"For each segment and rebalancing action, how many distinct investors with a risk score above 50 fall into that combination?",enrichment / context,Hard,Categorical Aggregation,ATOM_ENTITY_INVESTOR_PROFILE_001; ATOM_ENTITY_PORTFOLIO_HEALTH_001; ATOM_EVENT_REBALANCING_ACTION_001,3,"SELECT p.segment AS segment, r.action AS action, COUNT(DISTINCT p.investor_id) AS investor_count FROM ATOM_ENTITY_INVESTOR_PROFILE_001 p JOIN ATOM_ENTITY_PORTFOLIO_HEALTH_001 h ON h.investor_id=p.investor_id JOIN ATOM_EVENT_REBALANCING_ACTION_001 r ON r.investor_id=p.investor_id WHERE h.risk_score>50 GROUP BY p.segment, r.action ORDER BY p.segment, r.action;","{""_total_rows"": 120, ""_truncated_to"": 50, ""rows"": [{""segment"": null, ""action"": null, ""investor_count"": 1}, {""segment"": null, ""action"": ""Aggressive Entry"", ""investor_count"": 3}, {""segment"": null, ""action"": ""Asset Reallocation"", ""investor_count"": 2}, {""segment"": null, ""action"": ""Buy"", ""investor_count"": 4}, {""segment"": null, ""action"": ""Cash Deployment"", ""investor_count"": 4}, {""segment"": null, ""action"": ""De-risking"", ""investor_count"": 4}, {""segment"": null, ""action"": ""Defensive Shift"", ""investor_count"": 3}, {""segment"": null, ""action"": ""Dividend Reinvestment"", ""investor_count"": 1}, {""segment"": null, ""action"": ""Goal Alignment Buy"", ""investor_count"": 4}, {""segment"": null, ""action"": ""Goal Alignment Sell"", ""investor_count"": 6}, {""segment"": null, ""action"": ""Hold"", ""investor_count"": 3}, {""segment"": null, ""action"": ""Partial Exit"", ""investor_count"": 5}, {""segment"": null, ""action"": ""Portfolio Trim"", ""investor_count"": 5}, {""segment"": null, ""action"": ""Profit Booking"", ""investor_count"": 3}, {""segment"": null, ""action"": ""Rebalance Buy"", ""investor_count"": 1}, {""segment"": null, ""action"": ""Rebalance Sell"", ""investor_count"": 1}, {""segment"": null, ""action"": ""Sector Rotation Buy"", ""investor_count"": 6}, {""segment"": null, ""action"": ""Sector Rotation Sell"", ""investor_count"": 7}, {""segment"": null, ""action"": ""Sell"", ""investor_count"": 3}, {""segment"": null, ""action"": ""Stop Loss Exit"", ""investor_count"": 3}, {""segment"": null, ""action"": ""Switch In"", ""investor_count"": 6}, {""segment"": null, ""action"": ""Switch Out"", ""investor_count"": 5}, {""segment"": null, ""action"": ""Tactical Decrease"", ""investor_count"": 7}, {""segment"": null, ""action"": ""Tactical Increase"", ""investor_count"": 5}, {""segment"": ""Diversified"", ""action"": null, ""investor_count"": 35}, {""segment"": ""Diversified"", ""action"": ""Aggressive Entry"", ""investor_count"": 24}, {""segment"": ""Diversified"", ""action"": ""Asset Reallocation"", ""investor_count"": 25}, {""segment"": ""Diversified"", ""action"": ""Buy"", ""investor_count"": 28}, {""segment"": ""Diversified"", ""action"": ""Cash Deployment"", ""investor_count"": 19}, {""segment"": ""Diversified"", ""action"": ""De-risking"", ""investor_count"": 33}, {""segment"": ""Diversified"", ""action"": ""Defensive Shift"", ""investor_count"": 20}, {""segment"": ""Diversified"", ""action"": ""Dividend Reinvestment"", ""investor_count"": 24}, {""segment"": ""Diversified"", ""action"": ""Goal Alignment Buy"", ""investor_count"": 25}, {""segment"": ""Diversified"", ""action"": ""Goal Alignment Sell"", ""investor_count"": 26}, {""segment"": ""Diversified"", ""action"": ""Hold"", ""investor_count"": 20}, {""segment"": ""Diversified"", ""action"": ""Partial Exit"", ""investor_count"": 27}, {""segment"": ""Diversified"", ""action"": ""Portfolio Trim"", ""investor_count"": 16}, {""segment"": ""Diversified"", ""action"": ""Profit Booking"", ""investor_count"": 26}, {""segment"": ""Diversified"", ""action"": ""Rebalance Buy"", ""investor_count"": 26}, {""segment"": ""Diversified"", ""action"": ""Rebalance Sell"", ""investor_count"": 24}, {""segment"": ""Diversified"", ""action"": ""Sector Rotation Buy"", ""investor_count"": 18}, {""segment"": ""Diversified"", ""action"": ""Sector Rotation Sell"", ""investor_count"": 20}, {""segment"": ""Diversified"", ""action"": ""Sell"", ""investor_count"": 22}, {""segment"": ""Diversified"", ""action"": ""Stop Loss Exit"", ""investor_count"": 28}, {""segment"": ""Diversified"", ""action"": ""Switch In"", ""investor_count"": 16}, {""segment"": ""Diversified"", ""action"": ""Switch Out"", ""investor_count"": 21}, {""segment"": ""Diversified"", ""action"": ""Tactical Decrease"", ""investor_count"": 19}, {""segment"": ""Diversified"", ""action"": ""Tactical Increase"", ""investor_count"": 30}, {""segment"": ""Large Cap"", ""action"": null, ""investor_count"": 30}, {""segment"": ""Large Cap"", ""action"": ""Aggressive Entry"", ""investor_count"": 23}]}"
wealth_management_enrichment_context_125_questions:EC125-3T-037,wealth_management_enrichment_context_125_questions.csv,EC125-3T-037,"For each category and holding sector, how many distinct investors with a risk score above 50 fall into that combination?",enrichment / context,Hard,Categorical Aggregation,ATOM_ENTITY_INVESTOR_PROFILE_001; ATOM_ENTITY_PORTFOLIO_HEALTH_001; ATOM_ENTITY_PORTFOLIO_HOLDING_001,3,"SELECT p.category AS category, o.sector AS sector, COUNT(DISTINCT p.investor_id) AS investor_count FROM ATOM_ENTITY_INVESTOR_PROFILE_001 p JOIN ATOM_ENTITY_PORTFOLIO_HEALTH_001 h ON h.investor_id=p.investor_id JOIN ATOM_ENTITY_PORTFOLIO_HOLDING_001 o ON o.investor_id=p.investor_id WHERE h.risk_score>50 GROUP BY p.category, o.sector ORDER BY p.category, o.sector;","{""_total_rows"": 78, ""_truncated_to"": 50, ""rows"": [{""category"": null, ""sector"": null, ""investor_count"": 18}, {""category"": null, ""sector"": ""Automobile"", ""investor_count"": 18}, {""category"": null, ""sector"": ""Banking"", ""investor_count"": 21}, {""category"": null, ""sector"": ""Consumer Goods"", ""investor_count"": 23}, {""category"": null, ""sector"": ""Corporate"", ""investor_count"": 20}, {""category"": null, ""sector"": ""Financial Services"", ""investor_count"": 19}, {""category"": null, ""sector"": ""Government"", ""investor_count"": 21}, {""category"": null, ""sector"": ""Healthcare"", ""investor_count"": 20}, {""category"": null, ""sector"": ""Infrastructure"", ""investor_count"": 19}, {""category"": null, ""sector"": ""Pharma"", ""investor_count"": 20}, {""category"": null, ""sector"": ""Private Equity"", ""investor_count"": 21}, {""category"": null, ""sector"": ""Real Estate"", ""investor_count"": 21}, {""category"": null, ""sector"": ""Technology"", ""investor_count"": 19}, {""category"": ""Debt"", ""sector"": null, ""investor_count"": 41}, {""category"": ""Debt"", ""sector"": ""Automobile"", ""investor_count"": 63}, {""category"": ""Debt"", ""sector"": ""Banking"", ""investor_count"": 59}, {""category"": ""Debt"", ""sector"": ""Consumer Goods"", ""investor_count"": 58}, {""category"": ""Debt"", ""sector"": ""Corporate"", ""investor_count"": 64}, {""category"": ""Debt"", ""sector"": ""Financial Services"", ""investor_count"": 62}, {""category"": ""Debt"", ""sector"": ""Government"", ""investor_count"": 60}, {""category"": ""Debt"", ""sector"": ""Healthcare"", ""investor_count"": 58}, {""category"": ""Debt"", ""sector"": ""Infrastructure"", ""investor_count"": 61}, {""category"": ""Debt"", ""sector"": ""Pharma"", ""investor_count"": 58}, {""category"": ""Debt"", ""sector"": ""Private Equity"", ""investor_count"": 59}, {""category"": ""Debt"", ""sector"": ""Real Estate"", ""investor_count"": 54}, {""category"": ""Debt"", ""sector"": ""Technology"", ""investor_count"": 61}, {""category"": ""Equity"", ""sector"": null, ""investor_count"": 53}, {""category"": ""Equity"", ""sector"": ""Automobile"", ""investor_count"": 79}, {""category"": ""Equity"", ""sector"": ""Banking"", ""investor_count"": 82}, {""category"": ""Equity"", ""sector"": ""Consumer Goods"", ""investor_count"": 74}, {""category"": ""Equity"", ""sector"": ""Corporate"", ""investor_count"": 74}, {""category"": ""Equity"", ""sector"": ""Financial Services"", ""investor_count"": 72}, {""category"": ""Equity"", ""sector"": ""Government"", ""investor_count"": 74}, {""category"": ""Equity"", ""sector"": ""Healthcare"", ""investor_count"": 75}, {""category"": ""Equity"", ""sector"": ""Infrastructure"", ""investor_count"": 85}, {""category"": ""Equity"", ""sector"": ""Pharma"", ""investor_count"": 73}, {""category"": ""Equity"", ""sector"": ""Private Equity"", ""investor_count"": 78}, {""category"": ""Equity"", ""sector"": ""Real Estate"", ""investor_count"": 85}, {""category"": ""Equity"", ""sector"": ""Technology"", ""investor_count"": 88}, {""category"": ""Gold"", ""sector"": null, ""investor_count"": 37}, {""category"": ""Gold"", ""sector"": ""Automobile"", ""investor_count"": 62}, {""category"": ""Gold"", ""sector"": ""Banking"", ""investor_count"": 64}, {""category"": ""Gold"", ""sector"": ""Consumer Goods"", ""investor_count"": 76}, {""category"": ""Gold"", ""sector"": ""Corporate"", ""investor_count"": 71}, {""category"": ""Gold"", ""sector"": ""Financial Services"", ""investor_count"": 59}, {""category"": ""Gold"", ""sector"": ""Government"", ""investor_count"": 66}, {""category"": ""Gold"", ""sector"": ""Healthcare"", ""investor_count"": 64}, {""category"": ""Gold"", ""sector"": ""Infrastructure"", ""investor_count"": 73}, {""category"": ""Gold"", ""sector"": ""Pharma"", ""investor_count"": 86}, {""category"": ""Gold"", ""sector"": ""Private Equity"", ""investor_count"": 56}]}"
wealth_management_enrichment_context_125_questions:EC125-3T-041,wealth_management_enrichment_context_125_questions.csv,EC125-3T-041,"For each category and sector, how many distinct investors with a risk score above 50 have a sector allocation above 0% in that sector?",enrichment / context,Hard,Categorical Aggregation,ATOM_ENTITY_INVESTOR_PROFILE_001; ATOM_ENTITY_PORTFOLIO_HEALTH_001; ATOM_ENTITY_SECTOR_ALLOCATION_001,3,"SELECT p.category AS category, a.sector AS sector, COUNT(DISTINCT p.investor_id) AS investor_count FROM ATOM_ENTITY_INVESTOR_PROFILE_001 p JOIN ATOM_ENTITY_PORTFOLIO_HEALTH_001 h ON h.investor_id=p.investor_id JOIN ATOM_ENTITY_SECTOR_ALLOCATION_001 a ON a.investor_id=p.investor_id WHERE h.risk_score>50 AND a.allocation_pct>0 GROUP BY p.category, a.sector ORDER BY p.category, a.sector;","{""_total_rows"": 71, ""_truncated_to"": 50, ""rows"": [{""category"": null, ""sector"": ""Automobile"", ""investor_count"": 5}, {""category"": null, ""sector"": ""Banking"", ""investor_count"": 5}, {""category"": null, ""sector"": ""Consumer Goods"", ""investor_count"": 4}, {""category"": null, ""sector"": ""Corporate"", ""investor_count"": 1}, {""category"": null, ""sector"": ""Government"", ""investor_count"": 4}, {""category"": null, ""sector"": ""Healthcare"", ""investor_count"": 2}, {""category"": null, ""sector"": ""Infrastructure"", ""investor_count"": 3}, {""category"": null, ""sector"": ""Pharma"", ""investor_count"": 1}, {""category"": null, ""sector"": ""Private Equity"", ""investor_count"": 3}, {""category"": null, ""sector"": ""Real Estate"", ""investor_count"": 4}, {""category"": null, ""sector"": ""Technology"", ""investor_count"": 5}, {""category"": ""Debt"", ""sector"": ""Automobile"", ""investor_count"": 11}, {""category"": ""Debt"", ""sector"": ""Banking"", ""investor_count"": 8}, {""category"": ""Debt"", ""sector"": ""Consumer Goods"", ""investor_count"": 6}, {""category"": ""Debt"", ""sector"": ""Corporate"", ""investor_count"": 12}, {""category"": ""Debt"", ""sector"": ""Financial Services"", ""investor_count"": 8}, {""category"": ""Debt"", ""sector"": ""Government"", ""investor_count"": 8}, {""category"": ""Debt"", ""sector"": ""Healthcare"", ""investor_count"": 8}, {""category"": ""Debt"", ""sector"": ""Infrastructure"", ""investor_count"": 9}, {""category"": ""Debt"", ""sector"": ""Pharma"", ""investor_count"": 6}, {""category"": ""Debt"", ""sector"": ""Private Equity"", ""investor_count"": 5}, {""category"": ""Debt"", ""sector"": ""Real Estate"", ""investor_count"": 7}, {""category"": ""Debt"", ""sector"": ""Technology"", ""investor_count"": 8}, {""category"": ""Equity"", ""sector"": ""Automobile"", ""investor_count"": 8}, {""category"": ""Equity"", ""sector"": ""Banking"", ""investor_count"": 14}, {""category"": ""Equity"", ""sector"": ""Consumer Goods"", ""investor_count"": 6}, {""category"": ""Equity"", ""sector"": ""Corporate"", ""investor_count"": 6}, {""category"": ""Equity"", ""sector"": ""Financial Services"", ""investor_count"": 13}, {""category"": ""Equity"", ""sector"": ""Government"", ""investor_count"": 10}, {""category"": ""Equity"", ""sector"": ""Healthcare"", ""investor_count"": 7}, {""category"": ""Equity"", ""sector"": ""Infrastructure"", ""investor_count"": 8}, {""category"": ""Equity"", ""sector"": ""Pharma"", ""investor_count"": 10}, {""category"": ""Equity"", ""sector"": ""Private Equity"", ""investor_count"": 13}, {""category"": ""Equity"", ""sector"": ""Real Estate"", ""investor_count"": 10}, {""category"": ""Equity"", ""sector"": ""Technology"", ""investor_count"": 13}, {""category"": ""Gold"", ""sector"": ""Automobile"", ""investor_count"": 5}, {""category"": ""Gold"", ""sector"": ""Banking"", ""investor_count"": 10}, {""category"": ""Gold"", ""sector"": ""Consumer Goods"", ""investor_count"": 7}, {""category"": ""Gold"", ""sector"": ""Corporate"", ""investor_count"": 9}, {""category"": ""Gold"", ""sector"": ""Financial Services"", ""investor_count"": 10}, {""category"": ""Gold"", ""sector"": ""Government"", ""investor_count"": 8}, {""category"": ""Gold"", ""sector"": ""Healthcare"", ""investor_count"": 10}, {""category"": ""Gold"", ""sector"": ""Infrastructure"", ""investor_count"": 7}, {""category"": ""Gold"", ""sector"": ""Pharma"", ""investor_count"": 15}, {""category"": ""Gold"", ""sector"": ""Private Equity"", ""investor_count"": 7}, {""category"": ""Gold"", ""sector"": ""Real Estate"", ""investor_count"": 12}, {""category"": ""Gold"", ""sector"": ""Technology"", ""investor_count"": 13}, {""category"": ""Hybrid"", ""sector"": ""Automobile"", ""investor_count"": 7}, {""category"": ""Hybrid"", ""sector"": ""Banking"", ""investor_count"": 15}, {""category"": ""Hybrid"", ""sector"": ""Consumer Goods"", ""investor_count"": 11}]}"
wealth_management_enrichment_context_125_questions:EC125-3T-045,wealth_management_enrichment_context_125_questions.csv,EC125-3T-045,"For each category and rebalancing action, how many distinct investors with a risk score above 50 fall into that combination?",enrichment / context,Hard,Categorical Aggregation,ATOM_ENTITY_INVESTOR_PROFILE_001; ATOM_ENTITY_PORTFOLIO_HEALTH_001; ATOM_EVENT_REBALANCING_ACTION_001,3,"SELECT p.category AS category, r.action AS action, COUNT(DISTINCT p.investor_id) AS investor_count FROM ATOM_ENTITY_INVESTOR_PROFILE_001 p JOIN ATOM_ENTITY_PORTFOLIO_HEALTH_001 h ON h.investor_id=p.investor_id JOIN ATOM_EVENT_REBALANCING_ACTION_001 r ON r.investor_id=p.investor_id WHERE h.risk_score>50 GROUP BY p.category, r.action ORDER BY p.category, r.action;","{""_total_rows"": 144, ""_truncated_to"": 50, ""rows"": [{""category"": null, ""action"": null, ""investor_count"": 4}, {""category"": null, ""action"": ""Aggressive Entry"", ""investor_count"": 8}, {""category"": null, ""action"": ""Asset Reallocation"", ""investor_count"": 3}, {""category"": null, ""action"": ""Buy"", ""investor_count"": 8}, {""category"": null, ""action"": ""Cash Deployment"", ""investor_count"": 6}, {""category"": null, ""action"": ""De-risking"", ""investor_count"": 6}, {""category"": null, ""action"": ""Defensive Shift"", ""investor_count"": 8}, {""category"": null, ""action"": ""Dividend Reinvestment"", ""investor_count"": 7}, {""category"": null, ""action"": ""Goal Alignment Buy"", ""investor_count"": 7}, {""category"": null, ""action"": ""Goal Alignment Sell"", ""investor_count"": 4}, {""category"": null, ""action"": ""Hold"", ""investor_count"": 7}, {""category"": null, ""action"": ""Partial Exit"", ""investor_count"": 6}, {""category"": null, ""action"": ""Portfolio Trim"", ""investor_count"": 6}, {""category"": null, ""action"": ""Profit Booking"", ""investor_count"": 6}, {""category"": null, ""action"": ""Rebalance Buy"", ""investor_count"": 6}, {""category"": null, ""action"": ""Rebalance Sell"", ""investor_count"": 1}, {""category"": null, ""action"": ""Sector Rotation Buy"", ""investor_count"": 9}, {""category"": null, ""action"": ""Sector Rotation Sell"", ""investor_count"": 7}, {""category"": null, ""action"": ""Sell"", ""investor_count"": 7}, {""category"": null, ""action"": ""Stop Loss Exit"", ""investor_count"": 9}, {""category"": null, ""action"": ""Switch In"", ""investor_count"": 7}, {""category"": null, ""action"": ""Switch Out"", ""investor_count"": 6}, {""category"": null, ""action"": ""Tactical Decrease"", ""investor_count"": 5}, {""category"": null, ""action"": ""Tactical Increase"", ""investor_count"": 6}, {""category"": ""Debt"", ""action"": null, ""investor_count"": 21}, {""category"": ""Debt"", ""action"": ""Aggressive Entry"", ""investor_count"": 13}, {""category"": ""Debt"", ""action"": ""Asset Reallocation"", ""investor_count"": 17}, {""category"": ""Debt"", ""action"": ""Buy"", ""investor_count"": 15}, {""category"": ""Debt"", ""action"": ""Cash Deployment"", ""investor_count"": 15}, {""category"": ""Debt"", ""action"": ""De-risking"", ""investor_count"": 22}, {""category"": ""Debt"", ""action"": ""Defensive Shift"", ""investor_count"": 14}, {""category"": ""Debt"", ""action"": ""Dividend Reinvestment"", ""investor_count"": 16}, {""category"": ""Debt"", ""action"": ""Goal Alignment Buy"", ""investor_count"": 17}, {""category"": ""Debt"", ""action"": ""Goal Alignment Sell"", ""investor_count"": 10}, {""category"": ""Debt"", ""action"": ""Hold"", ""investor_count"": 19}, {""category"": ""Debt"", ""action"": ""Partial Exit"", ""investor_count"": 17}, {""category"": ""Debt"", ""action"": ""Portfolio Trim"", ""investor_count"": 16}, {""category"": ""Debt"", ""action"": ""Profit Booking"", ""investor_count"": 17}, {""category"": ""Debt"", ""action"": ""Rebalance Buy"", ""investor_count"": 15}, {""category"": ""Debt"", ""action"": ""Rebalance Sell"", ""investor_count"": 16}, {""category"": ""Debt"", ""action"": ""Sector Rotation Buy"", ""investor_count"": 15}, {""category"": ""Debt"", ""action"": ""Sector Rotation Sell"", ""investor_count"": 21}, {""category"": ""Debt"", ""action"": ""Sell"", ""investor_count"": 17}, {""category"": ""Debt"", ""action"": ""Stop Loss Exit"", ""investor_count"": 10}, {""category"": ""Debt"", ""action"": ""Switch In"", ""investor_count"": 17}, {""category"": ""Debt"", ""action"": ""Switch Out"", ""investor_count"": 20}, {""category"": ""Debt"", ""action"": ""Tactical Decrease"", ""investor_count"": 14}, {""category"": ""Debt"", ""action"": ""Tactical Increase"", ""investor_count"": 20}, {""category"": ""Equity"", ""action"": null, ""investor_count"": 29}, {""category"": ""Equity"", ""action"": ""Aggressive Entry"", ""investor_count"": 17}]}"
wealth_management_enrichment_context_125_questions:EC125-4T-004,wealth_management_enrichment_context_125_questions.csv,EC125-4T-004,"For each risk tolerance, how many distinct investors with a risk score above 25 both hold a Gold position and have a Deposit transaction?",enrichment / context,Advanced,Multi-Relational,ATOM_ENTITY_INVESTOR_PROFILE_001; ATOM_ENTITY_PORTFOLIO_HEALTH_001; ATOM_ENTITY_PORTFOLIO_HOLDING_001; ATOM_EVENT_CASH_FLOW_001,4,"SELECT p.risk_tolerance AS risk_tolerance, COUNT(DISTINCT p.investor_id) AS investor_count FROM ATOM_ENTITY_INVESTOR_PROFILE_001 p JOIN ATOM_ENTITY_PORTFOLIO_HEALTH_001 h ON h.investor_id=p.investor_id WHERE h.risk_score>25 AND EXISTS (SELECT 1 FROM ATOM_ENTITY_PORTFOLIO_HOLDING_001 o WHERE o.investor_id=p.investor_id AND o.investment_type='Gold') AND EXISTS (SELECT 1 FROM ATOM_EVENT_CASH_FLOW_001 c WHERE c.investor_id=p.investor_id AND c.type='Deposit') GROUP BY p.risk_tolerance ORDER BY p.risk_tolerance;","[{""risk_tolerance"": null, ""investor_count"": 9}, {""risk_tolerance"": ""Aggressive"", ""investor_count"": 75}, {""risk_tolerance"": ""Conservative"", ""investor_count"": 88}, {""risk_tolerance"": ""Moderate"", ""investor_count"": 79}]"
wealth_management_enrichment_context_125_questions:EC125-4T-008,wealth_management_enrichment_context_125_questions.csv,EC125-4T-008,"For each risk tolerance, how many distinct investors with a risk score above 25 both hold a Mutual Fund position and have a Bull Market scenario record?",enrichment / context,Advanced,Multi-Relational,ATOM_ENTITY_INVESTOR_PROFILE_001; ATOM_ENTITY_PORTFOLIO_HEALTH_001; ATOM_ENTITY_PORTFOLIO_HOLDING_001; ATOM_EVENT_SCENARIO_REBALANCING_001,4,"SELECT p.risk_tolerance AS risk_tolerance, COUNT(DISTINCT p.investor_id) AS investor_count FROM ATOM_ENTITY_INVESTOR_PROFILE_001 p JOIN ATOM_ENTITY_PORTFOLIO_HEALTH_001 h ON h.investor_id=p.investor_id WHERE h.risk_score>25 AND EXISTS (SELECT 1 FROM ATOM_ENTITY_PORTFOLIO_HOLDING_001 o WHERE o.investor_id=p.investor_id AND o.investment_type='Mutual Fund') AND EXISTS (SELECT 1 FROM ATOM_EVENT_SCENARIO_REBALANCING_001 s WHERE s.investor_id=p.investor_id AND s.scenario='Bull Market') GROUP BY p.risk_tolerance ORDER BY p.risk_tolerance;","[{""risk_tolerance"": null, ""investor_count"": 3}, {""risk_tolerance"": ""Aggressive"", ""investor_count"": 10}, {""risk_tolerance"": ""Conservative"", ""investor_count"": 11}, {""risk_tolerance"": ""Moderate"", ""investor_count"": 10}]"
wealth_management_enrichment_context_125_questions:EC125-4T-012,wealth_management_enrichment_context_125_questions.csv,EC125-4T-012,"For each risk tolerance, how many distinct investors with a risk score above 25 both hold a Corporate Bond position and have a Withdrawal transaction?",enrichment / context,Advanced,Multi-Relational,ATOM_ENTITY_INVESTOR_PROFILE_001; ATOM_ENTITY_PORTFOLIO_HEALTH_001; ATOM_ENTITY_PORTFOLIO_HOLDING_001; ATOM_EVENT_CASH_FLOW_001,4,"SELECT p.risk_tolerance AS risk_tolerance, COUNT(DISTINCT p.investor_id) AS investor_count FROM ATOM_ENTITY_INVESTOR_PROFILE_001 p JOIN ATOM_ENTITY_PORTFOLIO_HEALTH_001 h ON h.investor_id=p.investor_id WHERE h.risk_score>25 AND EXISTS (SELECT 1 FROM ATOM_ENTITY_PORTFOLIO_HOLDING_001 o WHERE o.investor_id=p.investor_id AND o.investment_type='Corporate Bond') AND EXISTS (SELECT 1 FROM ATOM_EVENT_CASH_FLOW_001 c WHERE c.investor_id=p.investor_id AND c.type='Withdrawal') GROUP BY p.risk_tolerance ORDER BY p.risk_tolerance;","[{""risk_tolerance"": null, ""investor_count"": 12}, {""risk_tolerance"": ""Aggressive"", ""investor_count"": 79}, {""risk_tolerance"": ""Conservative"", ""investor_count"": 75}, {""risk_tolerance"": ""Moderate"", ""investor_count"": 81}]"
wealth_management_enrichment_context_125_questions:EC125-4T-016,wealth_management_enrichment_context_125_questions.csv,EC125-4T-016,"For each time horizon, how many distinct investors with a risk score above 25 both hold a Gold position and have a Deposit transaction?",enrichment / context,Advanced,Multi-Relational,ATOM_ENTITY_INVESTOR_PROFILE_001; ATOM_ENTITY_PORTFOLIO_HEALTH_001; ATOM_ENTITY_PORTFOLIO_HOLDING_001; ATOM_EVENT_CASH_FLOW_001,4,"SELECT p.time_horizon AS time_horizon, COUNT(DISTINCT p.investor_id) AS investor_count FROM ATOM_ENTITY_INVESTOR_PROFILE_001 p JOIN ATOM_ENTITY_PORTFOLIO_HEALTH_001 h ON h.investor_id=p.investor_id WHERE h.risk_score>25 AND EXISTS (SELECT 1 FROM ATOM_ENTITY_PORTFOLIO_HOLDING_001 o WHERE o.investor_id=p.investor_id AND o.investment_type='Gold') AND EXISTS (SELECT 1 FROM ATOM_EVENT_CASH_FLOW_001 c WHERE c.investor_id=p.investor_id AND c.type='Deposit') GROUP BY p.time_horizon ORDER BY p.time_horizon;","[{""time_horizon"": null, ""investor_count"": 19}, {""time_horizon"": ""Long-term"", ""investor_count"": 78}, {""time_horizon"": ""Medium-term"", ""investor_count"": 70}, {""time_horizon"": ""Short-term"", ""investor_count"": 84}]"
wealth_management_enrichment_context_125_questions:EC125-4T-020,wealth_management_enrichment_context_125_questions.csv,EC125-4T-020,"For each time horizon, how many distinct investors with a risk score above 25 both hold a Mutual Fund position and have a Bull Market scenario record?",enrichment / context,Advanced,Multi-Relational,ATOM_ENTITY_INVESTOR_PROFILE_001; ATOM_ENTITY_PORTFOLIO_HEALTH_001; ATOM_ENTITY_PORTFOLIO_HOLDING_001; ATOM_EVENT_SCENARIO_REBALANCING_001,4,"SELECT p.time_horizon AS time_horizon, COUNT(DISTINCT p.investor_id) AS investor_count FROM ATOM_ENTITY_INVESTOR_PROFILE_001 p JOIN ATOM_ENTITY_PORTFOLIO_HEALTH_001 h ON h.investor_id=p.investor_id WHERE h.risk_score>25 AND EXISTS (SELECT 1 FROM ATOM_ENTITY_PORTFOLIO_HOLDING_001 o WHERE o.investor_id=p.investor_id AND o.investment_type='Mutual Fund') AND EXISTS (SELECT 1 FROM ATOM_EVENT_SCENARIO_REBALANCING_001 s WHERE s.investor_id=p.investor_id AND s.scenario='Bull Market') GROUP BY p.time_horizon ORDER BY p.time_horizon;","[{""time_horizon"": null, ""investor_count"": 1}, {""time_horizon"": ""Long-term"", ""investor_count"": 11}, {""time_horizon"": ""Medium-term"", ""investor_count"": 11}, {""time_horizon"": ""Short-term"", ""investor_count"": 11}]"
wealth_management_enrichment_context_125_questions:EC125-4T-024,wealth_management_enrichment_context_125_questions.csv,EC125-4T-024,"For each time horizon, how many distinct investors with a risk score above 25 both hold a Corporate Bond position and have a Withdrawal transaction?",enrichment / context,Advanced,Multi-Relational,ATOM_ENTITY_INVESTOR_PROFILE_001; ATOM_ENTITY_PORTFOLIO_HEALTH_001; ATOM_ENTITY_PORTFOLIO_HOLDING_001; ATOM_EVENT_CASH_FLOW_001,4,"SELECT p.time_horizon AS time_horizon, COUNT(DISTINCT p.investor_id) AS investor_count FROM ATOM_ENTITY_INVESTOR_PROFILE_001 p JOIN ATOM_ENTITY_PORTFOLIO_HEALTH_001 h ON h.investor_id=p.investor_id WHERE h.risk_score>25 AND EXISTS (SELECT 1 FROM ATOM_ENTITY_PORTFOLIO_HOLDING_001 o WHERE o.investor_id=p.investor_id AND o.investment_type='Corporate Bond') AND EXISTS (SELECT 1 FROM ATOM_EVENT_CASH_FLOW_001 c WHERE c.investor_id=p.investor_id AND c.type='Withdrawal') GROUP BY p.time_horizon ORDER BY p.time_horizon;","[{""time_horizon"": null, ""investor_count"": 16}, {""time_horizon"": ""Long-term"", ""investor_count"": 80}, {""time_horizon"": ""Medium-term"", ""investor_count"": 77}, {""time_horizon"": ""Short-term"", ""investor_count"": 74}]"
wealth_management_enrichment_context_125_questions:EC125-4T-028,wealth_management_enrichment_context_125_questions.csv,EC125-4T-028,"For each segment, how many distinct investors with a risk score above 25 both hold a Gold position and have a Deposit transaction?",enrichment / context,Advanced,Multi-Relational,ATOM_ENTITY_INVESTOR_PROFILE_001; ATOM_ENTITY_PORTFOLIO_HEALTH_001; ATOM_ENTITY_PORTFOLIO_HOLDING_001; ATOM_EVENT_CASH_FLOW_001,4,"SELECT p.segment AS segment, COUNT(DISTINCT p.investor_id) AS investor_count FROM ATOM_ENTITY_INVESTOR_PROFILE_001 p JOIN ATOM_ENTITY_PORTFOLIO_HEALTH_001 h ON h.investor_id=p.investor_id WHERE h.risk_score>25 AND EXISTS (SELECT 1 FROM ATOM_ENTITY_PORTFOLIO_HOLDING_001 o WHERE o.investor_id=p.investor_id AND o.investment_type='Gold') AND EXISTS (SELECT 1 FROM ATOM_EVENT_CASH_FLOW_001 c WHERE c.investor_id=p.investor_id AND c.type='Deposit') GROUP BY p.segment ORDER BY p.segment;","[{""segment"": null, ""investor_count"": 17}, {""segment"": ""Diversified"", ""investor_count"": 46}, {""segment"": ""Large Cap"", ""investor_count"": 57}, {""segment"": ""Mid Cap"", ""investor_count"": 59}, {""segment"": ""Small Cap"", ""investor_count"": 72}]"
wealth_management_enrichment_context_125_questions:EC125-4T-032,wealth_management_enrichment_context_125_questions.csv,EC125-4T-032,"For each segment, how many distinct investors with a risk score above 25 both hold a Mutual Fund position and have a Bull Market scenario record?",enrichment / context,Advanced,Multi-Relational,ATOM_ENTITY_INVESTOR_PROFILE_001; ATOM_ENTITY_PORTFOLIO_HEALTH_001; ATOM_ENTITY_PORTFOLIO_HOLDING_001; ATOM_EVENT_SCENARIO_REBALANCING_001,4,"SELECT p.segment AS segment, COUNT(DISTINCT p.investor_id) AS investor_count FROM ATOM_ENTITY_INVESTOR_PROFILE_001 p JOIN ATOM_ENTITY_PORTFOLIO_HEALTH_001 h ON h.investor_id=p.investor_id WHERE h.risk_score>25 AND EXISTS (SELECT 1 FROM ATOM_ENTITY_PORTFOLIO_HOLDING_001 o WHERE o.investor_id=p.investor_id AND o.investment_type='Mutual Fund') AND EXISTS (SELECT 1 FROM ATOM_EVENT_SCENARIO_REBALANCING_001 s WHERE s.investor_id=p.investor_id AND s.scenario='Bull Market') GROUP BY p.segment ORDER BY p.segment;","[{""segment"": null, ""investor_count"": 3}, {""segment"": ""Diversified"", ""investor_count"": 7}, {""segment"": ""Large Cap"", ""investor_count"": 12}, {""segment"": ""Mid Cap"", ""investor_count"": 6}, {""segment"": ""Small Cap"", ""investor_count"": 6}]"
wealth_management_multi_step_comparative_125_questions:MC125-001,wealth_management_multi_step_comparative_125_questions.csv,MC125-001,"Across risk tolerance, compare the average net cash flow, average signed cash-flow amount, and average cash-flow count of investors.",Cross-dimension metric comparison,Hard,Comparative,ATOM_ENTITY_INVESTOR_PROFILE_001; ATOM_EVENT_CASH_FLOW_001,2,"WITH cash AS (SELECT investor_id, SUM(amount) c_net, AVG(amount) c_avg, COUNT(*) c_cnt FROM ATOM_EVENT_CASH_FLOW_001 GROUP BY investor_id)
SELECT p.risk_tolerance AS risk_tolerance,
       ROUND(AVG(cf.c_net),2) AS avg_net_cash_flow,
       ROUND(AVG(cf.c_avg),2) AS avg_cashflow_amount,
       ROUND(AVG(cf.c_cnt),2) AS avg_cashflow_count,
       COUNT(DISTINCT p.investor_id) AS investor_count
FROM ATOM_ENTITY_INVESTOR_PROFILE_001 p
     LEFT JOIN cash cf ON cf.investor_id=p.investor_id
GROUP BY p.risk_tolerance
ORDER BY p.risk_tolerance;","[{""risk_tolerance"": null, ""avg_net_cash_flow"": 7844.03, ""avg_cashflow_amount"": 1629.62, ""avg_cashflow_count"": 5.05, ""investor_count"": 77}, {""risk_tolerance"": ""Aggressive"", ""avg_net_cash_flow"": 1652919.38, ""avg_cashflow_amount"": 282637.82, ""avg_cashflow_count"": 5.05, ""investor_count"": 486}, {""risk_tolerance"": ""Conservative"", ""avg_net_cash_flow"": 1600495.38, ""avg_cashflow_amount"": 273687.31, ""avg_cashflow_count"": 5.05, ""investor_count"": 502}, {""risk_tolerance"": ""Moderate"", ""avg_net_cash_flow"": 1037620.49, ""avg_cashflow_amount"": 186955.64, ""avg_cashflow_count"": 5.05, ""investor_count"": 485}]"
wealth_management_multi_step_comparative_125_questions:MC125-005,wealth_management_multi_step_comparative_125_questions.csv,MC125-005,"Across risk tolerance, compare the average scenario shift (new minus current allocation %) and average scenario count (0 for investors with no scenario records) of investors.",Cross-dimension metric comparison,Hard,Comparative,ATOM_ENTITY_INVESTOR_PROFILE_001; ATOM_EVENT_SCENARIO_REBALANCING_001,2,"WITH scen AS (SELECT investor_id, AVG(new_allocation_pct-current_allocation_pct) s_shift, COUNT(*) s_cnt FROM ATOM_EVENT_SCENARIO_REBALANCING_001 GROUP BY investor_id)
SELECT p.risk_tolerance AS risk_tolerance,
       ROUND(AVG(sc.s_shift),2) AS avg_scenario_shift,
       ROUND(AVG(COALESCE(sc.s_cnt,0)),2) AS avg_scenario_count,
       COUNT(DISTINCT p.investor_id) AS investor_count
FROM ATOM_ENTITY_INVESTOR_PROFILE_001 p
     LEFT JOIN scen sc ON sc.investor_id=p.investor_id
GROUP BY p.risk_tolerance
ORDER BY p.risk_tolerance;","[{""risk_tolerance"": null, ""avg_scenario_shift"": -0.71, ""avg_scenario_count"": 1.14, ""investor_count"": 77}, {""risk_tolerance"": ""Aggressive"", ""avg_scenario_shift"": -1.85, ""avg_scenario_count"": 1.02, ""investor_count"": 486}, {""risk_tolerance"": ""Conservative"", ""avg_scenario_shift"": -2.22, ""avg_scenario_count"": 0.97, ""investor_count"": 502}, {""risk_tolerance"": ""Moderate"", ""avg_scenario_shift"": 0.07, ""avg_scenario_count"": 0.99, ""investor_count"": 485}]"
wealth_management_multi_step_comparative_125_questions:MC125-009,wealth_management_multi_step_comparative_125_questions.csv,MC125-009,"Across time horizon, compare the average total holding value, average holding return and average holding gain (counting only holdings with a recorded cost and current value), and average dividends of investors.",Cross-dimension metric comparison,Hard,Comparative,ATOM_ENTITY_INVESTOR_PROFILE_001; ATOM_ENTITY_PORTFOLIO_HOLDING_001,2,"WITH hold AS (SELECT o.investor_id, SUM(o.current_value) h_val, AVG(CASE WHEN o.cost > 0 AND o.current_value IS NOT NULL THEN o.returns_pct END) h_ret, SUM(CASE WHEN o.cost > 0 AND o.current_value IS NOT NULL THEN o.current_value - o.cost END) h_gain, SUM(o.dividends) h_div FROM ATOM_ENTITY_PORTFOLIO_HOLDING_001 o GROUP BY o.investor_id)
SELECT p.time_horizon AS time_horizon,
       ROUND(AVG(ho.h_val),2) AS avg_holding_value,
       ROUND(AVG(ho.h_ret),2) AS avg_holding_return,
       ROUND(AVG(ho.h_gain),2) AS avg_holding_gain,
       ROUND(AVG(ho.h_div),2) AS avg_dividends,
       COUNT(DISTINCT p.investor_id) AS investor_count
FROM ATOM_ENTITY_INVESTOR_PROFILE_001 p
     LEFT JOIN hold ho ON ho.investor_id=p.investor_id
GROUP BY p.time_horizon
ORDER BY p.time_horizon;","[{""time_horizon"": null, ""avg_holding_value"": 9256000.18, ""avg_holding_return"": 130.35, ""avg_holding_gain"": 4499587.77, ""avg_dividends"": 175517.83, ""investor_count"": 77}, {""time_horizon"": ""Long-term"", ""avg_holding_value"": 8476172.69, ""avg_holding_return"": 78.08, ""avg_holding_gain"": 3325267.84, ""avg_dividends"": 173907.65, ""investor_count"": 489}, {""time_horizon"": ""Medium-term"", ""avg_holding_value"": 7810071.33, ""avg_holding_return"": 67.88, ""avg_holding_gain"": 2903124.24, ""avg_dividends"": 166676.96, ""investor_count"": 487}, {""time_horizon"": ""Short-term"", ""avg_holding_value"": 8197553.59, ""avg_holding_return"": 76.74, ""avg_holding_gain"": 3275569.2, ""avg_dividends"": 172201.17, ""investor_count"": 497}]"
wealth_management_multi_step_comparative_125_questions:MC125-013,wealth_management_multi_step_comparative_125_questions.csv,MC125-013,"Across time horizon, compare the average risk score, average liquidity score, average diversification score, and average goal-match percentage of investors.",Cross-dimension metric comparison,Hard,Comparative,ATOM_ENTITY_INVESTOR_PROFILE_001; ATOM_ENTITY_PORTFOLIO_HEALTH_001,2,"SELECT p.time_horizon AS time_horizon,
       ROUND(AVG(h.risk_score),2) AS avg_risk_score,
       ROUND(AVG(h.liquidity_score),2) AS avg_liquidity_score,
       ROUND(AVG(h.diversification_score),2) AS avg_diversification_score,
       ROUND(AVG(h.goal_match_pct),2) AS avg_goal_match_pct,
       COUNT(DISTINCT p.investor_id) AS investor_count
FROM ATOM_ENTITY_INVESTOR_PROFILE_001 p
     LEFT JOIN ATOM_ENTITY_PORTFOLIO_HEALTH_001 h ON h.investor_id=p.investor_id
GROUP BY p.time_horizon
ORDER BY p.time_horizon;","[{""time_horizon"": null, ""avg_risk_score"": 46.33, ""avg_liquidity_score"": 44.52, ""avg_diversification_score"": 49.15, ""avg_goal_match_pct"": 42.76, ""investor_count"": 77}, {""time_horizon"": ""Long-term"", ""avg_risk_score"": 48.98, ""avg_liquidity_score"": 50.39, ""avg_diversification_score"": 49.47, ""avg_goal_match_pct"": 50.99, ""investor_count"": 489}, {""time_horizon"": ""Medium-term"", ""avg_risk_score"": 51.61, ""avg_liquidity_score"": 47.8, ""avg_diversification_score"": 47.54, ""avg_goal_match_pct"": 47.89, ""investor_count"": 487}, {""time_horizon"": ""Short-term"", ""avg_risk_score"": 51.08, ""avg_liquidity_score"": 51.32, ""avg_diversification_score"": 53.09, ""avg_goal_match_pct"": 46.84, ""investor_count"": 497}]"
wealth_management_multi_step_comparative_125_questions:MC125-017,wealth_management_multi_step_comparative_125_questions.csv,MC125-017,List the top 10 investors by total holding value.,Investor composite ranking,Hard,Ranking,ATOM_ENTITY_INVESTOR_PROFILE_001; ATOM_ENTITY_PORTFOLIO_HOLDING_001,2,"SELECT p.investor_id, p.investor_name,
       ROUND(SUM(ho.current_value),2) AS holding_value
FROM ATOM_ENTITY_INVESTOR_PROFILE_001 p
     JOIN ATOM_ENTITY_PORTFOLIO_HOLDING_001 ho ON ho.investor_id=p.investor_id
GROUP BY p.investor_id, p.investor_name
ORDER BY holding_value DESC, p.investor_id ASC
LIMIT 10;","[{""investor_id"": ""INV-693"", ""investor_name"": ""Rohan Mehta"", ""holding_value"": 105692316.0}, {""investor_id"": ""INV-1023"", ""investor_name"": ""Priyanka Joshi"", ""holding_value"": 105107466.0}, {""investor_id"": ""INV-1323"", ""investor_name"": ""Bhavna Bhat"", ""holding_value"": 104735092.0}, {""investor_id"": ""INV-1233"", ""investor_name"": ""Suresh Rao"", ""holding_value"": 101908668.5}, {""investor_id"": ""INV-1263"", ""investor_name"": ""Sunita Gupta"", ""holding_value"": 97181987.5}, {""investor_id"": ""INV-663"", ""investor_name"": ""Siddharth Yadav"", ""holding_value"": 97097695.0}, {""investor_id"": ""INV-183"", ""investor_name"": ""Sneha Mishra"", ""holding_value"": 95960555.5}, {""investor_id"": ""INV-723"", ""investor_name"": ""Aishwarya Joshi"", ""holding_value"": 92720811.5}, {""investor_id"": ""INV-213"", ""investor_name"": ""Suresh Mishra"", ""holding_value"": 92198599.5}, {""investor_id"": ""INV-093"", ""investor_name"": ""Anand Gupta"", ""holding_value"": 92139392.0}]"
wealth_management_multi_step_comparative_125_questions:MC125-021,wealth_management_multi_step_comparative_125_questions.csv,MC125-021,List the top 10 investors by risk score (ties broken by investor ID ascending).,Investor composite ranking,Hard,Ranking,ATOM_ENTITY_INVESTOR_PROFILE_001; ATOM_ENTITY_PORTFOLIO_HEALTH_001,2,"SELECT p.investor_id, p.investor_name,
       ROUND(h.risk_score,2) AS risk_score
FROM ATOM_ENTITY_INVESTOR_PROFILE_001 p
     JOIN ATOM_ENTITY_PORTFOLIO_HEALTH_001 h ON h.investor_id=p.investor_id
WHERE h.risk_score IS NOT NULL
ORDER BY risk_score DESC, p.investor_id ASC
LIMIT 10;","[{""investor_id"": ""INV-001"", ""investor_name"": ""Arjun Iyer"", ""risk_score"": 100.0}, {""investor_id"": ""INV-021"", ""investor_name"": ""Arvind Chauhan"", ""risk_score"": 100.0}, {""investor_id"": ""INV-041"", ""investor_name"": ""Sneha Nair"", ""risk_score"": 100.0}, {""investor_id"": ""INV-061"", ""investor_name"": ""Kavita Sharma"", ""risk_score"": 100.0}, {""investor_id"": ""INV-081"", ""investor_name"": ""Bhavna Pandey"", ""risk_score"": 100.0}, {""investor_id"": ""INV-1001"", ""investor_name"": ""Vikram Singh"", ""risk_score"": 100.0}, {""investor_id"": ""INV-101"", ""investor_name"": ""Aishwarya Patel"", ""risk_score"": 100.0}, {""investor_id"": ""INV-1021"", ""investor_name"": ""Amit Joshi"", ""risk_score"": 100.0}, {""investor_id"": ""INV-1041"", ""investor_name"": ""Deepak Kulkarni"", ""risk_score"": 100.0}, {""investor_id"": ""INV-1061"", ""investor_name"": ""Vikram Verma"", ""risk_score"": 100.0}]"
wealth_management_multi_step_comparative_125_questions:MC125-025,wealth_management_multi_step_comparative_125_questions.csv,MC125-025,List the top 20 investors by total rebalance amount.,Investor composite ranking,Hard,Ranking,ATOM_ENTITY_INVESTOR_PROFILE_001; ATOM_EVENT_REBALANCING_ACTION_001,2,"SELECT p.investor_id, p.investor_name,
       ROUND(SUM(rb.amount),2) AS rebalance_amount
FROM ATOM_ENTITY_INVESTOR_PROFILE_001 p
     JOIN ATOM_EVENT_REBALANCING_ACTION_001 rb ON rb.investor_id=p.investor_id
GROUP BY p.investor_id, p.investor_name
ORDER BY rebalance_amount DESC, p.investor_id ASC
LIMIT 20;","[{""investor_id"": ""INV-1345"", ""investor_name"": ""Rajesh Verma"", ""rebalance_amount"": 1223864.0}, {""investor_id"": ""INV-1153"", ""investor_name"": ""Arvind Sharma"", ""rebalance_amount"": 1130071.0}, {""investor_id"": ""INV-1185"", ""investor_name"": ""Kavita Singh"", ""rebalance_amount"": 1111528.0}, {""investor_id"": ""INV-1393"", ""investor_name"": ""Rahul Iyer"", ""rebalance_amount"": 1077732.0}, {""investor_id"": ""INV-1378"", ""investor_name"": ""Anjali Joshi"", ""rebalance_amount"": 1059469.0}, {""investor_id"": ""INV-808"", ""investor_name"": ""Kavita Hegde"", ""rebalance_amount"": 1014571.0}, {""investor_id"": ""INV-754"", ""investor_name"": ""Ramesh Deshmukh"", ""rebalance_amount"": 1014148.0}, {""investor_id"": ""INV-259"", ""investor_name"": ""Sneha Yadav"", ""rebalance_amount"": 1002229.0}, {""investor_id"": ""INV-878"", ""investor_name"": ""Vikram Kulkarni"", ""rebalance_amount"": 994761.0}, {""investor_id"": ""INV-947"", ""investor_name"": ""Deepak Singh"", ""rebalance_amount"": 987507.0}, {""investor_id"": ""INV-1028"", ""investor_name"": ""Amrita Deshmukh"", ""rebalance_amount"": 977854.0}, {""investor_id"": ""INV-1222"", ""investor_name"": ""Siddharth Arora"", ""rebalance_amount"": 976993.0}, {""investor_id"": ""INV-1125"", ""investor_name"": ""Vikram Joshi"", ""rebalance_amount"": 975863.0}, {""investor_id"": ""INV-1061"", ""investor_name"": ""Vikram Verma"", ""rebalance_amount"": 971160.0}, {""investor_id"": ""INV-1047"", ""investor_name"": ""Anjali Hegde"", ""rebalance_amount"": 960932.0}, {""investor_id"": ""INV-644"", ""investor_name"": ""Abhishek Reddy"", ""rebalance_amount"": 959163.0}, {""investor_id"": ""INV-989"", ""investor_name"": ""Amrita Rao"", ""rebalance_amount"": 951086.0}, {""investor_id"": ""INV-447"", ""investor_name"": ""Amrita Sharma"", ""rebalance_amount"": 944139.0}, {""investor_id"": ""INV-044"", ""investor_name"": ""Ishita Sharma"", ""rebalance_amount"": 941084.0}, {""investor_id"": ""INV-1387"", ""investor_name"": ""Ishita Mehta"", ""rebalance_amount"": 938454.0}]"
wealth_management_multi_step_comparative_125_questions:MC125-029,wealth_management_multi_step_comparative_125_questions.csv,MC125-029,"Across risk tolerance, compare the average net cash flow, average signed cash-flow amount, and average scenario shift (new minus current allocation %) of investors.",Cross-dimension metric comparison,Hard,Multi-step Comparative,ATOM_ENTITY_INVESTOR_PROFILE_001; ATOM_EVENT_CASH_FLOW_001; ATOM_EVENT_SCENARIO_REBALANCING_001,3,"WITH cash AS (SELECT investor_id, SUM(amount) c_net, AVG(amount) c_avg, COUNT(*) c_cnt FROM ATOM_EVENT_CASH_FLOW_001 GROUP BY investor_id),
     scen AS (SELECT investor_id, AVG(new_allocation_pct-current_allocation_pct) s_shift, COUNT(*) s_cnt FROM ATOM_EVENT_SCENARIO_REBALANCING_001 GROUP BY investor_id)
SELECT p.risk_tolerance AS risk_tolerance,
       ROUND(AVG(cf.c_net),2) AS avg_net_cash_flow,
       ROUND(AVG(cf.c_avg),2) AS avg_cashflow_amount,
       ROUND(AVG(sc.s_shift),2) AS avg_scenario_shift,
       COUNT(DISTINCT p.investor_id) AS investor_count
FROM ATOM_ENTITY_INVESTOR_PROFILE_001 p
     LEFT JOIN cash cf ON cf.investor_id=p.investor_id
     LEFT JOIN scen sc ON sc.investor_id=p.investor_id
GROUP BY p.risk_tolerance
ORDER BY p.risk_tolerance;","[{""risk_tolerance"": null, ""avg_net_cash_flow"": 7844.03, ""avg_cashflow_amount"": 1629.62, ""avg_scenario_shift"": -0.71, ""investor_count"": 77}, {""risk_tolerance"": ""Aggressive"", ""avg_net_cash_flow"": 1652919.38, ""avg_cashflow_amount"": 282637.82, ""avg_scenario_shift"": -1.85, ""investor_count"": 486}, {""risk_tolerance"": ""Conservative"", ""avg_net_cash_flow"": 1600495.38, ""avg_cashflow_amount"": 273687.31, ""avg_scenario_shift"": -2.22, ""investor_count"": 502}, {""risk_tolerance"": ""Moderate"", ""avg_net_cash_flow"": 1037620.49, ""avg_cashflow_amount"": 186955.64, ""avg_scenario_shift"": 0.07, ""investor_count"": 485}]"
wealth_management_multi_step_comparative_125_questions:MC125-033,wealth_management_multi_step_comparative_125_questions.csv,MC125-033,"Across risk tolerance, compare the average total holding value, average holding return (counting only holdings with a recorded cost and current value), and average total sector investment of investors.",Cross-dimension metric comparison,Hard,Multi-step Comparative,ATOM_ENTITY_INVESTOR_PROFILE_001; ATOM_ENTITY_PORTFOLIO_HOLDING_001; ATOM_ENTITY_SECTOR_ALLOCATION_001,3,"WITH hold AS (SELECT o.investor_id, SUM(o.current_value) h_val, AVG(CASE WHEN o.cost > 0 AND o.current_value IS NOT NULL THEN o.returns_pct END) h_ret, SUM(CASE WHEN o.cost > 0 AND o.current_value IS NOT NULL THEN o.current_value - o.cost END) h_gain, SUM(o.dividends) h_div FROM ATOM_ENTITY_PORTFOLIO_HOLDING_001 o GROUP BY o.investor_id),
     alloc AS (SELECT investor_id, SUM(total_investment) a_inv, AVG(allocation_pct) a_pct FROM ATOM_ENTITY_SECTOR_ALLOCATION_001 GROUP BY investor_id)
SELECT p.risk_tolerance AS risk_tolerance,
       ROUND(AVG(ho.h_val),2) AS avg_holding_value,
       ROUND(AVG(ho.h_ret),2) AS avg_holding_return,
       ROUND(AVG(al.a_inv),2) AS avg_sector_investment,
       COUNT(DISTINCT p.investor_id) AS investor_count
FROM ATOM_ENTITY_INVESTOR_PROFILE_001 p
     LEFT JOIN hold ho ON ho.investor_id=p.investor_id
     LEFT JOIN alloc al ON al.investor_id=p.investor_id
GROUP BY p.risk_tolerance
ORDER BY p.risk_tolerance;","[{""risk_tolerance"": null, ""avg_holding_value"": 10459250.55, ""avg_holding_return"": 89.82, ""avg_sector_investment"": 837086.46, ""investor_count"": 77}, {""risk_tolerance"": ""Aggressive"", ""avg_holding_value"": 7772076.82, ""avg_holding_return"": 75.8, ""avg_sector_investment"": 905299.45, ""investor_count"": 486}, {""risk_tolerance"": ""Conservative"", ""avg_holding_value"": 7365637.73, ""avg_holding_return"": 64.68, ""avg_sector_investment"": 897105.65, ""investor_count"": 502}, {""risk_tolerance"": ""Moderate"", ""avg_holding_value"": 9186349.25, ""avg_holding_return"": 89.16, ""avg_sector_investment"": 944870.24, ""investor_count"": 485}]"
wealth_management_multi_step_comparative_125_questions:MC125-037,wealth_management_multi_step_comparative_125_questions.csv,MC125-037,"Across risk tolerance, compare the average rebalance amount, average rebalance shift (target minus current allocation %), and average total sector investment of investors.",Cross-dimension metric comparison,Hard,Multi-step Comparative,ATOM_ENTITY_INVESTOR_PROFILE_001; ATOM_ENTITY_SECTOR_ALLOCATION_001; ATOM_EVENT_REBALANCING_ACTION_001,3,"WITH reb AS (SELECT investor_id, SUM(amount) r_amt, AVG(target_allocation_pct-current_allocation_pct) r_shift, COUNT(*) r_cnt FROM ATOM_EVENT_REBALANCING_ACTION_001 GROUP BY investor_id),
     alloc AS (SELECT investor_id, SUM(total_investment) a_inv, AVG(allocation_pct) a_pct FROM ATOM_ENTITY_SECTOR_ALLOCATION_001 GROUP BY investor_id)
SELECT p.risk_tolerance AS risk_tolerance,
       ROUND(AVG(rb.r_amt),2) AS avg_rebalance_amount,
       ROUND(AVG(rb.r_shift),2) AS avg_rebalance_shift,
       ROUND(AVG(al.a_inv),2) AS avg_sector_investment,
       COUNT(DISTINCT p.investor_id) AS investor_count
FROM ATOM_ENTITY_INVESTOR_PROFILE_001 p
     LEFT JOIN reb rb ON rb.investor_id=p.investor_id
     LEFT JOIN alloc al ON al.investor_id=p.investor_id
GROUP BY p.risk_tolerance
ORDER BY p.risk_tolerance;","[{""risk_tolerance"": null, ""avg_rebalance_amount"": 415032.17, ""avg_rebalance_shift"": 0.43, ""avg_sector_investment"": 837086.46, ""investor_count"": 77}, {""risk_tolerance"": ""Aggressive"", ""avg_rebalance_amount"": 405853.84, ""avg_rebalance_shift"": -1.29, ""avg_sector_investment"": 905299.45, ""investor_count"": 486}, {""risk_tolerance"": ""Conservative"", ""avg_rebalance_amount"": 414995.35, ""avg_rebalance_shift"": 1.75, ""avg_sector_investment"": 897105.65, ""investor_count"": 502}, {""risk_tolerance"": ""Moderate"", ""avg_rebalance_amount"": 396592.36, ""avg_rebalance_shift"": -1.76, ""avg_sector_investment"": 944870.24, ""investor_count"": 485}]"
wealth_management_multi_step_comparative_125_questions:MC125-041,wealth_management_multi_step_comparative_125_questions.csv,MC125-041,"Across risk tolerance, compare the average total sector investment, average allocation percentage, and average scenario shift (new minus current allocation %) of investors.",Cross-dimension metric comparison,Hard,Multi-step Comparative,ATOM_ENTITY_INVESTOR_PROFILE_001; ATOM_ENTITY_SECTOR_ALLOCATION_001; ATOM_EVENT_SCENARIO_REBALANCING_001,3,"WITH alloc AS (SELECT investor_id, SUM(total_investment) a_inv, AVG(allocation_pct) a_pct FROM ATOM_ENTITY_SECTOR_ALLOCATION_001 GROUP BY investor_id),
     scen AS (SELECT investor_id, AVG(new_allocation_pct-current_allocation_pct) s_shift, COUNT(*) s_cnt FROM ATOM_EVENT_SCENARIO_REBALANCING_001 GROUP BY investor_id)
SELECT p.risk_tolerance AS risk_tolerance,
       ROUND(AVG(al.a_inv),2) AS avg_sector_investment,
       ROUND(AVG(al.a_pct),2) AS avg_allocation_pct,
       ROUND(AVG(sc.s_shift),2) AS avg_scenario_shift,
       COUNT(DISTINCT p.investor_id) AS investor_count
FROM ATOM_ENTITY_INVESTOR_PROFILE_001 p
     LEFT JOIN alloc al ON al.investor_id=p.investor_id
     LEFT JOIN scen sc ON sc.investor_id=p.investor_id
GROUP BY p.risk_tolerance
ORDER BY p.risk_tolerance;","[{""risk_tolerance"": null, ""avg_sector_investment"": 837086.46, ""avg_allocation_pct"": 15.32, ""avg_scenario_shift"": -0.71, ""investor_count"": 77}, {""risk_tolerance"": ""Aggressive"", ""avg_sector_investment"": 905299.45, ""avg_allocation_pct"": 14.91, ""avg_scenario_shift"": -1.85, ""investor_count"": 486}, {""risk_tolerance"": ""Conservative"", ""avg_sector_investment"": 897105.65, ""avg_allocation_pct"": 15.23, ""avg_scenario_shift"": -2.22, ""investor_count"": 502}, {""risk_tolerance"": ""Moderate"", ""avg_sector_investment"": 944870.24, ""avg_allocation_pct"": 15.54, ""avg_scenario_shift"": 0.07, ""investor_count"": 485}]"
wealth_management_multi_step_comparative_125_questions:MC125-045,wealth_management_multi_step_comparative_125_questions.csv,MC125-045,"Across risk tolerance, compare the average scenario shift (new minus current allocation %), average scenario count (0 for investors with no scenario records), and average goal progress of investors.",Cross-dimension metric comparison,Hard,Multi-step Comparative,ATOM_ENTITY_INVESTMENT_GOAL_001; ATOM_ENTITY_INVESTOR_PROFILE_001; ATOM_EVENT_SCENARIO_REBALANCING_001,3,"WITH scen AS (SELECT investor_id, AVG(new_allocation_pct-current_allocation_pct) s_shift, COUNT(*) s_cnt FROM ATOM_EVENT_SCENARIO_REBALANCING_001 GROUP BY investor_id),
     goals AS (SELECT investor_id, AVG(progress_pct) g_prog, AVG(shortfall) g_short, AVG(avg_annual_return_pct) g_ret, AVG(avg_volatility_pct) g_vol FROM ATOM_ENTITY_INVESTMENT_GOAL_001 GROUP BY investor_id)
SELECT p.risk_tolerance AS risk_tolerance,
       ROUND(AVG(sc.s_shift),2) AS avg_scenario_shift,
       ROUND(AVG(COALESCE(sc.s_cnt,0)),2) AS avg_scenario_count,
       ROUND(AVG(g.g_prog),2) AS avg_goal_progress,
       COUNT(DISTINCT p.investor_id) AS investor_count
FROM ATOM_ENTITY_INVESTOR_PROFILE_001 p
     LEFT JOIN scen sc ON sc.investor_id=p.investor_id
     LEFT JOIN goals g ON g.investor_id=p.investor_id
GROUP BY p.risk_tolerance
ORDER BY p.risk_tolerance;","[{""risk_tolerance"": null, ""avg_scenario_shift"": -0.71, ""avg_scenario_count"": 1.14, ""avg_goal_progress"": 46.45, ""investor_count"": 77}, {""risk_tolerance"": ""Aggressive"", ""avg_scenario_shift"": -1.85, ""avg_scenario_count"": 1.02, ""avg_goal_progress"": 39.76, ""investor_count"": 486}, {""risk_tolerance"": ""Conservative"", ""avg_scenario_shift"": -2.22, ""avg_scenario_count"": 0.97, ""avg_goal_progress"": 38.25, ""investor_count"": 502}, {""risk_tolerance"": ""Moderate"", ""avg_scenario_shift"": 0.07, ""avg_scenario_count"": 0.99, ""avg_goal_progress"": 41.21, ""investor_count"": 485}]"
wealth_management_multi_step_comparative_125_questions:MC125-049,wealth_management_multi_step_comparative_125_questions.csv,MC125-049,"Among investors with every component recorded, list the top 10 ranked by a composite score defined as net cash flow plus total rebalance amount (all components in INR); break ties by investor_id.",Investor composite ranking,Expert,Composite Reasoning,ATOM_ENTITY_INVESTOR_PROFILE_001; ATOM_EVENT_CASH_FLOW_001; ATOM_EVENT_REBALANCING_ACTION_001,3,"WITH cash AS (SELECT investor_id, SUM(amount) c_net FROM ATOM_EVENT_CASH_FLOW_001 GROUP BY investor_id),
     reb AS (SELECT investor_id, SUM(amount) r_amt FROM ATOM_EVENT_REBALANCING_ACTION_001 GROUP BY investor_id)
SELECT p.investor_id, p.investor_name,
       ROUND(cf.c_net + rb.r_amt,2) AS composite_score,
       ROUND(cf.c_net,2) AS net_cash_flow,
       ROUND(rb.r_amt,2) AS rebalance_amount
FROM ATOM_ENTITY_INVESTOR_PROFILE_001 p
     LEFT JOIN cash cf ON cf.investor_id=p.investor_id
     LEFT JOIN reb rb ON rb.investor_id=p.investor_id
WHERE cf.c_net IS NOT NULL AND rb.r_amt IS NOT NULL
ORDER BY composite_score DESC, p.investor_id ASC
LIMIT 10;","[{""investor_id"": ""INV-1322"", ""investor_name"": ""Bhavna Gupta"", ""composite_score"": 100700368.0, ""net_cash_flow"": 100013945.0, ""rebalance_amount"": 686423.0}, {""investor_id"": ""INV-1522"", ""investor_name"": ""Sunita Kulkarni"", ""composite_score"": 100690036.0, ""net_cash_flow"": 100014834.0, ""rebalance_amount"": 675202.0}, {""investor_id"": ""INV-642"", ""investor_name"": ""Priyanka Mishra"", ""composite_score"": 100678219.0, ""net_cash_flow"": 100016395.0, ""rebalance_amount"": 661824.0}, {""investor_id"": ""INV-362"", ""investor_name"": ""Siddharth Kulkarni"", ""composite_score"": 100599071.0, ""net_cash_flow"": 100003574.0, ""rebalance_amount"": 595497.0}, {""investor_id"": ""INV-162"", ""investor_name"": ""Suresh Joshi"", ""composite_score"": 100558701.0, ""net_cash_flow"": 100002561.0, ""rebalance_amount"": 556140.0}, {""investor_id"": ""INV-202"", ""investor_name"": ""Chetan Patel"", ""composite_score"": 100557462.0, ""net_cash_flow"": 100017961.0, ""rebalance_amount"": 539501.0}, {""investor_id"": ""INV-402"", ""investor_name"": ""Anita Kulkarni"", ""composite_score"": 100541354.0, ""net_cash_flow"": 100000457.0, ""rebalance_amount"": 540897.0}, {""investor_id"": ""INV-1042"", ""investor_name"": ""Rajesh Kulkarni"", ""composite_score"": 100511876.0, ""net_cash_flow"": 100011994.0, ""rebalance_amount"": 499882.0}, {""investor_id"": ""INV-1122"", ""investor_name"": ""Deepak Sharma"", ""composite_score"": 100500342.0, ""net_cash_flow"": 100006313.0, ""rebalance_amount"": 494029.0}, {""investor_id"": ""INV-1082"", ""investor_name"": ""Suresh Verma"", ""composite_score"": 100471027.0, ""net_cash_flow"": 100006214.0, ""rebalance_amount"": 464813.0}]"
wealth_management_multi_step_comparative_125_questions:MC125-053,wealth_management_multi_step_comparative_125_questions.csv,MC125-053,"Among investors with every component recorded, list the top 10 ranked by a composite score defined as net cash flow minus average goal shortfall (all components in INR); break ties by investor_id.",Investor composite ranking,Expert,Composite Reasoning,ATOM_ENTITY_INVESTMENT_GOAL_001; ATOM_ENTITY_INVESTOR_PROFILE_001; ATOM_EVENT_CASH_FLOW_001,3,"WITH cash AS (SELECT investor_id, SUM(amount) c_net FROM ATOM_EVENT_CASH_FLOW_001 GROUP BY investor_id),
     goals AS (SELECT investor_id, AVG(shortfall) g_short FROM ATOM_ENTITY_INVESTMENT_GOAL_001 GROUP BY investor_id)
SELECT p.investor_id, p.investor_name,
       ROUND(cf.c_net - g.g_short,2) AS composite_score,
       ROUND(cf.c_net,2) AS net_cash_flow,
       ROUND(g.g_short,2) AS goal_shortfall
FROM ATOM_ENTITY_INVESTOR_PROFILE_001 p
     LEFT JOIN cash cf ON cf.investor_id=p.investor_id
     LEFT JOIN goals g ON g.investor_id=p.investor_id
WHERE cf.c_net IS NOT NULL AND g.g_short IS NOT NULL
ORDER BY composite_score DESC, p.investor_id ASC
LIMIT 10;","[{""investor_id"": ""INV-522"", ""investor_name"": ""Siddharth Chauhan"", ""composite_score"": 100724765.41, ""net_cash_flow"": 100009757.0, ""goal_shortfall"": -715008.41}, {""investor_id"": ""INV-762"", ""investor_name"": ""Chetan Pandey"", ""composite_score"": 100557090.72, ""net_cash_flow"": 100003558.0, ""goal_shortfall"": -553532.72}, {""investor_id"": ""INV-122"", ""investor_name"": ""Dipti Gupta"", ""composite_score"": 100420391.74, ""net_cash_flow"": 100018438.0, ""goal_shortfall"": -401953.74}, {""investor_id"": ""INV-642"", ""investor_name"": ""Priyanka Mishra"", ""composite_score"": 99986754.15, ""net_cash_flow"": 100016395.0, ""goal_shortfall"": 29640.85}, {""investor_id"": ""INV-1122"", ""investor_name"": ""Deepak Sharma"", ""composite_score"": 99689513.03, ""net_cash_flow"": 100006313.0, ""goal_shortfall"": 316799.97}, {""investor_id"": ""INV-042"", ""investor_name"": ""Suresh Bhat"", ""composite_score"": 99470649.1, ""net_cash_flow"": 99999255.0, ""goal_shortfall"": 528605.9}, {""investor_id"": ""INV-802"", ""investor_name"": ""Sunita Arora"", ""composite_score"": 99358538.33, ""net_cash_flow"": 100006527.0, ""goal_shortfall"": 647988.67}, {""investor_id"": ""INV-602"", ""investor_name"": ""Sneha Bhat"", ""composite_score"": 99000636.0, ""net_cash_flow"": 100000636.0, ""goal_shortfall"": 1000000.0}, {""investor_id"": ""INV-082"", ""investor_name"": ""Amit Chauhan"", ""composite_score"": 98893227.26, ""net_cash_flow"": 100015142.0, ""goal_shortfall"": 1121914.74}, {""investor_id"": ""INV-1202"", ""investor_name"": ""Sunita Sharma"", ""composite_score"": 98784848.35, ""net_cash_flow"": 100004184.0, ""goal_shortfall"": 1219335.65}]"
wealth_management_multi_step_comparative_125_questions:MC125-057,wealth_management_multi_step_comparative_125_questions.csv,MC125-057,"List the top 10 investors ranked by a composite score (0-100 index) combining total holding gain (counting only holdings with a recorded cost and current value) and risk score. Over investors that have both components, min-max normalise each component to 0-1, and take 100 times their equal-weighted mean; break ties by investor_id.",Investor composite ranking,Expert,Composite Reasoning,ATOM_ENTITY_INVESTOR_PROFILE_001; ATOM_ENTITY_PORTFOLIO_HEALTH_001; ATOM_ENTITY_PORTFOLIO_HOLDING_001,3,"WITH hold AS (SELECT o.investor_id, SUM(o.current_value-o.cost) h_gain FROM ATOM_ENTITY_PORTFOLIO_HOLDING_001 o WHERE o.cost > 0 AND o.current_value IS NOT NULL GROUP BY o.investor_id),
     per AS (SELECT p.investor_id, p.investor_name,
                 ho.h_gain AS holding_gain,
                 h.risk_score AS risk_score
              FROM ATOM_ENTITY_INVESTOR_PROFILE_001 p
              LEFT JOIN hold ho ON ho.investor_id=p.investor_id
              LEFT JOIN ATOM_ENTITY_PORTFOLIO_HEALTH_001 h ON h.investor_id=p.investor_id
              WHERE ho.h_gain IS NOT NULL AND h.risk_score IS NOT NULL),
     b AS (SELECT MIN(holding_gain) mn_0, MAX(holding_gain) mx_0, MIN(risk_score) mn_1, MAX(risk_score) mx_1 FROM per)
SELECT per.investor_id, per.investor_name,
       ROUND(100.0*((holding_gain-b.mn_0)*1.0/NULLIF(b.mx_0-b.mn_0,0) + (risk_score-b.mn_1)*1.0/NULLIF(b.mx_1-b.mn_1,0))/2.0,2) AS composite_score,
       ROUND(per.holding_gain,2) AS holding_gain,
       ROUND(per.risk_score,2) AS risk_score
FROM per, b
ORDER BY composite_score DESC, per.investor_id ASC
LIMIT 10;","[{""investor_id"": ""INV-1233"", ""investor_name"": ""Suresh Rao"", ""composite_score"": 86.31, ""holding_gain"": 98787218.5, ""risk_score"": 74.13}, {""investor_id"": ""INV-693"", ""investor_name"": ""Rohan Mehta"", ""composite_score"": 83.46, ""holding_gain"": 99528443.5, ""risk_score"": 67.71}, {""investor_id"": ""INV-1323"", ""investor_name"": ""Bhavna Bhat"", ""composite_score"": 75.0, ""holding_gain"": 100332508.0, ""risk_score"": 50.0}, {""investor_id"": ""INV-1023"", ""investor_name"": ""Priyanka Joshi"", ""composite_score"": 72.6, ""holding_gain"": 95466765.5, ""risk_score"": 50.0}, {""investor_id"": ""INV-663"", ""investor_name"": ""Siddharth Yadav"", ""composite_score"": 70.6, ""holding_gain"": 91387689.5, ""risk_score"": 50.0}, {""investor_id"": ""INV-1263"", ""investor_name"": ""Sunita Gupta"", ""composite_score"": 70.49, ""holding_gain"": 91171559.0, ""risk_score"": 50.0}, {""investor_id"": ""INV-723"", ""investor_name"": ""Aishwarya Joshi"", ""composite_score"": 69.07, ""holding_gain"": 88293974.0, ""risk_score"": 50.0}, {""investor_id"": ""INV-183"", ""investor_name"": ""Sneha Mishra"", ""composite_score"": 68.83, ""holding_gain"": 87803540.5, ""risk_score"": 50.0}, {""investor_id"": ""INV-393"", ""investor_name"": ""Amrita Pandey"", ""composite_score"": 67.76, ""holding_gain"": 54360917.5, ""risk_score"": 80.79}, {""investor_id"": ""INV-213"", ""investor_name"": ""Suresh Mishra"", ""composite_score"": 67.03, ""holding_gain"": 87799432.5, ""risk_score"": 46.4}]"
wealth_management_multi_step_comparative_125_questions:MC125-061,wealth_management_multi_step_comparative_125_questions.csv,MC125-061,"Across risk tolerance, compare the average net cash flow, average signed cash-flow amount, average total holding value, and average rebalance amount of investors.",Cross-dimension metric comparison,Expert,Multi-step Comparative,ATOM_ENTITY_INVESTOR_PROFILE_001; ATOM_ENTITY_PORTFOLIO_HOLDING_001; ATOM_EVENT_CASH_FLOW_001; ATOM_EVENT_REBALANCING_ACTION_001,4,"WITH cash AS (SELECT investor_id, SUM(amount) c_net, AVG(amount) c_avg, COUNT(*) c_cnt FROM ATOM_EVENT_CASH_FLOW_001 GROUP BY investor_id),
     hold AS (SELECT investor_id, SUM(current_value) h_val, AVG(returns_pct) h_ret, SUM(current_value-cost) h_gain, SUM(dividends) h_div FROM ATOM_ENTITY_PORTFOLIO_HOLDING_001 GROUP BY investor_id),
     reb AS (SELECT investor_id, SUM(amount) r_amt, AVG(target_allocation_pct-current_allocation_pct) r_shift, COUNT(*) r_cnt FROM ATOM_EVENT_REBALANCING_ACTION_001 GROUP BY investor_id)
SELECT p.risk_tolerance AS risk_tolerance,
       ROUND(AVG(cf.c_net),2) AS avg_net_cash_flow,
       ROUND(AVG(cf.c_avg),2) AS avg_cashflow_amount,
       ROUND(AVG(ho.h_val),2) AS avg_holding_value,
       ROUND(AVG(rb.r_amt),2) AS avg_rebalance_amount,
       COUNT(DISTINCT p.investor_id) AS investor_count
FROM ATOM_ENTITY_INVESTOR_PROFILE_001 p
     LEFT JOIN cash cf ON cf.investor_id=p.investor_id
     LEFT JOIN hold ho ON ho.investor_id=p.investor_id
     LEFT JOIN reb rb ON rb.investor_id=p.investor_id
GROUP BY p.risk_tolerance
ORDER BY p.risk_tolerance;","[{""risk_tolerance"": null, ""avg_net_cash_flow"": 7844.03, ""avg_cashflow_amount"": 1629.62, ""avg_holding_value"": 10459250.55, ""avg_rebalance_amount"": 415032.17, ""investor_count"": 77}, {""risk_tolerance"": ""Aggressive"", ""avg_net_cash_flow"": 1652919.38, ""avg_cashflow_amount"": 282637.82, ""avg_holding_value"": 7772076.82, ""avg_rebalance_amount"": 405853.84, ""investor_count"": 486}, {""risk_tolerance"": ""Conservative"", ""avg_net_cash_flow"": 1600495.38, ""avg_cashflow_amount"": 273687.31, ""avg_holding_value"": 7365637.73, ""avg_rebalance_amount"": 414995.35, ""investor_count"": 502}, {""risk_tolerance"": ""Moderate"", ""avg_net_cash_flow"": 1037620.49, ""avg_cashflow_amount"": 186955.64, ""avg_holding_value"": 9186349.25, ""avg_rebalance_amount"": 396592.36, ""investor_count"": 485}]"
wealth_management_multi_step_comparative_125_questions:MC125-065,wealth_management_multi_step_comparative_125_questions.csv,MC125-065,"Across risk tolerance, compare the average net cash flow, average cash-flow amount, average total holding value, and average goal progress of investors.",Cross-dimension metric comparison,Expert,Multi-step Comparative,ATOM_ENTITY_INVESTMENT_GOAL_001; ATOM_ENTITY_INVESTOR_PROFILE_001; ATOM_ENTITY_PORTFOLIO_HOLDING_001; ATOM_EVENT_CASH_FLOW_001,4,"WITH cash AS (SELECT investor_id, SUM(amount) c_net, AVG(amount) c_avg, COUNT(*) c_cnt FROM ATOM_EVENT_CASH_FLOW_001 GROUP BY investor_id),
     hold AS (SELECT investor_id, SUM(current_value) h_val, AVG(returns_pct) h_ret, SUM(current_value-cost) h_gain, SUM(dividends) h_div FROM ATOM_ENTITY_PORTFOLIO_HOLDING_001 GROUP BY investor_id),
     goals AS (SELECT investor_id, AVG(progress_pct) g_prog, AVG(shortfall) g_short, AVG(avg_annual_return_pct) g_ret, AVG(avg_volatility_pct) g_vol FROM ATOM_ENTITY_INVESTMENT_GOAL_001 GROUP BY investor_id)
SELECT p.risk_tolerance AS risk_tolerance,
       ROUND(AVG(cf.c_net),2) AS avg_net_cash_flow,
       ROUND(AVG(cf.c_avg),2) AS avg_cashflow_amount,
       ROUND(AVG(ho.h_val),2) AS avg_holding_value,
       ROUND(AVG(g.g_prog),2) AS avg_goal_progress,
       COUNT(DISTINCT p.investor_id) AS investor_count
FROM ATOM_ENTITY_INVESTOR_PROFILE_001 p
     LEFT JOIN cash cf ON cf.investor_id=p.investor_id
     LEFT JOIN hold ho ON ho.investor_id=p.investor_id
     LEFT JOIN goals g ON g.investor_id=p.investor_id
GROUP BY p.risk_tolerance
ORDER BY p.risk_tolerance;","[{""risk_tolerance"": null, ""avg_net_cash_flow"": 7844.03, ""avg_cashflow_amount"": 1629.62, ""avg_holding_value"": 10459250.55, ""avg_goal_progress"": 46.45, ""investor_count"": 77}, {""risk_tolerance"": ""Aggressive"", ""avg_net_cash_flow"": 1652919.38, ""avg_cashflow_amount"": 282637.82, ""avg_holding_value"": 7772076.82, ""avg_goal_progress"": 39.76, ""investor_count"": 486}, {""risk_tolerance"": ""Conservative"", ""avg_net_cash_flow"": 1600495.38, ""avg_cashflow_amount"": 273687.31, ""avg_holding_value"": 7365637.73, ""avg_goal_progress"": 38.25, ""investor_count"": 502}, {""risk_tolerance"": ""Moderate"", ""avg_net_cash_flow"": 1037620.49, ""avg_cashflow_amount"": 186955.64, ""avg_holding_value"": 9186349.25, ""avg_goal_progress"": 41.21, ""investor_count"": 485}]"
wealth_management_multi_step_comparative_125_questions:MC125-069,wealth_management_multi_step_comparative_125_questions.csv,MC125-069,"Across risk tolerance, compare the average net cash flow, average cash-flow amount, average total rebalance amount, and average goal progress of investors.",Cross-dimension metric comparison,Expert,Multi-step Comparative,ATOM_ENTITY_INVESTMENT_GOAL_001; ATOM_ENTITY_INVESTOR_PROFILE_001; ATOM_EVENT_CASH_FLOW_001; ATOM_EVENT_REBALANCING_ACTION_001,4,"WITH cash AS (SELECT investor_id, SUM(amount) c_net, AVG(amount) c_avg, COUNT(*) c_cnt FROM ATOM_EVENT_CASH_FLOW_001 GROUP BY investor_id),
     reb AS (SELECT investor_id, SUM(amount) r_amt, AVG(target_allocation_pct-current_allocation_pct) r_shift, COUNT(*) r_cnt FROM ATOM_EVENT_REBALANCING_ACTION_001 GROUP BY investor_id),
     goals AS (SELECT investor_id, AVG(progress_pct) g_prog, AVG(shortfall) g_short, AVG(avg_annual_return_pct) g_ret, AVG(avg_volatility_pct) g_vol FROM ATOM_ENTITY_INVESTMENT_GOAL_001 GROUP BY investor_id)
SELECT p.risk_tolerance AS risk_tolerance,
       ROUND(AVG(cf.c_net),2) AS avg_net_cash_flow,
       ROUND(AVG(cf.c_avg),2) AS avg_cashflow_amount,
       ROUND(AVG(rb.r_amt),2) AS avg_rebalance_amount,
       ROUND(AVG(g.g_prog),2) AS avg_goal_progress,
       COUNT(DISTINCT p.investor_id) AS investor_count
FROM ATOM_ENTITY_INVESTOR_PROFILE_001 p
     LEFT JOIN cash cf ON cf.investor_id=p.investor_id
     LEFT JOIN reb rb ON rb.investor_id=p.investor_id
     LEFT JOIN goals g ON g.investor_id=p.investor_id
GROUP BY p.risk_tolerance
ORDER BY p.risk_tolerance;","[{""risk_tolerance"": null, ""avg_net_cash_flow"": 7844.03, ""avg_cashflow_amount"": 1629.62, ""avg_rebalance_amount"": 415032.17, ""avg_goal_progress"": 46.45, ""investor_count"": 77}, {""risk_tolerance"": ""Aggressive"", ""avg_net_cash_flow"": 1652919.38, ""avg_cashflow_amount"": 282637.82, ""avg_rebalance_amount"": 405853.84, ""avg_goal_progress"": 39.76, ""investor_count"": 486}, {""risk_tolerance"": ""Conservative"", ""avg_net_cash_flow"": 1600495.38, ""avg_cashflow_amount"": 273687.31, ""avg_rebalance_amount"": 414995.35, ""avg_goal_progress"": 38.25, ""investor_count"": 502}, {""risk_tolerance"": ""Moderate"", ""avg_net_cash_flow"": 1037620.49, ""avg_cashflow_amount"": 186955.64, ""avg_rebalance_amount"": 396592.36, ""avg_goal_progress"": 41.21, ""investor_count"": 485}]"
wealth_management_multi_step_comparative_125_questions:MC125-073,wealth_management_multi_step_comparative_125_questions.csv,MC125-073,"Across risk tolerance, compare the average net cash flow, average cash-flow amount, average scenario allocation shift (new minus current allocation %), and average risk score of investors.",Cross-dimension metric comparison,Expert,Multi-step Comparative,ATOM_ENTITY_INVESTOR_PROFILE_001; ATOM_ENTITY_PORTFOLIO_HEALTH_001; ATOM_EVENT_CASH_FLOW_001; ATOM_EVENT_SCENARIO_REBALANCING_001,4,"WITH cash AS (SELECT investor_id, SUM(amount) c_net, AVG(amount) c_avg, COUNT(*) c_cnt FROM ATOM_EVENT_CASH_FLOW_001 GROUP BY investor_id),
     scen AS (SELECT investor_id, AVG(new_allocation_pct-current_allocation_pct) s_shift, COUNT(*) s_cnt FROM ATOM_EVENT_SCENARIO_REBALANCING_001 GROUP BY investor_id)
SELECT p.risk_tolerance AS risk_tolerance,
       ROUND(AVG(cf.c_net),2) AS avg_net_cash_flow,
       ROUND(AVG(cf.c_avg),2) AS avg_cashflow_amount,
       ROUND(AVG(sc.s_shift),2) AS avg_scenario_shift,
       ROUND(AVG(h.risk_score),2) AS avg_risk_score,
       COUNT(DISTINCT p.investor_id) AS investor_count
FROM ATOM_ENTITY_INVESTOR_PROFILE_001 p
     LEFT JOIN cash cf ON cf.investor_id=p.investor_id
     LEFT JOIN scen sc ON sc.investor_id=p.investor_id
     LEFT JOIN ATOM_ENTITY_PORTFOLIO_HEALTH_001 h ON h.investor_id=p.investor_id
GROUP BY p.risk_tolerance
ORDER BY p.risk_tolerance;","[{""risk_tolerance"": null, ""avg_net_cash_flow"": 7844.03, ""avg_cashflow_amount"": 1629.62, ""avg_scenario_shift"": -0.71, ""avg_risk_score"": 55.31, ""investor_count"": 77}, {""risk_tolerance"": ""Aggressive"", ""avg_net_cash_flow"": 1652919.38, ""avg_cashflow_amount"": 282637.82, ""avg_scenario_shift"": -1.85, ""avg_risk_score"": 49.12, ""investor_count"": 486}, {""risk_tolerance"": ""Conservative"", ""avg_net_cash_flow"": 1600495.38, ""avg_cashflow_amount"": 273687.31, ""avg_scenario_shift"": -2.22, ""avg_risk_score"": 51.7, ""investor_count"": 502}, {""risk_tolerance"": ""Moderate"", ""avg_net_cash_flow"": 1037620.49, ""avg_cashflow_amount"": 186955.64, ""avg_scenario_shift"": 0.07, ""avg_risk_score"": 49.29, ""investor_count"": 485}]"
wealth_management_multi_step_comparative_125_questions:MC125-077,wealth_management_multi_step_comparative_125_questions.csv,MC125-077,"Across risk tolerance, compare the average total holding value, average holding return (counting only holdings with a recorded cost and current value), average total rebalance amount, and average scenario allocation shift (new minus current allocation %) of investors.",Cross-dimension metric comparison,Expert,Multi-step Comparative,ATOM_ENTITY_INVESTOR_PROFILE_001; ATOM_ENTITY_PORTFOLIO_HOLDING_001; ATOM_EVENT_REBALANCING_ACTION_001; ATOM_EVENT_SCENARIO_REBALANCING_001,4,"WITH hold AS (SELECT o.investor_id, SUM(o.current_value) h_val, AVG(CASE WHEN o.cost > 0 AND o.current_value IS NOT NULL THEN o.returns_pct END) h_ret, SUM(CASE WHEN o.cost > 0 AND o.current_value IS NOT NULL THEN o.current_value-o.cost END) h_gain, SUM(o.dividends) h_div FROM ATOM_ENTITY_PORTFOLIO_HOLDING_001 o GROUP BY o.investor_id),
     reb AS (SELECT investor_id, SUM(amount) r_amt, AVG(target_allocation_pct-current_allocation_pct) r_shift, COUNT(*) r_cnt FROM ATOM_EVENT_REBALANCING_ACTION_001 GROUP BY investor_id),
     scen AS (SELECT investor_id, AVG(new_allocation_pct-current_allocation_pct) s_shift, COUNT(*) s_cnt FROM ATOM_EVENT_SCENARIO_REBALANCING_001 GROUP BY investor_id)
SELECT p.risk_tolerance AS risk_tolerance,
       ROUND(AVG(ho.h_val),2) AS avg_holding_value,
       ROUND(AVG(ho.h_ret),2) AS avg_holding_return,
       ROUND(AVG(rb.r_amt),2) AS avg_rebalance_amount,
       ROUND(AVG(sc.s_shift),2) AS avg_scenario_shift,
       COUNT(DISTINCT p.investor_id) AS investor_count
FROM ATOM_ENTITY_INVESTOR_PROFILE_001 p
     LEFT JOIN hold ho ON ho.investor_id=p.investor_id
     LEFT JOIN reb rb ON rb.investor_id=p.investor_id
     LEFT JOIN scen sc ON sc.investor_id=p.investor_id
GROUP BY p.risk_tolerance
ORDER BY p.risk_tolerance;","[{""risk_tolerance"": null, ""avg_holding_value"": 10459250.55, ""avg_holding_return"": 89.82, ""avg_rebalance_amount"": 415032.17, ""avg_scenario_shift"": -0.71, ""investor_count"": 77}, {""risk_tolerance"": ""Aggressive"", ""avg_holding_value"": 7772076.82, ""avg_holding_return"": 75.8, ""avg_rebalance_amount"": 405853.84, ""avg_scenario_shift"": -1.85, ""investor_count"": 486}, {""risk_tolerance"": ""Conservative"", ""avg_holding_value"": 7365637.73, ""avg_holding_return"": 64.68, ""avg_rebalance_amount"": 414995.35, ""avg_scenario_shift"": -2.22, ""investor_count"": 502}, {""risk_tolerance"": ""Moderate"", ""avg_holding_value"": 9186349.25, ""avg_holding_return"": 89.16, ""avg_rebalance_amount"": 396592.36, ""avg_scenario_shift"": 0.07, ""investor_count"": 485}]"
wealth_management_multi_step_comparative_125_questions:MC125-081,wealth_management_multi_step_comparative_125_questions.csv,MC125-081,"Among investors with every component recorded, list the top 10 ranked by a composite score defined as net cash flow plus total holding gain (counting only holdings with a recorded cost and current value) plus total rebalance amount (all components in INR); break ties by investor_id.",Investor composite ranking,Expert,Composite Reasoning,ATOM_ENTITY_INVESTOR_PROFILE_001; ATOM_ENTITY_PORTFOLIO_HOLDING_001; ATOM_EVENT_CASH_FLOW_001; ATOM_EVENT_REBALANCING_ACTION_001,4,"WITH cash AS (SELECT investor_id, SUM(amount) c_net FROM ATOM_EVENT_CASH_FLOW_001 GROUP BY investor_id),
     hold AS (SELECT o.investor_id, SUM(o.current_value-o.cost) h_gain FROM ATOM_ENTITY_PORTFOLIO_HOLDING_001 o WHERE o.cost > 0 AND o.current_value IS NOT NULL GROUP BY o.investor_id),
     reb AS (SELECT investor_id, SUM(amount) r_amt FROM ATOM_EVENT_REBALANCING_ACTION_001 GROUP BY investor_id)
SELECT p.investor_id, p.investor_name,
       ROUND(cf.c_net + ho.h_gain + rb.r_amt,2) AS composite_score,
       ROUND(cf.c_net,2) AS net_cash_flow,
       ROUND(ho.h_gain,2) AS holding_gain,
       ROUND(rb.r_amt,2) AS rebalance_amount
FROM ATOM_ENTITY_INVESTOR_PROFILE_001 p
     LEFT JOIN cash cf ON cf.investor_id=p.investor_id
     LEFT JOIN hold ho ON ho.investor_id=p.investor_id
     LEFT JOIN reb rb ON rb.investor_id=p.investor_id
WHERE cf.c_net IS NOT NULL AND ho.h_gain IS NOT NULL AND rb.r_amt IS NOT NULL
ORDER BY composite_score DESC, p.investor_id ASC
LIMIT 10;","[{""investor_id"": ""INV-1482"", ""investor_name"": ""Aishwarya Joshi"", ""composite_score"": 103496975.5, ""net_cash_flow"": 100005610.0, ""holding_gain"": 3116853.5, ""rebalance_amount"": 374512.0}, {""investor_id"": ""INV-282"", ""investor_name"": ""Anita Deshmukh"", ""composite_score"": 103426297.0, ""net_cash_flow"": 100006303.0, ""holding_gain"": 3209982.0, ""rebalance_amount"": 210012.0}, {""investor_id"": ""INV-482"", ""investor_name"": ""Deepak Mishra"", ""composite_score"": 103405667.5, ""net_cash_flow"": 100015961.0, ""holding_gain"": 2977244.5, ""rebalance_amount"": 412462.0}, {""investor_id"": ""INV-1122"", ""investor_name"": ""Deepak Sharma"", ""composite_score"": 103187843.0, ""net_cash_flow"": 100006313.0, ""holding_gain"": 2687501.0, ""rebalance_amount"": 494029.0}, {""investor_id"": ""INV-162"", ""investor_name"": ""Suresh Joshi"", ""composite_score"": 103166791.5, ""net_cash_flow"": 100002561.0, ""holding_gain"": 2608090.5, ""rebalance_amount"": 556140.0}, {""investor_id"": ""INV-1242"", ""investor_name"": ""Rajesh Arora"", ""composite_score"": 103022138.0, ""net_cash_flow"": 100000285.0, ""holding_gain"": 2966105.0, ""rebalance_amount"": 55748.0}, {""investor_id"": ""INV-1322"", ""investor_name"": ""Bhavna Gupta"", ""composite_score"": 102803243.5, ""net_cash_flow"": 100013945.0, ""holding_gain"": 2102875.5, ""rebalance_amount"": 686423.0}, {""investor_id"": ""INV-1402"", ""investor_name"": ""Dipti Yadav"", ""composite_score"": 102658134.0, ""net_cash_flow"": 100003452.0, ""holding_gain"": 2536341.0, ""rebalance_amount"": 118341.0}, {""investor_id"": ""INV-1042"", ""investor_name"": ""Rajesh Kulkarni"", ""composite_score"": 102622808.5, ""net_cash_flow"": 100011994.0, ""holding_gain"": 2110932.5, ""rebalance_amount"": 499882.0}, {""investor_id"": ""INV-1522"", ""investor_name"": ""Sunita Kulkarni"", ""composite_score"": 102299592.5, ""net_cash_flow"": 100014834.0, ""holding_gain"": 1609556.5, ""rebalance_amount"": 675202.0}]"
wealth_management_multi_step_comparative_125_questions:MC125-085,wealth_management_multi_step_comparative_125_questions.csv,MC125-085,"Among investors with every component recorded, list the top 10 ranked by a composite score defined as net cash flow plus total holding gain (counting only holdings with a recorded cost and current value) minus average goal shortfall (all components in INR); break ties by investor_id.",Investor composite ranking,Expert,Composite Reasoning,ATOM_ENTITY_INVESTMENT_GOAL_001; ATOM_ENTITY_INVESTOR_PROFILE_001; ATOM_ENTITY_PORTFOLIO_HOLDING_001; ATOM_EVENT_CASH_FLOW_001,4,"WITH cash AS (SELECT investor_id, SUM(amount) c_net FROM ATOM_EVENT_CASH_FLOW_001 GROUP BY investor_id),
     hold AS (SELECT o.investor_id, SUM(o.current_value-o.cost) h_gain FROM ATOM_ENTITY_PORTFOLIO_HOLDING_001 o WHERE o.cost > 0 AND o.current_value IS NOT NULL GROUP BY o.investor_id),
     goals AS (SELECT investor_id, AVG(shortfall) g_short FROM ATOM_ENTITY_INVESTMENT_GOAL_001 GROUP BY investor_id)
SELECT p.investor_id, p.investor_name,
       ROUND(cf.c_net + ho.h_gain - g.g_short,2) AS composite_score,
       ROUND(cf.c_net,2) AS net_cash_flow,
       ROUND(ho.h_gain,2) AS holding_gain,
       ROUND(g.g_short,2) AS goal_shortfall
FROM ATOM_ENTITY_INVESTOR_PROFILE_001 p
     LEFT JOIN cash cf ON cf.investor_id=p.investor_id
     LEFT JOIN hold ho ON ho.investor_id=p.investor_id
     LEFT JOIN goals g ON g.investor_id=p.investor_id
WHERE cf.c_net IS NOT NULL AND ho.h_gain IS NOT NULL AND g.g_short IS NOT NULL
ORDER BY composite_score DESC, p.investor_id ASC
LIMIT 10;","[{""investor_id"": ""INV-1122"", ""investor_name"": ""Deepak Sharma"", ""composite_score"": 102377014.03, ""net_cash_flow"": 100006313.0, ""holding_gain"": 2687501.0, ""goal_shortfall"": 316799.97}, {""investor_id"": ""INV-522"", ""investor_name"": ""Siddharth Chauhan"", ""composite_score"": 101936833.91, ""net_cash_flow"": 100009757.0, ""holding_gain"": 1212068.5, ""goal_shortfall"": -715008.41}, {""investor_id"": ""INV-482"", ""investor_name"": ""Deepak Mishra"", ""composite_score"": 101692129.08, ""net_cash_flow"": 100015961.0, ""holding_gain"": 2977244.5, ""goal_shortfall"": 1301076.42}, {""investor_id"": ""INV-762"", ""investor_name"": ""Chetan Pandey"", ""composite_score"": 101391720.72, ""net_cash_flow"": 100003558.0, ""holding_gain"": 834630.0, ""goal_shortfall"": -553532.72}, {""investor_id"": ""INV-1402"", ""investor_name"": ""Dipti Yadav"", ""composite_score"": 101315218.5, ""net_cash_flow"": 100003452.0, ""holding_gain"": 2536341.0, ""goal_shortfall"": 1224574.5}, {""investor_id"": ""INV-802"", ""investor_name"": ""Sunita Arora"", ""composite_score"": 101295004.33, ""net_cash_flow"": 100006527.0, ""holding_gain"": 1936466.0, ""goal_shortfall"": 647988.67}, {""investor_id"": ""INV-602"", ""investor_name"": ""Sneha Bhat"", ""composite_score"": 101003762.0, ""net_cash_flow"": 100000636.0, ""holding_gain"": 2003126.0, ""goal_shortfall"": 1000000.0}, {""investor_id"": ""INV-642"", ""investor_name"": ""Priyanka Mishra"", ""composite_score"": 100845789.65, ""net_cash_flow"": 100016395.0, ""holding_gain"": 859035.5, ""goal_shortfall"": 29640.85}, {""investor_id"": ""INV-042"", ""investor_name"": ""Suresh Bhat"", ""composite_score"": 100774509.6, ""net_cash_flow"": 99999255.0, ""holding_gain"": 1303860.5, ""goal_shortfall"": 528605.9}, {""investor_id"": ""INV-162"", ""investor_name"": ""Suresh Joshi"", ""composite_score"": 100406960.58, ""net_cash_flow"": 100002561.0, ""holding_gain"": 2608090.5, ""goal_shortfall"": 2203690.92}]"
wealth_management_multi_step_comparative_125_questions:MC125-089,wealth_management_multi_step_comparative_125_questions.csv,MC125-089,"Among investors with every component recorded, list the top 10 ranked by a composite score defined as net cash flow plus total rebalance amount minus average goal shortfall (all components in INR); break ties by investor_id.",Investor composite ranking,Expert,Composite Reasoning,ATOM_ENTITY_INVESTMENT_GOAL_001; ATOM_ENTITY_INVESTOR_PROFILE_001; ATOM_EVENT_CASH_FLOW_001; ATOM_EVENT_REBALANCING_ACTION_001,4,"WITH cash AS (SELECT investor_id, SUM(amount) c_net FROM ATOM_EVENT_CASH_FLOW_001 GROUP BY investor_id),
     reb AS (SELECT investor_id, SUM(amount) r_amt FROM ATOM_EVENT_REBALANCING_ACTION_001 GROUP BY investor_id),
     goals AS (SELECT investor_id, AVG(shortfall) g_short FROM ATOM_ENTITY_INVESTMENT_GOAL_001 GROUP BY investor_id)
SELECT p.investor_id, p.investor_name,
       ROUND(cf.c_net + rb.r_amt - g.g_short,2) AS composite_score,
       ROUND(cf.c_net,2) AS net_cash_flow,
       ROUND(rb.r_amt,2) AS rebalance_amount,
       ROUND(g.g_short,2) AS goal_shortfall
FROM ATOM_ENTITY_INVESTOR_PROFILE_001 p
     LEFT JOIN cash cf ON cf.investor_id=p.investor_id
     LEFT JOIN reb rb ON rb.investor_id=p.investor_id
     LEFT JOIN goals g ON g.investor_id=p.investor_id
WHERE cf.c_net IS NOT NULL AND rb.r_amt IS NOT NULL AND g.g_short IS NOT NULL
ORDER BY composite_score DESC, p.investor_id ASC
LIMIT 10;","[{""investor_id"": ""INV-762"", ""investor_name"": ""Chetan Pandey"", ""composite_score"": 100885179.72, ""net_cash_flow"": 100003558.0, ""rebalance_amount"": 328089.0, ""goal_shortfall"": -553532.72}, {""investor_id"": ""INV-122"", ""investor_name"": ""Dipti Gupta"", ""composite_score"": 100758133.74, ""net_cash_flow"": 100018438.0, ""rebalance_amount"": 337742.0, ""goal_shortfall"": -401953.74}, {""investor_id"": ""INV-522"", ""investor_name"": ""Siddharth Chauhan"", ""composite_score"": 100724765.41, ""net_cash_flow"": 100009757.0, ""rebalance_amount"": 0.0, ""goal_shortfall"": -715008.41}, {""investor_id"": ""INV-642"", ""investor_name"": ""Priyanka Mishra"", ""composite_score"": 100648578.15, ""net_cash_flow"": 100016395.0, ""rebalance_amount"": 661824.0, ""goal_shortfall"": 29640.85}, {""investor_id"": ""INV-1122"", ""investor_name"": ""Deepak Sharma"", ""composite_score"": 100183542.03, ""net_cash_flow"": 100006313.0, ""rebalance_amount"": 494029.0, ""goal_shortfall"": 316799.97}, {""investor_id"": ""INV-042"", ""investor_name"": ""Suresh Bhat"", ""composite_score"": 99540565.1, ""net_cash_flow"": 99999255.0, ""rebalance_amount"": 69916.0, ""goal_shortfall"": 528605.9}, {""investor_id"": ""INV-802"", ""investor_name"": ""Sunita Arora"", ""composite_score"": 99486716.33, ""net_cash_flow"": 100006527.0, ""rebalance_amount"": 128178.0, ""goal_shortfall"": 647988.67}, {""investor_id"": ""INV-482"", ""investor_name"": ""Deepak Mishra"", ""composite_score"": 99127346.58, ""net_cash_flow"": 100015961.0, ""rebalance_amount"": 412462.0, ""goal_shortfall"": 1301076.42}, {""investor_id"": ""INV-602"", ""investor_name"": ""Sneha Bhat"", ""composite_score"": 99071476.0, ""net_cash_flow"": 100000636.0, ""rebalance_amount"": 70840.0, ""goal_shortfall"": 1000000.0}, {""investor_id"": ""INV-1402"", ""investor_name"": ""Dipti Yadav"", ""composite_score"": 98897218.5, ""net_cash_flow"": 100003452.0, ""rebalance_amount"": 118341.0, ""goal_shortfall"": 1224574.5}]"
wealth_management_multi_step_comparative_125_questions:MC125-093,wealth_management_multi_step_comparative_125_questions.csv,MC125-093,"List the top 10 investors ranked by a composite score (0-100 index) combining net cash flow, total scenario allocation shift (sum of new minus current allocation %) and risk score. Over investors that have all 3 components, min-max normalise each component to 0-1, and take 100 times their equal-weighted mean; break ties by investor_id.",Investor composite ranking,Expert,Composite Reasoning,ATOM_ENTITY_INVESTOR_PROFILE_001; ATOM_ENTITY_PORTFOLIO_HEALTH_001; ATOM_EVENT_CASH_FLOW_001; ATOM_EVENT_SCENARIO_REBALANCING_001,4,"WITH cash AS (SELECT investor_id, SUM(amount) c_net FROM ATOM_EVENT_CASH_FLOW_001 GROUP BY investor_id),
     scen AS (SELECT investor_id, SUM(new_allocation_pct-current_allocation_pct) s_shift FROM ATOM_EVENT_SCENARIO_REBALANCING_001 GROUP BY investor_id),
     per AS (SELECT p.investor_id, p.investor_name,
                 cf.c_net AS net_cash_flow,
                 sc.s_shift AS scenario_shift,
                 h.risk_score AS risk_score
              FROM ATOM_ENTITY_INVESTOR_PROFILE_001 p
              LEFT JOIN cash cf ON cf.investor_id=p.investor_id
              LEFT JOIN scen sc ON sc.investor_id=p.investor_id
              LEFT JOIN ATOM_ENTITY_PORTFOLIO_HEALTH_001 h ON h.investor_id=p.investor_id
              WHERE cf.c_net IS NOT NULL AND sc.s_shift IS NOT NULL AND h.risk_score IS NOT NULL),
     b AS (SELECT MIN(net_cash_flow) mn_0, MAX(net_cash_flow) mx_0, MIN(scenario_shift) mn_1, MAX(scenario_shift) mx_1, MIN(risk_score) mn_2, MAX(risk_score) mx_2 FROM per)
SELECT per.investor_id, per.investor_name,
       ROUND(100.0*((net_cash_flow-b.mn_0)*1.0/NULLIF(b.mx_0-b.mn_0,0) + (scenario_shift-b.mn_1)*1.0/NULLIF(b.mx_1-b.mn_1,0) + (risk_score-b.mn_2)*1.0/NULLIF(b.mx_2-b.mn_2,0))/3.0,2) AS composite_score,
       ROUND(per.net_cash_flow,2) AS net_cash_flow,
       ROUND(per.scenario_shift,2) AS scenario_shift,
       ROUND(per.risk_score,2) AS risk_score
FROM per, b
ORDER BY composite_score DESC, per.investor_id ASC
LIMIT 10;","[{""investor_id"": ""INV-881"", ""investor_name"": ""Aishwarya Rao"", ""composite_score"": 73.92, ""net_cash_flow"": -9122.0, ""scenario_shift"": 76.0, ""risk_score"": 100.0}, {""investor_id"": ""INV-1121"", ""investor_name"": ""Rajesh Arora"", ""composite_score"": 73.02, ""net_cash_flow"": 10777.0, ""scenario_shift"": 68.0, ""risk_score"": 100.0}, {""investor_id"": ""INV-796"", ""investor_name"": ""Rohan Mishra"", ""composite_score"": 72.63, ""net_cash_flow"": 16671.0, ""scenario_shift"": 119.0, ""risk_score"": 81.5}, {""investor_id"": ""INV-121"", ""investor_name"": ""Anita Hegde"", ""composite_score"": 71.09, ""net_cash_flow"": -1254.0, ""scenario_shift"": 51.0, ""risk_score"": 100.0}, {""investor_id"": ""INV-053"", ""investor_name"": ""Anita Iyer"", ""composite_score"": 71.07, ""net_cash_flow"": 7248.0, ""scenario_shift"": 69.0, ""risk_score"": 93.84}, {""investor_id"": ""INV-1450"", ""investor_name"": ""Anand Patel"", ""composite_score"": 70.9, ""net_cash_flow"": 5362.0, ""scenario_shift"": 86.0, ""risk_score"": 87.55}, {""investor_id"": ""INV-133"", ""investor_name"": ""Rohan Arora"", ""composite_score"": 70.86, ""net_cash_flow"": -1348.0, ""scenario_shift"": 81.0, ""risk_score"": 89.1}, {""investor_id"": ""INV-841"", ""investor_name"": ""Priyanka Reddy"", ""composite_score"": 70.52, ""net_cash_flow"": 5061.0, ""scenario_shift"": 46.0, ""risk_score"": 100.0}, {""investor_id"": ""INV-068"", ""investor_name"": ""Vikram Yadav"", ""composite_score"": 70.4, ""net_cash_flow"": 6467.0, ""scenario_shift"": 72.0, ""risk_score"": 90.79}, {""investor_id"": ""INV-794"", ""investor_name"": ""Sneha Singh"", ""composite_score"": 69.99, ""net_cash_flow"": 10838.0, ""scenario_shift"": 56.0, ""risk_score"": 94.99}]"
wealth_management_multi_step_comparative_125_questions:MC125-097,wealth_management_multi_step_comparative_125_questions.csv,MC125-097,"Across risk tolerance, compare the average net cash flow, average cash-flow amount, average total holding value, average total rebalance amount, and average scenario allocation shift (new minus current allocation %) of investors.",Cross-dimension metric comparison,Expert,Multi-step Comparative,ATOM_ENTITY_INVESTOR_PROFILE_001; ATOM_ENTITY_PORTFOLIO_HOLDING_001; ATOM_EVENT_CASH_FLOW_001; ATOM_EVENT_REBALANCING_ACTION_001; ATOM_EVENT_SCENARIO_REBALANCING_001,5,"WITH cash AS (SELECT investor_id, SUM(amount) c_net, AVG(amount) c_avg, COUNT(*) c_cnt FROM ATOM_EVENT_CASH_FLOW_001 GROUP BY investor_id),
     hold AS (SELECT investor_id, SUM(current_value) h_val, AVG(returns_pct) h_ret, SUM(current_value-cost) h_gain, SUM(dividends) h_div FROM ATOM_ENTITY_PORTFOLIO_HOLDING_001 GROUP BY investor_id),
     reb AS (SELECT investor_id, SUM(amount) r_amt, AVG(target_allocation_pct-current_allocation_pct) r_shift, COUNT(*) r_cnt FROM ATOM_EVENT_REBALANCING_ACTION_001 GROUP BY investor_id),
     scen AS (SELECT investor_id, AVG(new_allocation_pct-current_allocation_pct) s_shift, COUNT(*) s_cnt FROM ATOM_EVENT_SCENARIO_REBALANCING_001 GROUP BY investor_id)
SELECT p.risk_tolerance AS risk_tolerance,
       ROUND(AVG(cf.c_net),2) AS avg_net_cash_flow,
       ROUND(AVG(cf.c_avg),2) AS avg_cashflow_amount,
       ROUND(AVG(ho.h_val),2) AS avg_holding_value,
       ROUND(AVG(rb.r_amt),2) AS avg_rebalance_amount,
       ROUND(AVG(sc.s_shift),2) AS avg_scenario_shift,
       COUNT(DISTINCT p.investor_id) AS investor_count
FROM ATOM_ENTITY_INVESTOR_PROFILE_001 p
     LEFT JOIN cash cf ON cf.investor_id=p.investor_id
     LEFT JOIN hold ho ON ho.investor_id=p.investor_id
     LEFT JOIN reb rb ON rb.investor_id=p.investor_id
     LEFT JOIN scen sc ON sc.investor_id=p.investor_id
GROUP BY p.risk_tolerance
ORDER BY p.risk_tolerance;","[{""risk_tolerance"": null, ""avg_net_cash_flow"": 7844.03, ""avg_cashflow_amount"": 1629.62, ""avg_holding_value"": 10459250.55, ""avg_rebalance_amount"": 415032.17, ""avg_scenario_shift"": -0.71, ""investor_count"": 77}, {""risk_tolerance"": ""Aggressive"", ""avg_net_cash_flow"": 1652919.38, ""avg_cashflow_amount"": 282637.82, ""avg_holding_value"": 7772076.82, ""avg_rebalance_amount"": 405853.84, ""avg_scenario_shift"": -1.85, ""investor_count"": 486}, {""risk_tolerance"": ""Conservative"", ""avg_net_cash_flow"": 1600495.38, ""avg_cashflow_amount"": 273687.31, ""avg_holding_value"": 7365637.73, ""avg_rebalance_amount"": 414995.35, ""avg_scenario_shift"": -2.22, ""investor_count"": 502}, {""risk_tolerance"": ""Moderate"", ""avg_net_cash_flow"": 1037620.49, ""avg_cashflow_amount"": 186955.64, ""avg_holding_value"": 9186349.25, ""avg_rebalance_amount"": 396592.36, ""avg_scenario_shift"": 0.07, ""investor_count"": 485}]"
wealth_management_multi_step_comparative_125_questions:MC125-101,wealth_management_multi_step_comparative_125_questions.csv,MC125-101,"Across risk tolerance, compare the average net cash flow, average cash-flow amount, average total holding value, average total sector investment, and average risk score of investors.",Cross-dimension metric comparison,Expert,Multi-step Comparative,ATOM_ENTITY_INVESTOR_PROFILE_001; ATOM_ENTITY_PORTFOLIO_HEALTH_001; ATOM_ENTITY_PORTFOLIO_HOLDING_001; ATOM_ENTITY_SECTOR_ALLOCATION_001; ATOM_EVENT_CASH_FLOW_001,5,"WITH cash AS (SELECT investor_id, SUM(amount) c_net, AVG(amount) c_avg, COUNT(*) c_cnt FROM ATOM_EVENT_CASH_FLOW_001 GROUP BY investor_id),
     hold AS (SELECT investor_id, SUM(current_value) h_val, AVG(returns_pct) h_ret, SUM(current_value-cost) h_gain, SUM(dividends) h_div FROM ATOM_ENTITY_PORTFOLIO_HOLDING_001 GROUP BY investor_id),
     alloc AS (SELECT investor_id, SUM(total_investment) a_inv, AVG(allocation_pct) a_pct FROM ATOM_ENTITY_SECTOR_ALLOCATION_001 GROUP BY investor_id)
SELECT p.risk_tolerance AS risk_tolerance,
       ROUND(AVG(cf.c_net),2) AS avg_net_cash_flow,
       ROUND(AVG(cf.c_avg),2) AS avg_cashflow_amount,
       ROUND(AVG(ho.h_val),2) AS avg_holding_value,
       ROUND(AVG(al.a_inv),2) AS avg_sector_investment,
       ROUND(AVG(h.risk_score),2) AS avg_risk_score,
       COUNT(DISTINCT p.investor_id) AS investor_count
FROM ATOM_ENTITY_INVESTOR_PROFILE_001 p
     LEFT JOIN cash cf ON cf.investor_id=p.investor_id
     LEFT JOIN hold ho ON ho.investor_id=p.investor_id
     LEFT JOIN alloc al ON al.investor_id=p.investor_id
     LEFT JOIN ATOM_ENTITY_PORTFOLIO_HEALTH_001 h ON h.investor_id=p.investor_id
GROUP BY p.risk_tolerance
ORDER BY p.risk_tolerance;","[{""risk_tolerance"": null, ""avg_net_cash_flow"": 7844.03, ""avg_cashflow_amount"": 1629.62, ""avg_holding_value"": 10459250.55, ""avg_sector_investment"": 837086.46, ""avg_risk_score"": 55.31, ""investor_count"": 77}, {""risk_tolerance"": ""Aggressive"", ""avg_net_cash_flow"": 1652919.38, ""avg_cashflow_amount"": 282637.82, ""avg_holding_value"": 7772076.82, ""avg_sector_investment"": 905299.45, ""avg_risk_score"": 49.12, ""investor_count"": 486}, {""risk_tolerance"": ""Conservative"", ""avg_net_cash_flow"": 1600495.38, ""avg_cashflow_amount"": 273687.31, ""avg_holding_value"": 7365637.73, ""avg_sector_investment"": 897105.65, ""avg_risk_score"": 51.7, ""investor_count"": 502}, {""risk_tolerance"": ""Moderate"", ""avg_net_cash_flow"": 1037620.49, ""avg_cashflow_amount"": 186955.64, ""avg_holding_value"": 9186349.25, ""avg_sector_investment"": 944870.24, ""avg_risk_score"": 49.29, ""investor_count"": 485}]"
wealth_management_multi_step_comparative_125_questions:MC125-105,wealth_management_multi_step_comparative_125_questions.csv,MC125-105,"Across risk tolerance, compare the average net cash flow, average cash-flow amount, average total holding value, average risk score, and average goal progress of investors.",Cross-dimension metric comparison,Expert,Multi-step Comparative,ATOM_ENTITY_INVESTMENT_GOAL_001; ATOM_ENTITY_INVESTOR_PROFILE_001; ATOM_ENTITY_PORTFOLIO_HEALTH_001; ATOM_ENTITY_PORTFOLIO_HOLDING_001; ATOM_EVENT_CASH_FLOW_001,5,"WITH cash AS (SELECT investor_id, SUM(amount) c_net, AVG(amount) c_avg, COUNT(*) c_cnt FROM ATOM_EVENT_CASH_FLOW_001 GROUP BY investor_id),
     hold AS (SELECT investor_id, SUM(current_value) h_val, AVG(returns_pct) h_ret, SUM(current_value-cost) h_gain, SUM(dividends) h_div FROM ATOM_ENTITY_PORTFOLIO_HOLDING_001 GROUP BY investor_id),
     goals AS (SELECT investor_id, AVG(progress_pct) g_prog, AVG(shortfall) g_short, AVG(avg_annual_return_pct) g_ret, AVG(avg_volatility_pct) g_vol FROM ATOM_ENTITY_INVESTMENT_GOAL_001 GROUP BY investor_id)
SELECT p.risk_tolerance AS risk_tolerance,
       ROUND(AVG(cf.c_net),2) AS avg_net_cash_flow,
       ROUND(AVG(cf.c_avg),2) AS avg_cashflow_amount,
       ROUND(AVG(ho.h_val),2) AS avg_holding_value,
       ROUND(AVG(h.risk_score),2) AS avg_risk_score,
       ROUND(AVG(g.g_prog),2) AS avg_goal_progress,
       COUNT(DISTINCT p.investor_id) AS investor_count
FROM ATOM_ENTITY_INVESTOR_PROFILE_001 p
     LEFT JOIN cash cf ON cf.investor_id=p.investor_id
     LEFT JOIN hold ho ON ho.investor_id=p.investor_id
     LEFT JOIN ATOM_ENTITY_PORTFOLIO_HEALTH_001 h ON h.investor_id=p.investor_id
     LEFT JOIN goals g ON g.investor_id=p.investor_id
GROUP BY p.risk_tolerance
ORDER BY p.risk_tolerance;","[{""risk_tolerance"": null, ""avg_net_cash_flow"": 7844.03, ""avg_cashflow_amount"": 1629.62, ""avg_holding_value"": 10459250.55, ""avg_risk_score"": 55.31, ""avg_goal_progress"": 46.45, ""investor_count"": 77}, {""risk_tolerance"": ""Aggressive"", ""avg_net_cash_flow"": 1652919.38, ""avg_cashflow_amount"": 282637.82, ""avg_holding_value"": 7772076.82, ""avg_risk_score"": 49.12, ""avg_goal_progress"": 39.76, ""investor_count"": 486}, {""risk_tolerance"": ""Conservative"", ""avg_net_cash_flow"": 1600495.38, ""avg_cashflow_amount"": 273687.31, ""avg_holding_value"": 7365637.73, ""avg_risk_score"": 51.7, ""avg_goal_progress"": 38.25, ""investor_count"": 502}, {""risk_tolerance"": ""Moderate"", ""avg_net_cash_flow"": 1037620.49, ""avg_cashflow_amount"": 186955.64, ""avg_holding_value"": 9186349.25, ""avg_risk_score"": 49.29, ""avg_goal_progress"": 41.21, ""investor_count"": 485}]"
wealth_management_multi_step_comparative_125_questions:MC125-109,wealth_management_multi_step_comparative_125_questions.csv,MC125-109,"Among investors with every component recorded, list the top 10 ranked by a composite score defined as net cash flow plus total holding gain (counting only holdings with a recorded cost and current value) plus total rebalance amount plus total sector investment (all components in INR); break ties by investor_id.",Investor composite ranking,Expert,Composite Reasoning,ATOM_ENTITY_INVESTOR_PROFILE_001; ATOM_ENTITY_PORTFOLIO_HOLDING_001; ATOM_ENTITY_SECTOR_ALLOCATION_001; ATOM_EVENT_CASH_FLOW_001; ATOM_EVENT_REBALANCING_ACTION_001,5,"WITH cash AS (SELECT investor_id, SUM(amount) c_net FROM ATOM_EVENT_CASH_FLOW_001 GROUP BY investor_id),
     hold AS (SELECT o.investor_id, SUM(o.current_value-o.cost) h_gain FROM ATOM_ENTITY_PORTFOLIO_HOLDING_001 o WHERE o.cost > 0 AND o.current_value IS NOT NULL GROUP BY o.investor_id),
     reb AS (SELECT investor_id, SUM(amount) r_amt FROM ATOM_EVENT_REBALANCING_ACTION_001 GROUP BY investor_id),
     alloc AS (SELECT investor_id, SUM(total_investment) a_inv FROM ATOM_ENTITY_SECTOR_ALLOCATION_001 GROUP BY investor_id)
SELECT p.investor_id, p.investor_name,
       ROUND(cf.c_net + ho.h_gain + rb.r_amt + al.a_inv,2) AS composite_score,
       ROUND(cf.c_net,2) AS net_cash_flow,
       ROUND(ho.h_gain,2) AS holding_gain,
       ROUND(rb.r_amt,2) AS rebalance_amount,
       ROUND(al.a_inv,2) AS sector_investment
FROM ATOM_ENTITY_INVESTOR_PROFILE_001 p
     LEFT JOIN cash cf ON cf.investor_id=p.investor_id
     LEFT JOIN hold ho ON ho.investor_id=p.investor_id
     LEFT JOIN reb rb ON rb.investor_id=p.investor_id
     LEFT JOIN alloc al ON al.investor_id=p.investor_id
WHERE cf.c_net IS NOT NULL AND ho.h_gain IS NOT NULL AND rb.r_amt IS NOT NULL AND al.a_inv IS NOT NULL
ORDER BY composite_score DESC, p.investor_id ASC
LIMIT 10;","[{""investor_id"": ""INV-282"", ""investor_name"": ""Anita Deshmukh"", ""composite_score"": 105052101.0, ""net_cash_flow"": 100006303.0, ""holding_gain"": 3209982.0, ""rebalance_amount"": 210012.0, ""sector_investment"": 1625804.0}, {""investor_id"": ""INV-482"", ""investor_name"": ""Deepak Mishra"", ""composite_score"": 104267826.5, ""net_cash_flow"": 100015961.0, ""holding_gain"": 2977244.5, ""rebalance_amount"": 412462.0, ""sector_investment"": 862159.0}, {""investor_id"": ""INV-1122"", ""investor_name"": ""Deepak Sharma"", ""composite_score"": 104198274.0, ""net_cash_flow"": 100006313.0, ""holding_gain"": 2687501.0, ""rebalance_amount"": 494029.0, ""sector_investment"": 1010431.0}, {""investor_id"": ""INV-1482"", ""investor_name"": ""Aishwarya Joshi"", ""composite_score"": 103889425.5, ""net_cash_flow"": 100005610.0, ""holding_gain"": 3116853.5, ""rebalance_amount"": 374512.0, ""sector_investment"": 392450.0}, {""investor_id"": ""INV-1242"", ""investor_name"": ""Rajesh Arora"", ""composite_score"": 103769358.0, ""net_cash_flow"": 100000285.0, ""holding_gain"": 2966105.0, ""rebalance_amount"": 55748.0, ""sector_investment"": 747220.0}, {""investor_id"": ""INV-802"", ""investor_name"": ""Sunita Arora"", ""composite_score"": 103512893.0, ""net_cash_flow"": 100006527.0, ""holding_gain"": 1936466.0, ""rebalance_amount"": 128178.0, ""sector_investment"": 1441722.0}, {""investor_id"": ""INV-1322"", ""investor_name"": ""Bhavna Gupta"", ""composite_score"": 103381296.5, ""net_cash_flow"": 100013945.0, ""holding_gain"": 2102875.5, ""rebalance_amount"": 686423.0, ""sector_investment"": 578053.0}, {""investor_id"": ""INV-162"", ""investor_name"": ""Suresh Joshi"", ""composite_score"": 103281440.5, ""net_cash_flow"": 100002561.0, ""holding_gain"": 2608090.5, ""rebalance_amount"": 556140.0, ""sector_investment"": 114649.0}, {""investor_id"": ""INV-202"", ""investor_name"": ""Chetan Patel"", ""composite_score"": 102840191.0, ""net_cash_flow"": 100017961.0, ""holding_gain"": 685441.0, ""rebalance_amount"": 539501.0, ""sector_investment"": 1597288.0}, {""investor_id"": ""INV-402"", ""investor_name"": ""Anita Kulkarni"", ""composite_score"": 102494712.5, ""net_cash_flow"": 100000457.0, ""holding_gain"": 1533223.5, ""rebalance_amount"": 540897.0, ""sector_investment"": 420135.0}]"
wealth_management_multi_step_comparative_125_questions:MC125-113,wealth_management_multi_step_comparative_125_questions.csv,MC125-113,"List the top 10 investors ranked by a composite score (0-100 index) combining net cash flow, total holding gain (counting only holdings with a recorded cost and current value), total sector investment and total scenario allocation shift (sum of new minus current allocation %). Over investors that have all 4 components, min-max normalise each component to 0-1, and take 100 times their equal-weighted mean; break ties by investor_id.",Investor composite ranking,Expert,Composite Reasoning,ATOM_ENTITY_INVESTOR_PROFILE_001; ATOM_ENTITY_PORTFOLIO_HOLDING_001; ATOM_ENTITY_SECTOR_ALLOCATION_001; ATOM_EVENT_CASH_FLOW_001; ATOM_EVENT_SCENARIO_REBALANCING_001,5,"WITH cash AS (SELECT investor_id, SUM(amount) c_net FROM ATOM_EVENT_CASH_FLOW_001 GROUP BY investor_id),
     hold AS (SELECT o.investor_id, SUM(o.current_value-o.cost) h_gain FROM ATOM_ENTITY_PORTFOLIO_HOLDING_001 o WHERE o.cost > 0 AND o.current_value IS NOT NULL GROUP BY o.investor_id),
     alloc AS (SELECT investor_id, SUM(total_investment) a_inv FROM ATOM_ENTITY_SECTOR_ALLOCATION_001 GROUP BY investor_id),
     scen AS (SELECT investor_id, SUM(new_allocation_pct-current_allocation_pct) s_shift FROM ATOM_EVENT_SCENARIO_REBALANCING_001 GROUP BY investor_id),
     per AS (SELECT p.investor_id, p.investor_name,
                 cf.c_net AS net_cash_flow,
                 ho.h_gain AS holding_gain,
                 al.a_inv AS sector_investment,
                 sc.s_shift AS scenario_shift
              FROM ATOM_ENTITY_INVESTOR_PROFILE_001 p
              LEFT JOIN cash cf ON cf.investor_id=p.investor_id
              LEFT JOIN hold ho ON ho.investor_id=p.investor_id
              LEFT JOIN alloc al ON al.investor_id=p.investor_id
              LEFT JOIN scen sc ON sc.investor_id=p.investor_id
              WHERE cf.c_net IS NOT NULL AND ho.h_gain IS NOT NULL AND al.a_inv IS NOT NULL AND sc.s_shift IS NOT NULL),
     b AS (SELECT MIN(net_cash_flow) mn_0, MAX(net_cash_flow) mx_0, MIN(holding_gain) mn_1, MAX(holding_gain) mx_1, MIN(sector_investment) mn_2, MAX(sector_investment) mx_2, MIN(scenario_shift) mn_3, MAX(scenario_shift) mx_3 FROM per)
SELECT per.investor_id, per.investor_name,
       ROUND(100.0*((net_cash_flow-b.mn_0)*1.0/NULLIF(b.mx_0-b.mn_0,0) + (holding_gain-b.mn_1)*1.0/NULLIF(b.mx_1-b.mn_1,0) + (sector_investment-b.mn_2)*1.0/NULLIF(b.mx_2-b.mn_2,0) + (scenario_shift-b.mn_3)*1.0/NULLIF(b.mx_3-b.mn_3,0))/4.0,2) AS composite_score,
       ROUND(per.net_cash_flow,2) AS net_cash_flow,
       ROUND(per.holding_gain,2) AS holding_gain,
       ROUND(per.sector_investment,2) AS sector_investment,
       ROUND(per.scenario_shift,2) AS scenario_shift
FROM per, b
ORDER BY composite_score DESC, per.investor_id ASC
LIMIT 10;","[{""investor_id"": ""INV-393"", ""investor_name"": ""Amrita Pandey"", ""composite_score"": 60.54, ""net_cash_flow"": -1898.0, ""holding_gain"": 54360917.5, ""sector_investment"": 2482952.0, ""scenario_shift"": 83.0}, {""investor_id"": ""INV-1323"", ""investor_name"": ""Bhavna Bhat"", ""composite_score"": 55.66, ""net_cash_flow"": 4544.0, ""holding_gain"": 100332508.0, ""sector_investment"": 1401795.0, ""scenario_shift"": -26.0}, {""investor_id"": ""INV-663"", ""investor_name"": ""Siddharth Yadav"", ""composite_score"": 54.05, ""net_cash_flow"": 2275.0, ""holding_gain"": 91387689.5, ""sector_investment"": 1521306.0, ""scenario_shift"": -28.0}, {""investor_id"": ""INV-693"", ""investor_name"": ""Rohan Mehta"", ""composite_score"": 53.82, ""net_cash_flow"": -4722.0, ""holding_gain"": 99528443.5, ""sector_investment"": 824807.0, ""scenario_shift"": -2.0}, {""investor_id"": ""INV-213"", ""investor_name"": ""Suresh Mishra"", ""composite_score"": 53.61, ""net_cash_flow"": -1649.0, ""holding_gain"": 87799432.5, ""sector_investment"": 1176623.0, ""scenario_shift"": 3.0}, {""investor_id"": ""INV-1263"", ""investor_name"": ""Sunita Gupta"", ""composite_score"": 53.03, ""net_cash_flow"": 1956.0, ""holding_gain"": 91171559.0, ""sector_investment"": 1316064.0, ""scenario_shift"": -24.0}, {""investor_id"": ""INV-723"", ""investor_name"": ""Aishwarya Joshi"", ""composite_score"": 52.91, ""net_cash_flow"": -7447.0, ""holding_gain"": 88293974.0, ""sector_investment"": 981147.0, ""scenario_shift"": 8.0}, {""investor_id"": ""INV-1304"", ""investor_name"": ""Aishwarya Chauhan"", ""composite_score"": 52.39, ""net_cash_flow"": 9104.0, ""holding_gain"": 2709801.0, ""sector_investment"": 3546684.0, ""scenario_shift"": 57.0}, {""investor_id"": ""INV-202"", ""investor_name"": ""Chetan Patel"", ""composite_score"": 52.05, ""net_cash_flow"": 100017961.0, ""holding_gain"": 685441.0, ""sector_investment"": 1597288.0, ""scenario_shift"": 58.0}, {""investor_id"": ""INV-1025"", ""investor_name"": ""Rohan Arora"", ""composite_score"": 50.01, ""net_cash_flow"": 14119.0, ""holding_gain"": 2500561.0, ""sector_investment"": 3034583.0, ""scenario_shift"": 68.0}]"
wealth_management_multi_step_comparative_125_questions:MC125-117,wealth_management_multi_step_comparative_125_questions.csv,MC125-117,"List the top 10 investors ranked by a composite score (0-100 index) combining net cash flow, total holding gain (counting only holdings with a recorded cost and current value) and total scenario allocation shift (sum of new minus current allocation %), with average goal shortfall counting against the score. Over investors that have all 4 components, min-max normalise each component to 0-1 (use 1 minus the normalised value for average goal shortfall), and take 100 times their equal-weighted mean; break ties by investor_id.",Investor composite ranking,Expert,Composite Reasoning,ATOM_ENTITY_INVESTMENT_GOAL_001; ATOM_ENTITY_INVESTOR_PROFILE_001; ATOM_ENTITY_PORTFOLIO_HOLDING_001; ATOM_EVENT_CASH_FLOW_001; ATOM_EVENT_SCENARIO_REBALANCING_001,5,"WITH cash AS (SELECT investor_id, SUM(amount) c_net FROM ATOM_EVENT_CASH_FLOW_001 GROUP BY investor_id),
     hold AS (SELECT o.investor_id, SUM(o.current_value-o.cost) h_gain FROM ATOM_ENTITY_PORTFOLIO_HOLDING_001 o WHERE o.cost > 0 AND o.current_value IS NOT NULL GROUP BY o.investor_id),
     scen AS (SELECT investor_id, SUM(new_allocation_pct-current_allocation_pct) s_shift FROM ATOM_EVENT_SCENARIO_REBALANCING_001 GROUP BY investor_id),
     goals AS (SELECT investor_id, AVG(shortfall) g_short FROM ATOM_ENTITY_INVESTMENT_GOAL_001 GROUP BY investor_id),
     per AS (SELECT p.investor_id, p.investor_name,
                 cf.c_net AS net_cash_flow,
                 ho.h_gain AS holding_gain,
                 sc.s_shift AS scenario_shift,
                 g.g_short AS goal_shortfall
              FROM ATOM_ENTITY_INVESTOR_PROFILE_001 p
              LEFT JOIN cash cf ON cf.investor_id=p.investor_id
              LEFT JOIN hold ho ON ho.investor_id=p.investor_id
              LEFT JOIN scen sc ON sc.investor_id=p.investor_id
              LEFT JOIN goals g ON g.investor_id=p.investor_id
              WHERE cf.c_net IS NOT NULL AND ho.h_gain IS NOT NULL AND sc.s_shift IS NOT NULL AND g.g_short IS NOT NULL),
     b AS (SELECT MIN(net_cash_flow) mn_0, MAX(net_cash_flow) mx_0, MIN(holding_gain) mn_1, MAX(holding_gain) mx_1, MIN(scenario_shift) mn_2, MAX(scenario_shift) mx_2, MIN(goal_shortfall) mn_3, MAX(goal_shortfall) mx_3 FROM per)
SELECT per.investor_id, per.investor_name,
       ROUND(100.0*((net_cash_flow-b.mn_0)*1.0/NULLIF(b.mx_0-b.mn_0,0) + (holding_gain-b.mn_1)*1.0/NULLIF(b.mx_1-b.mn_1,0) + (scenario_shift-b.mn_2)*1.0/NULLIF(b.mx_2-b.mn_2,0) + (1-(goal_shortfall-b.mn_3)*1.0/NULLIF(b.mx_3-b.mn_3,0)))/4.0,2) AS composite_score,
       ROUND(per.net_cash_flow,2) AS net_cash_flow,
       ROUND(per.holding_gain,2) AS holding_gain,
       ROUND(per.scenario_shift,2) AS scenario_shift,
       ROUND(per.goal_shortfall,2) AS goal_shortfall
FROM per, b
ORDER BY composite_score DESC, per.investor_id ASC
LIMIT 10;","[{""investor_id"": ""INV-693"", ""investor_name"": ""Rohan Mehta"", ""composite_score"": 72.57, ""net_cash_flow"": -4722.0, ""holding_gain"": 99528443.5, ""scenario_shift"": -2.0, ""goal_shortfall"": 1441607.67}, {""investor_id"": ""INV-723"", ""investor_name"": ""Aishwarya Joshi"", ""composite_score"": 70.69, ""net_cash_flow"": -7447.0, ""holding_gain"": 88293974.0, ""scenario_shift"": 8.0, ""goal_shortfall"": 895552.1}, {""investor_id"": ""INV-1233"", ""investor_name"": ""Suresh Rao"", ""composite_score"": 70.64, ""net_cash_flow"": 17085.0, ""holding_gain"": 98787218.5, ""scenario_shift"": -23.0, ""goal_shortfall"": 845319.97}, {""investor_id"": ""INV-1323"", ""investor_name"": ""Bhavna Bhat"", ""composite_score"": 70.63, ""net_cash_flow"": 4544.0, ""holding_gain"": 100332508.0, ""scenario_shift"": -26.0, ""goal_shortfall"": 2983601.81}, {""investor_id"": ""INV-213"", ""investor_name"": ""Suresh Mishra"", ""composite_score"": 70.13, ""net_cash_flow"": -1649.0, ""holding_gain"": 87799432.5, ""scenario_shift"": 3.0, ""goal_shortfall"": 1126181.25}, {""investor_id"": ""INV-1263"", ""investor_name"": ""Sunita Gupta"", ""composite_score"": 68.65, ""net_cash_flow"": 1956.0, ""holding_gain"": 91171559.0, ""scenario_shift"": -24.0, ""goal_shortfall"": 1269161.23}, {""investor_id"": ""INV-663"", ""investor_name"": ""Siddharth Yadav"", ""composite_score"": 68.46, ""net_cash_flow"": 2275.0, ""holding_gain"": 91387689.5, ""scenario_shift"": -28.0, ""goal_shortfall"": -158610.35}, {""investor_id"": ""INV-483"", ""investor_name"": ""Kavita Reddy"", ""composite_score"": 68.19, ""net_cash_flow"": -1507.0, ""holding_gain"": 83587020.5, ""scenario_shift"": -9.0, ""goal_shortfall"": -631245.52}, {""investor_id"": ""INV-1413"", ""investor_name"": ""Anjali Deshmukh"", ""composite_score"": 67.04, ""net_cash_flow"": 7076.0, ""holding_gain"": 66409510.0, ""scenario_shift"": 28.0, ""goal_shortfall"": 333402.2}, {""investor_id"": ""INV-202"", ""investor_name"": ""Chetan Patel"", ""composite_score"": 65.83, ""net_cash_flow"": 100017961.0, ""holding_gain"": 685441.0, ""scenario_shift"": 58.0, ""goal_shortfall"": 1671180.33}]"
wealth_management_multi_step_comparative_125_questions:MC125-121,wealth_management_multi_step_comparative_125_questions.csv,MC125-121,"Among investors with every component recorded, list the top 10 ranked by a composite score defined as net cash flow plus total rebalance amount plus total sector investment minus average goal shortfall (all components in INR); break ties by investor_id.",Investor composite ranking,Expert,Composite Reasoning,ATOM_ENTITY_INVESTMENT_GOAL_001; ATOM_ENTITY_INVESTOR_PROFILE_001; ATOM_ENTITY_SECTOR_ALLOCATION_001; ATOM_EVENT_CASH_FLOW_001; ATOM_EVENT_REBALANCING_ACTION_001,5,"WITH cash AS (SELECT investor_id, SUM(amount) c_net FROM ATOM_EVENT_CASH_FLOW_001 GROUP BY investor_id),
     reb AS (SELECT investor_id, SUM(amount) r_amt FROM ATOM_EVENT_REBALANCING_ACTION_001 GROUP BY investor_id),
     alloc AS (SELECT investor_id, SUM(total_investment) a_inv FROM ATOM_ENTITY_SECTOR_ALLOCATION_001 GROUP BY investor_id),
     goals AS (SELECT investor_id, AVG(shortfall) g_short FROM ATOM_ENTITY_INVESTMENT_GOAL_001 GROUP BY investor_id)
SELECT p.investor_id, p.investor_name,
       ROUND(cf.c_net + rb.r_amt + al.a_inv - g.g_short,2) AS composite_score,
       ROUND(cf.c_net,2) AS net_cash_flow,
       ROUND(rb.r_amt,2) AS rebalance_amount,
       ROUND(al.a_inv,2) AS sector_investment,
       ROUND(g.g_short,2) AS goal_shortfall
FROM ATOM_ENTITY_INVESTOR_PROFILE_001 p
     LEFT JOIN cash cf ON cf.investor_id=p.investor_id
     LEFT JOIN reb rb ON rb.investor_id=p.investor_id
     LEFT JOIN alloc al ON al.investor_id=p.investor_id
     LEFT JOIN goals g ON g.investor_id=p.investor_id
WHERE cf.c_net IS NOT NULL AND rb.r_amt IS NOT NULL AND al.a_inv IS NOT NULL AND g.g_short IS NOT NULL
ORDER BY composite_score DESC, p.investor_id ASC
LIMIT 10;","[{""investor_id"": ""INV-762"", ""investor_name"": ""Chetan Pandey"", ""composite_score"": 101598776.72, ""net_cash_flow"": 100003558.0, ""rebalance_amount"": 328089.0, ""sector_investment"": 713597.0, ""goal_shortfall"": -553532.72}, {""investor_id"": ""INV-1122"", ""investor_name"": ""Deepak Sharma"", ""composite_score"": 101193973.03, ""net_cash_flow"": 100006313.0, ""rebalance_amount"": 494029.0, ""sector_investment"": 1010431.0, ""goal_shortfall"": 316799.97}, {""investor_id"": ""INV-802"", ""investor_name"": ""Sunita Arora"", ""composite_score"": 100928438.33, ""net_cash_flow"": 100006527.0, ""rebalance_amount"": 128178.0, ""sector_investment"": 1441722.0, ""goal_shortfall"": 647988.67}, {""investor_id"": ""INV-202"", ""investor_name"": ""Chetan Patel"", ""composite_score"": 100483569.67, ""net_cash_flow"": 100017961.0, ""rebalance_amount"": 539501.0, ""sector_investment"": 1597288.0, ""goal_shortfall"": 1671180.33}, {""investor_id"": ""INV-082"", ""investor_name"": ""Amit Chauhan"", ""composite_score"": 100280735.26, ""net_cash_flow"": 100015142.0, ""rebalance_amount"": 3357.0, ""sector_investment"": 1384151.0, ""goal_shortfall"": 1121914.74}, {""investor_id"": ""INV-482"", ""investor_name"": ""Deepak Mishra"", ""composite_score"": 99989505.58, ""net_cash_flow"": 100015961.0, ""rebalance_amount"": 412462.0, ""sector_investment"": 862159.0, ""goal_shortfall"": 1301076.42}, {""investor_id"": ""INV-042"", ""investor_name"": ""Suresh Bhat"", ""composite_score"": 99945271.1, ""net_cash_flow"": 99999255.0, ""rebalance_amount"": 69916.0, ""sector_investment"": 404706.0, ""goal_shortfall"": 528605.9}, {""investor_id"": ""INV-602"", ""investor_name"": ""Sneha Bhat"", ""composite_score"": 99194866.0, ""net_cash_flow"": 100000636.0, ""rebalance_amount"": 70840.0, ""sector_investment"": 123390.0, ""goal_shortfall"": 1000000.0}, {""investor_id"": ""INV-402"", ""investor_name"": ""Anita Kulkarni"", ""composite_score"": 99163497.08, ""net_cash_flow"": 100000457.0, ""rebalance_amount"": 540897.0, ""sector_investment"": 420135.0, ""goal_shortfall"": 1797991.92}, {""investor_id"": ""INV-162"", ""investor_name"": ""Suresh Joshi"", ""composite_score"": 98469659.08, ""net_cash_flow"": 100002561.0, ""rebalance_amount"": 556140.0, ""sector_investment"": 114649.0, ""goal_shortfall"": 2203690.92}]"
wealth_management_multi_step_comparative_125_questions:MC125-125,wealth_management_multi_step_comparative_125_questions.csv,MC125-125,"List the top 10 investors ranked by a composite score (0-100 index) combining net cash flow, total sector investment, total scenario allocation shift (sum of new minus current allocation %) and risk score. Over investors that have all 4 components, min-max normalise each component to 0-1, and take 100 times their equal-weighted mean; break ties by investor_id.",Investor composite ranking,Expert,Composite Reasoning,ATOM_ENTITY_INVESTOR_PROFILE_001; ATOM_ENTITY_PORTFOLIO_HEALTH_001; ATOM_ENTITY_SECTOR_ALLOCATION_001; ATOM_EVENT_CASH_FLOW_001; ATOM_EVENT_SCENARIO_REBALANCING_001,5,"WITH cash AS (SELECT investor_id, SUM(amount) c_net FROM ATOM_EVENT_CASH_FLOW_001 GROUP BY investor_id),
     alloc AS (SELECT investor_id, SUM(total_investment) a_inv FROM ATOM_ENTITY_SECTOR_ALLOCATION_001 GROUP BY investor_id),
     scen AS (SELECT investor_id, SUM(new_allocation_pct-current_allocation_pct) s_shift FROM ATOM_EVENT_SCENARIO_REBALANCING_001 GROUP BY investor_id),
     per AS (SELECT p.investor_id, p.investor_name,
                 cf.c_net AS net_cash_flow,
                 al.a_inv AS sector_investment,
                 sc.s_shift AS scenario_shift,
                 h.risk_score AS risk_score
              FROM ATOM_ENTITY_INVESTOR_PROFILE_001 p
              LEFT JOIN cash cf ON cf.investor_id=p.investor_id
              LEFT JOIN alloc al ON al.investor_id=p.investor_id
              LEFT JOIN scen sc ON sc.investor_id=p.investor_id
              LEFT JOIN ATOM_ENTITY_PORTFOLIO_HEALTH_001 h ON h.investor_id=p.investor_id
              WHERE cf.c_net IS NOT NULL AND al.a_inv IS NOT NULL AND sc.s_shift IS NOT NULL AND h.risk_score IS NOT NULL),
     b AS (SELECT MIN(net_cash_flow) mn_0, MAX(net_cash_flow) mx_0, MIN(sector_investment) mn_1, MAX(sector_investment) mx_1, MIN(scenario_shift) mn_2, MAX(scenario_shift) mx_2, MIN(risk_score) mn_3, MAX(risk_score) mx_3 FROM per)
SELECT per.investor_id, per.investor_name,
       ROUND(100.0*((net_cash_flow-b.mn_0)*1.0/NULLIF(b.mx_0-b.mn_0,0) + (sector_investment-b.mn_1)*1.0/NULLIF(b.mx_1-b.mn_1,0) + (scenario_shift-b.mn_2)*1.0/NULLIF(b.mx_2-b.mn_2,0) + (risk_score-b.mn_3)*1.0/NULLIF(b.mx_3-b.mn_3,0))/4.0,2) AS composite_score,
       ROUND(per.net_cash_flow,2) AS net_cash_flow,
       ROUND(per.sector_investment,2) AS sector_investment,
       ROUND(per.scenario_shift,2) AS scenario_shift,
       ROUND(per.risk_score,2) AS risk_score
FROM per, b
ORDER BY composite_score DESC, per.investor_id ASC
LIMIT 10;","[{""investor_id"": ""INV-1025"", ""investor_name"": ""Rohan Arora"", ""composite_score"": 69.86, ""net_cash_flow"": 14119.0, ""sector_investment"": 3034583.0, ""scenario_shift"": 68.0, ""risk_score"": 83.05}, {""investor_id"": ""INV-250"", ""investor_name"": ""Vivek Chauhan"", ""composite_score"": 68.8, ""net_cash_flow"": 1684.0, ""sector_investment"": 3446611.0, ""scenario_shift"": -10.0, ""risk_score"": 94.91}, {""investor_id"": ""INV-393"", ""investor_name"": ""Amrita Pandey"", ""composite_score"": 67.05, ""net_cash_flow"": -1898.0, ""sector_investment"": 2482952.0, ""scenario_shift"": 83.0, ""risk_score"": 80.79}, {""investor_id"": ""INV-073"", ""investor_name"": ""Abhishek Mehta"", ""composite_score"": 65.7, ""net_cash_flow"": 4208.0, ""sector_investment"": 2170695.0, ""scenario_shift"": 57.0, ""risk_score"": 92.21}, {""investor_id"": ""INV-1304"", ""investor_name"": ""Aishwarya Chauhan"", ""composite_score"": 65.15, ""net_cash_flow"": 9104.0, ""sector_investment"": 3546684.0, ""scenario_shift"": 57.0, ""risk_score"": 54.89}, {""investor_id"": ""INV-068"", ""investor_name"": ""Vikram Yadav"", ""composite_score"": 64.38, ""net_cash_flow"": 6467.0, ""sector_investment"": 1819162.0, ""scenario_shift"": 72.0, ""risk_score"": 90.79}, {""investor_id"": ""INV-1281"", ""investor_name"": ""Ankita Rao"", ""composite_score"": 63.59, ""net_cash_flow"": -6176.0, ""sector_investment"": 1843590.0, ""scenario_shift"": 34.0, ""risk_score"": 100.0}, {""investor_id"": ""INV-725"", ""investor_name"": ""Ishita Patel"", ""composite_score"": 63.35, ""net_cash_flow"": 9506.0, ""sector_investment"": 2388679.0, ""scenario_shift"": 32.0, ""risk_score"": 85.78}, {""investor_id"": ""INV-1057"", ""investor_name"": ""Abhishek Iyer"", ""composite_score"": 61.68, ""net_cash_flow"": 4546.0, ""sector_investment"": 2219362.0, ""scenario_shift"": 27.0, ""risk_score"": 85.15}, {""investor_id"": ""INV-1269"", ""investor_name"": ""Vikram Patel"", ""composite_score"": 61.57, ""net_cash_flow"": -189.0, ""sector_investment"": 2163427.0, ""scenario_shift"": 8.0, ""risk_score"": 92.6}]"
wealth_management_reference_compliance_125_questions:RC125-004,wealth_management_reference_compliance_125_questions.csv,RC125-004,"Using the allowed category values Debt, Equity, Gold, Hybrid, Real Estate, which investor profiles have a category value outside this set?",Reference / Compliance / Integrity,Medium,Reference Compliance,ATOM_ENTITY_INVESTOR_PROFILE_001,1,"SELECT investor_id, category FROM ATOM_ENTITY_INVESTOR_PROFILE_001 WHERE category IS NOT NULL AND category NOT IN ('Debt', 'Equity', 'Gold', 'Hybrid', 'Real Estate') ORDER BY investor_id;",[]
wealth_management_reference_compliance_125_questions:RC125-008,wealth_management_reference_compliance_125_questions.csv,RC125-008,"For the reference attribute risk_tolerance, which values are actually in use across investor profiles, and how many records use each? (compare against the allowed set Aggressive, Conservative, Moderate)",Reference / Compliance / Integrity,Medium,Reference Compliance,ATOM_ENTITY_INVESTOR_PROFILE_001,1,"SELECT risk_tolerance, COUNT(*) AS record_count FROM ATOM_ENTITY_INVESTOR_PROFILE_001 WHERE risk_tolerance IS NOT NULL GROUP BY risk_tolerance ORDER BY risk_tolerance;","[{""risk_tolerance"": ""Aggressive"", ""record_count"": 486}, {""risk_tolerance"": ""Conservative"", ""record_count"": 502}, {""risk_tolerance"": ""Moderate"", ""record_count"": 485}]"
wealth_management_reference_compliance_125_questions:RC125-012,wealth_management_reference_compliance_125_questions.csv,RC125-012,How many investor profiles are missing a required time_horizon value (time_horizon IS NULL)?,Reference / Compliance / Integrity,Medium,Exception Detection,ATOM_ENTITY_INVESTOR_PROFILE_001,1,SELECT COUNT(DISTINCT investor_id) AS missing_count FROM ATOM_ENTITY_INVESTOR_PROFILE_001 WHERE time_horizon IS NULL;,"[{""missing_count"": 77}]"
wealth_management_reference_compliance_125_questions:RC125-016,wealth_management_reference_compliance_125_questions.csv,RC125-016,List the investor profiles that are missing a required segment value (segment IS NULL).,Reference / Compliance / Integrity,Hard,Filtered List,ATOM_ENTITY_INVESTOR_PROFILE_001,1,SELECT investor_id FROM ATOM_ENTITY_INVESTOR_PROFILE_001 WHERE segment IS NULL ORDER BY investor_id;,"{""_total_rows"": 77, ""_truncated_to"": 50, ""rows"": [{""investor_id"": ""INV-002""}, {""investor_id"": ""INV-043""}, {""investor_id"": ""INV-047""}, {""investor_id"": ""INV-059""}, {""investor_id"": ""INV-083""}, {""investor_id"": ""INV-091""}, {""investor_id"": ""INV-1010""}, {""investor_id"": ""INV-1011""}, {""investor_id"": ""INV-1021""}, {""investor_id"": ""INV-1046""}, {""investor_id"": ""INV-1053""}, {""investor_id"": ""INV-1056""}, {""investor_id"": ""INV-1060""}, {""investor_id"": ""INV-1105""}, {""investor_id"": ""INV-1109""}, {""investor_id"": ""INV-1144""}, {""investor_id"": ""INV-116""}, {""investor_id"": ""INV-1165""}, {""investor_id"": ""INV-1173""}, {""investor_id"": ""INV-1199""}, {""investor_id"": ""INV-1245""}, {""investor_id"": ""INV-1250""}, {""investor_id"": ""INV-1294""}, {""investor_id"": ""INV-1296""}, {""investor_id"": ""INV-131""}, {""investor_id"": ""INV-1323""}, {""investor_id"": ""INV-1372""}, {""investor_id"": ""INV-1384""}, {""investor_id"": ""INV-1400""}, {""investor_id"": ""INV-1411""}, {""investor_id"": ""INV-1530""}, {""investor_id"": ""INV-154""}, {""investor_id"": ""INV-160""}, {""investor_id"": ""INV-162""}, {""investor_id"": ""INV-178""}, {""investor_id"": ""INV-218""}, {""investor_id"": ""INV-258""}, {""investor_id"": ""INV-270""}, {""investor_id"": ""INV-304""}, {""investor_id"": ""INV-313""}, {""investor_id"": ""INV-318""}, {""investor_id"": ""INV-354""}, {""investor_id"": ""INV-367""}, {""investor_id"": ""INV-385""}, {""investor_id"": ""INV-394""}, {""investor_id"": ""INV-424""}, {""investor_id"": ""INV-440""}, {""investor_id"": ""INV-451""}, {""investor_id"": ""INV-460""}, {""investor_id"": ""INV-475""}]}"
wealth_management_reference_compliance_125_questions:RC125-020,wealth_management_reference_compliance_125_questions.csv,RC125-020,"For the reference attribute investment_goal, which values are actually in use across investor profiles, and how many records use each? (compare against the allowed set Child Education, Emergency Fund, Growth, Income Generation, Retirement Planning, Wealth Preservation)",Reference / Compliance / Integrity,Medium,Reference Compliance,ATOM_ENTITY_INVESTOR_PROFILE_001,1,"SELECT investment_goal, COUNT(*) AS record_count FROM ATOM_ENTITY_INVESTOR_PROFILE_001 WHERE investment_goal IS NOT NULL GROUP BY investment_goal ORDER BY investment_goal;","[{""investment_goal"": ""Child Education"", ""record_count"": 235}, {""investment_goal"": ""Emergency Fund"", ""record_count"": 230}, {""investment_goal"": ""Growth"", ""record_count"": 252}, {""investment_goal"": ""Income Generation"", ""record_count"": 248}, {""investment_goal"": ""Retirement Planning"", ""record_count"": 270}, {""investment_goal"": ""Wealth Preservation"", ""record_count"": 238}]"
wealth_management_reference_compliance_125_questions:RC125-024,wealth_management_reference_compliance_125_questions.csv,RC125-024,How many investor profiles are missing a required sector_focus value (sector_focus IS NULL)?,Reference / Compliance / Integrity,Medium,Exception Detection,ATOM_ENTITY_INVESTOR_PROFILE_001,1,SELECT COUNT(DISTINCT investor_id) AS missing_count FROM ATOM_ENTITY_INVESTOR_PROFILE_001 WHERE sector_focus IS NULL;,"[{""missing_count"": 77}]"
wealth_management_reference_compliance_125_questions:RC125-028,wealth_management_reference_compliance_125_questions.csv,RC125-028,List the portfolio holdings that are missing a required investment_type value (investment_type IS NULL).,Reference / Compliance / Integrity,Hard,Filtered List,ATOM_ENTITY_PORTFOLIO_HOLDING_001,1,"SELECT holding_id, investor_id FROM ATOM_ENTITY_PORTFOLIO_HOLDING_001 WHERE investment_type IS NULL ORDER BY holding_id;","{""_total_rows"": 755, ""_truncated_to"": 50, ""rows"": [{""holding_id"": ""00d31a41-ba62-4b8e-b857-0f45449203f1"", ""investor_id"": ""INV-1342""}, {""holding_id"": ""0114d10f-e550-4c4f-bd39-2c25f333e027"", ""investor_id"": ""INV-1531""}, {""holding_id"": ""01198236-0541-4735-b39a-1d3ad2738d70"", ""investor_id"": ""INV-925""}, {""holding_id"": ""01436cb7-c85a-480d-ac6a-0018dc053210"", ""investor_id"": ""INV-023""}, {""holding_id"": ""01cefdba-1468-44a6-9f0f-a420fec99afc"", ""investor_id"": ""INV-1340""}, {""holding_id"": ""022a3877-7645-47d6-83fb-809640726fa5"", ""investor_id"": ""INV-592""}, {""holding_id"": ""0255e2de-06c3-49d1-a094-6b47c3bedd10"", ""investor_id"": ""INV-1523""}, {""holding_id"": ""0259fe50-54d9-4134-b2a0-3a95bc5347dd"", ""investor_id"": ""INV-1206""}, {""holding_id"": ""02981ec7-244d-46eb-b349-31295168332e"", ""investor_id"": ""INV-646""}, {""holding_id"": ""02ba3cf7-4fc4-4308-aa31-faf8037cb1ef"", ""investor_id"": ""INV-1339""}, {""holding_id"": ""03008d79-2356-423c-872a-f08aff525969"", ""investor_id"": ""INV-1145""}, {""holding_id"": ""030e7dfe-f43e-43a3-a1be-6ff839070562"", ""investor_id"": ""INV-1329""}, {""holding_id"": ""03bffd7b-77ea-4264-b863-ad291089d224"", ""investor_id"": ""INV-838""}, {""holding_id"": ""03fe91e1-c8bd-4401-8f66-9d5d0e487927"", ""investor_id"": ""INV-1358""}, {""holding_id"": ""0428caeb-e41a-4c64-89de-490f4723eb3b"", ""investor_id"": ""INV-729""}, {""holding_id"": ""0496f79f-7d86-41fb-858f-4a08e7ea6b61"", ""investor_id"": ""INV-515""}, {""holding_id"": ""04e2a79c-7b08-449f-a3f6-0ebfea76f49a"", ""investor_id"": ""INV-192""}, {""holding_id"": ""04f3c197-41dc-4efd-8e9b-2ca849dc9f06"", ""investor_id"": ""INV-957""}, {""holding_id"": ""05973587-7819-48a5-bcb6-8f46e94c0814"", ""investor_id"": ""INV-1014""}, {""holding_id"": ""05af2b4f-4dc8-40df-b308-e6193c29c0f4"", ""investor_id"": ""INV-937""}, {""holding_id"": ""05b8ea16-1419-454c-ac0e-7a1a69be89a4"", ""investor_id"": ""INV-850""}, {""holding_id"": ""05f6b2f3-3769-4bb3-92f3-4f91cf797c45"", ""investor_id"": ""INV-1355""}, {""holding_id"": ""0639673c-1246-4030-9f10-1a55265a0f08"", ""investor_id"": ""INV-919""}, {""holding_id"": ""06b65999-14a6-4e87-ae39-f66a84cbb9c0"", ""investor_id"": ""INV-1320""}, {""holding_id"": ""073cd110-aa23-4131-a587-d247bf8ae03a"", ""investor_id"": ""INV-1362""}, {""holding_id"": ""075b3560-69a7-4879-9456-3c65e6bb5ee2"", ""investor_id"": ""INV-1273""}, {""holding_id"": ""08a8dfbf-3071-42d8-93b7-580868b6f131"", ""investor_id"": ""INV-524""}, {""holding_id"": ""08ec02a3-5092-483d-864a-e14de3d663cf"", ""investor_id"": ""INV-1088""}, {""holding_id"": ""0960ce72-483d-4ff9-b192-2e17f502eb87"", ""investor_id"": ""INV-235""}, {""holding_id"": ""098a4821-b141-4ad8-9bac-6a3f2ec62dfc"", ""investor_id"": ""INV-730""}, {""holding_id"": ""0a222931-4bbc-48d3-8f05-a258dbf91e0b"", ""investor_id"": ""INV-118""}, {""holding_id"": ""0a4cf490-3189-4683-81e2-b3eb8552dcd7"", ""investor_id"": ""INV-1252""}, {""holding_id"": ""0a6b1a7b-a69a-44f7-9b69-493eab44ead5"", ""investor_id"": ""INV-947""}, {""holding_id"": ""0ae05d16-7818-4f02-b47d-b89cf2c934ed"", ""investor_id"": ""INV-684""}, {""holding_id"": ""0ae0bd30-2b75-45ed-ba55-1b45d4bff278"", ""investor_id"": ""INV-131""}, {""holding_id"": ""0af2c15f-f3e0-4226-8414-e75dd33f80b5"", ""investor_id"": ""INV-975""}, {""holding_id"": ""0b010b97-6770-4758-a2c8-bcbe91ed63df"", ""investor_id"": ""INV-1295""}, {""holding_id"": ""0b6fe25c-13d5-456b-b12c-7f6a08eb0e4e"", ""investor_id"": ""INV-968""}, {""holding_id"": ""0cac66db-e7dc-423d-b052-314a50bcac5d"", ""investor_id"": ""INV-1065""}, {""holding_id"": ""0cfced84-4e36-4500-8ddf-f6664f9ce1d6"", ""investor_id"": ""INV-243""}, {""holding_id"": ""0dd40d6e-16fb-4a29-978d-58cd0749de50"", ""investor_id"": ""INV-936""}, {""holding_id"": ""0dfd3b3f-c825-49a1-9b67-dde6d2986190"", ""investor_id"": ""INV-282""}, {""holding_id"": ""0e1f5b09-4a01-47f1-b2e4-bc5cef2cb45b"", ""investor_id"": ""INV-328""}, {""holding_id"": ""0e535e0b-6de4-4f5e-a4b0-bb7f60018f6e"", ""investor_id"": ""INV-1338""}, {""holding_id"": ""0f20cd23-0709-4722-b669-9bee17947b89"", ""investor_id"": ""INV-750""}, {""holding_id"": ""0f5ba39c-42cf-4232-9ead-594a7cc8b3fb"", ""investor_id"": ""INV-338""}, {""holding_id"": ""103fdade-391e-4fe5-afa2-90a69ad23c93"", ""investor_id"": ""INV-887""}, {""holding_id"": ""1041f433-df2c-4006-87e1-e36682f27633"", ""investor_id"": ""INV-1549""}, {""holding_id"": ""104494ca-1bc1-4529-b6b2-44e1803d0f5d"", ""investor_id"": ""INV-1247""}, {""holding_id"": ""1305044b-afdb-4128-a5a0-693321e9c868"", ""investor_id"": ""INV-543""}]}"
wealth_management_reference_compliance_125_questions:RC125-032,wealth_management_reference_compliance_125_questions.csv,RC125-032,"For the reference attribute category, which values are actually in use across portfolio holdings, and how many records use each? (compare against the allowed set Alternative, Bonds, Cash Equivalent, Commodities, Crypto, Debt, ETF, Equity, Fixed Income, Hybrid, International, MF, PPF, REIT, SGB)",Reference / Compliance / Integrity,Medium,Reference Compliance,ATOM_ENTITY_PORTFOLIO_HOLDING_001,1,"SELECT category, COUNT(*) AS record_count FROM ATOM_ENTITY_PORTFOLIO_HOLDING_001 WHERE category IS NOT NULL GROUP BY category ORDER BY category;","[{""category"": ""Alternative"", ""record_count"": 1001}, {""category"": ""Bonds"", ""record_count"": 932}, {""category"": ""Cash Equivalent"", ""record_count"": 952}, {""category"": ""Commodities"", ""record_count"": 943}, {""category"": ""Crypto"", ""record_count"": 966}, {""category"": ""Debt"", ""record_count"": 942}, {""category"": ""ETF"", ""record_count"": 948}, {""category"": ""Equity"", ""record_count"": 963}, {""category"": ""Fixed Income"", ""record_count"": 1000}, {""category"": ""Hybrid"", ""record_count"": 928}, {""category"": ""International"", ""record_count"": 898}, {""category"": ""MF"", ""record_count"": 963}, {""category"": ""PPF"", ""record_count"": 1001}, {""category"": ""REIT"", ""record_count"": 955}, {""category"": ""SGB"", ""record_count"": 955}]"
wealth_management_reference_compliance_125_questions:RC125-036,wealth_management_reference_compliance_125_questions.csv,RC125-036,How many portfolio-health records are missing a required goal_match_pct value (goal_match_pct IS NULL)?,Reference / Compliance / Integrity,Medium,Exception Detection,ATOM_ENTITY_PORTFOLIO_HEALTH_001,1,SELECT COUNT(*) AS missing_count FROM ATOM_ENTITY_PORTFOLIO_HEALTH_001 WHERE goal_match_pct IS NULL;,"[{""missing_count"": 77}]"
wealth_management_reference_compliance_125_questions:RC125-040,wealth_management_reference_compliance_125_questions.csv,RC125-040,List the sector-allocation records that are missing a required allocation_pct value (allocation_pct IS NULL).,Reference / Compliance / Integrity,Hard,Filtered List,ATOM_ENTITY_SECTOR_ALLOCATION_001,1,"SELECT sector_id, investor_id FROM ATOM_ENTITY_SECTOR_ALLOCATION_001 WHERE allocation_pct IS NULL ORDER BY sector_id;","{""_total_rows"": 1459, ""_truncated_to"": 50, ""rows"": [{""sector_id"": ""00228bd5-fc17-402e-bca8-9ec36e0c5026"", ""investor_id"": ""INV-063""}, {""sector_id"": ""005a07cd-6030-441d-aab9-ddb055878107"", ""investor_id"": ""INV-1056""}, {""sector_id"": ""008143b4-3fe5-4772-aa10-cb018c86c5ee"", ""investor_id"": ""INV-563""}, {""sector_id"": ""008a5d5f-68de-4224-ab5d-18cab032606d"", ""investor_id"": ""INV-944""}, {""sector_id"": ""0096894e-d94c-4ea2-aad3-b1220e6a16c9"", ""investor_id"": ""INV-641""}, {""sector_id"": ""009c5642-102b-4fcd-9209-1e7a1b3a6b48"", ""investor_id"": ""INV-281""}, {""sector_id"": ""01463064-d7f0-405a-bc81-d0393091af83"", ""investor_id"": ""INV-505""}, {""sector_id"": ""014795f7-76cc-4d9d-a2b8-032319f6c2f3"", ""investor_id"": ""INV-1354""}, {""sector_id"": ""01a781da-6de4-4edd-836c-e42924197e6f"", ""investor_id"": ""INV-630""}, {""sector_id"": ""0215c879-5007-4b61-8053-55d917793b59"", ""investor_id"": ""INV-938""}, {""sector_id"": ""0233db6f-ad65-496e-a3e0-56419781b5e6"", ""investor_id"": ""INV-498""}, {""sector_id"": ""0241e738-746d-4f40-90ec-b2077494b4e4"", ""investor_id"": ""INV-540""}, {""sector_id"": ""026c303b-efd0-41db-bed2-e7ea2aab0f8c"", ""investor_id"": ""INV-190""}, {""sector_id"": ""0289cffa-8598-4f28-9e3a-afbf5adad966"", ""investor_id"": ""INV-450""}, {""sector_id"": ""028a3225-8f97-4faa-8511-a783b1ec9752"", ""investor_id"": ""INV-911""}, {""sector_id"": ""0291ee5d-b03d-448a-9fe1-3a21bf9cbdc3"", ""investor_id"": ""INV-169""}, {""sector_id"": ""02adc95d-5acd-41a6-bcc5-0607e8841bbc"", ""investor_id"": ""INV-100""}, {""sector_id"": ""02b741c5-b713-41ba-bfd3-d144e3b74d5c"", ""investor_id"": ""INV-1493""}, {""sector_id"": ""02c28b82-56e3-48ee-8c35-b41b9d003dad"", ""investor_id"": ""INV-736""}, {""sector_id"": ""02c46ea2-f9ca-4c34-9b48-28c3e0cd478e"", ""investor_id"": ""INV-1380""}, {""sector_id"": ""02f5e0d4-d55d-40d0-bf8a-eb2f3eeba41d"", ""investor_id"": ""INV-1178""}, {""sector_id"": ""03561342-0423-408d-b604-e2c2881e2361"", ""investor_id"": ""INV-851""}, {""sector_id"": ""0367d401-f0ae-495b-a193-e2ed11be625a"", ""investor_id"": ""INV-1441""}, {""sector_id"": ""036b1760-a570-48d2-a917-306a44d08a64"", ""investor_id"": ""INV-453""}, {""sector_id"": ""03b1a0fe-4474-4b87-8c1e-4293cb5ca741"", ""investor_id"": ""INV-868""}, {""sector_id"": ""03bdeb17-4868-4537-8e44-e405385cee35"", ""investor_id"": ""INV-106""}, {""sector_id"": ""03c8d379-a3c0-40dc-bb1f-4cf15fdccb5a"", ""investor_id"": ""INV-394""}, {""sector_id"": ""04476ccb-8e7c-45d3-a2f9-6285b90b6e95"", ""investor_id"": ""INV-070""}, {""sector_id"": ""0459c163-119d-49be-beb3-55502a57d40b"", ""investor_id"": ""INV-1007""}, {""sector_id"": ""046a970e-3e63-448c-931d-3180ad833b4a"", ""investor_id"": ""INV-008""}, {""sector_id"": ""047bc47d-c349-4904-9e65-9a00c0e97709"", ""investor_id"": ""INV-289""}, {""sector_id"": ""047beca4-8bf5-4d47-a53e-ea4b9e1a2125"", ""investor_id"": ""INV-622""}, {""sector_id"": ""04926739-19d8-4b0f-aaae-76e98e08cd3b"", ""investor_id"": ""INV-039""}, {""sector_id"": ""04bac338-699f-4c01-941b-869e8327da54"", ""investor_id"": ""INV-1013""}, {""sector_id"": ""04ee5d21-155b-43df-84e7-60b4d117bf66"", ""investor_id"": ""INV-189""}, {""sector_id"": ""05012c95-eab4-40d9-ae50-4cd986788d53"", ""investor_id"": ""INV-356""}, {""sector_id"": ""05fc56dc-48e5-4256-a381-6f61b1839e70"", ""investor_id"": ""INV-1417""}, {""sector_id"": ""0663ea0c-c284-4eb5-ac71-fe8a1a384c1c"", ""investor_id"": ""INV-1127""}, {""sector_id"": ""066bc6ab-f6b7-48f7-b6b9-b3002abfd5f2"", ""investor_id"": ""INV-1210""}, {""sector_id"": ""0723135c-c8f5-433b-866f-cdb67ef4ac1a"", ""investor_id"": ""INV-1400""}, {""sector_id"": ""073e25a7-91e8-4a45-9a12-16ef6f387e79"", ""investor_id"": ""INV-855""}, {""sector_id"": ""073fc5e3-529b-4df9-afa2-44fcf84b919a"", ""investor_id"": ""INV-667""}, {""sector_id"": ""0757c7b3-0670-4596-a537-2e31ce5cf6e1"", ""investor_id"": ""INV-768""}, {""sector_id"": ""0795aeb6-e7c9-437c-92af-c67bc89c12bd"", ""investor_id"": ""INV-950""}, {""sector_id"": ""0807c3c9-b024-4234-a554-010dbf9b9a1f"", ""investor_id"": ""INV-668""}, {""sector_id"": ""0824be23-f87a-4a08-a9e1-5693a81665de"", ""investor_id"": ""INV-275""}, {""sector_id"": ""083ed652-cebe-4bb4-bd47-781859ce9643"", ""investor_id"": ""INV-007""}, {""sector_id"": ""084574db-475f-4453-bbb8-9b2410740340"", ""investor_id"": ""INV-688""}, {""sector_id"": ""0848b283-afe2-48ad-8841-234eaa340885"", ""investor_id"": ""INV-699""}, {""sector_id"": ""085e2eee-072a-4fd6-8e90-274b44a825d4"", ""investor_id"": ""INV-1258""}]}"
wealth_management_reference_compliance_125_questions:RC125-044,wealth_management_reference_compliance_125_questions.csv,RC125-044,"For the reference attribute action, which values are actually in use across rebalancing-action records, and how many records use each? (compare against the allowed set Aggressive Entry, Asset Reallocation, Buy, Cash Deployment, De-risking, Defensive Shift, Dividend Reinvestment, Goal Alignment Buy, Goal Alignment Sell, Hold, Partial Exit, Portfolio Trim, Profit Booking, Rebalance Buy, Rebalance Sell, Sector Rotation Buy, Sector Rotation Sell, Sell, Stop Loss Exit, Switch In, Switch Out, Tactical Decrease, Tactical Increase)",Reference / Compliance / Integrity,Medium,Reference Compliance,ATOM_EVENT_REBALANCING_ACTION_001,1,"SELECT action, COUNT(*) AS record_count FROM ATOM_EVENT_REBALANCING_ACTION_001 WHERE action IS NOT NULL GROUP BY action ORDER BY action;","[{""action"": ""Aggressive Entry"", ""record_count"": 231}, {""action"": ""Asset Reallocation"", ""record_count"": 261}, {""action"": ""Buy"", ""record_count"": 287}, {""action"": ""Cash Deployment"", ""record_count"": 265}, {""action"": ""De-risking"", ""record_count"": 272}, {""action"": ""Defensive Shift"", ""record_count"": 249}, {""action"": ""Dividend Reinvestment"", ""record_count"": 258}, {""action"": ""Goal Alignment Buy"", ""record_count"": 289}, {""action"": ""Goal Alignment Sell"", ""record_count"": 272}, {""action"": ""Hold"", ""record_count"": 260}, {""action"": ""Partial Exit"", ""record_count"": 250}, {""action"": ""Portfolio Trim"", ""record_count"": 228}, {""action"": ""Profit Booking"", ""record_count"": 279}, {""action"": ""Rebalance Buy"", ""record_count"": 240}, {""action"": ""Rebalance Sell"", ""record_count"": 267}, {""action"": ""Sector Rotation Buy"", ""record_count"": 237}, {""action"": ""Sector Rotation Sell"", ""record_count"": 252}, {""action"": ""Sell"", ""record_count"": 228}, {""action"": ""Stop Loss Exit"", ""record_count"": 237}, {""action"": ""Switch In"", ""record_count"": 252}, {""action"": ""Switch Out"", ""record_count"": 241}, {""action"": ""Tactical Decrease"", ""record_count"": 254}, {""action"": ""Tactical Increase"", ""record_count"": 274}]"
wealth_management_reference_compliance_125_questions:RC125-048,wealth_management_reference_compliance_125_questions.csv,RC125-048,How many portfolio holdings are missing a required current_value value (current_value IS NULL)?,Reference / Compliance / Integrity,Medium,Exception Detection,ATOM_ENTITY_PORTFOLIO_HOLDING_001,1,SELECT COUNT(*) AS missing_count FROM ATOM_ENTITY_PORTFOLIO_HOLDING_001 WHERE current_value IS NULL;,"[{""missing_count"": 755}]"
wealth_management_reference_compliance_125_questions:RC125-052,wealth_management_reference_compliance_125_questions.csv,RC125-052,List the cash-flow records that are missing a required type value (type IS NULL).,Reference / Compliance / Integrity,Hard,Filtered List,ATOM_EVENT_CASH_FLOW_001,1,"SELECT cash_flow_id, investor_id FROM ATOM_EVENT_CASH_FLOW_001 WHERE type IS NULL ORDER BY cash_flow_id;","{""_total_rows"": 391, ""_truncated_to"": 50, ""rows"": [{""cash_flow_id"": ""00afe58b-456f-4d54-be41-3b0b55c1d383"", ""investor_id"": ""INV-1083""}, {""cash_flow_id"": ""00d14d79-3c0b-494b-a2ac-4bbb7dff59ca"", ""investor_id"": ""INV-059""}, {""cash_flow_id"": ""0189c592-830e-428d-8a89-1cb7849e7ad6"", ""investor_id"": ""INV-978""}, {""cash_flow_id"": ""01a82e50-bed5-4d99-8788-2b03e0515865"", ""investor_id"": ""INV-696""}, {""cash_flow_id"": ""065e6979-1114-4ff3-81e6-42a271a102b1"", ""investor_id"": ""INV-329""}, {""cash_flow_id"": ""073b572e-bbb2-48c2-b24b-4dd2b8ce263c"", ""investor_id"": ""INV-803""}, {""cash_flow_id"": ""074a060f-69ba-478e-a756-ac576b2f38a4"", ""investor_id"": ""INV-1428""}, {""cash_flow_id"": ""074ec710-eaca-431f-b647-abb3d86eb7bf"", ""investor_id"": ""INV-1400""}, {""cash_flow_id"": ""085cf69c-7bec-43f3-8cef-a14fd168b835"", ""investor_id"": ""INV-127""}, {""cash_flow_id"": ""08eb76e3-c4ac-4607-8723-8e7fe2e9aa43"", ""investor_id"": ""INV-698""}, {""cash_flow_id"": ""09f2ed88-ba75-4647-aa79-4ee8a113c574"", ""investor_id"": ""INV-434""}, {""cash_flow_id"": ""09f48dbd-5370-4f31-a904-f5595916f02e"", ""investor_id"": ""INV-979""}, {""cash_flow_id"": ""0a6188be-6028-4201-8e22-e3fd7a82bf98"", ""investor_id"": ""INV-1050""}, {""cash_flow_id"": ""0a6d6494-0982-460a-bb16-fc313a22cb0c"", ""investor_id"": ""INV-652""}, {""cash_flow_id"": ""0b6bacfd-40aa-4251-9204-2721e74f321f"", ""investor_id"": ""INV-502""}, {""cash_flow_id"": ""0cde9635-dbb4-4ef2-acf3-0ec43d26da8f"", ""investor_id"": ""INV-1431""}, {""cash_flow_id"": ""0d625000-4b3f-4210-8c29-8a4d9ef26790"", ""investor_id"": ""INV-438""}, {""cash_flow_id"": ""0ea0f6cb-12d3-472d-8df5-9f5a84596bc1"", ""investor_id"": ""INV-437""}, {""cash_flow_id"": ""1036ba25-af4c-4b3c-90aa-c162dae544a8"", ""investor_id"": ""INV-1211""}, {""cash_flow_id"": ""1087f25d-0ed9-4b6e-a358-6417d447a259"", ""investor_id"": ""INV-1078""}, {""cash_flow_id"": ""11115a18-94cd-4c65-ad14-00eb3c34d5f8"", ""investor_id"": ""INV-669""}, {""cash_flow_id"": ""111583fb-e81d-445c-9143-b0c6d7af5070"", ""investor_id"": ""INV-1085""}, {""cash_flow_id"": ""11f83eb9-bb60-4a7a-a0ab-9603dc6b8325"", ""investor_id"": ""INV-1525""}, {""cash_flow_id"": ""1280471b-350e-49ff-a09e-7ebf99128661"", ""investor_id"": ""INV-461""}, {""cash_flow_id"": ""12fd3211-ca51-4f44-9ed8-db86d99163e2"", ""investor_id"": ""INV-893""}, {""cash_flow_id"": ""13987294-171b-45c2-82b0-6f45464c05cb"", ""investor_id"": ""INV-057""}, {""cash_flow_id"": ""14201db6-61c1-4c5c-8cf2-3c6c9cf486fa"", ""investor_id"": ""INV-670""}, {""cash_flow_id"": ""14222f9c-eab5-4d54-8926-16f19161e127"", ""investor_id"": ""INV-1251""}, {""cash_flow_id"": ""145cde82-9b74-4727-bb0e-c1d82f41f223"", ""investor_id"": ""INV-219""}, {""cash_flow_id"": ""1471da6a-a4c5-4899-8aa4-0645a2af5b4c"", ""investor_id"": ""INV-184""}, {""cash_flow_id"": ""150e86dc-3c99-4981-8c01-e34a4b029702"", ""investor_id"": ""INV-058""}, {""cash_flow_id"": ""15cc8e47-1497-47b1-813e-fc0cec922359"", ""investor_id"": ""INV-706""}, {""cash_flow_id"": ""15dfa515-87fe-46ca-b284-0e7d1ef01d46"", ""investor_id"": ""INV-907""}, {""cash_flow_id"": ""1619d23f-d227-4cd6-9e4e-47ab3ef88cc6"", ""investor_id"": ""INV-988""}, {""cash_flow_id"": ""1651fac7-cef7-4248-bc57-ea2a2aeab96b"", ""investor_id"": ""INV-434""}, {""cash_flow_id"": ""169782e4-7a95-404b-9912-001fd24e84b1"", ""investor_id"": ""INV-900""}, {""cash_flow_id"": ""17374f60-b402-49c0-97e4-e793f63f3f9d"", ""investor_id"": ""INV-969""}, {""cash_flow_id"": ""179f1b88-a391-43f5-b102-af75a57f7ed7"", ""investor_id"": ""INV-1457""}, {""cash_flow_id"": ""17d5979e-9ab6-4e31-a4b1-a7ee4b3d5266"", ""investor_id"": ""INV-290""}, {""cash_flow_id"": ""18044b05-1a4a-43bd-9f4e-ae980dcb8d19"", ""investor_id"": ""INV-887""}, {""cash_flow_id"": ""180bdecf-d92a-42c1-a213-e38dc3151f58"", ""investor_id"": ""INV-113""}, {""cash_flow_id"": ""18626a09-4b7e-4998-b65b-7bf69d66300d"", ""investor_id"": ""INV-1376""}, {""cash_flow_id"": ""1a36975c-cac8-440e-bb90-584a9b201449"", ""investor_id"": ""INV-1488""}, {""cash_flow_id"": ""1b414f7c-70d0-4b35-b7df-6ec190e486e6"", ""investor_id"": ""INV-783""}, {""cash_flow_id"": ""1bb0f558-0f0d-4c28-8354-42161ee40717"", ""investor_id"": ""INV-616""}, {""cash_flow_id"": ""1be713af-8b3e-4760-a71c-5e3b8dcca09f"", ""investor_id"": ""INV-1324""}, {""cash_flow_id"": ""1c2580cb-754c-4980-9ac1-10597a438403"", ""investor_id"": ""INV-874""}, {""cash_flow_id"": ""1d66740e-7753-4e49-beb6-295883fcdee5"", ""investor_id"": ""INV-020""}, {""cash_flow_id"": ""1db41b99-c69f-45f8-9b8e-b505cb3b18cd"", ""investor_id"": ""INV-1503""}, {""cash_flow_id"": ""1e22c0cd-71c5-42eb-a79d-1fe07bdcf225"", ""investor_id"": ""INV-378""}]}"
wealth_management_reference_compliance_125_questions:RC125-056,wealth_management_reference_compliance_125_questions.csv,RC125-056,"For the reference attribute investment_goal, which values are actually in use across investment-goal records, and how many records use each? (compare against the allowed set Child Education, Emergency Fund, Growth, Income Generation, Retirement Planning, Wealth Preservation)",Reference / Compliance / Integrity,Medium,Reference Compliance,ATOM_ENTITY_INVESTMENT_GOAL_001,1,"SELECT investment_goal, COUNT(*) AS record_count FROM ATOM_ENTITY_INVESTMENT_GOAL_001 WHERE investment_goal IS NOT NULL GROUP BY investment_goal ORDER BY investment_goal;","[{""investment_goal"": ""Child Education"", ""record_count"": 735}, {""investment_goal"": ""Emergency Fund"", ""record_count"": 789}, {""investment_goal"": ""Growth"", ""record_count"": 789}, {""investment_goal"": ""Income Generation"", ""record_count"": 768}, {""investment_goal"": ""Retirement Planning"", ""record_count"": 780}, {""investment_goal"": ""Wealth Preservation"", ""record_count"": 739}]"
wealth_management_reference_compliance_125_questions:RC125-060,wealth_management_reference_compliance_125_questions.csv,RC125-060,How many sector-allocation records are missing a required total_investment value (total_investment IS NULL)?,Reference / Compliance / Integrity,Medium,Exception Detection,ATOM_ENTITY_SECTOR_ALLOCATION_001,1,SELECT COUNT(*) AS missing_count FROM ATOM_ENTITY_SECTOR_ALLOCATION_001 WHERE total_investment IS NULL;,"[{""missing_count"": 1459}]"
wealth_management_reference_compliance_125_questions:RC125-064,wealth_management_reference_compliance_125_questions.csv,RC125-064,List the rebalancing-action records that are missing a required logic value (logic IS NULL).,Reference / Compliance / Integrity,Hard,Filtered List,ATOM_EVENT_REBALANCING_ACTION_001,1,"SELECT rebalance_id, investor_id FROM ATOM_EVENT_REBALANCING_ACTION_001 WHERE logic IS NULL ORDER BY rebalance_id;","{""_total_rows"": 309, ""_truncated_to"": 50, ""rows"": [{""rebalance_id"": ""00211fcf-b0fc-4c86-9546-7ea13b426064"", ""investor_id"": ""INV-1376""}, {""rebalance_id"": ""00bbb482-4ff2-4e50-8556-0ab4a8693a75"", ""investor_id"": ""INV-355""}, {""rebalance_id"": ""02d50b2e-baf0-4af7-b0dd-7af343be0b80"", ""investor_id"": ""INV-012""}, {""rebalance_id"": ""03b5423b-cdb9-4f6c-9263-a3e6dfd4ab89"", ""investor_id"": ""INV-1490""}, {""rebalance_id"": ""04238a75-2070-476f-b793-06a7b1271edb"", ""investor_id"": ""INV-1344""}, {""rebalance_id"": ""0467103c-9903-4ce9-9e31-0d138eafd3f9"", ""investor_id"": ""INV-044""}, {""rebalance_id"": ""05a2bcf5-35e8-4bc4-8376-5c7aac944145"", ""investor_id"": ""INV-1309""}, {""rebalance_id"": ""05ce2b51-5742-4dff-84af-7b8098c6be49"", ""investor_id"": ""INV-1090""}, {""rebalance_id"": ""05e56a76-6bac-42b1-bad8-c9bca25fe31a"", ""investor_id"": ""INV-049""}, {""rebalance_id"": ""0600be1a-7fe5-4f77-bdc4-410a33ca6280"", ""investor_id"": ""INV-1412""}, {""rebalance_id"": ""0798bf87-fd2e-4d1b-bd02-4bbcda214ee7"", ""investor_id"": ""INV-1121""}, {""rebalance_id"": ""08143c12-3db4-44e1-bce7-37ede664e5e5"", ""investor_id"": ""INV-1243""}, {""rebalance_id"": ""0870f928-4c32-4937-b322-b6f6f09f18b9"", ""investor_id"": ""INV-589""}, {""rebalance_id"": ""0bb38d3a-7c9a-4428-98a0-939d3dbfa1ed"", ""investor_id"": ""INV-336""}, {""rebalance_id"": ""0c02e3f9-6cc8-47c6-8aef-6d3f2f12579c"", ""investor_id"": ""INV-1259""}, {""rebalance_id"": ""0cd5e661-5f5b-44c8-bc2d-3f2fd7c271b2"", ""investor_id"": ""INV-824""}, {""rebalance_id"": ""0e25347a-3235-428a-b1f3-1782335fcccc"", ""investor_id"": ""INV-1404""}, {""rebalance_id"": ""0e8d4011-526d-4c9a-8122-6c14737c6c8e"", ""investor_id"": ""INV-750""}, {""rebalance_id"": ""0e902929-cbcd-4508-93d2-a708fc3046f6"", ""investor_id"": ""INV-1018""}, {""rebalance_id"": ""0fbd673b-8d8d-42c6-913f-f9e9cc6529f5"", ""investor_id"": ""INV-1423""}, {""rebalance_id"": ""101f8315-cb73-4ad4-a3c3-1b80fd0a830f"", ""investor_id"": ""INV-1535""}, {""rebalance_id"": ""10a39a91-9793-487f-9805-d04dff90e902"", ""investor_id"": ""INV-1512""}, {""rebalance_id"": ""11045ce7-5585-4712-9711-c24ff98d4164"", ""investor_id"": ""INV-1313""}, {""rebalance_id"": ""116b132a-679f-48a0-a8ab-c0b7bd68a69d"", ""investor_id"": ""INV-876""}, {""rebalance_id"": ""12377a4b-57e7-4d47-8575-48eaa9ad320b"", ""investor_id"": ""INV-765""}, {""rebalance_id"": ""1302294d-1a1b-49b1-a09d-d06fc54568db"", ""investor_id"": ""INV-904""}, {""rebalance_id"": ""14264f8e-0695-47a7-a7e8-0f1bf730acb4"", ""investor_id"": ""INV-1353""}, {""rebalance_id"": ""143eba11-367a-46ed-8eaa-c53e2ce3963b"", ""investor_id"": ""INV-754""}, {""rebalance_id"": ""14a37df8-e22b-4945-acdf-de20635eff98"", ""investor_id"": ""INV-1182""}, {""rebalance_id"": ""153eb927-38a1-4277-a1c1-22c16fbc3c58"", ""investor_id"": ""INV-1438""}, {""rebalance_id"": ""17f9d851-f110-4896-8359-f8503f539045"", ""investor_id"": ""INV-257""}, {""rebalance_id"": ""183ec72d-5a4a-4df7-a38e-31f03c871847"", ""investor_id"": ""INV-187""}, {""rebalance_id"": ""18fe0c20-ee25-42e5-bc0f-dccae7734131"", ""investor_id"": ""INV-1012""}, {""rebalance_id"": ""19f052de-29c0-4277-8932-48094f43db13"", ""investor_id"": ""INV-759""}, {""rebalance_id"": ""19f093b4-4f56-4349-99e7-6b881bd3934b"", ""investor_id"": ""INV-983""}, {""rebalance_id"": ""1a1772ce-b05c-46b9-961e-db20ce052629"", ""investor_id"": ""INV-741""}, {""rebalance_id"": ""1b01e37a-3d32-4b32-bea4-e73d35bcf5ed"", ""investor_id"": ""INV-1056""}, {""rebalance_id"": ""1b3badd6-6316-4b9b-9b0e-ebd60be2c8d0"", ""investor_id"": ""INV-1018""}, {""rebalance_id"": ""1b79a6ac-c5a3-4fb5-a849-01512f83c342"", ""investor_id"": ""INV-1544""}, {""rebalance_id"": ""1bd817d5-5492-45fd-af31-a3e6c9b3e0d0"", ""investor_id"": ""INV-789""}, {""rebalance_id"": ""1c253bd7-d083-4da2-9633-4e31a9e7a48c"", ""investor_id"": ""INV-1344""}, {""rebalance_id"": ""1dd4ac9f-14fa-4a74-8296-963583cc0776"", ""investor_id"": ""INV-034""}, {""rebalance_id"": ""22003205-66b0-42a3-8b9a-8dda7b6bebbe"", ""investor_id"": ""INV-1367""}, {""rebalance_id"": ""22c8648b-e913-433d-b2f1-ecc586774462"", ""investor_id"": ""INV-682""}, {""rebalance_id"": ""22ce31bf-e723-41f8-a7d4-c608c84f44a0"", ""investor_id"": ""INV-715""}, {""rebalance_id"": ""22e4cd6e-e8c9-42a9-a15d-00f3f75cdbb5"", ""investor_id"": ""INV-1510""}, {""rebalance_id"": ""25829e6b-816c-4c20-b416-e0c087aa11e7"", ""investor_id"": ""INV-347""}, {""rebalance_id"": ""2594e728-9a58-43a9-90e3-32b4fde676fa"", ""investor_id"": ""INV-468""}, {""rebalance_id"": ""26a78faf-6bfb-42cd-b4db-84d7e52e637a"", ""investor_id"": ""INV-868""}, {""rebalance_id"": ""26bafc50-03f5-4b72-957b-8ffbcc713c97"", ""investor_id"": ""INV-122""}]}"
wealth_management_reference_compliance_125_questions:RC125-068,wealth_management_reference_compliance_125_questions.csv,RC125-068,List the distinct category values present in the investor-profile table (for coverage against the allowed reference set).,Reference / Compliance / Integrity,Medium,Reference Compliance,ATOM_ENTITY_INVESTOR_PROFILE_001,1,SELECT DISTINCT category FROM ATOM_ENTITY_INVESTOR_PROFILE_001 WHERE category IS NOT NULL ORDER BY category;,"[{""category"": ""Debt""}, {""category"": ""Equity""}, {""category"": ""Gold""}, {""category"": ""Hybrid""}, {""category"": ""Real Estate""}]"
wealth_management_reference_compliance_125_questions:RC125-072,wealth_management_reference_compliance_125_questions.csv,RC125-072,"Using the allowed profile segment values Diversified, Large Cap, Mid Cap, Small Cap, which portfolio holdings belong to an investor whose profile segment is outside this set?",Reference / Compliance / Integrity,Hard,Reference Compliance,ATOM_ENTITY_INVESTOR_PROFILE_001; ATOM_ENTITY_PORTFOLIO_HOLDING_001,2,"SELECT c.holding_id, c.investor_id, p.segment FROM ATOM_ENTITY_PORTFOLIO_HOLDING_001 c JOIN ATOM_ENTITY_INVESTOR_PROFILE_001 p ON p.investor_id = c.investor_id WHERE p.segment IS NOT NULL AND p.segment NOT IN ('Diversified', 'Large Cap', 'Mid Cap', 'Small Cap') ORDER BY c.holding_id;",[]
wealth_management_reference_compliance_125_questions:RC125-076,wealth_management_reference_compliance_125_questions.csv,RC125-076,"Using the allowed profile time_horizon values Long-term, Medium-term, Short-term, which cash-flow records belong to an investor whose profile time_horizon is outside this set?",Reference / Compliance / Integrity,Hard,Reference Compliance,ATOM_ENTITY_INVESTOR_PROFILE_001; ATOM_EVENT_CASH_FLOW_001,2,"SELECT c.cash_flow_id, c.investor_id, p.time_horizon FROM ATOM_EVENT_CASH_FLOW_001 c JOIN ATOM_ENTITY_INVESTOR_PROFILE_001 p ON p.investor_id = c.investor_id WHERE p.time_horizon IS NOT NULL AND p.time_horizon NOT IN ('Long-term', 'Medium-term', 'Short-term') ORDER BY c.cash_flow_id;",[]
wealth_management_reference_compliance_125_questions:RC125-080,wealth_management_reference_compliance_125_questions.csv,RC125-080,Cross-reference validation: which investors appearing in the investor-profile table have an investor_id not found in the scenario-rebalancing table?,Reference / Compliance / Integrity,Hard,Filtered List,ATOM_ENTITY_INVESTOR_PROFILE_001; ATOM_EVENT_SCENARIO_REBALANCING_001,2,SELECT DISTINCT a.investor_id FROM ATOM_ENTITY_INVESTOR_PROFILE_001 a WHERE NOT EXISTS (SELECT 1 FROM ATOM_EVENT_SCENARIO_REBALANCING_001 b WHERE b.investor_id = a.investor_id) ORDER BY a.investor_id;,"{""_total_rows"": 573, ""_truncated_to"": 50, ""rows"": [{""investor_id"": ""INV-005""}, {""investor_id"": ""INV-009""}, {""investor_id"": ""INV-011""}, {""investor_id"": ""INV-012""}, {""investor_id"": ""INV-015""}, {""investor_id"": ""INV-026""}, {""investor_id"": ""INV-031""}, {""investor_id"": ""INV-035""}, {""investor_id"": ""INV-050""}, {""investor_id"": ""INV-054""}, {""investor_id"": ""INV-056""}, {""investor_id"": ""INV-057""}, {""investor_id"": ""INV-067""}, {""investor_id"": ""INV-069""}, {""investor_id"": ""INV-077""}, {""investor_id"": ""INV-080""}, {""investor_id"": ""INV-081""}, {""investor_id"": ""INV-082""}, {""investor_id"": ""INV-088""}, {""investor_id"": ""INV-091""}, {""investor_id"": ""INV-092""}, {""investor_id"": ""INV-094""}, {""investor_id"": ""INV-096""}, {""investor_id"": ""INV-100""}, {""investor_id"": ""INV-1005""}, {""investor_id"": ""INV-1007""}, {""investor_id"": ""INV-101""}, {""investor_id"": ""INV-1013""}, {""investor_id"": ""INV-1015""}, {""investor_id"": ""INV-1016""}, {""investor_id"": ""INV-1019""}, {""investor_id"": ""INV-102""}, {""investor_id"": ""INV-1020""}, {""investor_id"": ""INV-1021""}, {""investor_id"": ""INV-1022""}, {""investor_id"": ""INV-1023""}, {""investor_id"": ""INV-1024""}, {""investor_id"": ""INV-1030""}, {""investor_id"": ""INV-1037""}, {""investor_id"": ""INV-104""}, {""investor_id"": ""INV-1041""}, {""investor_id"": ""INV-1042""}, {""investor_id"": ""INV-1050""}, {""investor_id"": ""INV-1051""}, {""investor_id"": ""INV-1052""}, {""investor_id"": ""INV-1053""}, {""investor_id"": ""INV-1054""}, {""investor_id"": ""INV-1056""}, {""investor_id"": ""INV-1060""}, {""investor_id"": ""INV-1061""}]}"
wealth_management_reference_compliance_125_questions:RC125-084,wealth_management_reference_compliance_125_questions.csv,RC125-084,How many distinct investors in the portfolio-health table have an investor_id not found in the rebalancing-action table?,Reference / Compliance / Integrity,Medium,Exception Detection,ATOM_ENTITY_PORTFOLIO_HEALTH_001; ATOM_EVENT_REBALANCING_ACTION_001,2,SELECT COUNT(DISTINCT a.investor_id) AS gap_investors FROM ATOM_ENTITY_PORTFOLIO_HEALTH_001 a WHERE NOT EXISTS (SELECT 1 FROM ATOM_EVENT_REBALANCING_ACTION_001 b WHERE b.investor_id = a.investor_id);,"[{""gap_investors"": 180}]"
wealth_management_reference_compliance_125_questions:RC125-088,wealth_management_reference_compliance_125_questions.csv,RC125-088,"How many investment-goal records belong to an investor whose profile risk_tolerance conforms to the allowed set (Aggressive, Conservative, Moderate)?",Reference / Compliance / Integrity,Hard,Reference Compliance,ATOM_ENTITY_INVESTMENT_GOAL_001; ATOM_ENTITY_INVESTOR_PROFILE_001,2,"SELECT COUNT(*) AS conforming_count FROM ATOM_ENTITY_INVESTMENT_GOAL_001 c JOIN ATOM_ENTITY_INVESTOR_PROFILE_001 p ON p.investor_id = c.investor_id WHERE p.risk_tolerance IN ('Aggressive', 'Conservative', 'Moderate');","[{""conforming_count"": 4615}]"
wealth_management_reference_compliance_125_questions:RC125-092,wealth_management_reference_compliance_125_questions.csv,RC125-092,Cross-reference validation: which investors appearing in the portfolio-holding table have an investor_id not found in the scenario-rebalancing table?,Reference / Compliance / Integrity,Hard,Filtered List,ATOM_ENTITY_PORTFOLIO_HOLDING_001; ATOM_EVENT_SCENARIO_REBALANCING_001,2,SELECT DISTINCT a.investor_id FROM ATOM_ENTITY_PORTFOLIO_HOLDING_001 a WHERE NOT EXISTS (SELECT 1 FROM ATOM_EVENT_SCENARIO_REBALANCING_001 b WHERE b.investor_id = a.investor_id) ORDER BY a.investor_id;,"{""_total_rows"": 573, ""_truncated_to"": 50, ""rows"": [{""investor_id"": ""INV-005""}, {""investor_id"": ""INV-009""}, {""investor_id"": ""INV-011""}, {""investor_id"": ""INV-012""}, {""investor_id"": ""INV-015""}, {""investor_id"": ""INV-026""}, {""investor_id"": ""INV-031""}, {""investor_id"": ""INV-035""}, {""investor_id"": ""INV-050""}, {""investor_id"": ""INV-054""}, {""investor_id"": ""INV-056""}, {""investor_id"": ""INV-057""}, {""investor_id"": ""INV-067""}, {""investor_id"": ""INV-069""}, {""investor_id"": ""INV-077""}, {""investor_id"": ""INV-080""}, {""investor_id"": ""INV-081""}, {""investor_id"": ""INV-082""}, {""investor_id"": ""INV-088""}, {""investor_id"": ""INV-091""}, {""investor_id"": ""INV-092""}, {""investor_id"": ""INV-094""}, {""investor_id"": ""INV-096""}, {""investor_id"": ""INV-100""}, {""investor_id"": ""INV-1005""}, {""investor_id"": ""INV-1007""}, {""investor_id"": ""INV-101""}, {""investor_id"": ""INV-1013""}, {""investor_id"": ""INV-1015""}, {""investor_id"": ""INV-1016""}, {""investor_id"": ""INV-1019""}, {""investor_id"": ""INV-102""}, {""investor_id"": ""INV-1020""}, {""investor_id"": ""INV-1021""}, {""investor_id"": ""INV-1022""}, {""investor_id"": ""INV-1023""}, {""investor_id"": ""INV-1024""}, {""investor_id"": ""INV-1030""}, {""investor_id"": ""INV-1037""}, {""investor_id"": ""INV-104""}, {""investor_id"": ""INV-1041""}, {""investor_id"": ""INV-1042""}, {""investor_id"": ""INV-1050""}, {""investor_id"": ""INV-1051""}, {""investor_id"": ""INV-1052""}, {""investor_id"": ""INV-1053""}, {""investor_id"": ""INV-1054""}, {""investor_id"": ""INV-1056""}, {""investor_id"": ""INV-1060""}, {""investor_id"": ""INV-1061""}]}"
wealth_management_reference_compliance_125_questions:RC125-096,wealth_management_reference_compliance_125_questions.csv,RC125-096,How many distinct investors in the investment-goal table have an investor_id not found in the rebalancing-action table?,Reference / Compliance / Integrity,Medium,Exception Detection,ATOM_ENTITY_INVESTMENT_GOAL_001; ATOM_EVENT_REBALANCING_ACTION_001,2,SELECT COUNT(DISTINCT a.investor_id) AS gap_investors FROM ATOM_ENTITY_INVESTMENT_GOAL_001 a WHERE NOT EXISTS (SELECT 1 FROM ATOM_EVENT_REBALANCING_ACTION_001 b WHERE b.investor_id = a.investor_id);,"[{""gap_investors"": 180}]"
wealth_management_reference_compliance_125_questions:RC125-100,wealth_management_reference_compliance_125_questions.csv,RC125-100,"How many sector-allocation records belong to an investor whose profile risk_tolerance conforms to the allowed set (Aggressive, Conservative, Moderate)?",Reference / Compliance / Integrity,Hard,Reference Compliance,ATOM_ENTITY_INVESTOR_PROFILE_001; ATOM_ENTITY_SECTOR_ALLOCATION_001,2,"SELECT COUNT(*) AS conforming_count FROM ATOM_ENTITY_SECTOR_ALLOCATION_001 c JOIN ATOM_ENTITY_INVESTOR_PROFILE_001 p ON p.investor_id = c.investor_id WHERE p.risk_tolerance IN ('Aggressive', 'Conservative', 'Moderate');","[{""conforming_count"": 2888}]"
wealth_management_reference_compliance_125_questions:RC125-104,wealth_management_reference_compliance_125_questions.csv,RC125-104,How many distinct investors in the cash-flow table have an investor_id not found in the scenario-rebalancing table?,Reference / Compliance / Integrity,Medium,Exception Detection,ATOM_EVENT_CASH_FLOW_001; ATOM_EVENT_SCENARIO_REBALANCING_001,2,SELECT COUNT(DISTINCT a.investor_id) AS gap_investors FROM ATOM_EVENT_CASH_FLOW_001 a WHERE NOT EXISTS (SELECT 1 FROM ATOM_EVENT_SCENARIO_REBALANCING_001 b WHERE b.investor_id = a.investor_id);,"[{""gap_investors"": 573}]"
wealth_management_reference_compliance_125_questions:RC125-108,wealth_management_reference_compliance_125_questions.csv,RC125-108,How many distinct investors in the sector-allocation table have an investor_id not found in the scenario-rebalancing table?,Reference / Compliance / Integrity,Medium,Exception Detection,ATOM_ENTITY_SECTOR_ALLOCATION_001; ATOM_EVENT_SCENARIO_REBALANCING_001,2,SELECT COUNT(DISTINCT a.investor_id) AS gap_investors FROM ATOM_ENTITY_SECTOR_ALLOCATION_001 a WHERE NOT EXISTS (SELECT 1 FROM ATOM_EVENT_SCENARIO_REBALANCING_001 b WHERE b.investor_id = a.investor_id);,"[{""gap_investors"": 573}]"
wealth_management_reference_compliance_125_questions:RC125-112,wealth_management_reference_compliance_125_questions.csv,RC125-112,List investors who have a portfolio-health record but are missing a rebalancing-action record.,Reference / Compliance / Integrity,Hard,Filtered List,ATOM_ENTITY_INVESTOR_PROFILE_001; ATOM_ENTITY_PORTFOLIO_HEALTH_001; ATOM_EVENT_REBALANCING_ACTION_001,3,SELECT DISTINCT p.investor_id FROM ATOM_ENTITY_INVESTOR_PROFILE_001 p WHERE EXISTS (SELECT 1 FROM ATOM_ENTITY_PORTFOLIO_HEALTH_001 a WHERE a.investor_id = p.investor_id) AND NOT EXISTS (SELECT 1 FROM ATOM_EVENT_REBALANCING_ACTION_001 b WHERE b.investor_id = p.investor_id) ORDER BY p.investor_id;,"{""_total_rows"": 180, ""_truncated_to"": 50, ""rows"": [{""investor_id"": ""INV-006""}, {""investor_id"": ""INV-014""}, {""investor_id"": ""INV-017""}, {""investor_id"": ""INV-018""}, {""investor_id"": ""INV-021""}, {""investor_id"": ""INV-048""}, {""investor_id"": ""INV-055""}, {""investor_id"": ""INV-077""}, {""investor_id"": ""INV-097""}, {""investor_id"": ""INV-1060""}, {""investor_id"": ""INV-1081""}, {""investor_id"": ""INV-1086""}, {""investor_id"": ""INV-1093""}, {""investor_id"": ""INV-1097""}, {""investor_id"": ""INV-1105""}, {""investor_id"": ""INV-1130""}, {""investor_id"": ""INV-1138""}, {""investor_id"": ""INV-1144""}, {""investor_id"": ""INV-1145""}, {""investor_id"": ""INV-1149""}, {""investor_id"": ""INV-117""}, {""investor_id"": ""INV-1173""}, {""investor_id"": ""INV-1201""}, {""investor_id"": ""INV-1202""}, {""investor_id"": ""INV-1212""}, {""investor_id"": ""INV-1213""}, {""investor_id"": ""INV-1216""}, {""investor_id"": ""INV-1217""}, {""investor_id"": ""INV-1224""}, {""investor_id"": ""INV-1227""}, {""investor_id"": ""INV-1235""}, {""investor_id"": ""INV-1237""}, {""investor_id"": ""INV-125""}, {""investor_id"": ""INV-1260""}, {""investor_id"": ""INV-1261""}, {""investor_id"": ""INV-1273""}, {""investor_id"": ""INV-128""}, {""investor_id"": ""INV-1287""}, {""investor_id"": ""INV-1289""}, {""investor_id"": ""INV-1292""}, {""investor_id"": ""INV-130""}, {""investor_id"": ""INV-1301""}, {""investor_id"": ""INV-1306""}, {""investor_id"": ""INV-1311""}, {""investor_id"": ""INV-1317""}, {""investor_id"": ""INV-1320""}, {""investor_id"": ""INV-1325""}, {""investor_id"": ""INV-1334""}, {""investor_id"": ""INV-1343""}, {""investor_id"": ""INV-1346""}]}"
wealth_management_reference_compliance_125_questions:RC125-116,wealth_management_reference_compliance_125_questions.csv,RC125-116,List investors who have a portfolio-holding record but are missing a rebalancing-action record.,Reference / Compliance / Integrity,Hard,Filtered List,ATOM_ENTITY_INVESTOR_PROFILE_001; ATOM_ENTITY_PORTFOLIO_HOLDING_001; ATOM_EVENT_REBALANCING_ACTION_001,3,SELECT DISTINCT p.investor_id FROM ATOM_ENTITY_INVESTOR_PROFILE_001 p WHERE EXISTS (SELECT 1 FROM ATOM_ENTITY_PORTFOLIO_HOLDING_001 a WHERE a.investor_id = p.investor_id) AND NOT EXISTS (SELECT 1 FROM ATOM_EVENT_REBALANCING_ACTION_001 b WHERE b.investor_id = p.investor_id) ORDER BY p.investor_id;,"{""_total_rows"": 180, ""_truncated_to"": 50, ""rows"": [{""investor_id"": ""INV-006""}, {""investor_id"": ""INV-014""}, {""investor_id"": ""INV-017""}, {""investor_id"": ""INV-018""}, {""investor_id"": ""INV-021""}, {""investor_id"": ""INV-048""}, {""investor_id"": ""INV-055""}, {""investor_id"": ""INV-077""}, {""investor_id"": ""INV-097""}, {""investor_id"": ""INV-1060""}, {""investor_id"": ""INV-1081""}, {""investor_id"": ""INV-1086""}, {""investor_id"": ""INV-1093""}, {""investor_id"": ""INV-1097""}, {""investor_id"": ""INV-1105""}, {""investor_id"": ""INV-1130""}, {""investor_id"": ""INV-1138""}, {""investor_id"": ""INV-1144""}, {""investor_id"": ""INV-1145""}, {""investor_id"": ""INV-1149""}, {""investor_id"": ""INV-117""}, {""investor_id"": ""INV-1173""}, {""investor_id"": ""INV-1201""}, {""investor_id"": ""INV-1202""}, {""investor_id"": ""INV-1212""}, {""investor_id"": ""INV-1213""}, {""investor_id"": ""INV-1216""}, {""investor_id"": ""INV-1217""}, {""investor_id"": ""INV-1224""}, {""investor_id"": ""INV-1227""}, {""investor_id"": ""INV-1235""}, {""investor_id"": ""INV-1237""}, {""investor_id"": ""INV-125""}, {""investor_id"": ""INV-1260""}, {""investor_id"": ""INV-1261""}, {""investor_id"": ""INV-1273""}, {""investor_id"": ""INV-128""}, {""investor_id"": ""INV-1287""}, {""investor_id"": ""INV-1289""}, {""investor_id"": ""INV-1292""}, {""investor_id"": ""INV-130""}, {""investor_id"": ""INV-1301""}, {""investor_id"": ""INV-1306""}, {""investor_id"": ""INV-1311""}, {""investor_id"": ""INV-1317""}, {""investor_id"": ""INV-1320""}, {""investor_id"": ""INV-1325""}, {""investor_id"": ""INV-1334""}, {""investor_id"": ""INV-1343""}, {""investor_id"": ""INV-1346""}]}"
wealth_management_reference_compliance_125_questions:RC125-120,wealth_management_reference_compliance_125_questions.csv,RC125-120,List investors who have an investment-goal record but are missing a rebalancing-action record.,Reference / Compliance / Integrity,Hard,Filtered List,ATOM_ENTITY_INVESTMENT_GOAL_001; ATOM_ENTITY_INVESTOR_PROFILE_001; ATOM_EVENT_REBALANCING_ACTION_001,3,SELECT DISTINCT p.investor_id FROM ATOM_ENTITY_INVESTOR_PROFILE_001 p WHERE EXISTS (SELECT 1 FROM ATOM_ENTITY_INVESTMENT_GOAL_001 a WHERE a.investor_id = p.investor_id) AND NOT EXISTS (SELECT 1 FROM ATOM_EVENT_REBALANCING_ACTION_001 b WHERE b.investor_id = p.investor_id) ORDER BY p.investor_id;,"{""_total_rows"": 180, ""_truncated_to"": 50, ""rows"": [{""investor_id"": ""INV-006""}, {""investor_id"": ""INV-014""}, {""investor_id"": ""INV-017""}, {""investor_id"": ""INV-018""}, {""investor_id"": ""INV-021""}, {""investor_id"": ""INV-048""}, {""investor_id"": ""INV-055""}, {""investor_id"": ""INV-077""}, {""investor_id"": ""INV-097""}, {""investor_id"": ""INV-1060""}, {""investor_id"": ""INV-1081""}, {""investor_id"": ""INV-1086""}, {""investor_id"": ""INV-1093""}, {""investor_id"": ""INV-1097""}, {""investor_id"": ""INV-1105""}, {""investor_id"": ""INV-1130""}, {""investor_id"": ""INV-1138""}, {""investor_id"": ""INV-1144""}, {""investor_id"": ""INV-1145""}, {""investor_id"": ""INV-1149""}, {""investor_id"": ""INV-117""}, {""investor_id"": ""INV-1173""}, {""investor_id"": ""INV-1201""}, {""investor_id"": ""INV-1202""}, {""investor_id"": ""INV-1212""}, {""investor_id"": ""INV-1213""}, {""investor_id"": ""INV-1216""}, {""investor_id"": ""INV-1217""}, {""investor_id"": ""INV-1224""}, {""investor_id"": ""INV-1227""}, {""investor_id"": ""INV-1235""}, {""investor_id"": ""INV-1237""}, {""investor_id"": ""INV-125""}, {""investor_id"": ""INV-1260""}, {""investor_id"": ""INV-1261""}, {""investor_id"": ""INV-1273""}, {""investor_id"": ""INV-128""}, {""investor_id"": ""INV-1287""}, {""investor_id"": ""INV-1289""}, {""investor_id"": ""INV-1292""}, {""investor_id"": ""INV-130""}, {""investor_id"": ""INV-1301""}, {""investor_id"": ""INV-1306""}, {""investor_id"": ""INV-1311""}, {""investor_id"": ""INV-1317""}, {""investor_id"": ""INV-1320""}, {""investor_id"": ""INV-1325""}, {""investor_id"": ""INV-1334""}, {""investor_id"": ""INV-1343""}, {""investor_id"": ""INV-1346""}]}"
wealth_management_reference_compliance_125_questions:RC125-124,wealth_management_reference_compliance_125_questions.csv,RC125-124,List investors who have a sector-allocation record but are missing a rebalancing-action record.,Reference / Compliance / Integrity,Hard,Filtered List,ATOM_ENTITY_INVESTOR_PROFILE_001; ATOM_ENTITY_SECTOR_ALLOCATION_001; ATOM_EVENT_REBALANCING_ACTION_001,3,SELECT DISTINCT p.investor_id FROM ATOM_ENTITY_INVESTOR_PROFILE_001 p WHERE EXISTS (SELECT 1 FROM ATOM_ENTITY_SECTOR_ALLOCATION_001 a WHERE a.investor_id = p.investor_id) AND NOT EXISTS (SELECT 1 FROM ATOM_EVENT_REBALANCING_ACTION_001 b WHERE b.investor_id = p.investor_id) ORDER BY p.investor_id;,"{""_total_rows"": 180, ""_truncated_to"": 50, ""rows"": [{""investor_id"": ""INV-006""}, {""investor_id"": ""INV-014""}, {""investor_id"": ""INV-017""}, {""investor_id"": ""INV-018""}, {""investor_id"": ""INV-021""}, {""investor_id"": ""INV-048""}, {""investor_id"": ""INV-055""}, {""investor_id"": ""INV-077""}, {""investor_id"": ""INV-097""}, {""investor_id"": ""INV-1060""}, {""investor_id"": ""INV-1081""}, {""investor_id"": ""INV-1086""}, {""investor_id"": ""INV-1093""}, {""investor_id"": ""INV-1097""}, {""investor_id"": ""INV-1105""}, {""investor_id"": ""INV-1130""}, {""investor_id"": ""INV-1138""}, {""investor_id"": ""INV-1144""}, {""investor_id"": ""INV-1145""}, {""investor_id"": ""INV-1149""}, {""investor_id"": ""INV-117""}, {""investor_id"": ""INV-1173""}, {""investor_id"": ""INV-1201""}, {""investor_id"": ""INV-1202""}, {""investor_id"": ""INV-1212""}, {""investor_id"": ""INV-1213""}, {""investor_id"": ""INV-1216""}, {""investor_id"": ""INV-1217""}, {""investor_id"": ""INV-1224""}, {""investor_id"": ""INV-1227""}, {""investor_id"": ""INV-1235""}, {""investor_id"": ""INV-1237""}, {""investor_id"": ""INV-125""}, {""investor_id"": ""INV-1260""}, {""investor_id"": ""INV-1261""}, {""investor_id"": ""INV-1273""}, {""investor_id"": ""INV-128""}, {""investor_id"": ""INV-1287""}, {""investor_id"": ""INV-1289""}, {""investor_id"": ""INV-1292""}, {""investor_id"": ""INV-130""}, {""investor_id"": ""INV-1301""}, {""investor_id"": ""INV-1306""}, {""investor_id"": ""INV-1311""}, {""investor_id"": ""INV-1317""}, {""investor_id"": ""INV-1320""}, {""investor_id"": ""INV-1325""}, {""investor_id"": ""INV-1334""}, {""investor_id"": ""INV-1343""}, {""investor_id"": ""INV-1346""}]}"
wealth_management_scoring_quantitative_125_questions:SQA125-1T-003,wealth_management_scoring_quantitative_125_questions.csv,SQA125-1T-003,Which 10 investment goals have the highest Sharpe ratio (ties broken by goal ID)?,Score ranking,Medium,Ranking,ATOM_ENTITY_INVESTMENT_GOAL_001,1,"SELECT goal_id, investor_id, avg_sharpe_ratio FROM ATOM_ENTITY_INVESTMENT_GOAL_001 ORDER BY avg_sharpe_ratio DESC, goal_id ASC LIMIT 10;","[{""goal_id"": ""269585a6-0842-4d39-bab2-c3c99b5ba322"", ""investor_id"": ""INV-1062"", ""avg_sharpe_ratio"": 3.99}, {""goal_id"": ""2848f622-937f-40cd-9df2-194aec6a2c5d"", ""investor_id"": ""INV-725"", ""avg_sharpe_ratio"": 3.99}, {""goal_id"": ""78c149f6-1a94-4dad-8e9f-c77745336755"", ""investor_id"": ""INV-816"", ""avg_sharpe_ratio"": 3.99}, {""goal_id"": ""c7d53660-9856-4557-8873-8dde2f52f121"", ""investor_id"": ""INV-441"", ""avg_sharpe_ratio"": 3.99}, {""goal_id"": ""e9517519-b889-4494-b63b-c9e4215f43bc"", ""investor_id"": ""INV-1449"", ""avg_sharpe_ratio"": 3.99}, {""goal_id"": ""f733bfc9-6db9-4f54-a3c7-88465828ef93"", ""investor_id"": ""INV-1550"", ""avg_sharpe_ratio"": 3.99}, {""goal_id"": ""6d71796a-f47e-4c9d-9226-a9e925731075"", ""investor_id"": ""INV-020"", ""avg_sharpe_ratio"": 3.98}, {""goal_id"": ""8cdcdf7e-4737-4d9e-be00-26044ba0d84d"", ""investor_id"": ""INV-792"", ""avg_sharpe_ratio"": 3.9699999999999998}, {""goal_id"": ""a6967df7-9880-42be-a706-7a52f1864889"", ""investor_id"": ""INV-1241"", ""avg_sharpe_ratio"": 3.9699999999999998}, {""goal_id"": ""1b072672-20b3-4877-8d8f-e6175f9c0fdf"", ""investor_id"": ""INV-784"", ""avg_sharpe_ratio"": 3.96}]"
wealth_management_scoring_quantitative_125_questions:SQA125-1T-007,wealth_management_scoring_quantitative_125_questions.csv,SQA125-1T-007,What is the average volatility for each investment goal type?,Goal metric by objective,Medium,Categorical Aggregation,ATOM_ENTITY_INVESTMENT_GOAL_001,1,"SELECT investment_goal, ROUND(AVG(avg_volatility_pct),3) AS avg_val, COUNT(*) AS n FROM ATOM_ENTITY_INVESTMENT_GOAL_001 GROUP BY investment_goal ORDER BY avg_val DESC, investment_goal ASC;","[{""investment_goal"": ""Child Education"", ""avg_val"": 14.954, ""n"": 735}, {""investment_goal"": ""Wealth Preservation"", ""avg_val"": 14.488, ""n"": 739}, {""investment_goal"": ""Emergency Fund"", ""avg_val"": 14.426, ""n"": 789}, {""investment_goal"": ""Growth"", ""avg_val"": 14.325, ""n"": 789}, {""investment_goal"": ""Retirement Planning"", ""avg_val"": 14.081, ""n"": 780}, {""investment_goal"": ""Income Generation"", ""avg_val"": 13.731, ""n"": 768}, {""investment_goal"": null, ""avg_val"": 12.911, ""n"": 265}]"
wealth_management_scoring_quantitative_125_questions:SQA125-1T-011,wealth_management_scoring_quantitative_125_questions.csv,SQA125-1T-011,List the investment goals whose shortfall is above 10000000.,Threshold filtered list,Medium,Filtered List,ATOM_ENTITY_INVESTMENT_GOAL_001,1,"SELECT goal_id, investor_id, shortfall FROM ATOM_ENTITY_INVESTMENT_GOAL_001 WHERE shortfall > 10000000 ORDER BY shortfall DESC, goal_id ASC;","{""_total_rows"": 456, ""_truncated_to"": 50, ""rows"": [{""goal_id"": ""ff88d2eb-2107-473e-957f-1edc99f812f9"", ""investor_id"": ""INV-1118"", ""shortfall"": 493962599.0}, {""goal_id"": ""1e15d493-da3e-4800-8f93-cc1a30a1c8aa"", ""investor_id"": ""INV-179"", ""shortfall"": 449771373.0}, {""goal_id"": ""356a2669-fab9-49b1-b674-f7dda77ab02b"", ""investor_id"": ""INV-1339"", ""shortfall"": 449521870.5}, {""goal_id"": ""81b15923-20c5-4b2e-aa43-f912cae84f90"", ""investor_id"": ""INV-282"", ""shortfall"": 449414718.3}, {""goal_id"": ""85396c3c-d943-4f7a-af69-7ac8e0272d14"", ""investor_id"": ""INV-1350"", ""shortfall"": 449413362.0}, {""goal_id"": ""2766fd8c-5a7e-4b63-827b-b01d08dc97a0"", ""investor_id"": ""INV-506"", ""shortfall"": 449170369.2}, {""goal_id"": ""9f8e886d-4a28-4bb4-96ea-735fd60f57fc"", ""investor_id"": ""INV-786"", ""shortfall"": 448747208.1}, {""goal_id"": ""01697f1d-9d41-4526-af59-1da48545ee52"", ""investor_id"": ""INV-147"", ""shortfall"": 448537825.8}, {""goal_id"": ""d8618f6c-0ed3-446b-9df4-c54e26e7d1dc"", ""investor_id"": ""INV-097"", ""shortfall"": 447743420.1}, {""goal_id"": ""b08b496b-cffa-47e7-93d8-3b0241e8ef5f"", ""investor_id"": ""INV-263"", ""shortfall"": 446008815.0}, {""goal_id"": ""efc227e2-4c25-41c9-a58d-c6a5ce24bb79"", ""investor_id"": ""INV-407"", ""shortfall"": 441127468.8}, {""goal_id"": ""99087640-c400-40b5-a12e-892d1d527f03"", ""investor_id"": ""INV-996"", ""shortfall"": 441036645.3}, {""goal_id"": ""54b57d84-d9bb-494d-aa32-70e6a0481e29"", ""investor_id"": ""INV-1012"", ""shortfall"": 440692302.6}, {""goal_id"": ""3d232cab-5786-4446-89dc-7d17ee693d18"", ""investor_id"": ""INV-830"", ""shortfall"": 439130017.8}, {""goal_id"": ""43157146-6adf-4ea5-8a61-a87fbbb965d4"", ""investor_id"": ""INV-994"", ""shortfall"": 439121204.1}, {""goal_id"": ""49bbfb27-1075-4316-8332-3049cbbef3cc"", ""investor_id"": ""INV-1285"", ""shortfall"": 438859031.4}, {""goal_id"": ""abb3e41b-1d4c-4e7f-9094-231f8acd7060"", ""investor_id"": ""INV-134"", ""shortfall"": 438265988.1}, {""goal_id"": ""7f049225-1b27-453d-abca-b660ffef012d"", ""investor_id"": ""INV-061"", ""shortfall"": 435884615.1}, {""goal_id"": ""fc327a24-2e4e-40ac-9201-a078e593056c"", ""investor_id"": ""INV-1242"", ""shortfall"": 435224718.9}, {""goal_id"": ""e50a28c6-a708-43cd-9df3-97dde67226fd"", ""investor_id"": ""INV-1220"", ""shortfall"": 433119204.0}, {""goal_id"": ""b543c2b7-655f-4a71-835c-40466a95dfd5"", ""investor_id"": ""INV-129"", ""shortfall"": 431825259.6}, {""goal_id"": ""7b2895b8-959a-4ce3-a225-3bc06895d208"", ""investor_id"": ""INV-1439"", ""shortfall"": 431242126.2}, {""goal_id"": ""7602433a-d445-4b50-b3fe-3dd03a3acfad"", ""investor_id"": ""INV-699"", ""shortfall"": 430951552.2}, {""goal_id"": ""335ddca5-b023-4964-b099-eda8c95dd365"", ""investor_id"": ""INV-877"", ""shortfall"": 430916765.4}, {""goal_id"": ""dafeb100-861c-4583-acd0-544faea40b6e"", ""investor_id"": ""INV-725"", ""shortfall"": 430876327.5}, {""goal_id"": ""938ef4fc-5961-4ae4-99a6-c9ba89b9dba8"", ""investor_id"": ""INV-449"", ""shortfall"": 429677943.3}, {""goal_id"": ""a04d5a31-32ff-444c-9e06-d09699cc8002"", ""investor_id"": ""INV-1002"", ""shortfall"": 428540528.7}, {""goal_id"": ""b4c3f82a-6161-4f6a-bbab-2dcfaf920207"", ""investor_id"": ""INV-1387"", ""shortfall"": 426830584.5}, {""goal_id"": ""f0de0030-ed79-4d76-8b09-af684a11ec33"", ""investor_id"": ""INV-937"", ""shortfall"": 426504393.9}, {""goal_id"": ""836cdf42-d802-4470-ac6c-49a6f04ac42c"", ""investor_id"": ""INV-1278"", ""shortfall"": 426499119.0}, {""goal_id"": ""601ea59a-b58c-4396-85b8-7ca404fc0414"", ""investor_id"": ""INV-053"", ""shortfall"": 426433222.8}, {""goal_id"": ""3a4c1bb1-a55b-4bf6-a1f5-d91308462c63"", ""investor_id"": ""INV-879"", ""shortfall"": 426222086.4}, {""goal_id"": ""09774385-c19d-4206-878b-419f1f9816b7"", ""investor_id"": ""INV-776"", ""shortfall"": 425625589.8}, {""goal_id"": ""8f4648af-72fe-4f96-bae7-e00ccf13daed"", ""investor_id"": ""INV-1039"", ""shortfall"": 424788244.2}, {""goal_id"": ""87eae867-8a2f-4009-8749-cc79b42d1edd"", ""investor_id"": ""INV-456"", ""shortfall"": 424779602.4}, {""goal_id"": ""f02d65a4-946b-4fa7-bd5e-774a86fbc443"", ""investor_id"": ""INV-442"", ""shortfall"": 424088303.4}, {""goal_id"": ""81957352-a356-434a-ba54-1503e221a6c9"", ""investor_id"": ""INV-866"", ""shortfall"": 422944983.0}, {""goal_id"": ""996672ab-50cd-473a-8d97-6c9bedb96b79"", ""investor_id"": ""INV-1089"", ""shortfall"": 422041931.0}, {""goal_id"": ""c7d53660-9856-4557-8873-8dde2f52f121"", ""investor_id"": ""INV-441"", ""shortfall"": 421559090.1}, {""goal_id"": ""a70341fb-89b9-4c0d-a14f-0327a5fda05a"", ""investor_id"": ""INV-1261"", ""shortfall"": 421482446.1}, {""goal_id"": ""0b430411-ec46-4d4f-8f2d-e6ebb26c61cf"", ""investor_id"": ""INV-151"", ""shortfall"": 421384257.0}, {""goal_id"": ""e39d30c9-04db-488d-a4bf-fba1a83a84f4"", ""investor_id"": ""INV-881"", ""shortfall"": 420792453.0}, {""goal_id"": ""c1679618-0c4f-4f81-bfdc-5e55281cb03d"", ""investor_id"": ""INV-120"", ""shortfall"": 420018030.0}, {""goal_id"": ""258fa061-83dc-414a-9c30-96e78ca51034"", ""investor_id"": ""INV-1412"", ""shortfall"": 417675258.9}, {""goal_id"": ""e4aa6da1-73e4-46f4-9298-c7a755e44f10"", ""investor_id"": ""INV-594"", ""shortfall"": 417526290.0}, {""goal_id"": ""b540aab7-683e-4639-81df-eda32756bf5a"", ""investor_id"": ""INV-147"", ""shortfall"": 416185008.3}, {""goal_id"": ""3fc719eb-8985-435c-87ce-83356e56d7bc"", ""investor_id"": ""INV-1426"", ""shortfall"": 412978147.2}, {""goal_id"": ""7894dca3-c43a-49e7-98e8-c677aa2a55dd"", ""investor_id"": ""INV-736"", ""shortfall"": 412925942.7}, {""goal_id"": ""cf8a6afc-c309-4c7b-93f0-8162d3492b0e"", ""investor_id"": ""INV-166"", ""shortfall"": 410441135.4}, {""goal_id"": ""e9132f7f-cb8d-4104-bbc3-c348adb2438e"", ""investor_id"": ""INV-846"", ""shortfall"": 409197096.9}]}"
wealth_management_scoring_quantitative_125_questions:SQA125-1T-015,wealth_management_scoring_quantitative_125_questions.csv,SQA125-1T-015,Which 10 investment goals have the highest volatility?,Score ranking,Medium,Ranking,ATOM_ENTITY_INVESTMENT_GOAL_001,1,"SELECT goal_id, investor_id, avg_volatility_pct FROM ATOM_ENTITY_INVESTMENT_GOAL_001 ORDER BY avg_volatility_pct DESC, goal_id ASC LIMIT 10;","[{""goal_id"": ""fa2e5024-c3bf-4436-8d77-e4d53b5042f6"", ""investor_id"": ""INV-181"", ""avg_volatility_pct"": 79.664529}, {""goal_id"": ""d7561bce-335a-40dc-b8fc-ead4109596c2"", ""investor_id"": ""INV-1205"", ""avg_volatility_pct"": 79.634643}, {""goal_id"": ""d84d033c-931e-437c-854e-3f85948da3a9"", ""investor_id"": ""INV-1093"", ""avg_volatility_pct"": 79.597149}, {""goal_id"": ""1f15838b-aeba-4373-a967-1315fe19d05d"", ""investor_id"": ""INV-1087"", ""avg_volatility_pct"": 79.318875}, {""goal_id"": ""5eb8a338-25f8-4bdb-8989-f5f88daf38fd"", ""investor_id"": ""INV-1077"", ""avg_volatility_pct"": 79.049481}, {""goal_id"": ""4fb778e4-a734-4d80-ad1c-9f44abb17df3"", ""investor_id"": ""INV-1304"", ""avg_volatility_pct"": 78.881348}, {""goal_id"": ""b662587d-1978-4fd6-a3fc-4b1acb5a7440"", ""investor_id"": ""INV-141"", ""avg_volatility_pct"": 78.736103}, {""goal_id"": ""8d8a8499-43f1-46c1-a6d6-6e354c79d0b1"", ""investor_id"": ""INV-854"", ""avg_volatility_pct"": 78.682895}, {""goal_id"": ""cf3482a0-6309-45a4-bba4-ae01dcd24399"", ""investor_id"": ""INV-908"", ""avg_volatility_pct"": 78.53395}, {""goal_id"": ""d6b9e4e9-3c04-4909-a863-3ebaa92b2af2"", ""investor_id"": ""INV-740"", ""avg_volatility_pct"": 78.146275}]"
wealth_management_scoring_quantitative_125_questions:SQA125-1T-019,wealth_management_scoring_quantitative_125_questions.csv,SQA125-1T-019,What is the average return % (counting only holdings with a recorded cost and current value) broken down by sector?,Holding/allocation metric by category,Medium,Categorical Aggregation,ATOM_ENTITY_PORTFOLIO_HOLDING_001,1,"SELECT sector, ROUND(AVG(CASE WHEN o.cost > 0 AND o.current_value IS NOT NULL THEN o.returns_pct END),3) AS avg_val, COUNT(*) AS n FROM ATOM_ENTITY_PORTFOLIO_HOLDING_001 o GROUP BY sector ORDER BY avg_val DESC, sector ASC;","[{""sector"": ""Real Estate"", ""avg_val"": 109.138, ""n"": 1208}, {""sector"": null, ""avg_val"": 103.213, ""n"": 755}, {""sector"": ""Consumer Goods"", ""avg_val"": 98.466, ""n"": 1211}, {""sector"": ""Healthcare"", ""avg_val"": 90.249, ""n"": 1213}, {""sector"": ""Technology"", ""avg_val"": 88.678, ""n"": 1214}, {""sector"": ""Automobile"", ""avg_val"": 72.769, ""n"": 1138}, {""sector"": ""Financial Services"", ""avg_val"": 72.201, ""n"": 1199}, {""sector"": ""Infrastructure"", ""avg_val"": 70.643, ""n"": 1186}, {""sector"": ""Corporate"", ""avg_val"": 70.142, ""n"": 1237}, {""sector"": ""Banking"", ""avg_val"": 61.282, ""n"": 1164}, {""sector"": ""Government"", ""avg_val"": 51.301, ""n"": 1156}, {""sector"": ""Pharma"", ""avg_val"": 51.118, ""n"": 1250}, {""sector"": ""Private Equity"", ""avg_val"": 42.553, ""n"": 1171}]"
wealth_management_scoring_quantitative_125_questions:SQA125-1T-023,wealth_management_scoring_quantitative_125_questions.csv,SQA125-1T-023,List the sector allocations whose allocation % is above 30.,Threshold filtered list,Medium,Filtered List,ATOM_ENTITY_SECTOR_ALLOCATION_001,1,"SELECT sector_id, investor_id, sector, allocation_pct FROM ATOM_ENTITY_SECTOR_ALLOCATION_001 WHERE allocation_pct > 30 ORDER BY allocation_pct DESC, sector_id ASC;","{""_total_rows"": 146, ""_truncated_to"": 50, ""rows"": [{""sector_id"": ""03be9b4a-6fe0-4940-924c-f5b55cfd6d54"", ""investor_id"": ""INV-1101"", ""sector"": ""Technology"", ""allocation_pct"": 100.0}, {""sector_id"": ""71034c9b-5236-4656-bdae-93d7e350b08d"", ""investor_id"": ""INV-951"", ""sector"": ""Technology"", ""allocation_pct"": 100.0}, {""sector_id"": ""799ce72b-2e86-466b-b291-449d201a162a"", ""investor_id"": ""INV-251"", ""sector"": ""Technology"", ""allocation_pct"": 100.0}, {""sector_id"": ""d35e4ed4-2034-46b6-b182-0ce5e9ee8129"", ""investor_id"": ""INV-1451"", ""sector"": ""Technology"", ""allocation_pct"": 100.0}, {""sector_id"": ""124b88a9-9633-46c9-a889-4cdb6a7a1ebf"", ""investor_id"": ""INV-1418"", ""sector"": ""Banking"", ""allocation_pct"": 77.14170957430785}, {""sector_id"": ""fd141b2a-2158-468d-8e2f-f38deb7e4ba5"", ""investor_id"": ""INV-370"", ""sector"": ""Pharma"", ""allocation_pct"": 73.96815439470433}, {""sector_id"": ""bff0d7ce-62ad-4a95-92a8-6cecf4229efe"", ""investor_id"": ""INV-1075"", ""sector"": ""Real Estate"", ""allocation_pct"": 72.62285318656176}, {""sector_id"": ""cefd0400-daa5-4116-b493-91839a6f3f8a"", ""investor_id"": ""INV-082"", ""sector"": ""Healthcare"", ""allocation_pct"": 67.72707011091055}, {""sector_id"": ""104b6597-10c4-4373-9e32-e0ba8309e4f9"", ""investor_id"": ""INV-992"", ""sector"": ""Pharma"", ""allocation_pct"": 67.4932557452029}, {""sector_id"": ""7d33d6bf-bebf-455e-a216-313b54f1c4e8"", ""investor_id"": ""INV-1240"", ""sector"": ""Real Estate"", ""allocation_pct"": 66.2883562313008}, {""sector_id"": ""31e57925-c41a-406f-b450-1f3d5f39c040"", ""investor_id"": ""INV-759"", ""sector"": ""Banking"", ""allocation_pct"": 65.46750074802902}, {""sector_id"": ""4fd5f41d-872c-40b5-be75-3051b3748534"", ""investor_id"": ""INV-759"", ""sector"": ""Banking"", ""allocation_pct"": 65.46750074802902}, {""sector_id"": ""6d7400a3-3abc-4408-ad09-66f5bcc7439a"", ""investor_id"": ""INV-1389"", ""sector"": ""Consumer Goods"", ""allocation_pct"": 64.5718532772986}, {""sector_id"": ""a784a5e0-e839-4da6-afc6-f54a276e5dfc"", ""investor_id"": ""INV-1389"", ""sector"": ""Consumer Goods"", ""allocation_pct"": 64.5718532772986}, {""sector_id"": ""1c255f3a-0f9d-4e12-9675-dea1e4dd2259"", ""investor_id"": ""INV-130"", ""sector"": ""Financial Services"", ""allocation_pct"": 63.211641640034834}, {""sector_id"": ""1aa03b16-00b3-45e0-b2eb-bd7210429494"", ""investor_id"": ""INV-1346"", ""sector"": ""Automobile"", ""allocation_pct"": 59.971888786126605}, {""sector_id"": ""9fb5052f-9187-486e-b50b-ef4b3df2b3be"", ""investor_id"": ""INV-1312"", ""sector"": ""Corporate"", ""allocation_pct"": 59.84314073825509}, {""sector_id"": ""c76f70f6-5a14-4a80-bd2a-86033d13180e"", ""investor_id"": ""INV-163"", ""sector"": ""Infrastructure"", ""allocation_pct"": 59.669057500197134}, {""sector_id"": ""281b265c-c49e-4ee0-bd2a-1453858ffd56"", ""investor_id"": ""INV-767"", ""sector"": ""Banking"", ""allocation_pct"": 59.48372681360753}, {""sector_id"": ""7b965052-739c-4ab6-a527-fe41f3ff4408"", ""investor_id"": ""INV-255"", ""sector"": ""Technology"", ""allocation_pct"": 56.266035565060754}, {""sector_id"": ""00b3ae4b-ff56-4d25-bc4a-b7995bb72f9e"", ""investor_id"": ""INV-1071"", ""sector"": ""Government"", ""allocation_pct"": 55.69028620681892}, {""sector_id"": ""25da06e6-9a86-4303-b295-75e4888b8546"", ""investor_id"": ""INV-333"", ""sector"": ""Corporate"", ""allocation_pct"": 51.864484131486655}, {""sector_id"": ""3acaa0ed-ce7f-45bb-931f-fe237a28fa77"", ""investor_id"": ""INV-713"", ""sector"": ""Technology"", ""allocation_pct"": 51.384434973083735}, {""sector_id"": ""edafd733-832a-40f9-831d-1b53ed881d3b"", ""investor_id"": ""INV-886"", ""sector"": ""Government"", ""allocation_pct"": 50.43587257304998}, {""sector_id"": ""0162c981-9dde-4cab-a289-fccc32f44274"", ""investor_id"": ""INV-1335"", ""sector"": ""Technology"", ""allocation_pct"": 50.41255836107581}, {""sector_id"": ""2a6d82f7-275f-4e80-93e4-67eeb162f19a"", ""investor_id"": ""INV-1411"", ""sector"": ""Banking"", ""allocation_pct"": 50.01104275122259}, {""sector_id"": ""7d101ee5-715a-4a5c-8450-aff7daba0d01"", ""investor_id"": ""INV-527"", ""sector"": ""Private Equity"", ""allocation_pct"": 49.05219752425905}, {""sector_id"": ""87cbb651-c3da-4853-861b-1af645c6e423"", ""investor_id"": ""INV-1091"", ""sector"": ""Technology"", ""allocation_pct"": 48.64822902692663}, {""sector_id"": ""27c596ff-9a4e-4ec8-9ce2-dded339c21e3"", ""investor_id"": ""INV-1047"", ""sector"": ""Healthcare"", ""allocation_pct"": 48.26337227540569}, {""sector_id"": ""b7d0d31a-8b0f-4ccb-9d6a-266f14ede852"", ""investor_id"": ""INV-447"", ""sector"": ""Corporate"", ""allocation_pct"": 48.237282159044995}, {""sector_id"": ""d62a2f3e-be34-4ef7-be7a-72f29ebd37e5"", ""investor_id"": ""INV-999"", ""sector"": ""Consumer Goods"", ""allocation_pct"": 48.03482912393039}, {""sector_id"": ""84e99634-123d-46c3-815c-4acdaa5379c8"", ""investor_id"": ""INV-440"", ""sector"": ""Consumer Goods"", ""allocation_pct"": 47.65449892912288}, {""sector_id"": ""a5404aee-fef8-447b-b714-a67e71e6659c"", ""investor_id"": ""INV-886"", ""sector"": ""Real Estate"", ""allocation_pct"": 47.1211210821958}, {""sector_id"": ""cfdac232-4966-4af7-8108-1bdc99acbe56"", ""investor_id"": ""INV-668"", ""sector"": ""Technology"", ""allocation_pct"": 46.96963957291976}, {""sector_id"": ""386d84f0-9349-4d04-96d2-ae31494b8776"", ""investor_id"": ""INV-897"", ""sector"": ""Government"", ""allocation_pct"": 46.86623612508502}, {""sector_id"": ""fbf348e6-5ede-4e6c-a150-2b6684244f46"", ""investor_id"": ""INV-021"", ""sector"": ""Technology"", ""allocation_pct"": 46.608022347146886}, {""sector_id"": ""f751c9e5-a62d-42ee-b5f6-09bfdb939ad8"", ""investor_id"": ""INV-679"", ""sector"": ""Financial Services"", ""allocation_pct"": 46.449597801557836}, {""sector_id"": ""53a1a8b4-b2bc-45ab-b750-592031ccff3f"", ""investor_id"": ""INV-134"", ""sector"": ""Infrastructure"", ""allocation_pct"": 46.261634011156225}, {""sector_id"": ""856a9b70-6b67-4f87-84bf-321692495d6f"", ""investor_id"": ""INV-728"", ""sector"": ""Real Estate"", ""allocation_pct"": 46.238311355400654}, {""sector_id"": ""b569bf25-12e0-46d6-8ca3-574644b73640"", ""investor_id"": ""INV-1381"", ""sector"": ""Private Equity"", ""allocation_pct"": 45.88323594553651}, {""sector_id"": ""822449ab-24e7-4cc6-9900-15ae33fee00a"", ""investor_id"": ""INV-1371"", ""sector"": ""Infrastructure"", ""allocation_pct"": 45.56087053415009}, {""sector_id"": ""10dff4ea-06cb-4e4d-8d88-a849f81eef1d"", ""investor_id"": ""INV-1533"", ""sector"": ""Financial Services"", ""allocation_pct"": 45.40415614933217}, {""sector_id"": ""9c801480-e86f-4d4b-86cc-51e156bc2e78"", ""investor_id"": ""INV-906"", ""sector"": ""Government"", ""allocation_pct"": 44.72765212396671}, {""sector_id"": ""f09ee399-6b28-4fbf-a224-883cbca27376"", ""investor_id"": ""INV-906"", ""sector"": ""Government"", ""allocation_pct"": 44.72765212396671}, {""sector_id"": ""a6ad2d2a-88b1-4840-aa5e-6940dbaf2496"", ""investor_id"": ""INV-1537"", ""sector"": ""Healthcare"", ""allocation_pct"": 44.497891429817315}, {""sector_id"": ""4700161e-1151-4d77-a755-754a59a52a4e"", ""investor_id"": ""INV-1306"", ""sector"": ""Real Estate"", ""allocation_pct"": 44.19695037030288}, {""sector_id"": ""b643bad9-3bec-4efc-8372-eb15492986cf"", ""investor_id"": ""INV-567"", ""sector"": ""Healthcare"", ""allocation_pct"": 43.806350404567006}, {""sector_id"": ""897fefa6-4ee4-4693-bd04-b24995adeef5"", ""investor_id"": ""INV-1304"", ""sector"": ""Consumer Goods"", ""allocation_pct"": 43.7615714528366}, {""sector_id"": ""4746c869-0575-4c44-9c7d-5a206167896f"", ""investor_id"": ""INV-1090"", ""sector"": ""Financial Services"", ""allocation_pct"": 43.75013033397726}, {""sector_id"": ""e679b803-884f-4069-b8b5-0f257b4bd765"", ""investor_id"": ""INV-1096"", ""sector"": ""Financial Services"", ""allocation_pct"": 43.717442575105736}]}"
wealth_management_scoring_quantitative_125_questions:SQA125-1T-027,wealth_management_scoring_quantitative_125_questions.csv,SQA125-1T-027,Which 10 sector allocations have the largest allocation %?,Score ranking,Medium,Ranking,ATOM_ENTITY_SECTOR_ALLOCATION_001,1,"SELECT sector_id, investor_id, sector, allocation_pct FROM ATOM_ENTITY_SECTOR_ALLOCATION_001 ORDER BY allocation_pct DESC, sector_id ASC LIMIT 10;","[{""sector_id"": ""03be9b4a-6fe0-4940-924c-f5b55cfd6d54"", ""investor_id"": ""INV-1101"", ""sector"": ""Technology"", ""allocation_pct"": 100.0}, {""sector_id"": ""71034c9b-5236-4656-bdae-93d7e350b08d"", ""investor_id"": ""INV-951"", ""sector"": ""Technology"", ""allocation_pct"": 100.0}, {""sector_id"": ""799ce72b-2e86-466b-b291-449d201a162a"", ""investor_id"": ""INV-251"", ""sector"": ""Technology"", ""allocation_pct"": 100.0}, {""sector_id"": ""d35e4ed4-2034-46b6-b182-0ce5e9ee8129"", ""investor_id"": ""INV-1451"", ""sector"": ""Technology"", ""allocation_pct"": 100.0}, {""sector_id"": ""124b88a9-9633-46c9-a889-4cdb6a7a1ebf"", ""investor_id"": ""INV-1418"", ""sector"": ""Banking"", ""allocation_pct"": 77.14170957430785}, {""sector_id"": ""fd141b2a-2158-468d-8e2f-f38deb7e4ba5"", ""investor_id"": ""INV-370"", ""sector"": ""Pharma"", ""allocation_pct"": 73.96815439470433}, {""sector_id"": ""bff0d7ce-62ad-4a95-92a8-6cecf4229efe"", ""investor_id"": ""INV-1075"", ""sector"": ""Real Estate"", ""allocation_pct"": 72.62285318656176}, {""sector_id"": ""cefd0400-daa5-4116-b493-91839a6f3f8a"", ""investor_id"": ""INV-082"", ""sector"": ""Healthcare"", ""allocation_pct"": 67.72707011091055}, {""sector_id"": ""104b6597-10c4-4373-9e32-e0ba8309e4f9"", ""investor_id"": ""INV-992"", ""sector"": ""Pharma"", ""allocation_pct"": 67.4932557452029}, {""sector_id"": ""7d33d6bf-bebf-455e-a216-313b54f1c4e8"", ""investor_id"": ""INV-1240"", ""sector"": ""Real Estate"", ""allocation_pct"": 66.2883562313008}]"
wealth_management_scoring_quantitative_125_questions:SQA125-1T-031,wealth_management_scoring_quantitative_125_questions.csv,SQA125-1T-031,How many investment goals have a goal progress below 30?,Threshold count,Easy,Categorical Aggregation,ATOM_ENTITY_INVESTMENT_GOAL_001,1,SELECT COUNT(*) AS cnt FROM ATOM_ENTITY_INVESTMENT_GOAL_001 WHERE progress_pct < 30;,"[{""cnt"": 2420}]"
wealth_management_scoring_quantitative_125_questions:SQA125-1T-035,wealth_management_scoring_quantitative_125_questions.csv,SQA125-1T-035,How many investment goals have an average volatility above 15?,Threshold count,Easy,Categorical Aggregation,ATOM_ENTITY_INVESTMENT_GOAL_001,1,SELECT COUNT(*) AS cnt FROM ATOM_ENTITY_INVESTMENT_GOAL_001 WHERE avg_volatility_pct > 15;,"[{""cnt"": 336}]"
wealth_management_scoring_quantitative_125_questions:SQA125-1T-039,wealth_management_scoring_quantitative_125_questions.csv,SQA125-1T-039,How many holdings have a dividend payout above 22000?,Threshold count,Easy,Categorical Aggregation,ATOM_ENTITY_PORTFOLIO_HOLDING_001,1,SELECT COUNT(*) AS cnt FROM ATOM_ENTITY_PORTFOLIO_HOLDING_001 WHERE dividends > 22000;,"[{""cnt"": 3497}]"
wealth_management_scoring_quantitative_125_questions:SQA125-2T-003,wealth_management_scoring_quantitative_125_questions.csv,SQA125-2T-003,List investors whose risk score is above 75 and liquidity score is below 25.,Two-score composite filter,Hard,Composite Reasoning,ATOM_ENTITY_INVESTOR_PROFILE_001; ATOM_ENTITY_PORTFOLIO_HEALTH_001,2,"SELECT p.investor_id, p.investor_name, h.risk_score, h.liquidity_score, h.diversification_score, h.goal_match_pct FROM ATOM_ENTITY_INVESTOR_PROFILE_001 p JOIN ATOM_ENTITY_PORTFOLIO_HEALTH_001 h ON h.investor_id=p.investor_id WHERE h.risk_score > 75 AND h.liquidity_score < 25 ORDER BY p.investor_id;","{""_total_rows"": 57, ""_truncated_to"": 50, ""rows"": [{""investor_id"": ""INV-009"", ""investor_name"": ""Anand Verma"", ""risk_score"": 86.216654, ""liquidity_score"": 18.438549, ""diversification_score"": 24.152979, ""goal_match_pct"": 51.219889}, {""investor_id"": ""INV-064"", ""investor_name"": ""Arvind Singh"", ""risk_score"": 89.24776, ""liquidity_score"": 17.586996, ""diversification_score"": 28.277989, ""goal_match_pct"": 29.372187}, {""investor_id"": ""INV-073"", ""investor_name"": ""Abhishek Mehta"", ""risk_score"": 92.214742, ""liquidity_score"": 9.167651, ""diversification_score"": 33.448522, ""goal_match_pct"": null}, {""investor_id"": ""INV-075"", ""investor_name"": ""Arjun Rao"", ""risk_score"": 81.184273, ""liquidity_score"": 10.41471, ""diversification_score"": null, ""goal_match_pct"": 41.093729}, {""investor_id"": ""INV-084"", ""investor_name"": ""Anand Reddy"", ""risk_score"": 87.255643, ""liquidity_score"": 6.697612, ""diversification_score"": 88.26302, ""goal_match_pct"": 17.569541}, {""investor_id"": ""INV-1038"", ""investor_name"": ""Rahul Iyer"", ""risk_score"": 81.265826, ""liquidity_score"": 15.258807, ""diversification_score"": 22.537635, ""goal_match_pct"": 53.05428}, {""investor_id"": ""INV-1048"", ""investor_name"": ""Geeta Pandey"", ""risk_score"": 94.821904, ""liquidity_score"": 7.857197, ""diversification_score"": 41.250734, ""goal_match_pct"": null}, {""investor_id"": ""INV-1049"", ""investor_name"": ""Abhishek Yadav"", ""risk_score"": 88.545427, ""liquidity_score"": 5.150663, ""diversification_score"": 89.252361, ""goal_match_pct"": 35.857173}, {""investor_id"": ""INV-114"", ""investor_name"": ""Ishita Singh"", ""risk_score"": 92.43147, ""liquidity_score"": 20.070531, ""diversification_score"": 62.384039, ""goal_match_pct"": 10.234886}, {""investor_id"": ""INV-1159"", ""investor_name"": ""Anand Sharma"", ""risk_score"": 79.766313, ""liquidity_score"": 18.764039, ""diversification_score"": null, ""goal_match_pct"": 88.530883}, {""investor_id"": ""INV-1194"", ""investor_name"": ""Chetan Rao"", ""risk_score"": 82.904527, ""liquidity_score"": 24.92207, ""diversification_score"": 73.365273, ""goal_match_pct"": 69.423247}, {""investor_id"": ""INV-1200"", ""investor_name"": ""Ishita Gupta"", ""risk_score"": 86.941488, ""liquidity_score"": 12.52214, ""diversification_score"": 83.92299, ""goal_match_pct"": 11.48044}, {""investor_id"": ""INV-1218"", ""investor_name"": ""Vivek Rao"", ""risk_score"": 83.609028, ""liquidity_score"": 14.650721, ""diversification_score"": 80.897836, ""goal_match_pct"": 38.858952}, {""investor_id"": ""INV-1234"", ""investor_name"": ""Ishita Iyer"", ""risk_score"": 85.083777, ""liquidity_score"": 17.879035, ""diversification_score"": 66.280463, ""goal_match_pct"": 28.841806}, {""investor_id"": ""INV-1273"", ""investor_name"": ""Aishwarya Hegde"", ""risk_score"": 88.450351, ""liquidity_score"": 21.963709, ""diversification_score"": 44.977854, ""goal_match_pct"": 31.044841}, {""investor_id"": ""INV-1312"", ""investor_name"": ""Amit Verma"", ""risk_score"": 78.409648, ""liquidity_score"": 12.264057, ""diversification_score"": 38.689449, ""goal_match_pct"": 19.687538}, {""investor_id"": ""INV-1331"", ""investor_name"": ""Meena Iyer"", ""risk_score"": 88.41577, ""liquidity_score"": 11.72652, ""diversification_score"": 33.738573, ""goal_match_pct"": 24.578534}, {""investor_id"": ""INV-1332"", ""investor_name"": ""Amit Arora"", ""risk_score"": 87.775401, ""liquidity_score"": 6.576859, ""diversification_score"": 94.113239, ""goal_match_pct"": 15.529472}, {""investor_id"": ""INV-1336"", ""investor_name"": ""Vikram Kulkarni"", ""risk_score"": 86.876698, ""liquidity_score"": 16.193495, ""diversification_score"": 31.494301, ""goal_match_pct"": 30.393405}, {""investor_id"": ""INV-1348"", ""investor_name"": ""Anand Deshmukh"", ""risk_score"": 94.936217, ""liquidity_score"": 17.145857, ""diversification_score"": 48.34894, ""goal_match_pct"": 39.227703}, {""investor_id"": ""INV-1349"", ""investor_name"": ""Dipti Pandey"", ""risk_score"": 79.720232, ""liquidity_score"": 7.796612, ""diversification_score"": 36.170034, ""goal_match_pct"": 94.140793}, {""investor_id"": ""INV-1433"", ""investor_name"": ""Vivek Bhat"", ""risk_score"": 76.470174, ""liquidity_score"": 23.24833, ""diversification_score"": 10.641376, ""goal_match_pct"": 94.88501}, {""investor_id"": ""INV-1450"", ""investor_name"": ""Anand Patel"", ""risk_score"": 87.546541, ""liquidity_score"": 19.046989, ""diversification_score"": 44.371117, ""goal_match_pct"": 26.624536}, {""investor_id"": ""INV-1468"", ""investor_name"": ""Vikram Arora"", ""risk_score"": 91.6917, ""liquidity_score"": 9.98178, ""diversification_score"": 39.170663, ""goal_match_pct"": 19.756739}, {""investor_id"": ""INV-1492"", ""investor_name"": ""Amrita Yadav"", ""risk_score"": 94.817159, ""liquidity_score"": 20.889631, ""diversification_score"": 33.690799, ""goal_match_pct"": 13.936393}, {""investor_id"": ""INV-1498"", ""investor_name"": ""Anand Mehta"", ""risk_score"": 88.696376, ""liquidity_score"": 17.958246, ""diversification_score"": 41.709677, ""goal_match_pct"": 15.403108}, {""investor_id"": ""INV-1505"", ""investor_name"": ""Akshay Nair"", ""risk_score"": 85.982337, ""liquidity_score"": 20.101404, ""diversification_score"": 8.297886, ""goal_match_pct"": 55.529315}, {""investor_id"": ""INV-1537"", ""investor_name"": ""Anjali Singh"", ""risk_score"": 83.698024, ""liquidity_score"": 7.675518, ""diversification_score"": 29.082804, ""goal_match_pct"": 94.605695}, {""investor_id"": ""INV-1547"", ""investor_name"": ""Deepak Kulkarni"", ""risk_score"": 87.958932, ""liquidity_score"": 18.159791, ""diversification_score"": 62.640805, ""goal_match_pct"": 37.349501}, {""investor_id"": ""INV-237"", ""investor_name"": ""Rohan Verma"", ""risk_score"": 77.17902, ""liquidity_score"": 15.54125, ""diversification_score"": 6.104821, ""goal_match_pct"": 13.9009}, {""investor_id"": ""INV-239"", ""investor_name"": ""Anita Chauhan"", ""risk_score"": 88.177192, ""liquidity_score"": 23.721502, ""diversification_score"": 86.362795, ""goal_match_pct"": 34.454768}, {""investor_id"": ""INV-300"", ""investor_name"": ""Geeta Rao"", ""risk_score"": 79.921579, ""liquidity_score"": 10.67252, ""diversification_score"": 18.516432, ""goal_match_pct"": 73.406284}, {""investor_id"": ""INV-349"", ""investor_name"": ""Arvind Kulkarni"", ""risk_score"": 77.066757, ""liquidity_score"": 17.442324, ""diversification_score"": 83.678255, ""goal_match_pct"": 56.661218}, {""investor_id"": ""INV-374"", ""investor_name"": ""Anjali Pandey"", ""risk_score"": 83.921187, ""liquidity_score"": 7.747254, ""diversification_score"": 34.095763, ""goal_match_pct"": 69.387197}, {""investor_id"": ""INV-378"", ""investor_name"": ""Geeta Verma"", ""risk_score"": 81.80541, ""liquidity_score"": 6.237556, ""diversification_score"": 81.985851, ""goal_match_pct"": 43.14241}, {""investor_id"": ""INV-384"", ""investor_name"": ""Sneha Gupta"", ""risk_score"": 84.179181, ""liquidity_score"": 5.097957, ""diversification_score"": 17.087144, ""goal_match_pct"": 40.017265}, {""investor_id"": ""INV-395"", ""investor_name"": ""Rajesh Gupta"", ""risk_score"": 79.429371, ""liquidity_score"": 11.077402, ""diversification_score"": 91.991641, ""goal_match_pct"": 48.372122}, {""investor_id"": ""INV-396"", ""investor_name"": ""Sunita Deshmukh"", ""risk_score"": 83.014503, ""liquidity_score"": 7.640485, ""diversification_score"": 76.441611, ""goal_match_pct"": 24.482673}, {""investor_id"": ""INV-412"", ""investor_name"": ""Kavita Verma"", ""risk_score"": 86.218639, ""liquidity_score"": 15.882551, ""diversification_score"": 8.442922, ""goal_match_pct"": 32.609299}, {""investor_id"": ""INV-434"", ""investor_name"": ""Siddharth Reddy"", ""risk_score"": 91.9658, ""liquidity_score"": 19.277817, ""diversification_score"": 22.055804, ""goal_match_pct"": 45.650338}, {""investor_id"": ""INV-490"", ""investor_name"": ""Dipti Yadav"", ""risk_score"": 92.911707, ""liquidity_score"": 19.636852, ""diversification_score"": 14.315296, ""goal_match_pct"": null}, {""investor_id"": ""INV-507"", ""investor_name"": ""Ishita Sharma"", ""risk_score"": 84.434496, ""liquidity_score"": 11.502876, ""diversification_score"": 41.277743, ""goal_match_pct"": 51.918083}, {""investor_id"": ""INV-557"", ""investor_name"": ""Priyanka Arora"", ""risk_score"": 87.92128, ""liquidity_score"": 15.358681, ""diversification_score"": 34.534482, ""goal_match_pct"": 83.113264}, {""investor_id"": ""INV-594"", ""investor_name"": ""Siddharth Mishra"", ""risk_score"": 88.343277, ""liquidity_score"": 10.649202, ""diversification_score"": 76.313379, ""goal_match_pct"": 92.335805}, {""investor_id"": ""INV-634"", ""investor_name"": ""Rohan Singh"", ""risk_score"": 85.40689, ""liquidity_score"": 10.015448, ""diversification_score"": 13.194422, ""goal_match_pct"": 31.154552}, {""investor_id"": ""INV-671"", ""investor_name"": ""Ishita Iyer"", ""risk_score"": 90.641391, ""liquidity_score"": 6.775053, ""diversification_score"": 72.94584, ""goal_match_pct"": 63.798163}, {""investor_id"": ""INV-714"", ""investor_name"": ""Abhishek Deshmukh"", ""risk_score"": 86.877005, ""liquidity_score"": 20.099627, ""diversification_score"": 52.170907, ""goal_match_pct"": 78.191189}, {""investor_id"": ""INV-733"", ""investor_name"": ""Amit Arora"", ""risk_score"": 84.166303, ""liquidity_score"": 13.454894, ""diversification_score"": 65.916797, ""goal_match_pct"": 28.648985}, {""investor_id"": ""INV-794"", ""investor_name"": ""Sneha Singh"", ""risk_score"": 94.991049, ""liquidity_score"": 15.867802, ""diversification_score"": 12.742352, ""goal_match_pct"": 81.911414}, {""investor_id"": ""INV-848"", ""investor_name"": ""Sneha Patel"", ""risk_score"": 77.372299, ""liquidity_score"": 17.985148, ""diversification_score"": 80.139513, ""goal_match_pct"": 36.361711}]}"
wealth_management_scoring_quantitative_125_questions:SQA125-2T-007,wealth_management_scoring_quantitative_125_questions.csv,SQA125-2T-007,List investors whose risk score is above 90 and diversification score is below 25.,Two-score composite filter,Hard,Composite Reasoning,ATOM_ENTITY_INVESTOR_PROFILE_001; ATOM_ENTITY_PORTFOLIO_HEALTH_001,2,"SELECT p.investor_id, p.investor_name, h.risk_score, h.liquidity_score, h.diversification_score, h.goal_match_pct FROM ATOM_ENTITY_INVESTOR_PROFILE_001 p JOIN ATOM_ENTITY_PORTFOLIO_HEALTH_001 h ON h.investor_id=p.investor_id WHERE h.risk_score > 90 AND h.diversification_score < 25 ORDER BY p.investor_id;","[{""investor_id"": ""INV-047"", ""investor_name"": ""Aishwarya Reddy"", ""risk_score"": 91.768757, ""liquidity_score"": 80.296429, ""diversification_score"": 16.55581, ""goal_match_pct"": 62.585498}, {""investor_id"": ""INV-068"", ""investor_name"": ""Vikram Yadav"", ""risk_score"": 90.791275, ""liquidity_score"": 64.956825, ""diversification_score"": 24.925303, ""goal_match_pct"": 33.646592}, {""investor_id"": ""INV-1239"", ""investor_name"": ""Sunita Bhat"", ""risk_score"": 93.171406, ""liquidity_score"": 36.382386, ""diversification_score"": 11.163545, ""goal_match_pct"": 70.004738}, {""investor_id"": ""INV-295"", ""investor_name"": ""Vikram Joshi"", ""risk_score"": 94.362072, ""liquidity_score"": 72.220345, ""diversification_score"": 17.253478, ""goal_match_pct"": 16.623207}, {""investor_id"": ""INV-366"", ""investor_name"": ""Ishita Bhat"", ""risk_score"": 92.484404, ""liquidity_score"": null, ""diversification_score"": 22.242578, ""goal_match_pct"": 6.142757}, {""investor_id"": ""INV-434"", ""investor_name"": ""Siddharth Reddy"", ""risk_score"": 91.9658, ""liquidity_score"": 19.277817, ""diversification_score"": 22.055804, ""goal_match_pct"": 45.650338}, {""investor_id"": ""INV-437"", ""investor_name"": ""Abhishek Singh"", ""risk_score"": 94.04985, ""liquidity_score"": 80.351696, ""diversification_score"": 20.478029, ""goal_match_pct"": 70.582627}, {""investor_id"": ""INV-490"", ""investor_name"": ""Dipti Yadav"", ""risk_score"": 92.911707, ""liquidity_score"": 19.636852, ""diversification_score"": 14.315296, ""goal_match_pct"": null}, {""investor_id"": ""INV-632"", ""investor_name"": ""Priyanka Reddy"", ""risk_score"": 94.532936, ""liquidity_score"": 41.152674, ""diversification_score"": 9.925423, ""goal_match_pct"": 89.844471}, {""investor_id"": ""INV-794"", ""investor_name"": ""Sneha Singh"", ""risk_score"": 94.991049, ""liquidity_score"": 15.867802, ""diversification_score"": 12.742352, ""goal_match_pct"": 81.911414}, {""investor_id"": ""INV-899"", ""investor_name"": ""Ankita Rao"", ""risk_score"": 92.356747, ""liquidity_score"": 91.336142, ""diversification_score"": 12.813868, ""goal_match_pct"": 39.198441}, {""investor_id"": ""INV-986"", ""investor_name"": ""Rajesh Kulkarni"", ""risk_score"": 94.48769, ""liquidity_score"": 87.596377, ""diversification_score"": 11.519758, ""goal_match_pct"": 58.449168}]"
wealth_management_scoring_quantitative_125_questions:SQA125-2T-011,wealth_management_scoring_quantitative_125_questions.csv,SQA125-2T-011,List investors whose goal-match % is below 25 and risk score is above 75.,Two-score composite filter,Hard,Composite Reasoning,ATOM_ENTITY_INVESTOR_PROFILE_001; ATOM_ENTITY_PORTFOLIO_HEALTH_001,2,"SELECT p.investor_id, p.investor_name, h.risk_score, h.liquidity_score, h.diversification_score, h.goal_match_pct FROM ATOM_ENTITY_INVESTOR_PROFILE_001 p JOIN ATOM_ENTITY_PORTFOLIO_HEALTH_001 h ON h.investor_id=p.investor_id WHERE h.goal_match_pct < 25 AND h.risk_score > 75 ORDER BY p.investor_id;","{""_total_rows"": 69, ""_truncated_to"": 50, ""rows"": [{""investor_id"": ""INV-034"", ""investor_name"": ""Sneha Reddy"", ""risk_score"": 88.878754, ""liquidity_score"": 55.961148, ""diversification_score"": 46.811926, ""goal_match_pct"": 19.087933}, {""investor_id"": ""INV-084"", ""investor_name"": ""Anand Reddy"", ""risk_score"": 87.255643, ""liquidity_score"": 6.697612, ""diversification_score"": 88.26302, ""goal_match_pct"": 17.569541}, {""investor_id"": ""INV-094"", ""investor_name"": ""Anita Bhat"", ""risk_score"": 84.524677, ""liquidity_score"": 84.605315, ""diversification_score"": 53.891128, ""goal_match_pct"": 5.705972}, {""investor_id"": ""INV-1010"", ""investor_name"": ""Sunita Patel"", ""risk_score"": 83.072498, ""liquidity_score"": null, ""diversification_score"": 25.724779, ""goal_match_pct"": 18.564535}, {""investor_id"": ""INV-1014"", ""investor_name"": ""Sneha Hegde"", ""risk_score"": 89.930874, ""liquidity_score"": 42.901429, ""diversification_score"": 64.914011, ""goal_match_pct"": 5.419304}, {""investor_id"": ""INV-1016"", ""investor_name"": ""Ankita Joshi"", ""risk_score"": 80.268683, ""liquidity_score"": 35.706618, ""diversification_score"": 22.872455, ""goal_match_pct"": 16.547801}, {""investor_id"": ""INV-1047"", ""investor_name"": ""Anjali Hegde"", ""risk_score"": 92.78877, ""liquidity_score"": 74.895364, ""diversification_score"": 79.110383, ""goal_match_pct"": 14.437061}, {""investor_id"": ""INV-1057"", ""investor_name"": ""Abhishek Iyer"", ""risk_score"": 85.152314, ""liquidity_score"": 78.20038, ""diversification_score"": 60.80864, ""goal_match_pct"": 18.604114}, {""investor_id"": ""INV-1070"", ""investor_name"": ""Ishita Chauhan"", ""risk_score"": 94.007238, ""liquidity_score"": 47.398651, ""diversification_score"": 68.102844, ""goal_match_pct"": 8.547126}, {""investor_id"": ""INV-1071"", ""investor_name"": ""Anand Joshi"", ""risk_score"": 85.820379, ""liquidity_score"": 35.739893, ""diversification_score"": 35.925894, ""goal_match_pct"": 5.553573}, {""investor_id"": ""INV-1111"", ""investor_name"": ""Rajesh Sharma"", ""risk_score"": 76.491998, ""liquidity_score"": 93.858436, ""diversification_score"": 63.16991, ""goal_match_pct"": 13.887687}, {""investor_id"": ""INV-1126"", ""investor_name"": ""Anita Iyer"", ""risk_score"": 89.955389, ""liquidity_score"": 84.395533, ""diversification_score"": 32.537018, ""goal_match_pct"": 23.771169}, {""investor_id"": ""INV-1138"", ""investor_name"": ""Sneha Reddy"", ""risk_score"": 91.768916, ""liquidity_score"": 86.758756, ""diversification_score"": 49.989397, ""goal_match_pct"": 17.411641}, {""investor_id"": ""INV-1139"", ""investor_name"": ""Rahul Chauhan"", ""risk_score"": 78.551368, ""liquidity_score"": 32.618049, ""diversification_score"": 89.988508, ""goal_match_pct"": 23.571004}, {""investor_id"": ""INV-114"", ""investor_name"": ""Ishita Singh"", ""risk_score"": 92.43147, ""liquidity_score"": 20.070531, ""diversification_score"": 62.384039, ""goal_match_pct"": 10.234886}, {""investor_id"": ""INV-1148"", ""investor_name"": ""Rohan Rao"", ""risk_score"": 78.767841, ""liquidity_score"": 54.12625, ""diversification_score"": 17.517113, ""goal_match_pct"": 12.930995}, {""investor_id"": ""INV-1185"", ""investor_name"": ""Kavita Singh"", ""risk_score"": 78.682176, ""liquidity_score"": null, ""diversification_score"": 61.624881, ""goal_match_pct"": 11.872555}, {""investor_id"": ""INV-1200"", ""investor_name"": ""Ishita Gupta"", ""risk_score"": 86.941488, ""liquidity_score"": 12.52214, ""diversification_score"": 83.92299, ""goal_match_pct"": 11.48044}, {""investor_id"": ""INV-1253"", ""investor_name"": ""Sneha Bhat"", ""risk_score"": 87.851867, ""liquidity_score"": null, ""diversification_score"": 6.238509, ""goal_match_pct"": 12.726074}, {""investor_id"": ""INV-1254"", ""investor_name"": ""Vikram Patel"", ""risk_score"": 89.184988, ""liquidity_score"": 67.804673, ""diversification_score"": 31.830038, ""goal_match_pct"": 15.257594}, {""investor_id"": ""INV-1287"", ""investor_name"": ""Ishita Mehta"", ""risk_score"": 94.625874, ""liquidity_score"": 66.493743, ""diversification_score"": 60.290852, ""goal_match_pct"": 12.640444}, {""investor_id"": ""INV-1308"", ""investor_name"": ""Kavita Deshmukh"", ""risk_score"": 89.178315, ""liquidity_score"": 48.383238, ""diversification_score"": null, ""goal_match_pct"": 19.964163}, {""investor_id"": ""INV-131"", ""investor_name"": ""Priyanka Sharma"", ""risk_score"": 79.528953, ""liquidity_score"": 77.613609, ""diversification_score"": 82.408253, ""goal_match_pct"": 23.107324}, {""investor_id"": ""INV-1310"", ""investor_name"": ""Sneha Iyer"", ""risk_score"": 76.222569, ""liquidity_score"": 73.957315, ""diversification_score"": 92.451014, ""goal_match_pct"": 18.310876}, {""investor_id"": ""INV-1312"", ""investor_name"": ""Amit Verma"", ""risk_score"": 78.409648, ""liquidity_score"": 12.264057, ""diversification_score"": 38.689449, ""goal_match_pct"": 19.687538}, {""investor_id"": ""INV-1313"", ""investor_name"": ""Ramesh Bhat"", ""risk_score"": 83.079758, ""liquidity_score"": 55.405708, ""diversification_score"": 34.040246, ""goal_match_pct"": 22.65234}, {""investor_id"": ""INV-1331"", ""investor_name"": ""Meena Iyer"", ""risk_score"": 88.41577, ""liquidity_score"": 11.72652, ""diversification_score"": 33.738573, ""goal_match_pct"": 24.578534}, {""investor_id"": ""INV-1332"", ""investor_name"": ""Amit Arora"", ""risk_score"": 87.775401, ""liquidity_score"": 6.576859, ""diversification_score"": 94.113239, ""goal_match_pct"": 15.529472}, {""investor_id"": ""INV-1427"", ""investor_name"": ""Anjali Arora"", ""risk_score"": 82.561238, ""liquidity_score"": 51.732868, ""diversification_score"": 61.658444, ""goal_match_pct"": 9.285243}, {""investor_id"": ""INV-1468"", ""investor_name"": ""Vikram Arora"", ""risk_score"": 91.6917, ""liquidity_score"": 9.98178, ""diversification_score"": 39.170663, ""goal_match_pct"": 19.756739}, {""investor_id"": ""INV-1492"", ""investor_name"": ""Amrita Yadav"", ""risk_score"": 94.817159, ""liquidity_score"": 20.889631, ""diversification_score"": 33.690799, ""goal_match_pct"": 13.936393}, {""investor_id"": ""INV-1498"", ""investor_name"": ""Anand Mehta"", ""risk_score"": 88.696376, ""liquidity_score"": 17.958246, ""diversification_score"": 41.709677, ""goal_match_pct"": 15.403108}, {""investor_id"": ""INV-1513"", ""investor_name"": ""Geeta Reddy"", ""risk_score"": 82.126629, ""liquidity_score"": 89.214779, ""diversification_score"": 15.543673, ""goal_match_pct"": 23.30461}, {""investor_id"": ""INV-1544"", ""investor_name"": ""Chetan Rao"", ""risk_score"": 77.710102, ""liquidity_score"": 25.229824, ""diversification_score"": 36.343803, ""goal_match_pct"": 21.112304}, {""investor_id"": ""INV-237"", ""investor_name"": ""Rohan Verma"", ""risk_score"": 77.17902, ""liquidity_score"": 15.54125, ""diversification_score"": 6.104821, ""goal_match_pct"": 13.9009}, {""investor_id"": ""INV-246"", ""investor_name"": ""Ishita Hegde"", ""risk_score"": 85.466763, ""liquidity_score"": 82.754453, ""diversification_score"": 88.514068, ""goal_match_pct"": 9.452867}, {""investor_id"": ""INV-269"", ""investor_name"": ""Amrita Verma"", ""risk_score"": 76.191689, ""liquidity_score"": 54.634269, ""diversification_score"": 83.900293, ""goal_match_pct"": 16.835439}, {""investor_id"": ""INV-291"", ""investor_name"": ""Rahul Iyer"", ""risk_score"": 80.50673, ""liquidity_score"": 28.144423, ""diversification_score"": 13.031729, ""goal_match_pct"": 22.526785}, {""investor_id"": ""INV-295"", ""investor_name"": ""Vikram Joshi"", ""risk_score"": 94.362072, ""liquidity_score"": 72.220345, ""diversification_score"": 17.253478, ""goal_match_pct"": 16.623207}, {""investor_id"": ""INV-298"", ""investor_name"": ""Anita Arora"", ""risk_score"": 85.219298, ""liquidity_score"": 63.873463, ""diversification_score"": 38.725072, ""goal_match_pct"": 16.40584}, {""investor_id"": ""INV-309"", ""investor_name"": ""Arjun Joshi"", ""risk_score"": 84.632763, ""liquidity_score"": 55.658252, ""diversification_score"": 19.423766, ""goal_match_pct"": 12.359914}, {""investor_id"": ""INV-366"", ""investor_name"": ""Ishita Bhat"", ""risk_score"": 92.484404, ""liquidity_score"": null, ""diversification_score"": 22.242578, ""goal_match_pct"": 6.142757}, {""investor_id"": ""INV-393"", ""investor_name"": ""Amrita Pandey"", ""risk_score"": 80.788064, ""liquidity_score"": 70.07191, ""diversification_score"": 57.590259, ""goal_match_pct"": 19.057647}, {""investor_id"": ""INV-396"", ""investor_name"": ""Sunita Deshmukh"", ""risk_score"": 83.014503, ""liquidity_score"": 7.640485, ""diversification_score"": 76.441611, ""goal_match_pct"": 24.482673}, {""investor_id"": ""INV-452"", ""investor_name"": ""Rohan Rao"", ""risk_score"": 92.513539, ""liquidity_score"": 28.051656, ""diversification_score"": 37.343493, ""goal_match_pct"": 5.169276}, {""investor_id"": ""INV-474"", ""investor_name"": ""Meena Kulkarni"", ""risk_score"": 90.044968, ""liquidity_score"": null, ""diversification_score"": 37.289147, ""goal_match_pct"": 19.444323}, {""investor_id"": ""INV-580"", ""investor_name"": ""Anita Patel"", ""risk_score"": 94.105528, ""liquidity_score"": 93.501876, ""diversification_score"": null, ""goal_match_pct"": 5.222205}, {""investor_id"": ""INV-588"", ""investor_name"": ""Anita Deshmukh"", ""risk_score"": 77.59761, ""liquidity_score"": 67.65584, ""diversification_score"": 28.715641, ""goal_match_pct"": 16.327826}, {""investor_id"": ""INV-593"", ""investor_name"": ""Rahul Chauhan"", ""risk_score"": 94.03573, ""liquidity_score"": 43.248212, ""diversification_score"": 91.707255, ""goal_match_pct"": 11.749881}, {""investor_id"": ""INV-616"", ""investor_name"": ""Anjali Patel"", ""risk_score"": 83.190772, ""liquidity_score"": 50.786535, ""diversification_score"": 38.892346, ""goal_match_pct"": 9.316005}]}"
wealth_management_scoring_quantitative_125_questions:SQA125-2T-015,wealth_management_scoring_quantitative_125_questions.csv,SQA125-2T-015,Which 10 investors have the highest average volatility across their goals?,Investor goal-average ranking,Hard,Ranking,ATOM_ENTITY_INVESTMENT_GOAL_001; ATOM_ENTITY_INVESTOR_PROFILE_001,2,"SELECT p.investor_id, p.investor_name, ROUND(AVG(g.avg_volatility_pct),3) AS avg_val FROM ATOM_ENTITY_INVESTOR_PROFILE_001 p JOIN ATOM_ENTITY_INVESTMENT_GOAL_001 g ON g.investor_id=p.investor_id GROUP BY p.investor_id, p.investor_name ORDER BY avg_val DESC, p.investor_id ASC LIMIT 10;","[{""investor_id"": ""INV-1070"", ""investor_name"": ""Ishita Chauhan"", ""avg_val"": 56.825}, {""investor_id"": ""INV-675"", ""investor_name"": ""Arvind Iyer"", ""avg_val"": 56.351}, {""investor_id"": ""INV-1093"", ""investor_name"": ""Akshay Yadav"", ""avg_val"": 51.996}, {""investor_id"": ""INV-1364"", ""investor_name"": ""Amit Patel"", ""avg_val"": 51.738}, {""investor_id"": ""INV-1309"", ""investor_name"": ""Anjali Rao"", ""avg_val"": 46.215}, {""investor_id"": ""INV-1385"", ""investor_name"": ""Siddharth Arora"", ""avg_val"": 45.492}, {""investor_id"": ""INV-957"", ""investor_name"": ""Anjali Deshmukh"", ""avg_val"": 44.332}, {""investor_id"": ""INV-011"", ""investor_name"": ""Bhavna Verma"", ""avg_val"": 44.09}, {""investor_id"": ""INV-1372"", ""investor_name"": ""Anand Singh"", ""avg_val"": 43.905}, {""investor_id"": ""INV-1302"", ""investor_name"": ""Arjun Nair"", ""avg_val"": 42.377}]"
wealth_management_scoring_quantitative_125_questions:SQA125-2T-019,wealth_management_scoring_quantitative_125_questions.csv,SQA125-2T-019,Which 10 Conservative investors have the highest risk score (ties broken by investor ID)?,Cohort score ranking,Medium,Ranking,ATOM_ENTITY_INVESTOR_PROFILE_001; ATOM_ENTITY_PORTFOLIO_HEALTH_001,2,"SELECT p.investor_id, p.investor_name, h.risk_score FROM ATOM_ENTITY_INVESTOR_PROFILE_001 p JOIN ATOM_ENTITY_PORTFOLIO_HEALTH_001 h ON h.investor_id=p.investor_id WHERE p.risk_tolerance='Conservative' AND h.risk_score IS NOT NULL ORDER BY h.risk_score DESC, p.investor_id ASC LIMIT 10;","[{""investor_id"": ""INV-001"", ""investor_name"": ""Arjun Iyer"", ""risk_score"": 100.0}, {""investor_id"": ""INV-021"", ""investor_name"": ""Arvind Chauhan"", ""risk_score"": 100.0}, {""investor_id"": ""INV-101"", ""investor_name"": ""Aishwarya Patel"", ""risk_score"": 100.0}, {""investor_id"": ""INV-1061"", ""investor_name"": ""Vikram Verma"", ""risk_score"": 100.0}, {""investor_id"": ""INV-1121"", ""investor_name"": ""Rajesh Arora"", ""risk_score"": 100.0}, {""investor_id"": ""INV-1201"", ""investor_name"": ""Ankita Gupta"", ""risk_score"": 100.0}, {""investor_id"": ""INV-1221"", ""investor_name"": ""Aishwarya Kulkarni"", ""risk_score"": 100.0}, {""investor_id"": ""INV-1281"", ""investor_name"": ""Ankita Rao"", ""risk_score"": 100.0}, {""investor_id"": ""INV-1301"", ""investor_name"": ""Ishita Pandey"", ""risk_score"": 100.0}, {""investor_id"": ""INV-1321"", ""investor_name"": ""Sunita Verma"", ""risk_score"": 100.0}]"
wealth_management_scoring_quantitative_125_questions:SQA125-2T-023,wealth_management_scoring_quantitative_125_questions.csv,SQA125-2T-023,Which 10 investors in the Diversified segment have the lowest liquidity score (excluding investors with no liquidity score; ties broken by investor ID)?,Cohort score ranking,Medium,Ranking,ATOM_ENTITY_INVESTOR_PROFILE_001; ATOM_ENTITY_PORTFOLIO_HEALTH_001,2,"SELECT p.investor_id, p.investor_name, h.liquidity_score FROM ATOM_ENTITY_INVESTOR_PROFILE_001 p JOIN ATOM_ENTITY_PORTFOLIO_HEALTH_001 h ON h.investor_id=p.investor_id WHERE p.segment='Diversified' AND h.liquidity_score IS NOT NULL ORDER BY h.liquidity_score ASC, p.investor_id ASC LIMIT 10;","[{""investor_id"": ""INV-062"", ""investor_name"": ""Siddharth Iyer"", ""liquidity_score"": 0.0}, {""investor_id"": ""INV-082"", ""investor_name"": ""Amit Chauhan"", ""liquidity_score"": 0.0}, {""investor_id"": ""INV-1162"", ""investor_name"": ""Siddharth Joshi"", ""liquidity_score"": 0.0}, {""investor_id"": ""INV-1342"", ""investor_name"": ""Anita Chauhan"", ""liquidity_score"": 0.0}, {""investor_id"": ""INV-1402"", ""investor_name"": ""Dipti Yadav"", ""liquidity_score"": 0.0}, {""investor_id"": ""INV-1442"", ""investor_name"": ""Rahul Patel"", ""liquidity_score"": 0.0}, {""investor_id"": ""INV-1502"", ""investor_name"": ""Meena Rao"", ""liquidity_score"": 0.0}, {""investor_id"": ""INV-202"", ""investor_name"": ""Chetan Patel"", ""liquidity_score"": 0.0}, {""investor_id"": ""INV-322"", ""investor_name"": ""Akshay Nair"", ""liquidity_score"": 0.0}, {""investor_id"": ""INV-382"", ""investor_name"": ""Arvind Reddy"", ""liquidity_score"": 0.0}]"
wealth_management_scoring_quantitative_125_questions:SQA125-2T-027,wealth_management_scoring_quantitative_125_questions.csv,SQA125-2T-027,Which 10 investors in the Mid Cap segment have the lowest liquidity score (excluding investors with no liquidity score; ties broken by investor ID)?,Cohort score ranking,Medium,Ranking,ATOM_ENTITY_INVESTOR_PROFILE_001; ATOM_ENTITY_PORTFOLIO_HEALTH_001,2,"SELECT p.investor_id, p.investor_name, h.liquidity_score FROM ATOM_ENTITY_INVESTOR_PROFILE_001 p JOIN ATOM_ENTITY_PORTFOLIO_HEALTH_001 h ON h.investor_id=p.investor_id WHERE p.segment='Mid Cap' AND h.liquidity_score IS NOT NULL ORDER BY h.liquidity_score ASC, p.investor_id ASC LIMIT 10;","[{""investor_id"": ""INV-022"", ""investor_name"": ""Rohan Rao"", ""liquidity_score"": 0.0}, {""investor_id"": ""INV-102"", ""investor_name"": ""Akshay Iyer"", ""liquidity_score"": 0.0}, {""investor_id"": ""INV-1122"", ""investor_name"": ""Deepak Sharma"", ""liquidity_score"": 0.0}, {""investor_id"": ""INV-1142"", ""investor_name"": ""Aishwarya Arora"", ""liquidity_score"": 0.0}, {""investor_id"": ""INV-122"", ""investor_name"": ""Dipti Gupta"", ""liquidity_score"": 0.0}, {""investor_id"": ""INV-1302"", ""investor_name"": ""Arjun Nair"", ""liquidity_score"": 0.0}, {""investor_id"": ""INV-1322"", ""investor_name"": ""Bhavna Gupta"", ""liquidity_score"": 0.0}, {""investor_id"": ""INV-142"", ""investor_name"": ""Chetan Iyer"", ""liquidity_score"": 0.0}, {""investor_id"": ""INV-1422"", ""investor_name"": ""Deepak Hegde"", ""liquidity_score"": 0.0}, {""investor_id"": ""INV-1482"", ""investor_name"": ""Aishwarya Joshi"", ""liquidity_score"": 0.0}]"
wealth_management_scoring_quantitative_125_questions:SQA125-2T-031,wealth_management_scoring_quantitative_125_questions.csv,SQA125-2T-031,What is the average risk score by investor category?,Health score by profile,Medium,Categorical Aggregation,ATOM_ENTITY_INVESTOR_PROFILE_001; ATOM_ENTITY_PORTFOLIO_HEALTH_001,2,"SELECT p.category, ROUND(AVG(h.risk_score),3) AS avg_val, COUNT(DISTINCT p.investor_id) AS n FROM ATOM_ENTITY_INVESTOR_PROFILE_001 p JOIN ATOM_ENTITY_PORTFOLIO_HEALTH_001 h ON h.investor_id=p.investor_id GROUP BY p.category ORDER BY avg_val DESC, p.category ASC;","[{""category"": null, ""avg_val"": 53.584, ""n"": 77}, {""category"": ""Equity"", ""avg_val"": 51.271, ""n"": 306}, {""category"": ""Hybrid"", ""avg_val"": 51.086, ""n"": 304}, {""category"": ""Real Estate"", ""avg_val"": 50.924, ""n"": 289}, {""category"": ""Debt"", ""avg_val"": 48.961, ""n"": 273}, {""category"": ""Gold"", ""avg_val"": 48.496, ""n"": 301}]"
wealth_management_scoring_quantitative_125_questions:SQA125-2T-035,wealth_management_scoring_quantitative_125_questions.csv,SQA125-2T-035,"What is the average goal progress by investor risk tolerance, averaging each investor's goals first and then across investors?",Goal metric by profile,Medium,Categorical Aggregation,ATOM_ENTITY_INVESTMENT_GOAL_001; ATOM_ENTITY_INVESTOR_PROFILE_001,2,"WITH g AS (SELECT investor_id, AVG(progress_pct) AS v FROM ATOM_ENTITY_INVESTMENT_GOAL_001 GROUP BY investor_id) SELECT p.risk_tolerance, ROUND(AVG(g.v),3) AS avg_val, COUNT(DISTINCT p.investor_id) AS n FROM ATOM_ENTITY_INVESTOR_PROFILE_001 p LEFT JOIN g ON g.investor_id=p.investor_id GROUP BY p.risk_tolerance ORDER BY avg_val DESC, p.risk_tolerance ASC;","[{""risk_tolerance"": null, ""avg_val"": 46.446, ""n"": 77}, {""risk_tolerance"": ""Moderate"", ""avg_val"": 41.208, ""n"": 485}, {""risk_tolerance"": ""Aggressive"", ""avg_val"": 39.759, ""n"": 486}, {""risk_tolerance"": ""Conservative"", ""avg_val"": 38.255, ""n"": 502}]"
wealth_management_scoring_quantitative_125_questions:SQA125-2T-039,wealth_management_scoring_quantitative_125_questions.csv,SQA125-2T-039,"What is the average goal progress by investor segment, averaging each investor's goals first and then across investors?",Goal metric by profile,Medium,Categorical Aggregation,ATOM_ENTITY_INVESTMENT_GOAL_001; ATOM_ENTITY_INVESTOR_PROFILE_001,2,"WITH g AS (SELECT investor_id, AVG(progress_pct) AS v FROM ATOM_ENTITY_INVESTMENT_GOAL_001 GROUP BY investor_id) SELECT p.segment, ROUND(AVG(g.v),3) AS avg_val, COUNT(DISTINCT p.investor_id) AS n FROM ATOM_ENTITY_INVESTOR_PROFILE_001 p LEFT JOIN g ON g.investor_id=p.investor_id GROUP BY p.segment ORDER BY avg_val DESC, p.segment ASC;","[{""segment"": ""Large Cap"", ""avg_val"": 40.831, ""n"": 373}, {""segment"": ""Diversified"", ""avg_val"": 40.728, ""n"": 360}, {""segment"": ""Mid Cap"", ""avg_val"": 40.153, ""n"": 361}, {""segment"": ""Small Cap"", ""avg_val"": 39.26, ""n"": 379}, {""segment"": null, ""avg_val"": 36.652, ""n"": 77}]"
wealth_management_scoring_quantitative_125_questions:SQA125-3T-003,wealth_management_scoring_quantitative_125_questions.csv,SQA125-3T-003,"For investors with a risk score above 50, what is the average goal progress by risk tolerance?",Health-filtered goal metric by cohort,Advanced,Categorical Aggregation,ATOM_ENTITY_INVESTMENT_GOAL_001; ATOM_ENTITY_INVESTOR_PROFILE_001; ATOM_ENTITY_PORTFOLIO_HEALTH_001,3,"WITH g AS (SELECT investor_id, ROUND(AVG(progress_pct),3) ap, ROUND(AVG(avg_sharpe_ratio),3) asr, ROUND(AVG(avg_volatility_pct),3) avol, ROUND(AVG(avg_annual_return_pct),3) aret FROM ATOM_ENTITY_INVESTMENT_GOAL_001 GROUP BY investor_id) SELECT p.risk_tolerance, ROUND(AVG(g.ap),3) AS avg_val, COUNT(DISTINCT p.investor_id) AS n FROM ATOM_ENTITY_INVESTOR_PROFILE_001 p JOIN ATOM_ENTITY_PORTFOLIO_HEALTH_001 h ON h.investor_id=p.investor_id JOIN g ON g.investor_id=p.investor_id WHERE h.risk_score>50 GROUP BY p.risk_tolerance ORDER BY avg_val DESC, p.risk_tolerance ASC;","[{""risk_tolerance"": null, ""avg_val"": 44.726, ""n"": 41}, {""risk_tolerance"": ""Aggressive"", ""avg_val"": 41.525, ""n"": 219}, {""risk_tolerance"": ""Moderate"", ""avg_val"": 41.267, ""n"": 214}, {""risk_tolerance"": ""Conservative"", ""avg_val"": 38.171, ""n"": 238}]"
wealth_management_scoring_quantitative_125_questions:SQA125-3T-007,wealth_management_scoring_quantitative_125_questions.csv,SQA125-3T-007,"For investors with a risk score above 50, what is the average Sharpe ratio by risk tolerance?",Health-filtered goal metric by cohort,Advanced,Categorical Aggregation,ATOM_ENTITY_INVESTMENT_GOAL_001; ATOM_ENTITY_INVESTOR_PROFILE_001; ATOM_ENTITY_PORTFOLIO_HEALTH_001,3,"WITH g AS (SELECT investor_id, ROUND(AVG(progress_pct),3) ap, ROUND(AVG(avg_sharpe_ratio),3) asr, ROUND(AVG(avg_volatility_pct),3) avol, ROUND(AVG(avg_annual_return_pct),3) aret FROM ATOM_ENTITY_INVESTMENT_GOAL_001 GROUP BY investor_id) SELECT p.risk_tolerance, ROUND(AVG(g.asr),3) AS avg_val, COUNT(DISTINCT p.investor_id) AS n FROM ATOM_ENTITY_INVESTOR_PROFILE_001 p JOIN ATOM_ENTITY_PORTFOLIO_HEALTH_001 h ON h.investor_id=p.investor_id JOIN g ON g.investor_id=p.investor_id WHERE h.risk_score>50 GROUP BY p.risk_tolerance ORDER BY avg_val DESC, p.risk_tolerance ASC;","[{""risk_tolerance"": ""Moderate"", ""avg_val"": 0.113, ""n"": 214}, {""risk_tolerance"": null, ""avg_val"": 0.097, ""n"": 41}, {""risk_tolerance"": ""Conservative"", ""avg_val"": 0.065, ""n"": 238}, {""risk_tolerance"": ""Aggressive"", ""avg_val"": 0.037, ""n"": 219}]"
wealth_management_scoring_quantitative_125_questions:SQA125-3T-011,wealth_management_scoring_quantitative_125_questions.csv,SQA125-3T-011,"For investors with a risk score above 50, what is the average annual return by risk tolerance?",Health-filtered goal metric by cohort,Advanced,Categorical Aggregation,ATOM_ENTITY_INVESTMENT_GOAL_001; ATOM_ENTITY_INVESTOR_PROFILE_001; ATOM_ENTITY_PORTFOLIO_HEALTH_001,3,"WITH g AS (SELECT investor_id, ROUND(AVG(progress_pct),3) ap, ROUND(AVG(avg_sharpe_ratio),3) asr, ROUND(AVG(avg_volatility_pct),3) avol, ROUND(AVG(avg_annual_return_pct),3) aret FROM ATOM_ENTITY_INVESTMENT_GOAL_001 GROUP BY investor_id) SELECT p.risk_tolerance, ROUND(AVG(g.aret),3) AS avg_val, COUNT(DISTINCT p.investor_id) AS n FROM ATOM_ENTITY_INVESTOR_PROFILE_001 p JOIN ATOM_ENTITY_PORTFOLIO_HEALTH_001 h ON h.investor_id=p.investor_id JOIN g ON g.investor_id=p.investor_id WHERE h.risk_score>50 GROUP BY p.risk_tolerance ORDER BY avg_val DESC, p.risk_tolerance ASC;","[{""risk_tolerance"": null, ""avg_val"": 11.905, ""n"": 41}, {""risk_tolerance"": ""Moderate"", ""avg_val"": 10.88, ""n"": 214}, {""risk_tolerance"": ""Aggressive"", ""avg_val"": 10.58, ""n"": 219}, {""risk_tolerance"": ""Conservative"", ""avg_val"": 10.141, ""n"": 238}]"
wealth_management_scoring_quantitative_125_questions:SQA125-3T-015,wealth_management_scoring_quantitative_125_questions.csv,SQA125-3T-015,"For investors with a risk score above 50, what is the average goal progress by segment?",Health-filtered goal metric by cohort,Advanced,Categorical Aggregation,ATOM_ENTITY_INVESTMENT_GOAL_001; ATOM_ENTITY_INVESTOR_PROFILE_001; ATOM_ENTITY_PORTFOLIO_HEALTH_001,3,"WITH g AS (SELECT investor_id, ROUND(AVG(progress_pct),3) ap, ROUND(AVG(avg_sharpe_ratio),3) asr, ROUND(AVG(avg_volatility_pct),3) avol, ROUND(AVG(avg_annual_return_pct),3) aret FROM ATOM_ENTITY_INVESTMENT_GOAL_001 GROUP BY investor_id) SELECT p.segment, ROUND(AVG(g.ap),3) AS avg_val, COUNT(DISTINCT p.investor_id) AS n FROM ATOM_ENTITY_INVESTOR_PROFILE_001 p JOIN ATOM_ENTITY_PORTFOLIO_HEALTH_001 h ON h.investor_id=p.investor_id JOIN g ON g.investor_id=p.investor_id WHERE h.risk_score>50 GROUP BY p.segment ORDER BY avg_val DESC, p.segment ASC;","[{""segment"": ""Large Cap"", ""avg_val"": 42.776, ""n"": 162}, {""segment"": ""Diversified"", ""avg_val"": 42.59, ""n"": 155}, {""segment"": null, ""avg_val"": 40.953, ""n"": 30}, {""segment"": ""Mid Cap"", ""avg_val"": 39.217, ""n"": 173}, {""segment"": ""Small Cap"", ""avg_val"": 38.016, ""n"": 192}]"
wealth_management_scoring_quantitative_125_questions:SQA125-3T-019,wealth_management_scoring_quantitative_125_questions.csv,SQA125-3T-019,"For investors with a risk score above 50, what is the average Sharpe ratio by segment?",Health-filtered goal metric by cohort,Advanced,Categorical Aggregation,ATOM_ENTITY_INVESTMENT_GOAL_001; ATOM_ENTITY_INVESTOR_PROFILE_001; ATOM_ENTITY_PORTFOLIO_HEALTH_001,3,"WITH g AS (SELECT investor_id, ROUND(AVG(progress_pct),3) ap, ROUND(AVG(avg_sharpe_ratio),3) asr, ROUND(AVG(avg_volatility_pct),3) avol, ROUND(AVG(avg_annual_return_pct),3) aret FROM ATOM_ENTITY_INVESTMENT_GOAL_001 GROUP BY investor_id) SELECT p.segment, ROUND(AVG(g.asr),3) AS avg_val, COUNT(DISTINCT p.investor_id) AS n FROM ATOM_ENTITY_INVESTOR_PROFILE_001 p JOIN ATOM_ENTITY_PORTFOLIO_HEALTH_001 h ON h.investor_id=p.investor_id JOIN g ON g.investor_id=p.investor_id WHERE h.risk_score>50 GROUP BY p.segment ORDER BY avg_val DESC, p.segment ASC;","[{""segment"": ""Large Cap"", ""avg_val"": 0.219, ""n"": 162}, {""segment"": ""Diversified"", ""avg_val"": 0.096, ""n"": 155}, {""segment"": ""Mid Cap"", ""avg_val"": 0.024, ""n"": 173}, {""segment"": ""Small Cap"", ""avg_val"": 0.021, ""n"": 192}, {""segment"": null, ""avg_val"": -0.223, ""n"": 30}]"
wealth_management_scoring_quantitative_125_questions:SQA125-3T-023,wealth_management_scoring_quantitative_125_questions.csv,SQA125-3T-023,List Moderate investors with a risk score above 75 who have a Technology sector allocation above 15%.,Score + allocation membership,Hard,Filtered List,ATOM_ENTITY_INVESTOR_PROFILE_001; ATOM_ENTITY_PORTFOLIO_HEALTH_001; ATOM_ENTITY_SECTOR_ALLOCATION_001,3,"SELECT DISTINCT p.investor_id, p.investor_name, h.risk_score FROM ATOM_ENTITY_INVESTOR_PROFILE_001 p JOIN ATOM_ENTITY_PORTFOLIO_HEALTH_001 h ON h.investor_id=p.investor_id WHERE p.risk_tolerance='Moderate' AND h.risk_score>75 AND EXISTS (SELECT 1 FROM ATOM_ENTITY_SECTOR_ALLOCATION_001 a WHERE a.investor_id=p.investor_id AND a.sector='Technology' AND a.allocation_pct>15) ORDER BY p.investor_id;","[{""investor_id"": ""INV-1101"", ""investor_name"": ""Rahul Verma"", ""risk_score"": 100.0}, {""investor_id"": ""INV-1126"", ""investor_name"": ""Anita Iyer"", ""risk_score"": 89.955389}, {""investor_id"": ""INV-384"", ""investor_name"": ""Sneha Gupta"", ""risk_score"": 84.179181}, {""investor_id"": ""INV-430"", ""investor_name"": ""Abhishek Verma"", ""risk_score"": 76.417766}]"
wealth_management_scoring_quantitative_125_questions:SQA125-3T-027,wealth_management_scoring_quantitative_125_questions.csv,SQA125-3T-027,"For investors with a risk score above 50, what is the average Sharpe ratio by time horizon?",Health-filtered goal metric by cohort,Advanced,Categorical Aggregation,ATOM_ENTITY_INVESTMENT_GOAL_001; ATOM_ENTITY_INVESTOR_PROFILE_001; ATOM_ENTITY_PORTFOLIO_HEALTH_001,3,"WITH g AS (SELECT investor_id, ROUND(AVG(progress_pct),3) ap, ROUND(AVG(avg_sharpe_ratio),3) asr, ROUND(AVG(avg_volatility_pct),3) avol, ROUND(AVG(avg_annual_return_pct),3) aret FROM ATOM_ENTITY_INVESTMENT_GOAL_001 GROUP BY investor_id) SELECT p.time_horizon, ROUND(AVG(g.asr),3) AS avg_val, COUNT(DISTINCT p.investor_id) AS n FROM ATOM_ENTITY_INVESTOR_PROFILE_001 p JOIN ATOM_ENTITY_PORTFOLIO_HEALTH_001 h ON h.investor_id=p.investor_id JOIN g ON g.investor_id=p.investor_id WHERE h.risk_score>50 GROUP BY p.time_horizon ORDER BY avg_val DESC, p.time_horizon ASC;","[{""time_horizon"": ""Short-term"", ""avg_val"": 0.144, ""n"": 239}, {""time_horizon"": ""Medium-term"", ""avg_val"": 0.054, ""n"": 229}, {""time_horizon"": ""Long-term"", ""avg_val"": 0.05, ""n"": 216}, {""time_horizon"": null, ""avg_val"": -0.193, ""n"": 28}]"
wealth_management_scoring_quantitative_125_questions:SQA125-4T-001,wealth_management_scoring_quantitative_125_questions.csv,SQA125-4T-001,"Which Aggressive investors have an average goal progress below 30, an average holding return (counting only holdings with a recorded cost and current value) above 50, and a risk score above 50?",Goal + holding + health composite,Expert,Composite Reasoning,ATOM_ENTITY_INVESTMENT_GOAL_001; ATOM_ENTITY_INVESTOR_PROFILE_001; ATOM_ENTITY_PORTFOLIO_HEALTH_001; ATOM_ENTITY_PORTFOLIO_HOLDING_001,4,"WITH g AS (SELECT investor_id, ROUND(AVG(progress_pct),3) ap, ROUND(AVG(avg_sharpe_ratio),3) asr FROM ATOM_ENTITY_INVESTMENT_GOAL_001 GROUP BY investor_id), ho AS (SELECT o.investor_id, ROUND(AVG(CASE WHEN o.cost > 0 AND o.current_value IS NOT NULL THEN o.returns_pct END),3) aret, ROUND(AVG(o.dividends),3) adiv FROM ATOM_ENTITY_PORTFOLIO_HOLDING_001 o GROUP BY o.investor_id) SELECT p.investor_id, p.investor_name, g.ap, ho.aret, h.risk_score FROM ATOM_ENTITY_INVESTOR_PROFILE_001 p JOIN ATOM_ENTITY_PORTFOLIO_HEALTH_001 h ON h.investor_id=p.investor_id JOIN g ON g.investor_id=p.investor_id JOIN ho ON ho.investor_id=p.investor_id WHERE p.risk_tolerance='Aggressive' AND g.ap<30 AND ho.aret>50 AND h.risk_score>50 ORDER BY p.investor_id;",[]
wealth_management_scoring_quantitative_125_questions:SQA125-4T-005,wealth_management_scoring_quantitative_125_questions.csv,SQA125-4T-005,"Among investors with a goal-match percentage above 50, which 10 have the lowest average goal progress (also reporting average holding dividends)?","Goal+holding ranking, health-filtered (low)",Expert,Ranking,ATOM_ENTITY_INVESTMENT_GOAL_001; ATOM_ENTITY_INVESTOR_PROFILE_001; ATOM_ENTITY_PORTFOLIO_HEALTH_001; ATOM_ENTITY_PORTFOLIO_HOLDING_001,4,"WITH g AS (SELECT investor_id, ROUND(AVG(progress_pct),3) ap, ROUND(AVG(avg_sharpe_ratio),3) asr FROM ATOM_ENTITY_INVESTMENT_GOAL_001 GROUP BY investor_id), ho AS (SELECT investor_id, ROUND(AVG(returns_pct),3) aret, ROUND(AVG(dividends),3) adiv FROM ATOM_ENTITY_PORTFOLIO_HOLDING_001 GROUP BY investor_id) SELECT p.investor_id, p.investor_name, g.ap AS metric, ho.adiv, h.goal_match_pct FROM ATOM_ENTITY_INVESTOR_PROFILE_001 p JOIN ATOM_ENTITY_PORTFOLIO_HEALTH_001 h ON h.investor_id=p.investor_id JOIN g ON g.investor_id=p.investor_id JOIN ho ON ho.investor_id=p.investor_id WHERE h.goal_match_pct>50 ORDER BY g.ap ASC, p.investor_id ASC LIMIT 10;","[{""investor_id"": ""INV-1467"", ""investor_name"": ""Ankita Bhat"", ""metric"": 0.0, ""adiv"": 10034.121, ""goal_match_pct"": 73.395818}, {""investor_id"": ""INV-1537"", ""investor_name"": ""Anjali Singh"", ""metric"": 0.0, ""adiv"": 14696.73, ""goal_match_pct"": 94.605695}, {""investor_id"": ""INV-941"", ""investor_name"": ""Rahul Iyer"", ""metric"": 0.0, ""adiv"": 14796.494, ""goal_match_pct"": 100.0}, {""investor_id"": ""INV-1460"", ""investor_name"": ""Priyanka Iyer"", ""metric"": 0.001, ""adiv"": 202168.643, ""goal_match_pct"": 52.975}, {""investor_id"": ""INV-509"", ""investor_name"": ""Vikram Verma"", ""metric"": 0.001, ""adiv"": 14146.785, ""goal_match_pct"": 92.041159}, {""investor_id"": ""INV-801"", ""investor_name"": ""Abhishek Chauhan"", ""metric"": 0.001, ""adiv"": 15064.5, ""goal_match_pct"": 100.0}, {""investor_id"": ""INV-074"", ""investor_name"": ""Vivek Deshmukh"", ""metric"": 0.002, ""adiv"": 198323.017, ""goal_match_pct"": 54.161314}, {""investor_id"": ""INV-998"", ""investor_name"": ""Anita Mehta"", ""metric"": 0.002, ""adiv"": 14524.622, ""goal_match_pct"": 72.411829}, {""investor_id"": ""INV-081"", ""investor_name"": ""Bhavna Pandey"", ""metric"": 0.003, ""adiv"": 147727.743, ""goal_match_pct"": 100.0}, {""investor_id"": ""INV-946"", ""investor_name"": ""Chetan Iyer"", ""metric"": 0.003, ""adiv"": 14884.075, ""goal_match_pct"": 61.993082}]"
wealth_management_scoring_quantitative_125_questions:SQA125-4T-009,wealth_management_scoring_quantitative_125_questions.csv,SQA125-4T-009,"For investors with an average goal progress above 30 and a risk score above 50, what is the average holding return (counting only holdings with a recorded cost and current value) by time horizon?",Multi-CTE cohort aggregation,Expert,Categorical Aggregation,ATOM_ENTITY_INVESTMENT_GOAL_001; ATOM_ENTITY_INVESTOR_PROFILE_001; ATOM_ENTITY_PORTFOLIO_HEALTH_001; ATOM_ENTITY_PORTFOLIO_HOLDING_001,4,"WITH g AS (SELECT investor_id, ROUND(AVG(progress_pct),3) ap, ROUND(AVG(avg_sharpe_ratio),3) asr FROM ATOM_ENTITY_INVESTMENT_GOAL_001 GROUP BY investor_id), ho AS (SELECT o.investor_id, ROUND(AVG(CASE WHEN o.cost > 0 AND o.current_value IS NOT NULL THEN o.returns_pct END),3) aret, ROUND(AVG(o.dividends),3) adiv FROM ATOM_ENTITY_PORTFOLIO_HOLDING_001 o GROUP BY o.investor_id) SELECT p.time_horizon, ROUND(AVG(ho.aret),3) AS avg_return, COUNT(DISTINCT p.investor_id) AS n FROM ATOM_ENTITY_INVESTOR_PROFILE_001 p JOIN ATOM_ENTITY_PORTFOLIO_HEALTH_001 h ON h.investor_id=p.investor_id JOIN g ON g.investor_id=p.investor_id JOIN ho ON ho.investor_id=p.investor_id WHERE ho.aret IS NOT NULL AND g.ap>30 AND h.risk_score>50 GROUP BY p.time_horizon ORDER BY avg_return DESC, p.time_horizon ASC;","[{""time_horizon"": null, ""avg_return"": 221.575, ""n"": 19}, {""time_horizon"": ""Medium-term"", ""avg_return"": 71.661, ""n"": 133}, {""time_horizon"": ""Short-term"", ""avg_return"": 66.764, ""n"": 145}, {""time_horizon"": ""Long-term"", ""avg_return"": 41.69, ""n"": 146}]"
wealth_management_scoring_quantitative_125_questions:SQA125-4T-013,wealth_management_scoring_quantitative_125_questions.csv,SQA125-4T-013,"Which Conservative investors have an average Sharpe ratio above 0.0, average dividends above 14000, and a goal-match percentage above 50?",Goal + holding + health composite,Expert,Composite Reasoning,ATOM_ENTITY_INVESTMENT_GOAL_001; ATOM_ENTITY_INVESTOR_PROFILE_001; ATOM_ENTITY_PORTFOLIO_HEALTH_001; ATOM_ENTITY_PORTFOLIO_HOLDING_001,4,"WITH g AS (SELECT investor_id, ROUND(AVG(progress_pct),3) ap, ROUND(AVG(avg_sharpe_ratio),3) asr FROM ATOM_ENTITY_INVESTMENT_GOAL_001 GROUP BY investor_id), ho AS (SELECT investor_id, ROUND(AVG(returns_pct),3) aret, ROUND(AVG(dividends),3) adiv FROM ATOM_ENTITY_PORTFOLIO_HOLDING_001 GROUP BY investor_id) SELECT p.investor_id, p.investor_name, g.asr, ho.adiv, h.goal_match_pct FROM ATOM_ENTITY_INVESTOR_PROFILE_001 p JOIN ATOM_ENTITY_PORTFOLIO_HEALTH_001 h ON h.investor_id=p.investor_id JOIN g ON g.investor_id=p.investor_id JOIN ho ON ho.investor_id=p.investor_id WHERE p.risk_tolerance='Conservative' AND g.asr>0.0 AND ho.adiv>14000 AND h.goal_match_pct>50 ORDER BY p.investor_id;","{""_total_rows"": 61, ""_truncated_to"": 50, ""rows"": [{""investor_id"": ""INV-001"", ""investor_name"": ""Arjun Iyer"", ""asr"": 0.487, ""adiv"": 21891.06, ""goal_match_pct"": 100.0}, {""investor_id"": ""INV-059"", ""investor_name"": ""Deepak Bhat"", ""asr"": 0.423, ""adiv"": 15802.453, ""goal_match_pct"": 59.204305}, {""investor_id"": ""INV-060"", ""investor_name"": ""Sneha Rao"", ""asr"": 0.107, ""adiv"": 16294.633, ""goal_match_pct"": 82.88231}, {""investor_id"": ""INV-074"", ""investor_name"": ""Vivek Deshmukh"", ""asr"": 1.047, ""adiv"": 198323.017, ""goal_match_pct"": 54.161314}, {""investor_id"": ""INV-101"", ""investor_name"": ""Aishwarya Patel"", ""asr"": 1.19, ""adiv"": 18520.8, ""goal_match_pct"": 100.0}, {""investor_id"": ""INV-104"", ""investor_name"": ""Bhavna Verma"", ""asr"": 1.387, ""adiv"": 19379.018, ""goal_match_pct"": 89.388541}, {""investor_id"": ""INV-1076"", ""investor_name"": ""Suresh Yadav"", ""asr"": 2.695, ""adiv"": 18830.322, ""goal_match_pct"": 81.33942}, {""investor_id"": ""INV-1134"", ""investor_name"": ""Ankita Bhat"", ""asr"": 1.16, ""adiv"": 17234.913, ""goal_match_pct"": 77.947647}, {""investor_id"": ""INV-1152"", ""investor_name"": ""Anita Chauhan"", ""asr"": 0.462, ""adiv"": 17980.777, ""goal_match_pct"": 79.686257}, {""investor_id"": ""INV-124"", ""investor_name"": ""Rajesh Kulkarni"", ""asr"": 1.47, ""adiv"": 16995.03, ""goal_match_pct"": 59.571794}, {""investor_id"": ""INV-1252"", ""investor_name"": ""Ramesh Sharma"", ""asr"": 0.497, ""adiv"": 14711.181, ""goal_match_pct"": 86.652051}, {""investor_id"": ""INV-1269"", ""investor_name"": ""Vikram Patel"", ""asr"": 0.41, ""adiv"": 18571.61, ""goal_match_pct"": 83.663137}, {""investor_id"": ""INV-1281"", ""investor_name"": ""Ankita Rao"", ""asr"": 0.532, ""adiv"": 16383.648, ""goal_match_pct"": 100.0}, {""investor_id"": ""INV-1301"", ""investor_name"": ""Ishita Pandey"", ""asr"": 1.15, ""adiv"": 15335.76, ""goal_match_pct"": 100.0}, {""investor_id"": ""INV-1340"", ""investor_name"": ""Ankita Hegde"", ""asr"": 1.053, ""adiv"": 16070.613, ""goal_match_pct"": 63.878921}, {""investor_id"": ""INV-1354"", ""investor_name"": ""Dipti Verma"", ""asr"": 0.52, ""adiv"": 15130.845, ""goal_match_pct"": 83.080951}, {""investor_id"": ""INV-1357"", ""investor_name"": ""Priyanka Joshi"", ""asr"": 0.73, ""adiv"": 16176.06, ""goal_match_pct"": 93.919033}, {""investor_id"": ""INV-1369"", ""investor_name"": ""Anand Bhat"", ""asr"": 1.545, ""adiv"": 16264.343, ""goal_match_pct"": 87.838587}, {""investor_id"": ""INV-1372"", ""investor_name"": ""Anand Singh"", ""asr"": 0.797, ""adiv"": 15288.23, ""goal_match_pct"": 75.319525}, {""investor_id"": ""INV-141"", ""investor_name"": ""Geeta Verma"", ""asr"": 0.477, ""adiv"": 14861.088, ""goal_match_pct"": 100.0}, {""investor_id"": ""INV-1410"", ""investor_name"": ""Deepak Iyer"", ""asr"": 0.447, ""adiv"": 14852.478, ""goal_match_pct"": 76.185148}, {""investor_id"": ""INV-1434"", ""investor_name"": ""Arjun Mishra"", ""asr"": 0.19, ""adiv"": 16686.399, ""goal_match_pct"": 89.085284}, {""investor_id"": ""INV-146"", ""investor_name"": ""Dipti Chauhan"", ""asr"": 0.727, ""adiv"": 14711.423, ""goal_match_pct"": 69.250897}, {""investor_id"": ""INV-1475"", ""investor_name"": ""Aishwarya Bhat"", ""asr"": 0.94, ""adiv"": 20165.777, ""goal_match_pct"": 82.807169}, {""investor_id"": ""INV-1481"", ""investor_name"": ""Amit Mishra"", ""asr"": 0.013, ""adiv"": 14675.21, ""goal_match_pct"": 100.0}, {""investor_id"": ""INV-1505"", ""investor_name"": ""Akshay Nair"", ""asr"": 0.023, ""adiv"": 17158.17, ""goal_match_pct"": 55.529315}, {""investor_id"": ""INV-1512"", ""investor_name"": ""Sneha Singh"", ""asr"": 0.963, ""adiv"": 16500.975, ""goal_match_pct"": 72.471355}, {""investor_id"": ""INV-1537"", ""investor_name"": ""Anjali Singh"", ""asr"": 1.425, ""adiv"": 14696.73, ""goal_match_pct"": 94.605695}, {""investor_id"": ""INV-160"", ""investor_name"": ""Ankita Iyer"", ""asr"": 0.147, ""adiv"": 14411.299, ""goal_match_pct"": 54.153535}, {""investor_id"": ""INV-272"", ""investor_name"": ""Anjali Chauhan"", ""asr"": 1.58, ""adiv"": 18073.184, ""goal_match_pct"": 61.968499}, {""investor_id"": ""INV-300"", ""investor_name"": ""Geeta Rao"", ""asr"": 0.135, ""adiv"": 15146.787, ""goal_match_pct"": 73.406284}, {""investor_id"": ""INV-319"", ""investor_name"": ""Siddharth Patel"", ""asr"": 1.867, ""adiv"": 14296.847, ""goal_match_pct"": 58.010625}, {""investor_id"": ""INV-325"", ""investor_name"": ""Anand Chauhan"", ""asr"": 1.867, ""adiv"": 17910.013, ""goal_match_pct"": 59.766735}, {""investor_id"": ""INV-334"", ""investor_name"": ""Chetan Verma"", ""asr"": 2.82, ""adiv"": 15034.49, ""goal_match_pct"": 86.038126}, {""investor_id"": ""INV-346"", ""investor_name"": ""Geeta Patel"", ""asr"": 0.47, ""adiv"": 17477.45, ""goal_match_pct"": 59.327718}, {""investor_id"": ""INV-420"", ""investor_name"": ""Suresh Gupta"", ""asr"": 0.057, ""adiv"": 16592.612, ""goal_match_pct"": 55.525244}, {""investor_id"": ""INV-466"", ""investor_name"": ""Priyanka Joshi"", ""asr"": 0.695, ""adiv"": 15873.06, ""goal_match_pct"": 51.324823}, {""investor_id"": ""INV-517"", ""investor_name"": ""Priyanka Gupta"", ""asr"": 2.725, ""adiv"": 17744.959, ""goal_match_pct"": 65.515719}, {""investor_id"": ""INV-530"", ""investor_name"": ""Ishita Joshi"", ""asr"": 0.33, ""adiv"": 14110.276, ""goal_match_pct"": 76.838577}, {""investor_id"": ""INV-539"", ""investor_name"": ""Vikram Iyer"", ""asr"": 1.385, ""adiv"": 15536.91, ""goal_match_pct"": 80.069929}, {""investor_id"": ""INV-557"", ""investor_name"": ""Priyanka Arora"", ""asr"": 1.42, ""adiv"": 14325.619, ""goal_match_pct"": 83.113264}, {""investor_id"": ""INV-608"", ""investor_name"": ""Ramesh Nair"", ""asr"": 0.198, ""adiv"": 16046.141, ""goal_match_pct"": 74.38677}, {""investor_id"": ""INV-612"", ""investor_name"": ""Geeta Yadav"", ""asr"": 0.087, ""adiv"": 16740.214, ""goal_match_pct"": 68.135679}, {""investor_id"": ""INV-615"", ""investor_name"": ""Geeta Pandey"", ""asr"": 1.915, ""adiv"": 247225.956, ""goal_match_pct"": 68.337554}, {""investor_id"": ""INV-620"", ""investor_name"": ""Geeta Singh"", ""asr"": 1.11, ""adiv"": 15800.874, ""goal_match_pct"": 74.175683}, {""investor_id"": ""INV-638"", ""investor_name"": ""Rahul Mishra"", ""asr"": 0.37, ""adiv"": 15411.042, ""goal_match_pct"": 73.727598}, {""investor_id"": ""INV-655"", ""investor_name"": ""Anita Reddy"", ""asr"": 0.647, ""adiv"": 14026.115, ""goal_match_pct"": 76.390291}, {""investor_id"": ""INV-687"", ""investor_name"": ""Ankita Kulkarni"", ""asr"": 1.377, ""adiv"": 16495.305, ""goal_match_pct"": 56.174003}, {""investor_id"": ""INV-691"", ""investor_name"": ""Dipti Mishra"", ""asr"": 0.027, ""adiv"": 19035.796, ""goal_match_pct"": 67.412565}, {""investor_id"": ""INV-706"", ""investor_name"": ""Vikram Deshmukh"", ""asr"": 1.623, ""adiv"": 14782.152, ""goal_match_pct"": 55.809872}]}"
wealth_management_temporal_transaction_125_questions:TT125-002,wealth_management_temporal_transaction_125_questions.csv,TT125-002,What was the net cash flow (sum of all transaction amounts) during calendar year 2021?,Temporal / transaction,Medium,Temporal,ATOM_EVENT_CASH_FLOW_001,1,"SELECT ROUND(SUM(amount),2) AS net_cash_flow FROM ATOM_EVENT_CASH_FLOW_001 WHERE date >= '2021-01-01' AND date < '2022-01-01';","[{""net_cash_flow"": 401381455.0}]"
wealth_management_temporal_transaction_125_questions:TT125-006,wealth_management_temporal_transaction_125_questions.csv,TT125-006,What was the net cash flow (sum of all transaction amounts) during calendar year 2022?,Temporal / transaction,Medium,Temporal,ATOM_EVENT_CASH_FLOW_001,1,"SELECT ROUND(SUM(amount),2) AS net_cash_flow FROM ATOM_EVENT_CASH_FLOW_001 WHERE date >= '2022-01-01' AND date < '2023-01-01';","[{""net_cash_flow"": 502078427.0}]"
wealth_management_temporal_transaction_125_questions:TT125-010,wealth_management_temporal_transaction_125_questions.csv,TT125-010,What was the net cash flow (sum of all transaction amounts) during calendar year 2023?,Temporal / transaction,Medium,Temporal,ATOM_EVENT_CASH_FLOW_001,1,"SELECT ROUND(SUM(amount),2) AS net_cash_flow FROM ATOM_EVENT_CASH_FLOW_001 WHERE date >= '2023-01-01' AND date < '2024-01-01';","[{""net_cash_flow"": 401840485.0}]"
wealth_management_temporal_transaction_125_questions:TT125-014,wealth_management_temporal_transaction_125_questions.csv,TT125-014,What was the net cash flow (sum of all transaction amounts) during calendar year 2024?,Temporal / transaction,Medium,Temporal,ATOM_EVENT_CASH_FLOW_001,1,"SELECT ROUND(SUM(amount),2) AS net_cash_flow FROM ATOM_EVENT_CASH_FLOW_001 WHERE date >= '2024-01-01' AND date < '2025-01-01';","[{""net_cash_flow"": 102045403.0}]"
wealth_management_temporal_transaction_125_questions:TT125-018,wealth_management_temporal_transaction_125_questions.csv,TT125-018,What was the net cash flow (sum of all transaction amounts) during calendar year 2025?,Temporal / transaction,Medium,Temporal,ATOM_EVENT_CASH_FLOW_001,1,"SELECT ROUND(SUM(amount),2) AS net_cash_flow FROM ATOM_EVENT_CASH_FLOW_001 WHERE date >= '2025-01-01' AND date < '2026-01-01';","[{""net_cash_flow"": 201984548.0}]"
wealth_management_temporal_transaction_125_questions:TT125-022,wealth_management_temporal_transaction_125_questions.csv,TT125-022,How many transactions were recorded during calendar year 2021?,Temporal / transaction,Medium,Temporal,ATOM_EVENT_CASH_FLOW_001,1,SELECT COUNT(*) AS transaction_count FROM ATOM_EVENT_CASH_FLOW_001 WHERE date >= '2021-01-01' AND date < '2022-01-01';,"[{""transaction_count"": 971}]"
wealth_management_temporal_transaction_125_questions:TT125-026,wealth_management_temporal_transaction_125_questions.csv,TT125-026,How many transactions were recorded during calendar year 2022?,Temporal / transaction,Medium,Temporal,ATOM_EVENT_CASH_FLOW_001,1,SELECT COUNT(*) AS transaction_count FROM ATOM_EVENT_CASH_FLOW_001 WHERE date >= '2022-01-01' AND date < '2023-01-01';,"[{""transaction_count"": 1508}]"
wealth_management_temporal_transaction_125_questions:TT125-030,wealth_management_temporal_transaction_125_questions.csv,TT125-030,How many transactions were recorded during calendar year 2023?,Temporal / transaction,Medium,Temporal,ATOM_EVENT_CASH_FLOW_001,1,SELECT COUNT(*) AS transaction_count FROM ATOM_EVENT_CASH_FLOW_001 WHERE date >= '2023-01-01' AND date < '2024-01-01';,"[{""transaction_count"": 1457}]"
wealth_management_temporal_transaction_125_questions:TT125-034,wealth_management_temporal_transaction_125_questions.csv,TT125-034,How many transactions were recorded during calendar year 2024?,Temporal / transaction,Medium,Temporal,ATOM_EVENT_CASH_FLOW_001,1,SELECT COUNT(*) AS transaction_count FROM ATOM_EVENT_CASH_FLOW_001 WHERE date >= '2024-01-01' AND date < '2025-01-01';,"[{""transaction_count"": 1522}]"
wealth_management_temporal_transaction_125_questions:TT125-038,wealth_management_temporal_transaction_125_questions.csv,TT125-038,How many transactions were recorded during calendar year 2025?,Temporal / transaction,Medium,Temporal,ATOM_EVENT_CASH_FLOW_001,1,SELECT COUNT(*) AS transaction_count FROM ATOM_EVENT_CASH_FLOW_001 WHERE date >= '2025-01-01' AND date < '2026-01-01';,"[{""transaction_count"": 1448}]"
wealth_management_temporal_transaction_125_questions:TT125-042,wealth_management_temporal_transaction_125_questions.csv,TT125-042,Which 10 investors have the highest total net cash flow during calendar year 2024?,Temporal / transaction,Hard,Ranking,ATOM_EVENT_CASH_FLOW_001,1,"SELECT investor_id, ROUND(SUM(amount),2) AS net_cash_flow FROM ATOM_EVENT_CASH_FLOW_001 WHERE date >= '2024-01-01' AND date < '2025-01-01' GROUP BY investor_id ORDER BY net_cash_flow DESC, investor_id ASC LIMIT 10;","[{""investor_id"": ""INV-282"", ""net_cash_flow"": 100004803.0}, {""investor_id"": ""INV-1202"", ""net_cash_flow"": 100003488.0}, {""investor_id"": ""INV-402"", ""net_cash_flow"": 100000000.0}, {""investor_id"": ""INV-802"", ""net_cash_flow"": 100000000.0}, {""investor_id"": ""INV-1262"", ""net_cash_flow"": 15407.0}, {""investor_id"": ""INV-1344"", ""net_cash_flow"": 13349.0}, {""investor_id"": ""INV-546"", ""net_cash_flow"": 12664.0}, {""investor_id"": ""INV-1063"", ""net_cash_flow"": 12465.0}, {""investor_id"": ""INV-1385"", ""net_cash_flow"": 12301.0}, {""investor_id"": ""INV-1095"", ""net_cash_flow"": 12156.0}]"
wealth_management_temporal_transaction_125_questions:TT125-046,wealth_management_temporal_transaction_125_questions.csv,TT125-046,How many transactions occurred on or after 2024-01-01?,Temporal / transaction,Medium,Temporal,ATOM_EVENT_CASH_FLOW_001,1,SELECT COUNT(*) AS transaction_count FROM ATOM_EVENT_CASH_FLOW_001 WHERE date >= '2024-01-01';,"[{""transaction_count"": 3501}]"
wealth_management_temporal_transaction_125_questions:TT125-050,wealth_management_temporal_transaction_125_questions.csv,TT125-050,How many transactions occurred on or after 2025-01-01?,Temporal / transaction,Medium,Temporal,ATOM_EVENT_CASH_FLOW_001,1,SELECT COUNT(*) AS transaction_count FROM ATOM_EVENT_CASH_FLOW_001 WHERE date >= '2025-01-01';,"[{""transaction_count"": 1979}]"
wealth_management_temporal_transaction_125_questions:TT125-054,wealth_management_temporal_transaction_125_questions.csv,TT125-054,What was the total Deposit amount recorded in calendar year 2024?,Temporal / transaction,Medium,Temporal,ATOM_EVENT_CASH_FLOW_001,1,"SELECT ROUND(SUM(amount),2) AS total_amount FROM ATOM_EVENT_CASH_FLOW_001 WHERE type='Deposit' AND date >= '2024-01-01' AND date < '2025-01-01';","[{""total_amount"": 382366.0}]"
wealth_management_temporal_transaction_125_questions:TT125-058,wealth_management_temporal_transaction_125_questions.csv,TT125-058,What was the total Interest Credit amount recorded in calendar year 2024?,Temporal / transaction,Medium,Temporal,ATOM_EVENT_CASH_FLOW_001,1,"SELECT ROUND(SUM(amount),2) AS total_amount FROM ATOM_EVENT_CASH_FLOW_001 WHERE type='Interest Credit' AND date >= '2024-01-01' AND date < '2025-01-01';","[{""total_amount"": 449965.0}]"
wealth_management_temporal_transaction_125_questions:TT125-062,wealth_management_temporal_transaction_125_questions.csv,TT125-062,"What was the total Redemption amount recorded in calendar year 2024, expressed as a positive outflow amount?",Temporal / transaction,Medium,Temporal,ATOM_EVENT_CASH_FLOW_001,1,"SELECT ROUND(-SUM(amount),2) AS total_amount FROM ATOM_EVENT_CASH_FLOW_001 WHERE type='Redemption' AND date >= '2024-01-01' AND date < '2025-01-01';","[{""total_amount"": 100420042.0}]"
wealth_management_temporal_transaction_125_questions:TT125-066,wealth_management_temporal_transaction_125_questions.csv,TT125-066,What was the total Tax Refund amount recorded in calendar year 2024?,Temporal / transaction,Medium,Temporal,ATOM_EVENT_CASH_FLOW_001,1,"SELECT ROUND(SUM(amount),2) AS total_amount FROM ATOM_EVENT_CASH_FLOW_001 WHERE type='Tax Refund' AND date >= '2024-01-01' AND date < '2025-01-01';","[{""total_amount"": 200469458.0}]"
wealth_management_temporal_transaction_125_questions:TT125-070,wealth_management_temporal_transaction_125_questions.csv,TT125-070,What was the net cash flow during the first half of 2024 (1 Jan - 30 Jun 2024)?,Temporal / transaction,Medium,Temporal,ATOM_EVENT_CASH_FLOW_001,1,"SELECT ROUND(SUM(amount),2) AS net_cash_flow FROM ATOM_EVENT_CASH_FLOW_001 WHERE date >= '2024-01-01' AND date < '2024-07-01';","[{""net_cash_flow"": 301089296.0}]"
wealth_management_temporal_transaction_125_questions:TT125-074,wealth_management_temporal_transaction_125_questions.csv,TT125-074,List the names of Aggressive investors whose net cash flow during calendar year 2025 was negative.,Temporal / transaction,Hard,Filtered List,ATOM_ENTITY_INVESTOR_PROFILE_001; ATOM_EVENT_CASH_FLOW_001,2,"SELECT p.investor_id, p.investor_name, ROUND(SUM(cf.amount),2) AS net_cash_flow FROM ATOM_EVENT_CASH_FLOW_001 cf JOIN ATOM_ENTITY_INVESTOR_PROFILE_001 p ON p.investor_id=cf.investor_id WHERE p.risk_tolerance='Aggressive' AND cf.date >= '2025-01-01' AND cf.date < '2026-01-01' GROUP BY p.investor_id, p.investor_name HAVING SUM(cf.amount) < 0 ORDER BY net_cash_flow ASC, p.investor_id ASC;","{""_total_rows"": 60, ""_truncated_to"": 50, ""rows"": [{""investor_id"": ""INV-881"", ""investor_name"": ""Aishwarya Rao"", ""net_cash_flow"": -8194.0}, {""investor_id"": ""INV-867"", ""investor_name"": ""Amit Mishra"", ""net_cash_flow"": -7710.0}, {""investor_id"": ""INV-1526"", ""investor_name"": ""Siddharth Deshmukh"", ""net_cash_flow"": -7709.0}, {""investor_id"": ""INV-1523"", ""investor_name"": ""Ankita Mehta"", ""net_cash_flow"": -6111.0}, {""investor_id"": ""INV-376"", ""investor_name"": ""Rajesh Patel"", ""net_cash_flow"": -4939.0}, {""investor_id"": ""INV-065"", ""investor_name"": ""Ankita Rao"", ""net_cash_flow"": -4765.0}, {""investor_id"": ""INV-1046"", ""investor_name"": ""Dipti Deshmukh"", ""net_cash_flow"": -4765.0}, {""investor_id"": ""INV-115"", ""investor_name"": ""Vivek Kulkarni"", ""net_cash_flow"": -4704.0}, {""investor_id"": ""INV-1057"", ""investor_name"": ""Abhishek Iyer"", ""net_cash_flow"": -4665.0}, {""investor_id"": ""INV-938"", ""investor_name"": ""Vikram Gupta"", ""net_cash_flow"": -4643.0}, {""investor_id"": ""INV-702"", ""investor_name"": ""Meena Chauhan"", ""net_cash_flow"": -4151.0}, {""investor_id"": ""INV-593"", ""investor_name"": ""Rahul Chauhan"", ""net_cash_flow"": -4011.0}, {""investor_id"": ""INV-749"", ""investor_name"": ""Rahul Pandey"", ""net_cash_flow"": -3814.0}, {""investor_id"": ""INV-298"", ""investor_name"": ""Anita Arora"", ""net_cash_flow"": -3737.0}, {""investor_id"": ""INV-455"", ""investor_name"": ""Arvind Nair"", ""net_cash_flow"": -3660.0}, {""investor_id"": ""INV-387"", ""investor_name"": ""Deepak Bhat"", ""net_cash_flow"": -3600.0}, {""investor_id"": ""INV-063"", ""investor_name"": ""Ishita Deshmukh"", ""net_cash_flow"": -3586.0}, {""investor_id"": ""INV-1225"", ""investor_name"": ""Meena Hegde"", ""net_cash_flow"": -3573.0}, {""investor_id"": ""INV-035"", ""investor_name"": ""Dipti Patel"", ""net_cash_flow"": -3554.0}, {""investor_id"": ""INV-445"", ""investor_name"": ""Sneha Sharma"", ""net_cash_flow"": -3461.0}, {""investor_id"": ""INV-1259"", ""investor_name"": ""Sneha Iyer"", ""net_cash_flow"": -3460.0}, {""investor_id"": ""INV-411"", ""investor_name"": ""Rohan Reddy"", ""net_cash_flow"": -3451.0}, {""investor_id"": ""INV-1485"", ""investor_name"": ""Geeta Rao"", ""net_cash_flow"": -3387.0}, {""investor_id"": ""INV-795"", ""investor_name"": ""Ramesh Hegde"", ""net_cash_flow"": -3297.0}, {""investor_id"": ""INV-1100"", ""investor_name"": ""Arjun Nair"", ""net_cash_flow"": -3208.0}, {""investor_id"": ""INV-808"", ""investor_name"": ""Kavita Hegde"", ""net_cash_flow"": -3179.0}, {""investor_id"": ""INV-312"", ""investor_name"": ""Priyanka Pandey"", ""net_cash_flow"": -3110.0}, {""investor_id"": ""INV-033"", ""investor_name"": ""Aishwarya Sharma"", ""net_cash_flow"": -3033.0}, {""investor_id"": ""INV-714"", ""investor_name"": ""Abhishek Deshmukh"", ""net_cash_flow"": -2890.0}, {""investor_id"": ""INV-1433"", ""investor_name"": ""Vivek Bhat"", ""net_cash_flow"": -2831.0}, {""investor_id"": ""INV-1026"", ""investor_name"": ""Amit Patel"", ""net_cash_flow"": -2570.0}, {""investor_id"": ""INV-1196"", ""investor_name"": ""Arvind Verma"", ""net_cash_flow"": -2349.0}, {""investor_id"": ""INV-887"", ""investor_name"": ""Deepak Mishra"", ""net_cash_flow"": -2318.0}, {""investor_id"": ""INV-181"", ""investor_name"": ""Suresh Reddy"", ""net_cash_flow"": -2139.0}, {""investor_id"": ""INV-443"", ""investor_name"": ""Geeta Yadav"", ""net_cash_flow"": -2073.0}, {""investor_id"": ""INV-079"", ""investor_name"": ""Ankita Rao"", ""net_cash_flow"": -1982.0}, {""investor_id"": ""INV-067"", ""investor_name"": ""Vikram Iyer"", ""net_cash_flow"": -1938.0}, {""investor_id"": ""INV-097"", ""investor_name"": ""Rajesh Patel"", ""net_cash_flow"": -1926.0}, {""investor_id"": ""INV-538"", ""investor_name"": ""Rahul Pandey"", ""net_cash_flow"": -1777.0}, {""investor_id"": ""INV-1458"", ""investor_name"": ""Sunita Singh"", ""net_cash_flow"": -1733.0}, {""investor_id"": ""INV-771"", ""investor_name"": ""Bhavna Patel"", ""net_cash_flow"": -1616.0}, {""investor_id"": ""INV-458"", ""investor_name"": ""Ramesh Hegde"", ""net_cash_flow"": -1608.0}, {""investor_id"": ""INV-764"", ""investor_name"": ""Deepak Rao"", ""net_cash_flow"": -1580.0}, {""investor_id"": ""INV-1068"", ""investor_name"": ""Rahul Bhat"", ""net_cash_flow"": -1564.0}, {""investor_id"": ""INV-285"", ""investor_name"": ""Meena Reddy"", ""net_cash_flow"": -1556.0}, {""investor_id"": ""INV-1451"", ""investor_name"": ""Kavita Arora"", ""net_cash_flow"": -1520.0}, {""investor_id"": ""INV-574"", ""investor_name"": ""Vivek Nair"", ""net_cash_flow"": -1507.0}, {""investor_id"": ""INV-306"", ""investor_name"": ""Ishita Deshmukh"", ""net_cash_flow"": -1505.0}, {""investor_id"": ""INV-948"", ""investor_name"": ""Dipti Sharma"", ""net_cash_flow"": -1446.0}, {""investor_id"": ""INV-264"", ""investor_name"": ""Meena Pandey"", ""net_cash_flow"": -1426.0}]}"
wealth_management_temporal_transaction_125_questions:TT125-078,wealth_management_temporal_transaction_125_questions.csv,TT125-078,List the names of Conservative investors whose net cash flow during calendar year 2025 was negative.,Temporal / transaction,Hard,Filtered List,ATOM_ENTITY_INVESTOR_PROFILE_001; ATOM_EVENT_CASH_FLOW_001,2,"SELECT p.investor_id, p.investor_name, ROUND(SUM(cf.amount),2) AS net_cash_flow FROM ATOM_EVENT_CASH_FLOW_001 cf JOIN ATOM_ENTITY_INVESTOR_PROFILE_001 p ON p.investor_id=cf.investor_id WHERE p.risk_tolerance='Conservative' AND cf.date >= '2025-01-01' AND cf.date < '2026-01-01' GROUP BY p.investor_id, p.investor_name HAVING SUM(cf.amount) < 0 ORDER BY net_cash_flow ASC, p.investor_id ASC;","{""_total_rows"": 60, ""_truncated_to"": 50, ""rows"": [{""investor_id"": ""INV-1431"", ""investor_name"": ""Akshay Reddy"", ""net_cash_flow"": -10867.0}, {""investor_id"": ""INV-667"", ""investor_name"": ""Arvind Sharma"", ""net_cash_flow"": -9395.0}, {""investor_id"": ""INV-1252"", ""investor_name"": ""Ramesh Sharma"", ""net_cash_flow"": -7900.0}, {""investor_id"": ""INV-1235"", ""investor_name"": ""Aishwarya Reddy"", ""net_cash_flow"": -6514.0}, {""investor_id"": ""INV-1125"", ""investor_name"": ""Vikram Joshi"", ""net_cash_flow"": -5634.0}, {""investor_id"": ""INV-608"", ""investor_name"": ""Ramesh Nair"", ""net_cash_flow"": -4951.0}, {""investor_id"": ""INV-807"", ""investor_name"": ""Ankita Nair"", ""net_cash_flow"": -4938.0}, {""investor_id"": ""INV-803"", ""investor_name"": ""Arvind Verma"", ""net_cash_flow"": -4825.0}, {""investor_id"": ""INV-1376"", ""investor_name"": ""Anand Hegde"", ""net_cash_flow"": -4750.0}, {""investor_id"": ""INV-783"", ""investor_name"": ""Dipti Mehta"", ""net_cash_flow"": -4743.0}, {""investor_id"": ""INV-098"", ""investor_name"": ""Arvind Singh"", ""net_cash_flow"": -4698.0}, {""investor_id"": ""INV-588"", ""investor_name"": ""Anita Deshmukh"", ""net_cash_flow"": -4615.0}, {""investor_id"": ""INV-1127"", ""investor_name"": ""Bhavna Bhat"", ""net_cash_flow"": -4492.0}, {""investor_id"": ""INV-609"", ""investor_name"": ""Akshay Yadav"", ""net_cash_flow"": -4403.0}, {""investor_id"": ""INV-221"", ""investor_name"": ""Aishwarya Yadav"", ""net_cash_flow"": -4385.0}, {""investor_id"": ""INV-1096"", ""investor_name"": ""Amrita Sharma"", ""net_cash_flow"": -4381.0}, {""investor_id"": ""INV-1297"", ""investor_name"": ""Akshay Rao"", ""net_cash_flow"": -4381.0}, {""investor_id"": ""INV-961"", ""investor_name"": ""Amrita Yadav"", ""net_cash_flow"": -4156.0}, {""investor_id"": ""INV-462"", ""investor_name"": ""Sneha Rao"", ""net_cash_flow"": -4044.0}, {""investor_id"": ""INV-990"", ""investor_name"": ""Anita Reddy"", ""net_cash_flow"": -3965.0}, {""investor_id"": ""INV-931"", ""investor_name"": ""Anand Iyer"", ""net_cash_flow"": -3910.0}, {""investor_id"": ""INV-1496"", ""investor_name"": ""Vikram Chauhan"", ""net_cash_flow"": -3847.0}, {""investor_id"": ""INV-809"", ""investor_name"": ""Anjali Chauhan"", ""net_cash_flow"": -3736.0}, {""investor_id"": ""INV-208"", ""investor_name"": ""Suresh Kulkarni"", ""net_cash_flow"": -3631.0}, {""investor_id"": ""INV-154"", ""investor_name"": ""Ishita Arora"", ""net_cash_flow"": -3599.0}, {""investor_id"": ""INV-060"", ""investor_name"": ""Sneha Rao"", ""net_cash_flow"": -3561.0}, {""investor_id"": ""INV-258"", ""investor_name"": ""Anita Rao"", ""net_cash_flow"": -3519.0}, {""investor_id"": ""INV-769"", ""investor_name"": ""Vivek Hegde"", ""net_cash_flow"": -3400.0}, {""investor_id"": ""INV-160"", ""investor_name"": ""Ankita Iyer"", ""net_cash_flow"": -3336.0}, {""investor_id"": ""INV-732"", ""investor_name"": ""Anjali Reddy"", ""net_cash_flow"": -3213.0}, {""investor_id"": ""INV-436"", ""investor_name"": ""Akshay Bhat"", ""net_cash_flow"": -2985.0}, {""investor_id"": ""INV-1200"", ""investor_name"": ""Ishita Gupta"", ""net_cash_flow"": -2974.0}, {""investor_id"": ""INV-148"", ""investor_name"": ""Rohan Joshi"", ""net_cash_flow"": -2907.0}, {""investor_id"": ""INV-1492"", ""investor_name"": ""Amrita Yadav"", ""net_cash_flow"": -2680.0}, {""investor_id"": ""INV-1410"", ""investor_name"": ""Deepak Iyer"", ""net_cash_flow"": -2587.0}, {""investor_id"": ""INV-1228"", ""investor_name"": ""Geeta Iyer"", ""net_cash_flow"": -2574.0}, {""investor_id"": ""INV-1355"", ""investor_name"": ""Vivek Verma"", ""net_cash_flow"": -2562.0}, {""investor_id"": ""INV-596"", ""investor_name"": ""Deepak Singh"", ""net_cash_flow"": -2486.0}, {""investor_id"": ""INV-217"", ""investor_name"": ""Rohan Reddy"", ""net_cash_flow"": -2217.0}, {""investor_id"": ""INV-157"", ""investor_name"": ""Dipti Mehta"", ""net_cash_flow"": -2028.0}, {""investor_id"": ""INV-1329"", ""investor_name"": ""Akshay Hegde"", ""net_cash_flow"": -1847.0}, {""investor_id"": ""INV-1035"", ""investor_name"": ""Arjun Verma"", ""net_cash_flow"": -1745.0}, {""investor_id"": ""INV-1343"", ""investor_name"": ""Amit Reddy"", ""net_cash_flow"": -1744.0}, {""investor_id"": ""INV-630"", ""investor_name"": ""Bhavna Nair"", ""net_cash_flow"": -1693.0}, {""investor_id"": ""INV-1374"", ""investor_name"": ""Vivek Mehta"", ""net_cash_flow"": -1587.0}, {""investor_id"": ""INV-832"", ""investor_name"": ""Rohan Kulkarni"", ""net_cash_flow"": -1341.0}, {""investor_id"": ""INV-1120"", ""investor_name"": ""Arjun Bhat"", ""net_cash_flow"": -1284.0}, {""investor_id"": ""INV-510"", ""investor_name"": ""Vivek Nair"", ""net_cash_flow"": -1241.0}, {""investor_id"": ""INV-700"", ""investor_name"": ""Bhavna Yadav"", ""net_cash_flow"": -1181.0}, {""investor_id"": ""INV-573"", ""investor_name"": ""Dipti Gupta"", ""net_cash_flow"": -1139.0}]}"
wealth_management_temporal_transaction_125_questions:TT125-082,wealth_management_temporal_transaction_125_questions.csv,TT125-082,List the names of Moderate investors whose net cash flow during calendar year 2025 was negative.,Temporal / transaction,Hard,Filtered List,ATOM_ENTITY_INVESTOR_PROFILE_001; ATOM_EVENT_CASH_FLOW_001,2,"SELECT p.investor_id, p.investor_name, ROUND(SUM(cf.amount),2) AS net_cash_flow FROM ATOM_EVENT_CASH_FLOW_001 cf JOIN ATOM_ENTITY_INVESTOR_PROFILE_001 p ON p.investor_id=cf.investor_id WHERE p.risk_tolerance='Moderate' AND cf.date >= '2025-01-01' AND cf.date < '2026-01-01' GROUP BY p.investor_id, p.investor_name HAVING SUM(cf.amount) < 0 ORDER BY net_cash_flow ASC, p.investor_id ASC;","{""_total_rows"": 72, ""_truncated_to"": 50, ""rows"": [{""investor_id"": ""INV-242"", ""investor_name"": ""Rahul Mishra"", ""net_cash_flow"": -99997954.0}, {""investor_id"": ""INV-1401"", ""investor_name"": ""Anand Arora"", ""net_cash_flow"": -5585.0}, {""investor_id"": ""INV-433"", ""investor_name"": ""Geeta Arora"", ""net_cash_flow"": -5140.0}, {""investor_id"": ""INV-1323"", ""investor_name"": ""Bhavna Bhat"", ""net_cash_flow"": -4920.0}, {""investor_id"": ""INV-125"", ""investor_name"": ""Dipti Mishra"", ""net_cash_flow"": -4816.0}, {""investor_id"": ""INV-329"", ""investor_name"": ""Geeta Patel"", ""net_cash_flow"": -4758.0}, {""investor_id"": ""INV-1239"", ""investor_name"": ""Sunita Bhat"", ""net_cash_flow"": -4747.0}, {""investor_id"": ""INV-643"", ""investor_name"": ""Arjun Mishra"", ""net_cash_flow"": -4553.0}, {""investor_id"": ""INV-1038"", ""investor_name"": ""Rahul Iyer"", ""net_cash_flow"": -4513.0}, {""investor_id"": ""INV-531"", ""investor_name"": ""Suresh Pandey"", ""net_cash_flow"": -4487.0}, {""investor_id"": ""INV-957"", ""investor_name"": ""Anjali Deshmukh"", ""net_cash_flow"": -4289.0}, {""investor_id"": ""INV-1441"", ""investor_name"": ""Rahul Chauhan"", ""net_cash_flow"": -3998.0}, {""investor_id"": ""INV-544"", ""investor_name"": ""Anita Joshi"", ""net_cash_flow"": -3989.0}, {""investor_id"": ""INV-070"", ""investor_name"": ""Rohan Mishra"", ""net_cash_flow"": -3944.0}, {""investor_id"": ""INV-167"", ""investor_name"": ""Priyanka Reddy"", ""net_cash_flow"": -3909.0}, {""investor_id"": ""INV-564"", ""investor_name"": ""Ankita Yadav"", ""net_cash_flow"": -3793.0}, {""investor_id"": ""INV-818"", ""investor_name"": ""Sunita Patel"", ""net_cash_flow"": -3784.0}, {""investor_id"": ""INV-1287"", ""investor_name"": ""Ishita Mehta"", ""net_cash_flow"": -3783.0}, {""investor_id"": ""INV-747"", ""investor_name"": ""Priyanka Hegde"", ""net_cash_flow"": -3766.0}, {""investor_id"": ""INV-1414"", ""investor_name"": ""Sneha Sharma"", ""net_cash_flow"": -3756.0}, {""investor_id"": ""INV-801"", ""investor_name"": ""Abhishek Chauhan"", ""net_cash_flow"": -3561.0}, {""investor_id"": ""INV-1158"", ""investor_name"": ""Arjun Singh"", ""net_cash_flow"": -3492.0}, {""investor_id"": ""INV-689"", ""investor_name"": ""Vivek Hegde"", ""net_cash_flow"": -3470.0}, {""investor_id"": ""INV-490"", ""investor_name"": ""Dipti Yadav"", ""net_cash_flow"": -3377.0}, {""investor_id"": ""INV-218"", ""investor_name"": ""Vikram Deshmukh"", ""net_cash_flow"": -3357.0}, {""investor_id"": ""INV-965"", ""investor_name"": ""Meena Nair"", ""net_cash_flow"": -3149.0}, {""investor_id"": ""INV-745"", ""investor_name"": ""Sunita Mehta"", ""net_cash_flow"": -3140.0}, {""investor_id"": ""INV-1467"", ""investor_name"": ""Ankita Bhat"", ""net_cash_flow"": -3050.0}, {""investor_id"": ""INV-1021"", ""investor_name"": ""Amit Joshi"", ""net_cash_flow"": -3014.0}, {""investor_id"": ""INV-1546"", ""investor_name"": ""Sunita Hegde"", ""net_cash_flow"": -3004.0}, {""investor_id"": ""INV-730"", ""investor_name"": ""Rajesh Verma"", ""net_cash_flow"": -2996.0}, {""investor_id"": ""INV-365"", ""investor_name"": ""Geeta Arora"", ""net_cash_flow"": -2977.0}, {""investor_id"": ""INV-1005"", ""investor_name"": ""Siddharth Chauhan"", ""net_cash_flow"": -2778.0}, {""investor_id"": ""INV-951"", ""investor_name"": ""Amit Sharma"", ""net_cash_flow"": -2704.0}, {""investor_id"": ""INV-601"", ""investor_name"": ""Akshay Gupta"", ""net_cash_flow"": -2677.0}, {""investor_id"": ""INV-1101"", ""investor_name"": ""Rahul Verma"", ""net_cash_flow"": -2643.0}, {""investor_id"": ""INV-779"", ""investor_name"": ""Deepak Chauhan"", ""net_cash_flow"": -2584.0}, {""investor_id"": ""INV-1119"", ""investor_name"": ""Ishita Nair"", ""net_cash_flow"": -2551.0}, {""investor_id"": ""INV-1157"", ""investor_name"": ""Amit Chauhan"", ""net_cash_flow"": -2481.0}, {""investor_id"": ""INV-422"", ""investor_name"": ""Sunita Rao"", ""net_cash_flow"": -2397.0}, {""investor_id"": ""INV-710"", ""investor_name"": ""Rahul Reddy"", ""net_cash_flow"": -2397.0}, {""investor_id"": ""INV-1317"", ""investor_name"": ""Siddharth Yadav"", ""net_cash_flow"": -2338.0}, {""investor_id"": ""INV-713"", ""investor_name"": ""Vivek Sharma"", ""net_cash_flow"": -2328.0}, {""investor_id"": ""INV-842"", ""investor_name"": ""Akshay Iyer"", ""net_cash_flow"": -2308.0}, {""investor_id"": ""INV-694"", ""investor_name"": ""Aishwarya Gupta"", ""net_cash_flow"": -2241.0}, {""investor_id"": ""INV-437"", ""investor_name"": ""Abhishek Singh"", ""net_cash_flow"": -2138.0}, {""investor_id"": ""INV-198"", ""investor_name"": ""Abhishek Pandey"", ""net_cash_flow"": -2031.0}, {""investor_id"": ""INV-1081"", ""investor_name"": ""Priyanka Deshmukh"", ""net_cash_flow"": -1979.0}, {""investor_id"": ""INV-504"", ""investor_name"": ""Anand Arora"", ""net_cash_flow"": -1950.0}, {""investor_id"": ""INV-1282"", ""investor_name"": ""Akshay Pandey"", ""net_cash_flow"": -1938.0}]}"
wealth_management_temporal_transaction_125_questions:TT125-086,wealth_management_temporal_transaction_125_questions.csv,TT125-086,List Diversified segment investors whose total deposits exceed 50000.,Temporal / transaction,Hard,Filtered List,ATOM_ENTITY_INVESTOR_PROFILE_001; ATOM_EVENT_CASH_FLOW_001,2,"SELECT p.investor_id, p.investor_name, ROUND(SUM(cf.amount),2) AS total_deposits FROM ATOM_EVENT_CASH_FLOW_001 cf JOIN ATOM_ENTITY_INVESTOR_PROFILE_001 p ON p.investor_id=cf.investor_id WHERE p.segment='Diversified' AND cf.type='Deposit' GROUP BY p.investor_id, p.investor_name HAVING SUM(cf.amount) > 50000 ORDER BY total_deposits DESC, p.investor_id ASC;",[]
wealth_management_temporal_transaction_125_questions:TT125-090,wealth_management_temporal_transaction_125_questions.csv,TT125-090,List Large Cap segment investors whose total deposits exceed 50000.,Temporal / transaction,Hard,Filtered List,ATOM_ENTITY_INVESTOR_PROFILE_001; ATOM_EVENT_CASH_FLOW_001,2,"SELECT p.investor_id, p.investor_name, ROUND(SUM(cf.amount),2) AS total_deposits FROM ATOM_EVENT_CASH_FLOW_001 cf JOIN ATOM_ENTITY_INVESTOR_PROFILE_001 p ON p.investor_id=cf.investor_id WHERE p.segment='Large Cap' AND cf.type='Deposit' GROUP BY p.investor_id, p.investor_name HAVING SUM(cf.amount) > 50000 ORDER BY total_deposits DESC, p.investor_id ASC;",[]
wealth_management_temporal_transaction_125_questions:TT125-094,wealth_management_temporal_transaction_125_questions.csv,TT125-094,List Mid Cap segment investors whose total deposits exceed 50000.,Temporal / transaction,Hard,Filtered List,ATOM_ENTITY_INVESTOR_PROFILE_001; ATOM_EVENT_CASH_FLOW_001,2,"SELECT p.investor_id, p.investor_name, ROUND(SUM(cf.amount),2) AS total_deposits FROM ATOM_EVENT_CASH_FLOW_001 cf JOIN ATOM_ENTITY_INVESTOR_PROFILE_001 p ON p.investor_id=cf.investor_id WHERE p.segment='Mid Cap' AND cf.type='Deposit' GROUP BY p.investor_id, p.investor_name HAVING SUM(cf.amount) > 50000 ORDER BY total_deposits DESC, p.investor_id ASC;",[]
wealth_management_temporal_transaction_125_questions:TT125-098,wealth_management_temporal_transaction_125_questions.csv,TT125-098,List Small Cap segment investors whose total deposits exceed 50000.,Temporal / transaction,Hard,Filtered List,ATOM_ENTITY_INVESTOR_PROFILE_001; ATOM_EVENT_CASH_FLOW_001,2,"SELECT p.investor_id, p.investor_name, ROUND(SUM(cf.amount),2) AS total_deposits FROM ATOM_EVENT_CASH_FLOW_001 cf JOIN ATOM_ENTITY_INVESTOR_PROFILE_001 p ON p.investor_id=cf.investor_id WHERE p.segment='Small Cap' AND cf.type='Deposit' GROUP BY p.investor_id, p.investor_name HAVING SUM(cf.amount) > 50000 ORDER BY total_deposits DESC, p.investor_id ASC;","[{""investor_id"": ""INV-1042"", ""investor_name"": ""Rajesh Kulkarni"", ""total_deposits"": 100004191.0}]"
wealth_management_temporal_transaction_125_questions:TT125-102,wealth_management_temporal_transaction_125_questions.csv,TT125-102,List Long-term time-horizon investors whose net cash flow during calendar year 2024 was negative.,Temporal / transaction,Hard,Filtered List,ATOM_ENTITY_INVESTOR_PROFILE_001; ATOM_EVENT_CASH_FLOW_001,2,"SELECT p.investor_id, p.investor_name, ROUND(SUM(cf.amount),2) AS net_cash_flow FROM ATOM_EVENT_CASH_FLOW_001 cf JOIN ATOM_ENTITY_INVESTOR_PROFILE_001 p ON p.investor_id=cf.investor_id WHERE p.time_horizon='Long-term' AND cf.date >= '2024-01-01' AND cf.date < '2025-01-01' GROUP BY p.investor_id, p.investor_name HAVING SUM(cf.amount) < 0 ORDER BY net_cash_flow ASC, p.investor_id ASC;","{""_total_rows"": 69, ""_truncated_to"": 50, ""rows"": [{""investor_id"": ""INV-1442"", ""investor_name"": ""Rahul Patel"", ""net_cash_flow"": -100000000.0}, {""investor_id"": ""INV-682"", ""investor_name"": ""Chetan Kulkarni"", ""net_cash_flow"": -99995323.0}, {""investor_id"": ""INV-1064"", ""investor_name"": ""Rohan Bhat"", ""net_cash_flow"": -8964.0}, {""investor_id"": ""INV-493"", ""investor_name"": ""Ramesh Arora"", ""net_cash_flow"": -6897.0}, {""investor_id"": ""INV-411"", ""investor_name"": ""Rohan Reddy"", ""net_cash_flow"": -6162.0}, {""investor_id"": ""INV-1277"", ""investor_name"": ""Geeta Gupta"", ""net_cash_flow"": -5932.0}, {""investor_id"": ""INV-976"", ""investor_name"": ""Rohan Sharma"", ""net_cash_flow"": -5865.0}, {""investor_id"": ""INV-1281"", ""investor_name"": ""Ankita Rao"", ""net_cash_flow"": -5559.0}, {""investor_id"": ""INV-808"", ""investor_name"": ""Kavita Hegde"", ""net_cash_flow"": -4787.0}, {""investor_id"": ""INV-677"", ""investor_name"": ""Siddharth Joshi"", ""net_cash_flow"": -4770.0}, {""investor_id"": ""INV-533"", ""investor_name"": ""Anita Iyer"", ""net_cash_flow"": -4594.0}, {""investor_id"": ""INV-239"", ""investor_name"": ""Anita Chauhan"", ""net_cash_flow"": -4520.0}, {""investor_id"": ""INV-1209"", ""investor_name"": ""Vivek Iyer"", ""net_cash_flow"": -4507.0}, {""investor_id"": ""INV-1473"", ""investor_name"": ""Rohan Patel"", ""net_cash_flow"": -4465.0}, {""investor_id"": ""INV-076"", ""investor_name"": ""Aishwarya Kulkarni"", ""net_cash_flow"": -4344.0}, {""investor_id"": ""INV-367"", ""investor_name"": ""Sunita Kulkarni"", ""net_cash_flow"": -4146.0}, {""investor_id"": ""INV-1402"", ""investor_name"": ""Dipti Yadav"", ""net_cash_flow"": -4069.0}, {""investor_id"": ""INV-662"", ""investor_name"": ""Arvind Chauhan"", ""net_cash_flow"": -3977.0}, {""investor_id"": ""INV-256"", ""investor_name"": ""Amrita Verma"", ""net_cash_flow"": -3932.0}, {""investor_id"": ""INV-064"", ""investor_name"": ""Arvind Singh"", ""net_cash_flow"": -3753.0}, {""investor_id"": ""INV-423"", ""investor_name"": ""Sunita Patel"", ""net_cash_flow"": -3686.0}, {""investor_id"": ""INV-1215"", ""investor_name"": ""Geeta Patel"", ""net_cash_flow"": -3641.0}, {""investor_id"": ""INV-450"", ""investor_name"": ""Arjun Bhat"", ""net_cash_flow"": -3580.0}, {""investor_id"": ""INV-1248"", ""investor_name"": ""Siddharth Deshmukh"", ""net_cash_flow"": -3537.0}, {""investor_id"": ""INV-636"", ""investor_name"": ""Meena Verma"", ""net_cash_flow"": -3427.0}, {""investor_id"": ""INV-124"", ""investor_name"": ""Rajesh Kulkarni"", ""net_cash_flow"": -3353.0}, {""investor_id"": ""INV-504"", ""investor_name"": ""Anand Arora"", ""net_cash_flow"": -3312.0}, {""investor_id"": ""INV-925"", ""investor_name"": ""Anand Mishra"", ""net_cash_flow"": -3222.0}, {""investor_id"": ""INV-798"", ""investor_name"": ""Aishwarya Singh"", ""net_cash_flow"": -3176.0}, {""investor_id"": ""INV-086"", ""investor_name"": ""Ramesh Kulkarni"", ""net_cash_flow"": -3121.0}, {""investor_id"": ""INV-100"", ""investor_name"": ""Bhavna Mishra"", ""net_cash_flow"": -3037.0}, {""investor_id"": ""INV-644"", ""investor_name"": ""Abhishek Reddy"", ""net_cash_flow"": -2980.0}, {""investor_id"": ""INV-928"", ""investor_name"": ""Anjali Mishra"", ""net_cash_flow"": -2805.0}, {""investor_id"": ""INV-585"", ""investor_name"": ""Arjun Yadav"", ""net_cash_flow"": -2798.0}, {""investor_id"": ""INV-1532"", ""investor_name"": ""Ramesh Bhat"", ""net_cash_flow"": -2778.0}, {""investor_id"": ""INV-1515"", ""investor_name"": ""Abhishek Nair"", ""net_cash_flow"": -2729.0}, {""investor_id"": ""INV-663"", ""investor_name"": ""Siddharth Yadav"", ""net_cash_flow"": -2729.0}, {""investor_id"": ""INV-1409"", ""investor_name"": ""Vivek Hegde"", ""net_cash_flow"": -2590.0}, {""investor_id"": ""INV-747"", ""investor_name"": ""Priyanka Hegde"", ""net_cash_flow"": -2545.0}, {""investor_id"": ""INV-756"", ""investor_name"": ""Arvind Rao"", ""net_cash_flow"": -2460.0}, {""investor_id"": ""INV-1225"", ""investor_name"": ""Meena Hegde"", ""net_cash_flow"": -2305.0}, {""investor_id"": ""INV-034"", ""investor_name"": ""Sneha Reddy"", ""net_cash_flow"": -2287.0}, {""investor_id"": ""INV-611"", ""investor_name"": ""Amit Verma"", ""net_cash_flow"": -2215.0}, {""investor_id"": ""INV-1542"", ""investor_name"": ""Bhavna Verma"", ""net_cash_flow"": -2071.0}, {""investor_id"": ""INV-1216"", ""investor_name"": ""Vivek Kulkarni"", ""net_cash_flow"": -1959.0}, {""investor_id"": ""INV-422"", ""investor_name"": ""Sunita Rao"", ""net_cash_flow"": -1903.0}, {""investor_id"": ""INV-935"", ""investor_name"": ""Ramesh Mishra"", ""net_cash_flow"": -1681.0}, {""investor_id"": ""INV-803"", ""investor_name"": ""Arvind Verma"", ""net_cash_flow"": -1655.0}, {""investor_id"": ""INV-1082"", ""investor_name"": ""Suresh Verma"", ""net_cash_flow"": -1651.0}, {""investor_id"": ""INV-1030"", ""investor_name"": ""Akshay Mehta"", ""net_cash_flow"": -1482.0}]}"
wealth_management_temporal_transaction_125_questions:TT125-106,wealth_management_temporal_transaction_125_questions.csv,TT125-106,What is the total net cash flow of investors in the Gold category?,Temporal / transaction,Medium,Categorical Aggregation,ATOM_ENTITY_INVESTOR_PROFILE_001; ATOM_EVENT_CASH_FLOW_001,2,"SELECT ROUND(SUM(cf.amount),2) AS net_cash_flow FROM ATOM_EVENT_CASH_FLOW_001 cf JOIN ATOM_ENTITY_INVESTOR_PROFILE_001 p ON p.investor_id=cf.investor_id WHERE p.category='Gold';","[{""net_cash_flow"": 502060266.0}]"
wealth_management_temporal_transaction_125_questions:TT125-110,wealth_management_temporal_transaction_125_questions.csv,TT125-110,How many transactions did Hybrid category investors record on or after 2024-01-01?,Temporal / transaction,Medium,Temporal,ATOM_ENTITY_INVESTOR_PROFILE_001; ATOM_EVENT_CASH_FLOW_001,2,SELECT COUNT(*) AS transaction_count FROM ATOM_EVENT_CASH_FLOW_001 cf JOIN ATOM_ENTITY_INVESTOR_PROFILE_001 p ON p.investor_id=cf.investor_id WHERE p.category='Hybrid' AND cf.date >= '2024-01-01';,"[{""transaction_count"": 666}]"
wealth_management_temporal_transaction_125_questions:TT125-114,wealth_management_temporal_transaction_125_questions.csv,TT125-114,"Among Aggressive investors who have at least one underfunded goal (shortfall > 0), which 10 have the highest net cash flow overall?",Temporal / transaction,Hard,Ranking,ATOM_ENTITY_INVESTMENT_GOAL_001; ATOM_ENTITY_INVESTOR_PROFILE_001; ATOM_EVENT_CASH_FLOW_001,3,"WITH cash AS (SELECT investor_id, SUM(amount) AS net FROM ATOM_EVENT_CASH_FLOW_001 GROUP BY investor_id) SELECT p.investor_id, p.investor_name, ROUND(c.net,2) AS net_cash_flow FROM ATOM_ENTITY_INVESTOR_PROFILE_001 p JOIN cash c ON c.investor_id=p.investor_id WHERE p.risk_tolerance='Aggressive' AND EXISTS (SELECT 1 FROM ATOM_ENTITY_INVESTMENT_GOAL_001 g WHERE g.investor_id=p.investor_id AND g.shortfall > 0) ORDER BY net_cash_flow DESC, p.investor_id ASC LIMIT 10;","[{""investor_id"": ""INV-482"", ""investor_name"": ""Deepak Mishra"", ""net_cash_flow"": 100015961.0}, {""investor_id"": ""INV-082"", ""investor_name"": ""Amit Chauhan"", ""net_cash_flow"": 100015142.0}, {""investor_id"": ""INV-802"", ""investor_name"": ""Sunita Arora"", ""net_cash_flow"": 100006527.0}, {""investor_id"": ""INV-1122"", ""investor_name"": ""Deepak Sharma"", ""net_cash_flow"": 100006313.0}, {""investor_id"": ""INV-282"", ""investor_name"": ""Anita Deshmukh"", ""net_cash_flow"": 100006303.0}, {""investor_id"": ""INV-1202"", ""investor_name"": ""Sunita Sharma"", ""net_cash_flow"": 100004184.0}, {""investor_id"": ""INV-362"", ""investor_name"": ""Siddharth Kulkarni"", ""net_cash_flow"": 100003574.0}, {""investor_id"": ""INV-162"", ""investor_name"": ""Suresh Joshi"", ""net_cash_flow"": 100002561.0}, {""investor_id"": ""INV-402"", ""investor_name"": ""Anita Kulkarni"", ""net_cash_flow"": 100000457.0}, {""investor_id"": ""INV-962"", ""investor_name"": ""Amit Mishra"", ""net_cash_flow"": 99999486.0}]"
wealth_management_temporal_transaction_125_questions:TT125-118,wealth_management_temporal_transaction_125_questions.csv,TT125-118,"Among Conservative investors who have at least one underfunded goal (shortfall > 0), which 10 have the highest net cash flow overall?",Temporal / transaction,Hard,Ranking,ATOM_ENTITY_INVESTMENT_GOAL_001; ATOM_ENTITY_INVESTOR_PROFILE_001; ATOM_EVENT_CASH_FLOW_001,3,"WITH cash AS (SELECT investor_id, SUM(amount) AS net FROM ATOM_EVENT_CASH_FLOW_001 GROUP BY investor_id) SELECT p.investor_id, p.investor_name, ROUND(c.net,2) AS net_cash_flow FROM ATOM_ENTITY_INVESTOR_PROFILE_001 p JOIN cash c ON c.investor_id=p.investor_id WHERE p.risk_tolerance='Conservative' AND EXISTS (SELECT 1 FROM ATOM_ENTITY_INVESTMENT_GOAL_001 g WHERE g.investor_id=p.investor_id AND g.shortfall > 0) ORDER BY net_cash_flow DESC, p.investor_id ASC LIMIT 10;","[{""investor_id"": ""INV-202"", ""investor_name"": ""Chetan Patel"", ""net_cash_flow"": 100017961.0}, {""investor_id"": ""INV-642"", ""investor_name"": ""Priyanka Mishra"", ""net_cash_flow"": 100016395.0}, {""investor_id"": ""INV-1522"", ""investor_name"": ""Sunita Kulkarni"", ""net_cash_flow"": 100014834.0}, {""investor_id"": ""INV-1042"", ""investor_name"": ""Rajesh Kulkarni"", ""net_cash_flow"": 100011994.0}, {""investor_id"": ""INV-322"", ""investor_name"": ""Akshay Nair"", ""net_cash_flow"": 100009040.0}, {""investor_id"": ""INV-1082"", ""investor_name"": ""Suresh Verma"", ""net_cash_flow"": 100006214.0}, {""investor_id"": ""INV-1482"", ""investor_name"": ""Aishwarya Joshi"", ""net_cash_flow"": 100005610.0}, {""investor_id"": ""INV-1362"", ""investor_name"": ""Rahul Bhat"", ""net_cash_flow"": 100005285.0}, {""investor_id"": ""INV-602"", ""investor_name"": ""Sneha Bhat"", ""net_cash_flow"": 100000636.0}, {""investor_id"": ""INV-859"", ""investor_name"": ""Anjali Iyer"", ""net_cash_flow"": 20767.0}]"
wealth_management_temporal_transaction_125_questions:TT125-122,wealth_management_temporal_transaction_125_questions.csv,TT125-122,"Among Moderate investors who have at least one underfunded goal (shortfall > 0), which 10 have the highest net cash flow overall?",Temporal / transaction,Hard,Ranking,ATOM_ENTITY_INVESTMENT_GOAL_001; ATOM_ENTITY_INVESTOR_PROFILE_001; ATOM_EVENT_CASH_FLOW_001,3,"WITH cash AS (SELECT investor_id, SUM(amount) AS net FROM ATOM_EVENT_CASH_FLOW_001 GROUP BY investor_id) SELECT p.investor_id, p.investor_name, ROUND(c.net,2) AS net_cash_flow FROM ATOM_ENTITY_INVESTOR_PROFILE_001 p JOIN cash c ON c.investor_id=p.investor_id WHERE p.risk_tolerance='Moderate' AND EXISTS (SELECT 1 FROM ATOM_ENTITY_INVESTMENT_GOAL_001 g WHERE g.investor_id=p.investor_id AND g.shortfall > 0) ORDER BY net_cash_flow DESC, p.investor_id ASC LIMIT 10;","[{""investor_id"": ""INV-122"", ""investor_name"": ""Dipti Gupta"", ""net_cash_flow"": 100018438.0}, {""investor_id"": ""INV-1322"", ""investor_name"": ""Bhavna Gupta"", ""net_cash_flow"": 100013945.0}, {""investor_id"": ""INV-1402"", ""investor_name"": ""Dipti Yadav"", ""net_cash_flow"": 100003452.0}, {""investor_id"": ""INV-1242"", ""investor_name"": ""Rajesh Arora"", ""net_cash_flow"": 100000285.0}, {""investor_id"": ""INV-042"", ""investor_name"": ""Suresh Bhat"", ""net_cash_flow"": 99999255.0}, {""investor_id"": ""INV-842"", ""investor_name"": ""Akshay Iyer"", ""net_cash_flow"": 99994483.0}, {""investor_id"": ""INV-1282"", ""investor_name"": ""Akshay Pandey"", ""net_cash_flow"": 99993598.0}, {""investor_id"": ""INV-1365"", ""investor_name"": ""Akshay Rao"", ""net_cash_flow"": 19191.0}, {""investor_id"": ""INV-1280"", ""investor_name"": ""Ishita Joshi"", ""net_cash_flow"": 18036.0}, {""investor_id"": ""INV-1050"", ""investor_name"": ""Rajesh Joshi"", ""net_cash_flow"": 18022.0}]"
