worker_01: 24 saved; 0 failed queries will retry
worker_02: 24 saved; 0 failed queries will retry
worker_03: 24 saved; 0 failed queries will retry
worker_04: 24 saved; 0 failed queries will retry
Maximum active workers: 2; retaining 4 original shards
Worker 1: PID 424745, 250 questions
Worker 2: PID 424746, 250 questions
96/1000 saved
96/1000 saved
96/1000 saved
96/1000 saved
96/1000 saved
96/1000 saved
96/1000 saved
96/1000 saved
96/1000 saved
96/1000 saved
96/1000 saved
96/1000 saved
[07:50:57] worker_01 query=wealth_management_125_question_benchmark:WM125-4T-006 status=PIPELINE_SUCCESS elapsed=117.087s
97/1000 saved
97/1000 saved
97/1000 saved
97/1000 saved
[07:51:37] worker_02 query=wealth_management_125_question_benchmark:WM125-4T-007 status=PIPELINE_SUCCESS elapsed=157.932s
98/1000 saved
98/1000 saved
98/1000 saved
98/1000 saved
98/1000 saved
98/1000 saved
98/1000 saved
98/1000 saved
98/1000 saved
98/1000 saved
98/1000 saved
98/1000 saved
98/1000 saved
98/1000 saved
98/1000 saved
[07:54:08] worker_02 query=wealth_management_125_question_benchmark:WM125-4T-011 status=PIPELINE_SUCCESS elapsed=145.118s
99/1000 saved
99/1000 saved
99/1000 saved
99/1000 saved
99/1000 saved
[07:54:58] worker_01 query=wealth_management_125_question_benchmark:WM125-4T-010 status=PIPELINE_SUCCESS elapsed=236.998s
100/1000 saved
100/1000 saved
100/1000 saved
100/1000 saved
100/1000 saved
100/1000 saved
100/1000 saved
100/1000 saved
100/1000 saved
[07:56:29] worker_02 query=wealth_management_125_question_benchmark:WM125-4T-015 status=PIPELINE_SUCCESS elapsed=138.753s
101/1000 saved
101/1000 saved
101/1000 saved
[07:56:59] worker_01 query=wealth_management_125_question_benchmark:WM125-4T-014 status=PIPELINE_SUCCESS elapsed=124.366s
102/1000 saved
102/1000 saved
102/1000 saved
102/1000 saved
102/1000 saved
102/1000 saved
102/1000 saved
102/1000 saved
102/1000 saved
102/1000 saved
102/1000 saved
102/1000 saved
102/1000 saved
[07:59:09] worker_02 query=wealth_management_125_question_benchmark:WM125-4T-019 status=PIPELINE_SUCCESS elapsed=169.988s
103/1000 saved
103/1000 saved
[07:59:30] worker_01 query=wealth_management_125_question_benchmark:WM125-4T-018 status=PIPELINE_SUCCESS elapsed=148.485s
104/1000 saved
104/1000 saved
104/1000 saved
104/1000 saved
104/1000 saved
104/1000 saved
104/1000 saved
104/1000 saved
104/1000 saved
104/1000 saved
104/1000 saved
104/1000 saved
104/1000 saved
104/1000 saved
104/1000 saved
104/1000 saved
104/1000 saved
104/1000 saved
104/1000 saved
104/1000 saved
104/1000 saved
104/1000 saved
104/1000 saved
104/1000 saved
104/1000 saved
104/1000 saved
104/1000 saved
104/1000 saved
104/1000 saved
104/1000 saved
104/1000 saved
104/1000 saved
104/1000 saved
104/1000 saved
104/1000 saved
104/1000 saved
104/1000 saved
104/1000 saved
104/1000 saved
104/1000 saved
104/1000 saved
104/1000 saved
104/1000 saved
104/1000 saved
104/1000 saved
104/1000 saved
104/1000 saved
104/1000 saved
104/1000 saved
104/1000 saved
104/1000 saved
104/1000 saved
104/1000 saved
104/1000 saved
104/1000 saved
104/1000 saved
104/1000 saved
104/1000 saved
104/1000 saved
104/1000 saved
104/1000 saved
104/1000 saved
104/1000 saved
104/1000 saved
104/1000 saved
104/1000 saved
104/1000 saved
104/1000 saved
104/1000 saved
104/1000 saved
104/1000 saved
104/1000 saved
104/1000 saved
104/1000 saved
104/1000 saved
[08:12:03] worker_01 query=wealth_management_125_question_benchmark:WM125-5T-002 status=PIPELINE_SUCCESS elapsed=749.718s
[08:12:03] worker_02 query=wealth_management_125_question_benchmark:WM125-5T-003 status=PIPELINE_SUCCESS elapsed=767.847s
106/1000 saved
106/1000 saved
106/1000 saved
106/1000 saved
106/1000 saved
106/1000 saved
106/1000 saved
106/1000 saved
106/1000 saved
106/1000 saved
106/1000 saved
106/1000 saved
106/1000 saved
106/1000 saved
[08:14:24] worker_01 query=wealth_management_125_question_benchmark:WM125-5T-006 status=PIPELINE_SUCCESS elapsed=145.466s
[08:14:24] worker_02 query=wealth_management_125_question_benchmark:WM125-5T-007 status=PIPELINE_SUCCESS elapsed=138.86s
108/1000 saved
108/1000 saved
108/1000 saved
108/1000 saved
108/1000 saved
108/1000 saved
108/1000 saved
108/1000 saved
108/1000 saved
108/1000 saved
108/1000 saved
108/1000 saved
108/1000 saved
[08:16:35] worker_01 query=wealth_management_125_question_benchmark:WM125-5T-010 status=PIPELINE_SUCCESS elapsed=128.227s
109/1000 saved
[08:16:45] worker_02 query=wealth_management_125_question_benchmark:WM125-5T-011 status=PIPELINE_SUCCESS elapsed=145.451s
110/1000 saved
110/1000 saved
110/1000 saved
110/1000 saved
110/1000 saved
110/1000 saved
110/1000 saved
110/1000 saved
110/1000 saved
110/1000 saved
[08:18:25] worker_02 query=wealth_management_at_risk_critical_125_questions:ARC125-1T-001 status=PIPELINE_SUCCESS elapsed=98.243s
111/1000 saved
111/1000 saved
111/1000 saved
111/1000 saved
[08:19:06] worker_01 query=wealth_management_125_question_benchmark:WM125-5T-014 status=PIPELINE_SUCCESS elapsed=154.265s
112/1000 saved
112/1000 saved
112/1000 saved
112/1000 saved
112/1000 saved
112/1000 saved
[08:20:06] worker_02 query=wealth_management_at_risk_critical_125_questions:ARC125-1T-005 status=PIPELINE_SUCCESS elapsed=97.408s
113/1000 saved
113/1000 saved
113/1000 saved
113/1000 saved
[08:20:46] worker_01 query=wealth_management_at_risk_critical_125_questions:ARC125-1T-004 status=PIPELINE_SUCCESS elapsed=96.053s
114/1000 saved
[08:20:56] worker_02 query=wealth_management_at_risk_critical_125_questions:ARC125-1T-009 status=PIPELINE_SUCCESS elapsed=58.528s
115/1000 saved
115/1000 saved
115/1000 saved
115/1000 saved
115/1000 saved
[08:21:47] worker_01 query=wealth_management_at_risk_critical_125_questions:ARC125-1T-008 status=PIPELINE_SUCCESS elapsed=59.636s
116/1000 saved
116/1000 saved
116/1000 saved
116/1000 saved
116/1000 saved
116/1000 saved
[08:22:47] worker_02 query=wealth_management_at_risk_critical_125_questions:ARC125-1T-013 status=PIPELINE_SUCCESS elapsed=110.771s
117/1000 saved
[08:22:57] worker_01 query=wealth_management_at_risk_critical_125_questions:ARC125-1T-012 status=PIPELINE_SUCCESS elapsed=73.996s
118/1000 saved
118/1000 saved
118/1000 saved
118/1000 saved
118/1000 saved
118/1000 saved
118/1000 saved
118/1000 saved
118/1000 saved
118/1000 saved
118/1000 saved
[08:24:49] worker_01 query=wealth_management_at_risk_critical_125_questions:ARC125-1T-016 status=PIPELINE_SUCCESS elapsed=111.49s
119/1000 saved
119/1000 saved
119/1000 saved
119/1000 saved
119/1000 saved
119/1000 saved
119/1000 saved
119/1000 saved
119/1000 saved
119/1000 saved
119/1000 saved
119/1000 saved
[08:26:50] worker_02 query=wealth_management_at_risk_critical_125_questions:ARC125-1T-017 status=PIPELINE_SUCCESS elapsed=235.826s
120/1000 saved
120/1000 saved
120/1000 saved
120/1000 saved
120/1000 saved
120/1000 saved
120/1000 saved
120/1000 saved
[08:28:11] worker_01 query=wealth_management_at_risk_critical_125_questions:ARC125-1T-020 status=DAG_NODE_ERROR elapsed=198.105s
  ERROR stage=Q1:Query_Spec_Contract retryable_api=False: Subquery DAG failed. Failed nodes: ['Q1']. Skipped nodes: []. Failure stage: Q1:Query_Spec_Contract.
121/1000 saved
121/1000 saved
[08:28:32] worker_02 query=wealth_management_at_risk_critical_125_questions:ARC125-2T-001 status=PIPELINE_SUCCESS elapsed=102.882s
122/1000 saved
122/1000 saved
122/1000 saved
122/1000 saved
122/1000 saved
122/1000 saved
122/1000 saved
[08:29:43] worker_01 query=wealth_management_at_risk_critical_125_questions:ARC125-2T-004 status=PIPELINE_SUCCESS elapsed=97.52s
123/1000 saved
123/1000 saved
123/1000 saved
123/1000 saved
[08:30:23] worker_02 query=wealth_management_at_risk_critical_125_questions:ARC125-2T-005 status=PIPELINE_SUCCESS elapsed=111.43s
124/1000 saved
124/1000 saved
124/1000 saved
124/1000 saved
124/1000 saved
[08:31:14] worker_01 query=wealth_management_at_risk_critical_125_questions:ARC125-2T-008 status=PIPELINE_SUCCESS elapsed=93.473s
125/1000 saved
125/1000 saved
125/1000 saved
125/1000 saved
125/1000 saved
125/1000 saved
[08:32:15] worker_02 query=wealth_management_at_risk_critical_125_questions:ARC125-2T-009 status=PIPELINE_SUCCESS elapsed=114.734s
126/1000 saved
126/1000 saved
126/1000 saved
126/1000 saved
126/1000 saved
126/1000 saved
[08:33:16] worker_01 query=wealth_management_at_risk_critical_125_questions:ARC125-2T-012 status=PIPELINE_SUCCESS elapsed=113.27s
127/1000 saved
127/1000 saved
127/1000 saved
127/1000 saved
[08:33:56] worker_02 query=wealth_management_at_risk_critical_125_questions:ARC125-2T-013 status=PIPELINE_SUCCESS elapsed=100.091s
128/1000 saved
128/1000 saved
128/1000 saved
128/1000 saved
128/1000 saved
128/1000 saved
[08:34:57] worker_01 query=wealth_management_at_risk_critical_125_questions:ARC125-2T-016 status=PIPELINE_SUCCESS elapsed=103.33s
129/1000 saved
129/1000 saved
129/1000 saved
[08:35:28] worker_02 query=wealth_management_at_risk_critical_125_questions:ARC125-2T-017 status=PIPELINE_SUCCESS elapsed=93.279s
130/1000 saved
130/1000 saved
130/1000 saved
130/1000 saved
130/1000 saved
130/1000 saved
130/1000 saved
130/1000 saved
130/1000 saved
130/1000 saved
130/1000 saved
130/1000 saved
130/1000 saved
130/1000 saved
130/1000 saved
130/1000 saved
130/1000 saved
130/1000 saved
130/1000 saved
130/1000 saved
130/1000 saved
130/1000 saved
130/1000 saved
130/1000 saved
130/1000 saved
130/1000 saved
130/1000 saved
130/1000 saved
130/1000 saved
130/1000 saved
130/1000 saved
130/1000 saved
130/1000 saved
130/1000 saved
130/1000 saved
130/1000 saved
130/1000 saved
130/1000 saved
130/1000 saved
130/1000 saved
130/1000 saved
130/1000 saved
130/1000 saved
130/1000 saved
130/1000 saved
130/1000 saved
130/1000 saved
130/1000 saved
130/1000 saved
130/1000 saved
130/1000 saved
130/1000 saved
130/1000 saved
130/1000 saved
130/1000 saved
130/1000 saved
130/1000 saved
130/1000 saved
130/1000 saved
130/1000 saved
130/1000 saved
130/1000 saved
130/1000 saved
130/1000 saved
130/1000 saved
[08:46:28] worker_01 query=wealth_management_at_risk_critical_125_questions:ARC125-2T-020 status=PIPELINE_SUCCESS elapsed=699.078s
131/1000 saved
131/1000 saved
131/1000 saved
131/1000 saved
[08:47:09] worker_02 query=wealth_management_at_risk_critical_125_questions:ARC125-2T-021 status=PIPELINE_SUCCESS elapsed=701.142s
132/1000 saved
132/1000 saved
132/1000 saved
132/1000 saved
132/1000 saved
132/1000 saved
132/1000 saved
[08:48:20] worker_01 query=wealth_management_at_risk_critical_125_questions:ARC125-2T-024 status=PIPELINE_SUCCESS elapsed=103.794s
133/1000 saved
133/1000 saved
[08:48:40] worker_02 query=wealth_management_at_risk_critical_125_questions:ARC125-2T-025 status=PIPELINE_SUCCESS elapsed=92.19s
134/1000 saved
134/1000 saved
134/1000 saved
134/1000 saved
134/1000 saved
134/1000 saved
134/1000 saved
134/1000 saved
[08:50:02] worker_01 query=wealth_management_at_risk_critical_125_questions:ARC125-2T-028 status=PIPELINE_SUCCESS elapsed=107.311s
135/1000 saved
135/1000 saved
135/1000 saved
135/1000 saved
[08:50:42] worker_02 query=wealth_management_at_risk_critical_125_questions:ARC125-2T-029 status=PIPELINE_SUCCESS elapsed=116.449s
136/1000 saved
136/1000 saved
136/1000 saved
136/1000 saved
136/1000 saved
136/1000 saved
136/1000 saved
136/1000 saved
136/1000 saved
136/1000 saved
136/1000 saved
136/1000 saved
136/1000 saved
136/1000 saved
136/1000 saved
136/1000 saved
136/1000 saved
136/1000 saved
136/1000 saved
136/1000 saved
136/1000 saved
136/1000 saved
136/1000 saved
136/1000 saved
136/1000 saved
[08:54:56] worker_01 query=wealth_management_at_risk_critical_125_questions:ARC125-3T-002 status=PIPELINE_SUCCESS elapsed=289.932s
137/1000 saved
137/1000 saved
137/1000 saved
137/1000 saved
137/1000 saved
[08:55:47] worker_02 query=wealth_management_at_risk_critical_125_questions:ARC125-3T-003 status=PIPELINE_SUCCESS elapsed=311.634s
138/1000 saved
138/1000 saved
138/1000 saved
138/1000 saved
138/1000 saved
138/1000 saved
138/1000 saved
[08:56:58] worker_01 query=wealth_management_at_risk_critical_125_questions:ARC125-3T-006 status=PIPELINE_SUCCESS elapsed=124.253s
139/1000 saved
139/1000 saved
139/1000 saved
139/1000 saved
139/1000 saved
139/1000 saved
139/1000 saved
[08:58:09] worker_02 query=wealth_management_at_risk_critical_125_questions:ARC125-3T-007 status=PIPELINE_SUCCESS elapsed=133.968s
140/1000 saved
140/1000 saved
140/1000 saved
140/1000 saved
140/1000 saved
140/1000 saved
[08:59:10] worker_01 query=wealth_management_at_risk_critical_125_questions:ARC125-3T-010 status=PIPELINE_SUCCESS elapsed=128.452s
141/1000 saved
141/1000 saved
141/1000 saved
141/1000 saved
141/1000 saved
141/1000 saved
141/1000 saved
141/1000 saved
141/1000 saved
141/1000 saved
[09:00:52] worker_02 query=wealth_management_at_risk_critical_125_questions:ARC125-3T-011 status=PIPELINE_SUCCESS elapsed=163.417s
142/1000 saved
142/1000 saved
142/1000 saved
142/1000 saved
142/1000 saved
[09:01:43] worker_01 query=wealth_management_at_risk_critical_125_questions:ARC125-3T-014 status=PIPELINE_SUCCESS elapsed=158.532s
143/1000 saved
143/1000 saved
143/1000 saved
143/1000 saved
143/1000 saved
143/1000 saved
143/1000 saved
143/1000 saved
143/1000 saved
143/1000 saved
[09:03:24] worker_02 query=wealth_management_at_risk_critical_125_questions:ARC125-3T-015 status=PIPELINE_SUCCESS elapsed=158.95s
144/1000 saved
144/1000 saved
[09:03:45] worker_01 query=wealth_management_at_risk_critical_125_questions:ARC125-3T-018 status=PIPELINE_SUCCESS elapsed=123.104s
145/1000 saved
145/1000 saved
145/1000 saved
145/1000 saved
145/1000 saved
145/1000 saved
145/1000 saved
145/1000 saved
145/1000 saved
145/1000 saved
[09:05:27] worker_02 query=wealth_management_at_risk_critical_125_questions:ARC125-3T-019 status=PIPELINE_SUCCESS elapsed=121.842s
146/1000 saved
[09:05:37] worker_01 query=wealth_management_at_risk_critical_125_questions:ARC125-3T-022 status=PIPELINE_SUCCESS elapsed=112.931s
147/1000 saved
147/1000 saved
147/1000 saved
147/1000 saved
147/1000 saved
147/1000 saved
147/1000 saved
147/1000 saved
147/1000 saved
147/1000 saved
147/1000 saved
147/1000 saved
147/1000 saved
147/1000 saved
147/1000 saved
147/1000 saved
147/1000 saved
147/1000 saved
147/1000 saved
147/1000 saved
147/1000 saved
147/1000 saved
147/1000 saved
147/1000 saved
147/1000 saved
147/1000 saved
147/1000 saved
147/1000 saved
147/1000 saved
147/1000 saved
147/1000 saved
147/1000 saved
147/1000 saved
147/1000 saved
147/1000 saved
147/1000 saved
147/1000 saved
147/1000 saved
147/1000 saved
147/1000 saved
147/1000 saved
147/1000 saved
147/1000 saved
147/1000 saved
147/1000 saved
147/1000 saved
147/1000 saved
147/1000 saved
147/1000 saved
147/1000 saved
147/1000 saved
147/1000 saved
147/1000 saved
147/1000 saved
147/1000 saved
147/1000 saved
147/1000 saved
147/1000 saved
147/1000 saved
147/1000 saved
147/1000 saved
147/1000 saved
147/1000 saved
147/1000 saved
147/1000 saved
147/1000 saved
147/1000 saved
147/1000 saved
[09:17:09] worker_02 query=wealth_management_at_risk_critical_125_questions:ARC125-3T-023 status=PIPELINE_SUCCESS elapsed=702.483s
148/1000 saved
148/1000 saved
[09:17:30] worker_01 query=wealth_management_at_risk_critical_125_questions:ARC125-3T-026 status=PIPELINE_SUCCESS elapsed=708.388s
149/1000 saved
149/1000 saved
149/1000 saved
149/1000 saved
149/1000 saved
149/1000 saved
149/1000 saved
149/1000 saved
149/1000 saved
[09:19:01] worker_02 query=wealth_management_at_risk_critical_125_questions:ARC125-3T-027 status=PIPELINE_SUCCESS elapsed=105.207s
150/1000 saved
150/1000 saved
150/1000 saved
[09:19:32] worker_01 query=wealth_management_at_risk_critical_125_questions:ARC125-3T-030 status=PIPELINE_SUCCESS elapsed=118.229s
151/1000 saved
151/1000 saved
151/1000 saved
151/1000 saved
151/1000 saved
151/1000 saved
151/1000 saved
151/1000 saved
151/1000 saved
151/1000 saved
151/1000 saved
151/1000 saved
[09:21:34] worker_02 query=wealth_management_at_risk_critical_125_questions:ARC125-4T-001 status=PIPELINE_SUCCESS elapsed=155.571s
152/1000 saved
[09:21:44] worker_01 query=wealth_management_at_risk_critical_125_questions:ARC125-4T-004 status=PIPELINE_SUCCESS elapsed=131.562s
153/1000 saved
153/1000 saved
153/1000 saved
153/1000 saved
153/1000 saved
153/1000 saved
153/1000 saved
153/1000 saved
153/1000 saved
153/1000 saved
153/1000 saved
153/1000 saved
153/1000 saved
153/1000 saved
[09:24:06] worker_01 query=wealth_management_at_risk_critical_125_questions:ARC125-4T-008 status=PIPELINE_SUCCESS elapsed=146.252s
[09:24:06] worker_02 query=wealth_management_at_risk_critical_125_questions:ARC125-4T-005 status=PIPELINE_SUCCESS elapsed=156.301s
155/1000 saved
155/1000 saved
155/1000 saved
155/1000 saved
155/1000 saved
155/1000 saved
155/1000 saved
155/1000 saved
155/1000 saved
155/1000 saved
155/1000 saved
155/1000 saved
[09:26:08] worker_01 query=wealth_management_at_risk_critical_125_questions:ARC125-4T-012 status=PIPELINE_SUCCESS elapsed=126.689s
156/1000 saved
[09:26:19] worker_02 query=wealth_management_at_risk_critical_125_questions:ARC125-4T-009 status=PIPELINE_SUCCESS elapsed=134.625s
157/1000 saved
157/1000 saved
157/1000 saved
157/1000 saved
157/1000 saved
157/1000 saved
157/1000 saved
157/1000 saved
157/1000 saved
157/1000 saved
157/1000 saved
157/1000 saved
157/1000 saved
[09:28:31] worker_02 query=wealth_management_at_risk_critical_125_questions:ARC125-4T-013 status=PIPELINE_SUCCESS elapsed=123.347s
158/1000 saved
158/1000 saved
158/1000 saved
158/1000 saved
158/1000 saved
158/1000 saved
[09:29:32] worker_01 query=wealth_management_at_risk_critical_125_questions:ARC125-4T-016 status=PIPELINE_SUCCESS elapsed=200.209s
159/1000 saved
159/1000 saved
159/1000 saved
159/1000 saved
159/1000 saved
159/1000 saved
159/1000 saved
[09:30:43] worker_02 query=wealth_management_at_risk_critical_125_questions:ARC125-4T-017 status=PIPELINE_SUCCESS elapsed=134.086s
160/1000 saved
160/1000 saved
160/1000 saved
160/1000 saved
160/1000 saved
160/1000 saved
160/1000 saved
160/1000 saved
160/1000 saved
160/1000 saved
[09:32:25] worker_01 query=wealth_management_at_risk_critical_125_questions:ARC125-4T-020 status=PIPELINE_SUCCESS elapsed=175.799s
161/1000 saved
161/1000 saved
161/1000 saved
161/1000 saved
161/1000 saved
161/1000 saved
161/1000 saved
161/1000 saved
[09:33:46] worker_02 query=wealth_management_at_risk_critical_125_questions:ARC125-4T-021 status=PIPELINE_SUCCESS elapsed=188.699s
162/1000 saved
162/1000 saved
162/1000 saved
162/1000 saved
162/1000 saved
162/1000 saved
162/1000 saved
162/1000 saved
162/1000 saved
162/1000 saved
162/1000 saved
162/1000 saved
[09:35:48] worker_01 query=wealth_management_at_risk_critical_125_questions:ARC125-4T-024 status=PIPELINE_SUCCESS elapsed=198.344s
163/1000 saved
163/1000 saved
163/1000 saved
163/1000 saved
163/1000 saved
163/1000 saved
163/1000 saved
163/1000 saved
163/1000 saved
[09:37:20] worker_02 query=wealth_management_at_risk_critical_125_questions:ARC125-4T-025 status=PIPELINE_SUCCESS elapsed=208.337s
164/1000 saved
164/1000 saved
164/1000 saved
164/1000 saved
164/1000 saved
164/1000 saved
164/1000 saved
164/1000 saved
164/1000 saved
164/1000 saved
164/1000 saved
164/1000 saved
164/1000 saved
164/1000 saved
164/1000 saved
164/1000 saved
164/1000 saved
164/1000 saved
164/1000 saved
164/1000 saved
164/1000 saved
164/1000 saved
164/1000 saved
164/1000 saved
164/1000 saved
164/1000 saved
164/1000 saved
164/1000 saved
164/1000 saved
164/1000 saved
164/1000 saved
164/1000 saved
164/1000 saved
164/1000 saved
164/1000 saved
164/1000 saved
164/1000 saved
164/1000 saved
164/1000 saved
164/1000 saved
164/1000 saved
164/1000 saved
164/1000 saved
164/1000 saved
164/1000 saved
164/1000 saved
164/1000 saved
164/1000 saved
164/1000 saved
164/1000 saved
164/1000 saved
164/1000 saved
164/1000 saved
164/1000 saved
164/1000 saved
164/1000 saved
164/1000 saved
164/1000 saved
164/1000 saved
164/1000 saved
164/1000 saved
164/1000 saved
164/1000 saved
164/1000 saved
164/1000 saved
164/1000 saved
164/1000 saved
164/1000 saved
164/1000 saved
164/1000 saved
164/1000 saved
164/1000 saved
164/1000 saved
164/1000 saved
164/1000 saved
164/1000 saved
164/1000 saved
164/1000 saved
164/1000 saved
164/1000 saved
[09:50:54] worker_02 query=wealth_management_at_risk_critical_125_questions:ARC125-5T-004 status=PIPELINE_SUCCESS elapsed=812.431s
165/1000 saved
165/1000 saved
165/1000 saved
165/1000 saved
165/1000 saved
165/1000 saved
165/1000 saved
165/1000 saved
165/1000 saved
165/1000 saved
[09:52:40] worker_01 query=wealth_management_at_risk_critical_125_questions:ARC125-5T-003 status=PIPELINE_SUCCESS elapsed=1010.611s
166/1000 saved
166/1000 saved
166/1000 saved
166/1000 saved
166/1000 saved
166/1000 saved
166/1000 saved
166/1000 saved
166/1000 saved
[09:54:11] worker_02 query=wealth_management_at_risk_critical_125_questions:ARC125-5T-008 status=PIPELINE_SUCCESS elapsed=194.62s
167/1000 saved
167/1000 saved
167/1000 saved
167/1000 saved
167/1000 saved
167/1000 saved
167/1000 saved
167/1000 saved
167/1000 saved
167/1000 saved
167/1000 saved
167/1000 saved
167/1000 saved
[09:56:23] worker_01 query=wealth_management_at_risk_critical_125_questions:ARC125-5T-007 status=PIPELINE_SUCCESS elapsed=225.447s
168/1000 saved
168/1000 saved
168/1000 saved
168/1000 saved
168/1000 saved
168/1000 saved
168/1000 saved
168/1000 saved
168/1000 saved
168/1000 saved
168/1000 saved
168/1000 saved
168/1000 saved
168/1000 saved
168/1000 saved
168/1000 saved
168/1000 saved
168/1000 saved
[09:59:26] worker_01 query=wealth_management_at_risk_critical_125_questions:ARC125-5T-011 status=PIPELINE_SUCCESS elapsed=185.186s
[09:59:26] worker_02 query=wealth_management_at_risk_critical_125_questions:ARC125-5T-012 status=PIPELINE_SUCCESS elapsed=319.883s
170/1000 saved
170/1000 saved
170/1000 saved
170/1000 saved
170/1000 saved
170/1000 saved
170/1000 saved
170/1000 saved
170/1000 saved
170/1000 saved
170/1000 saved
170/1000 saved
170/1000 saved
170/1000 saved
170/1000 saved
170/1000 saved
170/1000 saved
170/1000 saved
[10:02:30] worker_01 query=wealth_management_at_risk_critical_125_questions:ARC125-5T-015 status=PIPELINE_SUCCESS elapsed=177.991s
171/1000 saved
171/1000 saved
171/1000 saved
[10:03:00] worker_02 query=wealth_management_at_risk_critical_125_questions:ARC125-5T-016 status=PIPELINE_SUCCESS elapsed=216.511s
172/1000 saved
172/1000 saved
172/1000 saved
172/1000 saved
172/1000 saved
172/1000 saved
172/1000 saved
172/1000 saved
172/1000 saved
172/1000 saved
172/1000 saved
172/1000 saved
172/1000 saved
172/1000 saved
172/1000 saved
172/1000 saved
[10:05:43] worker_01 query=wealth_management_at_risk_critical_125_questions:ARC125-5T-019 status=PIPELINE_SUCCESS elapsed=193.975s
173/1000 saved
173/1000 saved
173/1000 saved
173/1000 saved
[10:06:24] worker_02 query=wealth_management_at_risk_critical_125_questions:ARC125-5T-020 status=PIPELINE_SUCCESS elapsed=201.267s
174/1000 saved
[10:06:34] worker_01 query=wealth_management_batch_status_125_questions:BSQ125-1T-003 status=PIPELINE_SUCCESS elapsed=55.974s
175/1000 saved
175/1000 saved
175/1000 saved
175/1000 saved
175/1000 saved
175/1000 saved
[10:07:36] worker_02 query=wealth_management_batch_status_125_questions:BSQ125-1T-004 status=PIPELINE_SUCCESS elapsed=68.348s
176/1000 saved
176/1000 saved
[10:07:56] worker_01 query=wealth_management_batch_status_125_questions:BSQ125-1T-007 status=PIPELINE_SUCCESS elapsed=73.791s
177/1000 saved
177/1000 saved
177/1000 saved
177/1000 saved
177/1000 saved
177/1000 saved
177/1000 saved
[10:09:07] worker_01 query=wealth_management_batch_status_125_questions:BSQ125-1T-011 status=PIPELINE_SUCCESS elapsed=76.562s
178/1000 saved
178/1000 saved
[10:09:28] worker_02 query=wealth_management_batch_status_125_questions:BSQ125-1T-008 status=DAG_NODE_ERROR elapsed=109.03s
  ERROR stage=Q1:Query_Spec_Contract retryable_api=False: Subquery DAG failed. Failed nodes: ['Q1']. Skipped nodes: []. Failure stage: Q1:Query_Spec_Contract.
179/1000 saved
179/1000 saved
179/1000 saved
179/1000 saved
[10:10:09] worker_01 query=wealth_management_batch_status_125_questions:BSQ125-1T-015 status=PIPELINE_SUCCESS elapsed=57.922s
180/1000 saved
[10:10:19] worker_02 query=wealth_management_batch_status_125_questions:BSQ125-1T-012 status=PIPELINE_SUCCESS elapsed=57.994s
181/1000 saved
181/1000 saved
181/1000 saved
181/1000 saved
181/1000 saved
181/1000 saved
181/1000 saved
[10:11:30] worker_02 query=wealth_management_batch_status_125_questions:BSQ125-1T-016 status=PIPELINE_SUCCESS elapsed=65.194s
182/1000 saved
182/1000 saved
182/1000 saved
[10:12:01] worker_01 query=wealth_management_batch_status_125_questions:BSQ125-1T-019 status=DAG_NODE_ERROR elapsed=113.492s
  ERROR stage=Q1:Query_Spec_Contract retryable_api=False: Subquery DAG failed. Failed nodes: ['Q1']. Skipped nodes: []. Failure stage: Q1:Query_Spec_Contract.
183/1000 saved
183/1000 saved
183/1000 saved
[10:12:32] worker_02 query=wealth_management_batch_status_125_questions:BSQ125-1T-020 status=PIPELINE_SUCCESS elapsed=60.811s
184/1000 saved
184/1000 saved
[10:12:52] worker_01 query=wealth_management_batch_status_125_questions:BSQ125-1T-023 status=PIPELINE_SUCCESS elapsed=48.965s
185/1000 saved
185/1000 saved
185/1000 saved
185/1000 saved
[10:13:33] worker_02 query=wealth_management_batch_status_125_questions:BSQ125-1T-024 status=PIPELINE_SUCCESS elapsed=64.884s
186/1000 saved
186/1000 saved
186/1000 saved
[10:14:04] worker_01 query=wealth_management_batch_status_125_questions:BSQ125-1T-027 status=PIPELINE_SUCCESS elapsed=70.197s
187/1000 saved
187/1000 saved
187/1000 saved
[10:14:34] worker_02 query=wealth_management_batch_status_125_questions:BSQ125-1T-028 status=PIPELINE_SUCCESS elapsed=57.917s
188/1000 saved
188/1000 saved
188/1000 saved
[10:15:05] worker_01 query=wealth_management_batch_status_125_questions:BSQ125-1T-031 status=PIPELINE_SUCCESS elapsed=64.74s
189/1000 saved
[10:15:15] worker_02 query=wealth_management_batch_status_125_questions:BSQ125-1T-032 status=PIPELINE_SUCCESS elapsed=49.469s
190/1000 saved
190/1000 saved
190/1000 saved
190/1000 saved
190/1000 saved
[10:16:07] worker_01 query=wealth_management_batch_status_125_questions:BSQ125-1T-035 status=PIPELINE_SUCCESS elapsed=60.718s
191/1000 saved
191/1000 saved
191/1000 saved
[10:16:38] worker_02 query=wealth_management_batch_status_125_questions:BSQ125-2T-001 status=PIPELINE_SUCCESS elapsed=74.205s
192/1000 saved
192/1000 saved
192/1000 saved
192/1000 saved
192/1000 saved
[10:17:29] worker_01 query=wealth_management_batch_status_125_questions:BSQ125-2T-004 status=PIPELINE_SUCCESS elapsed=84.698s
193/1000 saved
193/1000 saved
193/1000 saved
[10:18:00] worker_02 query=wealth_management_batch_status_125_questions:BSQ125-2T-005 status=PIPELINE_SUCCESS elapsed=82.48s
194/1000 saved
194/1000 saved
194/1000 saved
194/1000 saved
194/1000 saved
[10:18:51] worker_01 query=wealth_management_batch_status_125_questions:BSQ125-2T-008 status=PIPELINE_SUCCESS elapsed=78.659s
195/1000 saved
195/1000 saved
195/1000 saved
195/1000 saved
195/1000 saved
195/1000 saved
195/1000 saved
195/1000 saved
196/1000 saved
[10:20:23] worker_02 query=wealth_management_batch_status_125_questions:BSQ125-2T-009 status=DAG_NODE_ERROR elapsed=141.57s
  ERROR stage=Q1:Query_Spec_Contract retryable_api=False: Subquery DAG failed. Failed nodes: ['Q1']. Skipped nodes: []. Failure stage: Q1:Query_Spec_Contract.
196/1000 saved
[10:20:33] worker_01 query=wealth_management_batch_status_125_questions:BSQ125-2T-012 status=PIPELINE_SUCCESS elapsed=105.793s
197/1000 saved
197/1000 saved
197/1000 saved
197/1000 saved
197/1000 saved
197/1000 saved
197/1000 saved
197/1000 saved
[10:21:55] worker_01 query=wealth_management_batch_status_125_questions:BSQ125-2T-016 status=PIPELINE_SUCCESS elapsed=84.215s
[10:21:55] worker_02 query=wealth_management_batch_status_125_questions:BSQ125-2T-013 status=PIPELINE_SUCCESS elapsed=100.454s
199/1000 saved
199/1000 saved
199/1000 saved
199/1000 saved
199/1000 saved
199/1000 saved
199/1000 saved
199/1000 saved
199/1000 saved
199/1000 saved
199/1000 saved
199/1000 saved
199/1000 saved
199/1000 saved
199/1000 saved
199/1000 saved
199/1000 saved
199/1000 saved
199/1000 saved
199/1000 saved
199/1000 saved
199/1000 saved
199/1000 saved
199/1000 saved
199/1000 saved
199/1000 saved
199/1000 saved
199/1000 saved
199/1000 saved
199/1000 saved
199/1000 saved
199/1000 saved
199/1000 saved
199/1000 saved
199/1000 saved
199/1000 saved
199/1000 saved
199/1000 saved
199/1000 saved
199/1000 saved
199/1000 saved
199/1000 saved
199/1000 saved
199/1000 saved
199/1000 saved
199/1000 saved
199/1000 saved
199/1000 saved
199/1000 saved
199/1000 saved
199/1000 saved
199/1000 saved
199/1000 saved
199/1000 saved
199/1000 saved
199/1000 saved
199/1000 saved
199/1000 saved
199/1000 saved
199/1000 saved
199/1000 saved
199/1000 saved
199/1000 saved
199/1000 saved
199/1000 saved
199/1000 saved
199/1000 saved
[10:33:21] worker_01 query=wealth_management_batch_status_125_questions:BSQ125-2T-020 status=PIPELINE_SUCCESS elapsed=686.016s
200/1000 saved
200/1000 saved
200/1000 saved
[10:33:52] worker_02 query=wealth_management_batch_status_125_questions:BSQ125-2T-017 status=PIPELINE_SUCCESS elapsed=710.854s
201/1000 saved
201/1000 saved
201/1000 saved
201/1000 saved
201/1000 saved
201/1000 saved
[10:34:53] worker_01 query=wealth_management_batch_status_125_questions:BSQ125-2T-024 status=PIPELINE_SUCCESS elapsed=88.849s
202/1000 saved
202/1000 saved
202/1000 saved
[10:35:23] worker_02 query=wealth_management_batch_status_125_questions:BSQ125-2T-021 status=PIPELINE_SUCCESS elapsed=91.449s
203/1000 saved
203/1000 saved
203/1000 saved
203/1000 saved
203/1000 saved
203/1000 saved
[10:36:25] worker_01 query=wealth_management_batch_status_125_questions:BSQ125-2T-028 status=PIPELINE_SUCCESS elapsed=85.56s
204/1000 saved
204/1000 saved
[10:36:45] worker_02 query=wealth_management_batch_status_125_questions:BSQ125-2T-025 status=PIPELINE_SUCCESS elapsed=85.931s
205/1000 saved
205/1000 saved
205/1000 saved
205/1000 saved
205/1000 saved
205/1000 saved
205/1000 saved
205/1000 saved
[10:38:07] worker_01 query=wealth_management_batch_status_125_questions:BSQ125-2T-032 status=PIPELINE_SUCCESS elapsed=107.0s
206/1000 saved
206/1000 saved
206/1000 saved
[10:38:38] worker_02 query=wealth_management_batch_status_125_questions:BSQ125-2T-029 status=PIPELINE_SUCCESS elapsed=106.401s
207/1000 saved
207/1000 saved
207/1000 saved
207/1000 saved
207/1000 saved
208/1000 saved
[10:39:39] worker_01 query=wealth_management_batch_status_125_questions:BSQ125-2T-036 status=PIPELINE_SUCCESS elapsed=86.825s
208/1000 saved
208/1000 saved
[10:39:59] worker_02 query=wealth_management_batch_status_125_questions:BSQ125-2T-033 status=PIPELINE_SUCCESS elapsed=90.091s
209/1000 saved
209/1000 saved
209/1000 saved
209/1000 saved
209/1000 saved
209/1000 saved
[10:41:01] worker_01 query=wealth_management_batch_status_125_questions:BSQ125-2T-040 status=PIPELINE_SUCCESS elapsed=85.974s
210/1000 saved
210/1000 saved
210/1000 saved
[10:41:31] worker_02 query=wealth_management_batch_status_125_questions:BSQ125-2T-037 status=PIPELINE_SUCCESS elapsed=89.169s
211/1000 saved
211/1000 saved
211/1000 saved
211/1000 saved
211/1000 saved
211/1000 saved
211/1000 saved
211/1000 saved
[10:42:53] worker_01 query=wealth_management_batch_status_125_questions:BSQ125-3T-004 status=PIPELINE_SUCCESS elapsed=111.907s
212/1000 saved
212/1000 saved
212/1000 saved
212/1000 saved
[10:43:34] worker_02 query=wealth_management_batch_status_125_questions:BSQ125-3T-001 status=PIPELINE_SUCCESS elapsed=121.13s
213/1000 saved
213/1000 saved
213/1000 saved
213/1000 saved
213/1000 saved
[10:44:25] worker_01 query=wealth_management_batch_status_125_questions:BSQ125-3T-008 status=PIPELINE_SUCCESS elapsed=94.639s
214/1000 saved
214/1000 saved
214/1000 saved
214/1000 saved
214/1000 saved
214/1000 saved
214/1000 saved
214/1000 saved
[10:45:47] worker_01 query=wealth_management_batch_status_125_questions:BSQ125-3T-012 status=PIPELINE_SUCCESS elapsed=82.998s
215/1000 saved
215/1000 saved
[10:46:07] worker_02 query=wealth_management_batch_status_125_questions:BSQ125-3T-005 status=PIPELINE_SUCCESS elapsed=157.819s
216/1000 saved
216/1000 saved
216/1000 saved
216/1000 saved
216/1000 saved
216/1000 saved
216/1000 saved
216/1000 saved
216/1000 saved
[10:47:39] worker_01 query=wealth_management_batch_status_125_questions:BSQ125-3T-016 status=PIPELINE_SUCCESS elapsed=105.632s
217/1000 saved
[10:47:50] worker_02 query=wealth_management_batch_status_125_questions:BSQ125-3T-009 status=PIPELINE_SUCCESS elapsed=98.779s
218/1000 saved
218/1000 saved
218/1000 saved
218/1000 saved
218/1000 saved
218/1000 saved
218/1000 saved
218/1000 saved
218/1000 saved
[10:49:21] worker_02 query=wealth_management_batch_status_125_questions:BSQ125-3T-013 status=PIPELINE_SUCCESS elapsed=89.6s
219/1000 saved
219/1000 saved
[10:49:42] worker_01 query=wealth_management_batch_status_125_questions:BSQ125-3T-020 status=PIPELINE_SUCCESS elapsed=128.297s
220/1000 saved
220/1000 saved
220/1000 saved
220/1000 saved
220/1000 saved
220/1000 saved
220/1000 saved
220/1000 saved
220/1000 saved
[10:51:14] worker_01 query=wealth_management_batch_status_125_questions:BSQ125-3T-024 status=PIPELINE_SUCCESS elapsed=91.228s
221/1000 saved
221/1000 saved
221/1000 saved
[10:51:44] worker_02 query=wealth_management_batch_status_125_questions:BSQ125-3T-017 status=PIPELINE_SUCCESS elapsed=144.62s
222/1000 saved
222/1000 saved
222/1000 saved
222/1000 saved
222/1000 saved
222/1000 saved
[10:52:46] worker_01 query=wealth_management_batch_status_125_questions:BSQ125-3T-028 status=PIPELINE_SUCCESS elapsed=92.049s
223/1000 saved
223/1000 saved
223/1000 saved
[10:53:16] worker_02 query=wealth_management_batch_status_125_questions:BSQ125-3T-021 status=PIPELINE_SUCCESS elapsed=92.166s
224/1000 saved
224/1000 saved
224/1000 saved
224/1000 saved
224/1000 saved
224/1000 saved
224/1000 saved
224/1000 saved
224/1000 saved
224/1000 saved
224/1000 saved
224/1000 saved
224/1000 saved
224/1000 saved
224/1000 saved
224/1000 saved
224/1000 saved
224/1000 saved
224/1000 saved
224/1000 saved
224/1000 saved
224/1000 saved
224/1000 saved
224/1000 saved
224/1000 saved
224/1000 saved
224/1000 saved
224/1000 saved
224/1000 saved
224/1000 saved
224/1000 saved
224/1000 saved
224/1000 saved
224/1000 saved
224/1000 saved
224/1000 saved
224/1000 saved
224/1000 saved
224/1000 saved
224/1000 saved
224/1000 saved
224/1000 saved
224/1000 saved
224/1000 saved
224/1000 saved
224/1000 saved
224/1000 saved
224/1000 saved
224/1000 saved
224/1000 saved
224/1000 saved
224/1000 saved
224/1000 saved
224/1000 saved
224/1000 saved
224/1000 saved
224/1000 saved
224/1000 saved
224/1000 saved
224/1000 saved
224/1000 saved
224/1000 saved
224/1000 saved
224/1000 saved
224/1000 saved
224/1000 saved
224/1000 saved
224/1000 saved
[11:04:52] worker_02 query=wealth_management_batch_status_125_questions:BSQ125-3T-025 status=PIPELINE_SUCCESS elapsed=693.096s
225/1000 saved
225/1000 saved
225/1000 saved
225/1000 saved
225/1000 saved
[11:05:43] worker_01 query=wealth_management_batch_status_125_questions:BSQ125-4T-002 status=PIPELINE_SUCCESS elapsed=773.863s
226/1000 saved
226/1000 saved
226/1000 saved
226/1000 saved
[11:06:24] worker_02 query=wealth_management_batch_status_125_questions:BSQ125-3T-029 status=PIPELINE_SUCCESS elapsed=98.193s
227/1000 saved
227/1000 saved
227/1000 saved
227/1000 saved
227/1000 saved
227/1000 saved
[11:07:25] worker_01 query=wealth_management_batch_status_125_questions:BSQ125-4T-006 status=PIPELINE_SUCCESS elapsed=100.929s
228/1000 saved
228/1000 saved
228/1000 saved
228/1000 saved
228/1000 saved
228/1000 saved
228/1000 saved
228/1000 saved
[11:08:47] worker_02 query=wealth_management_batch_status_125_questions:BSQ125-4T-003 status=PIPELINE_SUCCESS elapsed=140.71s
229/1000 saved
229/1000 saved
229/1000 saved
229/1000 saved
[11:09:28] worker_01 query=wealth_management_batch_status_125_questions:BSQ125-4T-010 status=PIPELINE_SUCCESS elapsed=131.593s
230/1000 saved
230/1000 saved
230/1000 saved
230/1000 saved
230/1000 saved
230/1000 saved
230/1000 saved
230/1000 saved
230/1000 saved
230/1000 saved
[11:11:10] worker_02 query=wealth_management_batch_status_125_questions:BSQ125-4T-007 status=PIPELINE_SUCCESS elapsed=140.793s
231/1000 saved
231/1000 saved
[11:11:31] worker_01 query=wealth_management_batch_status_125_questions:BSQ125-4T-014 status=PIPELINE_SUCCESS elapsed=117.673s
232/1000 saved
232/1000 saved
232/1000 saved
232/1000 saved
232/1000 saved
232/1000 saved
232/1000 saved
232/1000 saved
232/1000 saved
232/1000 saved
232/1000 saved
[11:13:23] worker_02 query=wealth_management_batch_status_125_questions:BSQ125-4T-011 status=PIPELINE_SUCCESS elapsed=130.459s
233/1000 saved
233/1000 saved
233/1000 saved
233/1000 saved
233/1000 saved
233/1000 saved
233/1000 saved
233/1000 saved
233/1000 saved
233/1000 saved
233/1000 saved
[11:15:16] worker_01 query=wealth_management_batch_status_125_questions:BSQ125-4T-018 status=PIPELINE_SUCCESS elapsed=227.717s
234/1000 saved
234/1000 saved
234/1000 saved
234/1000 saved
[11:15:57] worker_02 query=wealth_management_batch_status_125_questions:BSQ125-4T-015 status=PIPELINE_SUCCESS elapsed=153.064s
235/1000 saved
235/1000 saved
235/1000 saved
235/1000 saved
235/1000 saved
[11:16:48] worker_01 query=wealth_management_enrichment_context_125_questions:EC125-2T-002 status=PIPELINE_SUCCESS elapsed=89.343s
236/1000 saved
236/1000 saved
236/1000 saved
236/1000 saved
236/1000 saved
236/1000 saved
[11:17:49] worker_02 query=wealth_management_batch_status_125_questions:BSQ125-4T-019 status=PIPELINE_SUCCESS elapsed=119.948s
237/1000 saved
237/1000 saved
237/1000 saved
237/1000 saved
237/1000 saved
237/1000 saved
[11:18:50] worker_01 query=wealth_management_enrichment_context_125_questions:EC125-2T-006 status=PIPELINE_SUCCESS elapsed=123.824s
238/1000 saved
238/1000 saved
[11:19:11] worker_02 query=wealth_management_enrichment_context_125_questions:EC125-2T-003 status=PIPELINE_SUCCESS elapsed=80.317s
239/1000 saved
239/1000 saved
239/1000 saved
239/1000 saved
239/1000 saved
239/1000 saved
239/1000 saved
239/1000 saved
[11:20:33] worker_01 query=wealth_management_enrichment_context_125_questions:EC125-2T-010 status=PIPELINE_SUCCESS elapsed=105.357s
240/1000 saved
[11:20:43] worker_02 query=wealth_management_enrichment_context_125_questions:EC125-2T-007 status=PIPELINE_SUCCESS elapsed=90.457s
241/1000 saved
241/1000 saved
241/1000 saved
241/1000 saved
241/1000 saved
241/1000 saved
241/1000 saved
241/1000 saved
241/1000 saved
[11:22:15] worker_01 query=wealth_management_enrichment_context_125_questions:EC125-2T-014 status=PIPELINE_SUCCESS elapsed=97.715s
242/1000 saved
[11:22:25] worker_02 query=wealth_management_enrichment_context_125_questions:EC125-2T-011 status=PIPELINE_SUCCESS elapsed=102.537s
243/1000 saved
243/1000 saved
243/1000 saved
243/1000 saved
243/1000 saved
243/1000 saved
243/1000 saved
243/1000 saved
243/1000 saved
243/1000 saved
243/1000 saved
[11:24:18] worker_02 query=wealth_management_enrichment_context_125_questions:EC125-2T-015 status=PIPELINE_SUCCESS elapsed=111.293s
244/1000 saved
244/1000 saved
[11:24:38] worker_01 query=wealth_management_enrichment_context_125_questions:EC125-2T-018 status=PIPELINE_SUCCESS elapsed=144.426s
245/1000 saved
245/1000 saved
245/1000 saved
245/1000 saved
245/1000 saved
245/1000 saved
245/1000 saved
245/1000 saved
245/1000 saved
245/1000 saved
245/1000 saved
245/1000 saved
245/1000 saved
245/1000 saved
245/1000 saved
245/1000 saved
245/1000 saved
245/1000 saved
245/1000 saved
245/1000 saved
245/1000 saved
245/1000 saved
245/1000 saved
245/1000 saved
245/1000 saved
245/1000 saved
245/1000 saved
245/1000 saved
245/1000 saved
245/1000 saved
245/1000 saved
245/1000 saved
245/1000 saved
245/1000 saved
245/1000 saved
245/1000 saved
245/1000 saved
245/1000 saved
245/1000 saved
245/1000 saved
245/1000 saved
245/1000 saved
245/1000 saved
245/1000 saved
245/1000 saved
245/1000 saved
245/1000 saved
245/1000 saved
245/1000 saved
245/1000 saved
245/1000 saved
245/1000 saved
245/1000 saved
245/1000 saved
245/1000 saved
245/1000 saved
245/1000 saved
245/1000 saved
245/1000 saved
245/1000 saved
245/1000 saved
245/1000 saved
245/1000 saved
245/1000 saved
245/1000 saved
245/1000 saved
245/1000 saved
[11:36:04] worker_02 query=wealth_management_enrichment_context_125_questions:EC125-2T-019 status=PIPELINE_SUCCESS elapsed=703.322s
246/1000 saved
246/1000 saved
246/1000 saved
[11:36:34] worker_01 query=wealth_management_enrichment_context_125_questions:EC125-2T-022 status=PIPELINE_SUCCESS elapsed=718.052s
247/1000 saved
247/1000 saved
247/1000 saved
247/1000 saved
[11:37:15] worker_02 query=wealth_management_enrichment_context_125_questions:EC125-2T-023 status=PIPELINE_SUCCESS elapsed=78.013s
248/1000 saved
248/1000 saved
248/1000 saved
248/1000 saved
248/1000 saved
248/1000 saved
248/1000 saved
[11:38:27] worker_02 query=wealth_management_enrichment_context_125_questions:EC125-2T-027 status=PIPELINE_SUCCESS elapsed=68.167s
249/1000 saved
249/1000 saved
[11:38:47] worker_01 query=wealth_management_enrichment_context_125_questions:EC125-2T-026 status=PIPELINE_SUCCESS elapsed=127.592s
250/1000 saved
250/1000 saved
250/1000 saved
250/1000 saved
[11:39:28] worker_02 query=wealth_management_enrichment_context_125_questions:EC125-2T-031 status=PIPELINE_SUCCESS elapsed=63.67s
251/1000 saved
251/1000 saved
251/1000 saved
251/1000 saved
[11:40:09] worker_01 query=wealth_management_enrichment_context_125_questions:EC125-2T-030 status=PIPELINE_SUCCESS elapsed=86.427s
252/1000 saved
252/1000 saved
252/1000 saved
252/1000 saved
252/1000 saved
[11:41:00] worker_02 query=wealth_management_enrichment_context_125_questions:EC125-2T-035 status=PIPELINE_SUCCESS elapsed=91.116s
253/1000 saved
253/1000 saved
253/1000 saved
253/1000 saved
253/1000 saved
[11:41:51] worker_01 query=wealth_management_enrichment_context_125_questions:EC125-2T-034 status=PIPELINE_SUCCESS elapsed=101.602s
254/1000 saved
254/1000 saved
254/1000 saved
254/1000 saved
254/1000 saved
[11:42:43] worker_02 query=wealth_management_enrichment_context_125_questions:EC125-2T-039 status=PIPELINE_SUCCESS elapsed=102.71s
255/1000 saved
255/1000 saved
255/1000 saved
255/1000 saved
255/1000 saved
255/1000 saved
[11:43:44] worker_02 query=wealth_management_enrichment_context_125_questions:EC125-2T-043 status=PIPELINE_SUCCESS elapsed=62.163s
256/1000 saved
256/1000 saved
[11:44:04] worker_01 query=wealth_management_enrichment_context_125_questions:EC125-2T-038 status=PIPELINE_SUCCESS elapsed=128.787s
257/1000 saved
257/1000 saved
257/1000 saved
257/1000 saved
257/1000 saved
257/1000 saved
257/1000 saved
257/1000 saved
257/1000 saved
257/1000 saved
[11:45:47] worker_01 query=wealth_management_enrichment_context_125_questions:EC125-2T-042 status=PIPELINE_SUCCESS elapsed=109.686s
258/1000 saved
[11:45:57] worker_02 query=wealth_management_enrichment_context_125_questions:EC125-3T-002 status=PIPELINE_SUCCESS elapsed=127.617s
259/1000 saved
259/1000 saved
259/1000 saved
259/1000 saved
259/1000 saved
259/1000 saved
259/1000 saved
259/1000 saved
259/1000 saved
259/1000 saved
[11:47:39] worker_01 query=wealth_management_enrichment_context_125_questions:EC125-3T-001 status=PIPELINE_SUCCESS elapsed=106.987s
260/1000 saved
[11:47:50] worker_02 query=wealth_management_enrichment_context_125_questions:EC125-3T-006 status=PIPELINE_SUCCESS elapsed=112.358s
261/1000 saved
261/1000 saved
261/1000 saved
261/1000 saved
261/1000 saved
261/1000 saved
261/1000 saved
261/1000 saved
261/1000 saved
[11:49:22] worker_01 query=wealth_management_enrichment_context_125_questions:EC125-3T-005 status=PIPELINE_SUCCESS elapsed=101.629s
262/1000 saved
[11:49:32] worker_02 query=wealth_management_enrichment_context_125_questions:EC125-3T-010 status=PIPELINE_SUCCESS elapsed=105.252s
263/1000 saved
263/1000 saved
263/1000 saved
263/1000 saved
263/1000 saved
263/1000 saved
263/1000 saved
263/1000 saved
263/1000 saved
263/1000 saved
263/1000 saved
[11:51:24] worker_02 query=wealth_management_enrichment_context_125_questions:EC125-3T-014 status=PIPELINE_SUCCESS elapsed=111.784s
264/1000 saved
[11:51:35] worker_01 query=wealth_management_enrichment_context_125_questions:EC125-3T-009 status=PIPELINE_SUCCESS elapsed=132.057s
265/1000 saved
265/1000 saved
265/1000 saved
265/1000 saved
265/1000 saved
265/1000 saved
265/1000 saved
265/1000 saved
265/1000 saved
265/1000 saved
[11:53:17] worker_02 query=wealth_management_enrichment_context_125_questions:EC125-3T-018 status=PIPELINE_SUCCESS elapsed=109.976s
266/1000 saved
[11:53:27] worker_01 query=wealth_management_enrichment_context_125_questions:EC125-3T-013 status=PIPELINE_SUCCESS elapsed=118.661s
267/1000 saved
267/1000 saved
267/1000 saved
267/1000 saved
267/1000 saved
267/1000 saved
267/1000 saved
267/1000 saved
[11:54:49] worker_02 query=wealth_management_enrichment_context_125_questions:EC125-3T-022 status=PIPELINE_SUCCESS elapsed=94.604s
268/1000 saved
268/1000 saved
268/1000 saved
268/1000 saved
268/1000 saved
[11:55:40] worker_01 query=wealth_management_enrichment_context_125_questions:EC125-3T-017 status=PIPELINE_SUCCESS elapsed=128.785s
269/1000 saved
269/1000 saved
269/1000 saved
269/1000 saved
269/1000 saved
269/1000 saved
269/1000 saved
269/1000 saved
269/1000 saved
269/1000 saved
269/1000 saved
269/1000 saved
269/1000 saved
269/1000 saved
269/1000 saved
269/1000 saved
269/1000 saved
269/1000 saved
269/1000 saved
269/1000 saved
269/1000 saved
269/1000 saved
269/1000 saved
269/1000 saved
269/1000 saved
269/1000 saved
269/1000 saved
269/1000 saved
269/1000 saved
269/1000 saved
269/1000 saved
269/1000 saved
269/1000 saved
269/1000 saved
269/1000 saved
269/1000 saved
269/1000 saved
269/1000 saved
269/1000 saved
269/1000 saved
269/1000 saved
269/1000 saved
269/1000 saved
269/1000 saved
269/1000 saved
269/1000 saved
269/1000 saved
269/1000 saved
269/1000 saved
269/1000 saved
269/1000 saved
269/1000 saved
269/1000 saved
269/1000 saved
269/1000 saved
269/1000 saved
269/1000 saved
269/1000 saved
269/1000 saved
269/1000 saved
269/1000 saved
269/1000 saved
269/1000 saved
269/1000 saved
269/1000 saved
269/1000 saved
269/1000 saved
269/1000 saved
269/1000 saved
269/1000 saved
[12:07:36] worker_01 query=wealth_management_enrichment_context_125_questions:EC125-3T-021 status=PIPELINE_SUCCESS elapsed=721.965s
[12:07:36] worker_02 query=wealth_management_enrichment_context_125_questions:EC125-3T-026 status=PIPELINE_SUCCESS elapsed=769.231s
271/1000 saved
271/1000 saved
271/1000 saved
271/1000 saved
271/1000 saved
271/1000 saved
271/1000 saved
271/1000 saved
271/1000 saved
271/1000 saved
[12:09:19] worker_01 query=wealth_management_enrichment_context_125_questions:EC125-3T-025 status=PIPELINE_SUCCESS elapsed=98.042s
272/1000 saved
272/1000 saved
[12:09:39] worker_02 query=wealth_management_enrichment_context_125_questions:EC125-3T-030 status=PIPELINE_SUCCESS elapsed=119.247s
273/1000 saved
273/1000 saved
273/1000 saved
273/1000 saved
273/1000 saved
273/1000 saved
273/1000 saved
273/1000 saved
273/1000 saved
273/1000 saved
[12:11:22] worker_01 query=wealth_management_enrichment_context_125_questions:EC125-3T-029 status=PIPELINE_SUCCESS elapsed=118.52s
[12:11:22] worker_02 query=wealth_management_enrichment_context_125_questions:EC125-3T-034 status=PIPELINE_SUCCESS elapsed=107.616s
275/1000 saved
275/1000 saved
275/1000 saved
275/1000 saved
275/1000 saved
275/1000 saved
275/1000 saved
275/1000 saved
275/1000 saved
275/1000 saved
275/1000 saved
[12:13:14] worker_01 query=wealth_management_enrichment_context_125_questions:EC125-3T-033 status=PIPELINE_SUCCESS elapsed=119.056s
276/1000 saved
[12:13:24] worker_02 query=wealth_management_enrichment_context_125_questions:EC125-3T-038 status=PIPELINE_SUCCESS elapsed=120.372s
277/1000 saved
277/1000 saved
277/1000 saved
277/1000 saved
277/1000 saved
277/1000 saved
277/1000 saved
277/1000 saved
277/1000 saved
[12:14:57] worker_01 query=wealth_management_enrichment_context_125_questions:EC125-3T-037 status=PIPELINE_SUCCESS elapsed=96.143s
278/1000 saved
278/1000 saved
278/1000 saved
278/1000 saved
278/1000 saved
278/1000 saved
278/1000 saved
278/1000 saved
278/1000 saved
278/1000 saved
[12:16:39] worker_01 query=wealth_management_enrichment_context_125_questions:EC125-3T-041 status=PIPELINE_SUCCESS elapsed=105.131s
279/1000 saved
279/1000 saved
279/1000 saved
279/1000 saved
[12:17:20] worker_02 query=wealth_management_enrichment_context_125_questions:EC125-3T-042 status=PIPELINE_SUCCESS elapsed=232.635s
280/1000 saved
280/1000 saved
280/1000 saved
280/1000 saved
280/1000 saved
280/1000 saved
280/1000 saved
280/1000 saved
280/1000 saved
[12:18:52] worker_01 query=wealth_management_enrichment_context_125_questions:EC125-3T-045 status=PIPELINE_SUCCESS elapsed=136.773s
281/1000 saved
281/1000 saved
281/1000 saved
281/1000 saved
281/1000 saved
281/1000 saved
281/1000 saved
281/1000 saved
281/1000 saved
281/1000 saved
281/1000 saved
281/1000 saved
281/1000 saved
[12:21:05] worker_01 query=wealth_management_enrichment_context_125_questions:EC125-4T-004 status=PIPELINE_SUCCESS elapsed=126.85s
[12:21:05] worker_02 query=wealth_management_enrichment_context_125_questions:EC125-4T-001 status=PIPELINE_SUCCESS elapsed=229.537s
283/1000 saved
283/1000 saved
283/1000 saved
283/1000 saved
283/1000 saved
283/1000 saved
283/1000 saved
283/1000 saved
283/1000 saved
283/1000 saved
283/1000 saved
283/1000 saved
283/1000 saved
[12:23:19] worker_01 query=wealth_management_enrichment_context_125_questions:EC125-4T-008 status=PIPELINE_SUCCESS elapsed=140.516s
284/1000 saved
284/1000 saved
284/1000 saved
284/1000 saved
[12:24:00] worker_02 query=wealth_management_enrichment_context_125_questions:EC125-4T-005 status=PIPELINE_SUCCESS elapsed=173.168s
285/1000 saved
285/1000 saved
285/1000 saved
285/1000 saved
285/1000 saved
285/1000 saved
285/1000 saved
285/1000 saved
285/1000 saved
285/1000 saved
[12:25:42] worker_01 query=wealth_management_enrichment_context_125_questions:EC125-4T-012 status=PIPELINE_SUCCESS elapsed=139.428s
286/1000 saved
286/1000 saved
286/1000 saved
286/1000 saved
286/1000 saved
286/1000 saved
286/1000 saved
286/1000 saved
286/1000 saved
286/1000 saved
286/1000 saved
286/1000 saved
286/1000 saved
286/1000 saved
286/1000 saved
286/1000 saved
286/1000 saved
286/1000 saved
286/1000 saved
286/1000 saved
286/1000 saved
286/1000 saved
286/1000 saved
286/1000 saved
286/1000 saved
286/1000 saved
286/1000 saved
286/1000 saved
286/1000 saved
286/1000 saved
286/1000 saved
286/1000 saved
286/1000 saved
286/1000 saved
286/1000 saved
286/1000 saved
286/1000 saved
286/1000 saved
286/1000 saved
286/1000 saved
286/1000 saved
286/1000 saved
286/1000 saved
286/1000 saved
286/1000 saved
286/1000 saved
286/1000 saved
286/1000 saved
286/1000 saved
286/1000 saved
286/1000 saved
286/1000 saved
286/1000 saved
286/1000 saved
286/1000 saved
286/1000 saved
286/1000 saved
286/1000 saved
286/1000 saved
286/1000 saved
286/1000 saved
286/1000 saved
286/1000 saved
286/1000 saved
286/1000 saved
286/1000 saved
[12:36:59] worker_02 query=wealth_management_enrichment_context_125_questions:EC125-4T-009 status=PIPELINE_SUCCESS elapsed=775.714s
287/1000 saved
287/1000 saved
287/1000 saved
287/1000 saved
287/1000 saved
287/1000 saved
[12:38:00] worker_01 query=wealth_management_enrichment_context_125_questions:EC125-4T-016 status=PIPELINE_SUCCESS elapsed=734.043s
288/1000 saved
288/1000 saved
288/1000 saved
288/1000 saved
288/1000 saved
288/1000 saved
288/1000 saved
288/1000 saved
288/1000 saved
288/1000 saved
288/1000 saved
[12:39:53] worker_02 query=wealth_management_enrichment_context_125_questions:EC125-4T-013 status=PIPELINE_SUCCESS elapsed=181.615s
289/1000 saved
289/1000 saved
289/1000 saved
[12:40:24] worker_01 query=wealth_management_enrichment_context_125_questions:EC125-4T-020 status=PIPELINE_SUCCESS elapsed=152.339s
290/1000 saved
290/1000 saved
290/1000 saved
290/1000 saved
290/1000 saved
290/1000 saved
290/1000 saved
290/1000 saved
290/1000 saved
290/1000 saved
290/1000 saved
290/1000 saved
290/1000 saved
[12:42:37] worker_02 query=wealth_management_enrichment_context_125_questions:EC125-4T-017 status=PIPELINE_SUCCESS elapsed=162.047s
291/1000 saved
[12:42:47] worker_01 query=wealth_management_enrichment_context_125_questions:EC125-4T-024 status=PIPELINE_SUCCESS elapsed=138.0s
292/1000 saved
292/1000 saved
292/1000 saved
292/1000 saved
292/1000 saved
292/1000 saved
292/1000 saved
292/1000 saved
292/1000 saved
292/1000 saved
292/1000 saved
292/1000 saved
[12:44:50] worker_02 query=wealth_management_enrichment_context_125_questions:EC125-4T-021 status=PIPELINE_SUCCESS elapsed=134.94s
293/1000 saved
293/1000 saved
[12:45:10] worker_01 query=wealth_management_enrichment_context_125_questions:EC125-4T-028 status=PIPELINE_SUCCESS elapsed=141.004s
294/1000 saved
294/1000 saved
294/1000 saved
294/1000 saved
294/1000 saved
294/1000 saved
294/1000 saved
294/1000 saved
294/1000 saved
294/1000 saved
294/1000 saved
294/1000 saved
294/1000 saved
294/1000 saved
294/1000 saved
294/1000 saved
[12:47:54] worker_01 query=wealth_management_enrichment_context_125_questions:EC125-4T-032 status=PIPELINE_SUCCESS elapsed=164.418s
[12:47:54] worker_02 query=wealth_management_enrichment_context_125_questions:EC125-4T-025 status=PIPELINE_SUCCESS elapsed=179.57s
296/1000 saved
296/1000 saved
296/1000 saved
296/1000 saved
296/1000 saved
296/1000 saved
296/1000 saved
296/1000 saved
296/1000 saved
296/1000 saved
296/1000 saved
296/1000 saved
296/1000 saved
296/1000 saved
[12:50:18] worker_02 query=wealth_management_enrichment_context_125_questions:EC125-4T-029 status=PIPELINE_SUCCESS elapsed=147.871s
297/1000 saved
297/1000 saved
297/1000 saved
297/1000 saved
297/1000 saved
297/1000 saved
297/1000 saved
297/1000 saved
[12:51:40] worker_01 query=wealth_management_multi_step_comparative_125_questions:MC125-001 status=PIPELINE_SUCCESS elapsed=232.197s
298/1000 saved
298/1000 saved
298/1000 saved
298/1000 saved
298/1000 saved
298/1000 saved
[12:52:41] worker_02 query=wealth_management_enrichment_context_125_questions:EC125-4T-033 status=PIPELINE_SUCCESS elapsed=139.878s
299/1000 saved
299/1000 saved
299/1000 saved
299/1000 saved
299/1000 saved
299/1000 saved
299/1000 saved
299/1000 saved
299/1000 saved
299/1000 saved
299/1000 saved
[12:54:34] worker_01 query=wealth_management_multi_step_comparative_125_questions:MC125-005 status=PIPELINE_SUCCESS elapsed=172.514s
300/1000 saved
300/1000 saved
300/1000 saved
300/1000 saved
300/1000 saved
[12:55:25] worker_02 query=wealth_management_multi_step_comparative_125_questions:MC125-002 status=DAG_NODE_ERROR elapsed=166.321s
  ERROR stage=Q1:Query_Spec_Contract retryable_api=False: Subquery DAG failed. Failed nodes: ['Q1']. Skipped nodes: []. Failure stage: Q1:Query_Spec_Contract.
301/1000 saved
301/1000 saved
301/1000 saved
301/1000 saved
301/1000 saved
301/1000 saved
301/1000 saved
301/1000 saved
301/1000 saved
301/1000 saved
301/1000 saved
301/1000 saved
301/1000 saved
301/1000 saved
301/1000 saved
301/1000 saved
301/1000 saved
301/1000 saved
301/1000 saved
301/1000 saved
301/1000 saved
301/1000 saved
301/1000 saved
301/1000 saved
301/1000 saved
301/1000 saved
301/1000 saved
301/1000 saved
301/1000 saved
301/1000 saved
301/1000 saved
301/1000 saved
301/1000 saved
301/1000 saved
301/1000 saved
301/1000 saved
301/1000 saved
301/1000 saved
301/1000 saved
301/1000 saved
301/1000 saved
301/1000 saved
301/1000 saved
301/1000 saved
301/1000 saved
301/1000 saved
301/1000 saved
301/1000 saved
301/1000 saved
301/1000 saved
301/1000 saved
301/1000 saved
301/1000 saved
301/1000 saved
301/1000 saved
301/1000 saved
301/1000 saved
301/1000 saved
301/1000 saved
301/1000 saved
301/1000 saved
301/1000 saved
301/1000 saved
301/1000 saved
301/1000 saved
301/1000 saved
301/1000 saved
301/1000 saved
301/1000 saved
301/1000 saved
[13:07:22] worker_01 query=wealth_management_multi_step_comparative_125_questions:MC125-009 status=PIPELINE_SUCCESS elapsed=769.684s
302/1000 saved
[13:07:33] worker_02 query=wealth_management_multi_step_comparative_125_questions:MC125-006 status=PIPELINE_SUCCESS elapsed=724.156s
303/1000 saved
303/1000 saved
303/1000 saved
303/1000 saved
303/1000 saved
303/1000 saved
303/1000 saved
303/1000 saved
303/1000 saved
303/1000 saved
303/1000 saved
303/1000 saved
303/1000 saved
303/1000 saved
[13:09:56] worker_01 query=wealth_management_multi_step_comparative_125_questions:MC125-013 status=PIPELINE_SUCCESS elapsed=153.633s
304/1000 saved
304/1000 saved
304/1000 saved
304/1000 saved
304/1000 saved
304/1000 saved
304/1000 saved
[13:11:08] worker_02 query=wealth_management_multi_step_comparative_125_questions:MC125-010 status=PIPELINE_SUCCESS elapsed=219.925s
305/1000 saved
[13:11:18] worker_01 query=wealth_management_multi_step_comparative_125_questions:MC125-017 status=PIPELINE_SUCCESS elapsed=80.459s
306/1000 saved
306/1000 saved
306/1000 saved
306/1000 saved
306/1000 saved
306/1000 saved
306/1000 saved
306/1000 saved
306/1000 saved
[13:12:50] worker_01 query=wealth_management_multi_step_comparative_125_questions:MC125-021 status=PIPELINE_SUCCESS elapsed=89.209s
307/1000 saved
307/1000 saved
307/1000 saved
307/1000 saved
307/1000 saved
[13:13:42] worker_02 query=wealth_management_multi_step_comparative_125_questions:MC125-014 status=PIPELINE_SUCCESS elapsed=146.965s
308/1000 saved
308/1000 saved
308/1000 saved
308/1000 saved
[13:14:23] worker_01 query=wealth_management_multi_step_comparative_125_questions:MC125-025 status=PIPELINE_SUCCESS elapsed=89.683s
309/1000 saved
309/1000 saved
309/1000 saved
309/1000 saved
[13:15:04] worker_02 query=wealth_management_multi_step_comparative_125_questions:MC125-018 status=PIPELINE_SUCCESS elapsed=86.204s
310/1000 saved
310/1000 saved
310/1000 saved
310/1000 saved
310/1000 saved
310/1000 saved
310/1000 saved
310/1000 saved
310/1000 saved
310/1000 saved
310/1000 saved
[13:16:56] worker_02 query=wealth_management_multi_step_comparative_125_questions:MC125-022 status=PIPELINE_SUCCESS elapsed=114.182s
311/1000 saved
311/1000 saved
[13:17:17] worker_01 query=wealth_management_multi_step_comparative_125_questions:MC125-029 status=DAG_NODE_ERROR elapsed=178.229s
  ERROR stage=Q1:Query_Spec_Contract retryable_api=False: Subquery DAG failed. Failed nodes: ['Q1']. Skipped nodes: []. Failure stage: Q1:Query_Spec_Contract.
312/1000 saved
312/1000 saved
312/1000 saved
312/1000 saved
312/1000 saved
312/1000 saved
312/1000 saved
312/1000 saved
312/1000 saved
312/1000 saved
312/1000 saved
312/1000 saved
[13:19:20] worker_02 query=wealth_management_multi_step_comparative_125_questions:MC125-026 status=PIPELINE_SUCCESS elapsed=138.771s
313/1000 saved
[13:19:30] worker_01 query=wealth_management_multi_step_comparative_125_questions:MC125-033 status=PIPELINE_SUCCESS elapsed=133.296s
314/1000 saved
314/1000 saved
314/1000 saved
314/1000 saved
314/1000 saved
314/1000 saved
314/1000 saved
314/1000 saved
314/1000 saved
314/1000 saved
314/1000 saved
314/1000 saved
314/1000 saved
314/1000 saved
314/1000 saved
314/1000 saved
[13:22:14] worker_01 query=wealth_management_multi_step_comparative_125_questions:MC125-037 status=PIPELINE_SUCCESS elapsed=165.107s
315/1000 saved
315/1000 saved
315/1000 saved
[13:22:45] worker_02 query=wealth_management_multi_step_comparative_125_questions:MC125-030 status=PIPELINE_SUCCESS elapsed=201.846s
316/1000 saved
316/1000 saved
316/1000 saved
316/1000 saved
316/1000 saved
316/1000 saved
316/1000 saved
[13:23:56] worker_01 query=wealth_management_multi_step_comparative_125_questions:MC125-041 status=PIPELINE_SUCCESS elapsed=101.659s
317/1000 saved
317/1000 saved
317/1000 saved
317/1000 saved
317/1000 saved
[13:24:48] worker_02 query=wealth_management_multi_step_comparative_125_questions:MC125-034 status=PIPELINE_SUCCESS elapsed=127.611s
318/1000 saved
318/1000 saved
318/1000 saved
318/1000 saved
318/1000 saved
318/1000 saved
[13:25:49] worker_01 query=wealth_management_multi_step_comparative_125_questions:MC125-045 status=PIPELINE_SUCCESS elapsed=115.763s
319/1000 saved
319/1000 saved
319/1000 saved
319/1000 saved
319/1000 saved
319/1000 saved
319/1000 saved
[13:27:01] worker_02 query=wealth_management_multi_step_comparative_125_questions:MC125-038 status=PIPELINE_SUCCESS elapsed=136.102s
320/1000 saved
320/1000 saved
320/1000 saved
320/1000 saved
320/1000 saved
320/1000 saved
320/1000 saved
320/1000 saved
320/1000 saved
320/1000 saved
320/1000 saved
320/1000 saved
320/1000 saved
320/1000 saved
320/1000 saved
320/1000 saved
320/1000 saved
320/1000 saved
320/1000 saved
320/1000 saved
320/1000 saved
320/1000 saved
320/1000 saved
320/1000 saved
320/1000 saved
320/1000 saved
320/1000 saved
320/1000 saved
320/1000 saved
320/1000 saved
320/1000 saved
320/1000 saved
320/1000 saved
320/1000 saved
320/1000 saved
320/1000 saved
320/1000 saved
320/1000 saved
320/1000 saved
320/1000 saved
320/1000 saved
320/1000 saved
320/1000 saved
320/1000 saved
320/1000 saved
320/1000 saved
320/1000 saved
320/1000 saved
320/1000 saved
320/1000 saved
320/1000 saved
320/1000 saved
320/1000 saved
320/1000 saved
320/1000 saved
320/1000 saved
320/1000 saved
320/1000 saved
320/1000 saved
320/1000 saved
320/1000 saved
320/1000 saved
320/1000 saved
320/1000 saved
320/1000 saved
[13:38:07] worker_01 query=wealth_management_multi_step_comparative_125_questions:MC125-049 status=PIPELINE_SUCCESS elapsed=731.107s
321/1000 saved
321/1000 saved
321/1000 saved
321/1000 saved
321/1000 saved
321/1000 saved
321/1000 saved
321/1000 saved
321/1000 saved
[13:39:39] worker_02 query=wealth_management_multi_step_comparative_125_questions:MC125-042 status=PIPELINE_SUCCESS elapsed=758.089s
322/1000 saved
322/1000 saved
322/1000 saved
[13:40:10] worker_01 query=wealth_management_multi_step_comparative_125_questions:MC125-053 status=PIPELINE_SUCCESS elapsed=127.622s
323/1000 saved
323/1000 saved
323/1000 saved
323/1000 saved
323/1000 saved
323/1000 saved
[13:41:12] worker_02 query=wealth_management_multi_step_comparative_125_questions:MC125-046 status=PIPELINE_SUCCESS elapsed=87.989s
324/1000 saved
324/1000 saved
324/1000 saved
324/1000 saved
324/1000 saved
324/1000 saved
324/1000 saved
324/1000 saved
324/1000 saved
324/1000 saved
324/1000 saved
324/1000 saved
[13:43:15] worker_02 query=wealth_management_multi_step_comparative_125_questions:MC125-050 status=PIPELINE_SUCCESS elapsed=119.994s
325/1000 saved
325/1000 saved
325/1000 saved
325/1000 saved
325/1000 saved
325/1000 saved
325/1000 saved
[13:44:26] worker_01 query=wealth_management_multi_step_comparative_125_questions:MC125-057 status=PIPELINE_SUCCESS elapsed=256.016s
326/1000 saved
326/1000 saved
326/1000 saved
326/1000 saved
326/1000 saved
326/1000 saved
326/1000 saved
[13:45:38] worker_02 query=wealth_management_multi_step_comparative_125_questions:MC125-054 status=PIPELINE_SUCCESS elapsed=147.268s
327/1000 saved
327/1000 saved
327/1000 saved
327/1000 saved
327/1000 saved
327/1000 saved
327/1000 saved
327/1000 saved
327/1000 saved
327/1000 saved
327/1000 saved
327/1000 saved
327/1000 saved
327/1000 saved
327/1000 saved
327/1000 saved
327/1000 saved
[13:48:33] worker_02 query=wealth_management_multi_step_comparative_125_questions:MC125-058 status=DAG_NODE_ERROR elapsed=179.122s
  ERROR stage=Q1:Query_Spec_Contract retryable_api=False: Subquery DAG failed. Failed nodes: ['Q1']. Skipped nodes: []. Failure stage: Q1:Query_Spec_Contract.
328/1000 saved
328/1000 saved
328/1000 saved
328/1000 saved
328/1000 saved
328/1000 saved
328/1000 saved
[13:49:44] worker_01 query=wealth_management_multi_step_comparative_125_questions:MC125-061 status=PIPELINE_SUCCESS elapsed=320.999s
329/1000 saved
329/1000 saved
329/1000 saved
329/1000 saved
329/1000 saved
329/1000 saved
[13:50:46] worker_02 query=wealth_management_multi_step_comparative_125_questions:MC125-062 status=DAG_NODE_ERROR elapsed=130.917s
  ERROR stage=Q1:Query_Spec_Contract retryable_api=False: Subquery DAG failed. Failed nodes: ['Q1']. Skipped nodes: []. Failure stage: Q1:Query_Spec_Contract.
330/1000 saved
330/1000 saved
330/1000 saved
330/1000 saved
330/1000 saved
330/1000 saved
330/1000 saved
330/1000 saved
330/1000 saved
330/1000 saved
330/1000 saved
[13:52:39] worker_01 query=wealth_management_multi_step_comparative_125_questions:MC125-065 status=PIPELINE_SUCCESS elapsed=171.512s
331/1000 saved
331/1000 saved
331/1000 saved
331/1000 saved
331/1000 saved
331/1000 saved
331/1000 saved
331/1000 saved
331/1000 saved
331/1000 saved
331/1000 saved
331/1000 saved
331/1000 saved
331/1000 saved
331/1000 saved
331/1000 saved
331/1000 saved
331/1000 saved
331/1000 saved
331/1000 saved
331/1000 saved
331/1000 saved
331/1000 saved
331/1000 saved
331/1000 saved
331/1000 saved
331/1000 saved
331/1000 saved
331/1000 saved
331/1000 saved
331/1000 saved
331/1000 saved
331/1000 saved
331/1000 saved
331/1000 saved
331/1000 saved
331/1000 saved
331/1000 saved
331/1000 saved
331/1000 saved
331/1000 saved
331/1000 saved
331/1000 saved
331/1000 saved
331/1000 saved
331/1000 saved
331/1000 saved
331/1000 saved
331/1000 saved
331/1000 saved
331/1000 saved
331/1000 saved
331/1000 saved
331/1000 saved
331/1000 saved
331/1000 saved
[14:02:13] worker_02 query=wealth_management_multi_step_comparative_125_questions:MC125-066 status=PRE_SCAN_ERROR elapsed=685.777s
  ERROR stage=Q1:Pre_Scan_Validate_SQL retryable_api=True: Connection error.
[14:02:13] API WARNING worker_02: [!] Generate_SQL API error: Connection error.
[14:02:13] API WARNING worker_02: [!] Generate_SQL API error: Connection error.
[14:02:13] API WARNING worker_02: [!] Generate_SQL API error: Connection error.
[14:02:13] API WARNING worker_02: [!] Decompose API error: Connection error.
[14:02:13] API WARNING worker_02: [!] Decompose API error: Connection error.
[14:02:13] API WARNING worker_02: [!] Decompose API error: Connection error.
[14:02:13] API WARNING worker_02: [!] Decompose API error: Connection error.
332/1000 saved
[14:02:23] worker_02 query=wealth_management_multi_step_comparative_125_questions:MC125-070 status=DAG_NODE_ERROR elapsed=6.457s
  ERROR stage=Q1:Exception retryable_api=True: Connection error.
[14:02:23] worker_02 query=wealth_management_multi_step_comparative_125_questions:MC125-074 status=DAG_NODE_ERROR elapsed=6.503s
  ERROR stage=Q1:Exception retryable_api=True: Connection error.
[14:02:23] API WARNING worker_02: [!] Decompose API error: Connection error.
[14:02:23] API WARNING worker_02: [!] Decompose API error: Connection error.
[14:02:23] API WARNING worker_02: [!] Decompose API error: Connection error.
[14:02:23] API WARNING worker_02: [!] Decompose API error: Connection error.
[14:02:23] API WARNING worker_02: [!] Decompose API error: Connection error.
334/1000 saved
[14:02:33] worker_02 query=wealth_management_multi_step_comparative_125_questions:MC125-078 status=DAG_NODE_ERROR elapsed=6.844s
  ERROR stage=Q1:Exception retryable_api=True: Connection error.
[14:02:33] API WARNING worker_02: [!] Decompose API error: Connection error.
[14:02:33] API WARNING worker_02: [!] Decompose API error: Connection error.
[14:02:33] API WARNING worker_02: [!] Decompose API error: Connection error.
[14:02:33] API WARNING worker_02: [!] Decompose API error: Connection error.
[14:02:33] API WARNING worker_02: [!] Decompose API error: Connection error.
[14:02:33] API WARNING worker_02: [!] Decompose API error: Connection error.
[14:02:33] API WARNING worker_02: [!] Decompose API error: Connection error.
335/1000 saved
[14:02:44] worker_01 query=wealth_management_multi_step_comparative_125_questions:MC125-069 status=DAG_NODE_ERROR elapsed=606.812s
  ERROR stage=Q1:Exception retryable_api=True: Connection error.
[14:02:44] API WARNING worker_01: [!] Decompose API error: Connection error.
[14:02:44] API WARNING worker_01: [!] Decompose API error: Connection error.
[14:02:44] API WARNING worker_01: [!] Decompose API error: Connection error.
[14:02:44] API WARNING worker_01: [!] Decompose API error: Connection error.
[14:02:44] API WARNING worker_01: [!] Decompose API error: Connection error.
[14:02:44] worker_02 query=wealth_management_multi_step_comparative_125_questions:MC125-082 status=DAG_NODE_ERROR elapsed=6.613s
  ERROR stage=Q1:Exception retryable_api=True: Connection error.
[14:02:44] worker_02 query=wealth_management_multi_step_comparative_125_questions:MC125-086 status=DAG_NODE_ERROR elapsed=6.613s
  ERROR stage=Q1:Exception retryable_api=True: Connection error.
[14:02:44] API WARNING worker_02: [!] Decompose API error: Connection error.
[14:02:44] API WARNING worker_02: [!] Decompose API error: Connection error.
[14:02:44] API WARNING worker_02: [!] Decompose API error: Connection error.
[14:02:44] API WARNING worker_02: [!] Decompose API error: Connection error.
[14:02:44] API WARNING worker_02: [!] Decompose API error: Connection error.
[14:02:44] API WARNING worker_02: [!] Decompose API error: Connection error.
338/1000 saved
[14:02:54] worker_01 query=wealth_management_multi_step_comparative_125_questions:MC125-073 status=DAG_NODE_ERROR elapsed=6.856s
  ERROR stage=Q1:Exception retryable_api=True: Connection error.
[14:02:54] API WARNING worker_01: [!] Decompose API error: Connection error.
[14:02:54] API WARNING worker_01: [!] Decompose API error: Connection error.
[14:02:54] API WARNING worker_01: [!] Decompose API error: Connection error.
[14:02:54] API WARNING worker_01: [!] Decompose API error: Connection error.
[14:02:54] API WARNING worker_01: [!] Decompose API error: Connection error.
[14:02:54] API WARNING worker_01: [!] Decompose API error: Connection error.
[14:02:54] worker_02 query=wealth_management_multi_step_comparative_125_questions:MC125-090 status=DAG_NODE_ERROR elapsed=6.618s
  ERROR stage=Q1:Exception retryable_api=True: Connection error.
[14:02:54] API WARNING worker_02: [!] Decompose API error: Connection error.
[14:02:54] API WARNING worker_02: [!] Decompose API error: Connection error.
[14:02:54] API WARNING worker_02: [!] Decompose API error: Connection error.
[14:02:54] API WARNING worker_02: [!] Decompose API error: Connection error.
[14:02:54] API WARNING worker_02: [!] Decompose API error: Connection error.
[14:02:54] API WARNING worker_02: [!] Decompose API error: Connection error.
340/1000 saved
[14:03:04] worker_01 query=wealth_management_multi_step_comparative_125_questions:MC125-077 status=DAG_NODE_ERROR elapsed=7.043s
  ERROR stage=Q1:Exception retryable_api=True: Connection error.
[14:03:04] worker_01 query=wealth_management_multi_step_comparative_125_questions:MC125-081 status=DAG_NODE_ERROR elapsed=6.81s
  ERROR stage=Q1:Exception retryable_api=True: Connection error.
[14:03:04] API WARNING worker_01: [!] Decompose API error: Connection error.
[14:03:04] API WARNING worker_01: [!] Decompose API error: Connection error.
[14:03:04] API WARNING worker_01: [!] Decompose API error: Connection error.
[14:03:04] API WARNING worker_01: [!] Decompose API error: Connection error.
[14:03:04] API WARNING worker_01: [!] Decompose API error: Connection error.
[14:03:04] API WARNING worker_01: [!] Decompose API error: Connection error.
[14:03:04] worker_02 query=wealth_management_multi_step_comparative_125_questions:MC125-094 status=DAG_NODE_ERROR elapsed=6.735s
  ERROR stage=Q1:Exception retryable_api=True: Connection error.
[14:03:04] worker_02 query=wealth_management_multi_step_comparative_125_questions:MC125-098 status=DAG_NODE_ERROR elapsed=6.472s
  ERROR stage=Q1:Exception retryable_api=True: Connection error.
[14:03:04] API WARNING worker_02: [!] Decompose API error: Connection error.
[14:03:04] API WARNING worker_02: [!] Decompose API error: Connection error.
[14:03:04] API WARNING worker_02: [!] Decompose API error: Connection error.
[14:03:04] API WARNING worker_02: [!] Decompose API error: Connection error.
[14:03:04] API WARNING worker_02: [!] Decompose API error: Connection error.
[14:03:04] API WARNING worker_02: [!] Decompose API error: Connection error.
344/1000 saved
[14:03:14] worker_01 query=wealth_management_multi_step_comparative_125_questions:MC125-085 status=DAG_NODE_ERROR elapsed=6.878s
  ERROR stage=Q1:Exception retryable_api=True: Connection error.
[14:03:14] API WARNING worker_01: [!] Decompose API error: Connection error.
[14:03:14] API WARNING worker_01: [!] Decompose API error: Connection error.
[14:03:14] API WARNING worker_01: [!] Decompose API error: Connection error.
[14:03:14] API WARNING worker_01: [!] Decompose API error: Connection error.
[14:03:14] API WARNING worker_01: [!] Decompose API error: Connection error.
[14:03:14] API WARNING worker_01: [!] Decompose API error: Connection error.
[14:03:14] worker_02 query=wealth_management_multi_step_comparative_125_questions:MC125-102 status=DAG_NODE_ERROR elapsed=6.469s
  ERROR stage=Q1:Exception retryable_api=True: Connection error.
[14:03:14] worker_02 query=wealth_management_multi_step_comparative_125_questions:MC125-106 status=DAG_NODE_ERROR elapsed=6.716s
  ERROR stage=Q1:Exception retryable_api=True: Connection error.
[14:03:14] API WARNING worker_02: [!] Decompose API error: Connection error.
[14:03:14] API WARNING worker_02: [!] Decompose API error: Connection error.
[14:03:14] API WARNING worker_02: [!] Decompose API error: Connection error.
[14:03:14] API WARNING worker_02: [!] Decompose API error: Connection error.
[14:03:14] API WARNING worker_02: [!] Decompose API error: Connection error.
[14:03:14] API WARNING worker_02: [!] Decompose API error: Connection error.
347/1000 saved
[14:03:25] worker_01 query=wealth_management_multi_step_comparative_125_questions:MC125-089 status=DAG_NODE_ERROR elapsed=6.968s
  ERROR stage=Q1:Exception retryable_api=True: Connection error.
[14:03:25] worker_01 query=wealth_management_multi_step_comparative_125_questions:MC125-093 status=DAG_NODE_ERROR elapsed=6.681s
  ERROR stage=Q1:Exception retryable_api=True: Connection error.
[14:03:25] API WARNING worker_01: [!] Decompose API error: Connection error.
[14:03:25] API WARNING worker_01: [!] Decompose API error: Connection error.
[14:03:25] API WARNING worker_01: [!] Decompose API error: Connection error.
[14:03:25] API WARNING worker_01: [!] Decompose API error: Connection error.
[14:03:25] API WARNING worker_01: [!] Decompose API error: Connection error.
[14:03:25] API WARNING worker_01: [!] Decompose API error: Connection error.
[14:03:25] worker_02 query=wealth_management_multi_step_comparative_125_questions:MC125-110 status=DAG_NODE_ERROR elapsed=6.656s
  ERROR stage=Q1:Exception retryable_api=True: Connection error.
[14:03:25] API WARNING worker_02: [!] Decompose API error: Connection error.
[14:03:25] API WARNING worker_02: [!] Decompose API error: Connection error.
[14:03:25] API WARNING worker_02: [!] Decompose API error: Connection error.
[14:03:25] API WARNING worker_02: [!] Decompose API error: Connection error.
[14:03:25] API WARNING worker_02: [!] Decompose API error: Connection error.
[14:03:25] API WARNING worker_02: [!] Decompose API error: Connection error.
[14:03:25] API WARNING worker_02: [!] Decompose API error: Connection error.
350/1000 saved
[14:03:35] worker_01 query=wealth_management_multi_step_comparative_125_questions:MC125-097 status=DAG_NODE_ERROR elapsed=6.735s
  ERROR stage=Q1:Exception retryable_api=True: Connection error.
[14:03:35] API WARNING worker_01: [!] Decompose API error: Connection error.
[14:03:35] API WARNING worker_01: [!] Decompose API error: Connection error.
[14:03:35] API WARNING worker_01: [!] Decompose API error: Connection error.
[14:03:35] API WARNING worker_01: [!] Decompose API error: Connection error.
[14:03:35] API WARNING worker_01: [!] Decompose API error: Connection error.
[14:03:35] API WARNING worker_01: [!] Decompose API error: Connection error.
[14:03:35] API WARNING worker_01: [!] Decompose API error: Connection error.
[14:03:35] worker_02 query=wealth_management_multi_step_comparative_125_questions:MC125-114 status=DAG_NODE_ERROR elapsed=6.667s
  ERROR stage=Q1:Exception retryable_api=True: Connection error.
[14:03:35] worker_02 query=wealth_management_multi_step_comparative_125_questions:MC125-118 status=DAG_NODE_ERROR elapsed=6.878s
  ERROR stage=Q1:Exception retryable_api=True: Connection error.
[14:03:35] API WARNING worker_02: [!] Decompose API error: Connection error.
[14:03:35] API WARNING worker_02: [!] Decompose API error: Connection error.
[14:03:35] API WARNING worker_02: [!] Decompose API error: Connection error.
[14:03:35] API WARNING worker_02: [!] Decompose API error: Connection error.
[14:03:35] API WARNING worker_02: [!] Decompose API error: Connection error.
353/1000 saved
[14:03:45] worker_01 query=wealth_management_multi_step_comparative_125_questions:MC125-101 status=DAG_NODE_ERROR elapsed=6.452s
  ERROR stage=Q1:Exception retryable_api=True: Connection error.
[14:03:45] worker_01 query=wealth_management_multi_step_comparative_125_questions:MC125-105 status=DAG_NODE_ERROR elapsed=6.328s
  ERROR stage=Q1:Exception retryable_api=True: Connection error.
[14:03:45] API WARNING worker_01: [!] Decompose API error: Connection error.
[14:03:45] API WARNING worker_01: [!] Decompose API error: Connection error.
[14:03:45] API WARNING worker_01: [!] Decompose API error: Connection error.
[14:03:45] API WARNING worker_01: [!] Decompose API error: Connection error.
[14:03:45] API WARNING worker_01: [!] Decompose API error: Connection error.
[14:03:45] API WARNING worker_01: [!] Decompose API error: Connection error.
[14:03:45] worker_02 query=wealth_management_multi_step_comparative_125_questions:MC125-122 status=DAG_NODE_ERROR elapsed=6.567s
  ERROR stage=Q1:Exception retryable_api=True: Connection error.
[14:03:45] API WARNING worker_02: [!] Decompose API error: Connection error.
[14:03:45] API WARNING worker_02: [!] Decompose API error: Connection error.
[14:03:45] API WARNING worker_02: [!] Decompose API error: Connection error.
[14:03:45] API WARNING worker_02: [!] Decompose API error: Connection error.
[14:03:45] API WARNING worker_02: [!] Decompose API error: Connection error.
[14:03:45] API WARNING worker_02: [!] Decompose API error: Connection error.
[14:03:45] API WARNING worker_02: [!] Decompose API error: Connection error.
356/1000 saved
[14:03:55] worker_01 query=wealth_management_multi_step_comparative_125_questions:MC125-109 status=DAG_NODE_ERROR elapsed=6.388s
  ERROR stage=Q1:Exception retryable_api=True: Connection error.
[14:03:55] API WARNING worker_01: [!] Decompose API error: Connection error.
[14:03:55] API WARNING worker_01: [!] Decompose API error: Connection error.
[14:03:55] API WARNING worker_01: [!] Decompose API error: Connection error.
[14:03:55] API WARNING worker_01: [!] Decompose API error: Connection error.
[14:03:55] API WARNING worker_01: [!] Decompose API error: Connection error.
[14:03:55] API WARNING worker_01: [!] Decompose API error: Connection error.
[14:03:56] worker_02 query=wealth_management_reference_compliance_125_questions:RC125-001 status=DAG_NODE_ERROR elapsed=6.861s
  ERROR stage=Q1:Exception retryable_api=True: Connection error.
[14:03:56] worker_02 query=wealth_management_reference_compliance_125_questions:RC125-005 status=DAG_NODE_ERROR elapsed=6.604s
  ERROR stage=Q1:Exception retryable_api=True: Connection error.
[14:03:56] API WARNING worker_02: [!] Decompose API error: Connection error.
[14:03:56] API WARNING worker_02: [!] Decompose API error: Connection error.
[14:03:56] API WARNING worker_02: [!] Decompose API error: Connection error.
[14:03:56] API WARNING worker_02: [!] Decompose API error: Connection error.
[14:03:56] API WARNING worker_02: [!] Decompose API error: Connection error.
[14:03:56] API WARNING worker_02: [!] Decompose API error: Connection error.
359/1000 saved
[14:04:06] worker_01 query=wealth_management_multi_step_comparative_125_questions:MC125-113 status=DAG_NODE_ERROR elapsed=6.705s
  ERROR stage=Q1:Exception retryable_api=True: Connection error.
[14:04:06] worker_01 query=wealth_management_multi_step_comparative_125_questions:MC125-117 status=DAG_NODE_ERROR elapsed=6.46s
  ERROR stage=Q1:Exception retryable_api=True: Connection error.
[14:04:06] API WARNING worker_01: [!] Decompose API error: Connection error.
[14:04:06] API WARNING worker_01: [!] Decompose API error: Connection error.
[14:04:06] API WARNING worker_01: [!] Decompose API error: Connection error.
[14:04:06] API WARNING worker_01: [!] Decompose API error: Connection error.
[14:04:06] API WARNING worker_01: [!] Decompose API error: Connection error.
[14:04:06] API WARNING worker_01: [!] Decompose API error: Connection error.
[14:04:06] worker_02 query=wealth_management_reference_compliance_125_questions:RC125-009 status=DAG_NODE_ERROR elapsed=6.507s
  ERROR stage=Q1:Exception retryable_api=True: Connection error.
[14:04:06] API WARNING worker_02: [!] Decompose API error: Connection error.
[14:04:06] API WARNING worker_02: [!] Decompose API error: Connection error.
[14:04:06] API WARNING worker_02: [!] Decompose API error: Connection error.
[14:04:06] API WARNING worker_02: [!] Decompose API error: Connection error.
[14:04:06] API WARNING worker_02: [!] Decompose API error: Connection error.
[14:04:06] API WARNING worker_02: [!] Decompose API error: Connection error.
362/1000 saved
[14:04:16] worker_01 query=wealth_management_multi_step_comparative_125_questions:MC125-121 status=DAG_NODE_ERROR elapsed=6.502s
  ERROR stage=Q1:Exception retryable_api=True: Connection error.
[14:04:16] worker_01 query=wealth_management_multi_step_comparative_125_questions:MC125-125 status=DAG_NODE_ERROR elapsed=7.124s
  ERROR stage=Q1:Exception retryable_api=True: Connection error.
[14:04:16] API WARNING worker_01: [!] Decompose API error: Connection error.
[14:04:16] API WARNING worker_01: [!] Decompose API error: Connection error.
[14:04:16] API WARNING worker_01: [!] Decompose API error: Connection error.
[14:04:16] API WARNING worker_01: [!] Decompose API error: Connection error.
[14:04:16] API WARNING worker_01: [!] Decompose API error: Connection error.
[14:04:16] API WARNING worker_01: [!] Decompose API error: Connection error.
[14:04:16] worker_02 query=wealth_management_reference_compliance_125_questions:RC125-013 status=DAG_NODE_ERROR elapsed=6.757s
  ERROR stage=Q1:Exception retryable_api=True: Connection error.
[14:04:16] worker_02 query=wealth_management_reference_compliance_125_questions:RC125-017 status=DAG_NODE_ERROR elapsed=6.291s
  ERROR stage=Q1:Exception retryable_api=True: Connection error.
[14:04:16] API WARNING worker_02: [!] Decompose API error: Connection error.
[14:04:16] API WARNING worker_02: [!] Decompose API error: Connection error.
[14:04:16] API WARNING worker_02: [!] Decompose API error: Connection error.
[14:04:16] API WARNING worker_02: [!] Decompose API error: Connection error.
[14:04:16] API WARNING worker_02: [!] Decompose API error: Connection error.
[14:04:16] API WARNING worker_02: [!] Decompose API error: Connection error.
366/1000 saved
[14:04:26] worker_01 query=wealth_management_reference_compliance_125_questions:RC125-004 status=DAG_NODE_ERROR elapsed=6.781s
  ERROR stage=Q1:Exception retryable_api=True: Connection error.
[14:04:26] API WARNING worker_01: [!] Decompose API error: Connection error.
[14:04:26] API WARNING worker_01: [!] Decompose API error: Connection error.
[14:04:26] API WARNING worker_01: [!] Decompose API error: Connection error.
[14:04:26] API WARNING worker_01: [!] Decompose API error: Connection error.
[14:04:26] API WARNING worker_01: [!] Decompose API error: Connection error.
[14:04:26] API WARNING worker_01: [!] Decompose API error: Connection error.
[14:04:26] worker_02 query=wealth_management_reference_compliance_125_questions:RC125-021 status=DAG_NODE_ERROR elapsed=6.441s
  ERROR stage=Q1:Exception retryable_api=True: Connection error.
[14:04:26] API WARNING worker_02: [!] Decompose API error: Connection error.
[14:04:26] API WARNING worker_02: [!] Decompose API error: Connection error.
[14:04:26] API WARNING worker_02: [!] Decompose API error: Connection error.
[14:04:26] API WARNING worker_02: [!] Decompose API error: Connection error.
[14:04:26] API WARNING worker_02: [!] Decompose API error: Connection error.
[14:04:26] API WARNING worker_02: [!] Decompose API error: Connection error.
[14:04:26] API WARNING worker_02: [!] Decompose API error: Connection error.
368/1000 saved
[14:04:37] worker_01 query=wealth_management_reference_compliance_125_questions:RC125-008 status=DAG_NODE_ERROR elapsed=6.855s
  ERROR stage=Q1:Exception retryable_api=True: Connection error.
[14:04:37] worker_01 query=wealth_management_reference_compliance_125_questions:RC125-012 status=DAG_NODE_ERROR elapsed=6.589s
  ERROR stage=Q1:Exception retryable_api=True: Connection error.
[14:04:37] API WARNING worker_01: [!] Decompose API error: Connection error.
[14:04:37] API WARNING worker_01: [!] Decompose API error: Connection error.
[14:04:37] API WARNING worker_01: [!] Decompose API error: Connection error.
[14:04:37] API WARNING worker_01: [!] Decompose API error: Connection error.
[14:04:37] API WARNING worker_01: [!] Decompose API error: Connection error.
[14:04:37] API WARNING worker_01: [!] Decompose API error: Connection error.
[14:04:37] worker_02 query=wealth_management_reference_compliance_125_questions:RC125-025 status=DAG_NODE_ERROR elapsed=6.386s
  ERROR stage=Q1:Exception retryable_api=True: Connection error.
[14:04:37] worker_02 query=wealth_management_reference_compliance_125_questions:RC125-029 status=DAG_NODE_ERROR elapsed=6.845s
  ERROR stage=Q1:Exception retryable_api=True: Connection error.
[14:04:37] API WARNING worker_02: [!] Decompose API error: Connection error.
[14:04:37] API WARNING worker_02: [!] Decompose API error: Connection error.
[14:04:37] API WARNING worker_02: [!] Decompose API error: Connection error.
[14:04:37] API WARNING worker_02: [!] Decompose API error: Connection error.
[14:04:37] API WARNING worker_02: [!] Decompose API error: Connection error.
[14:04:37] API WARNING worker_02: [!] Decompose API error: Connection error.
372/1000 saved
[14:04:47] worker_01 query=wealth_management_reference_compliance_125_questions:RC125-016 status=DAG_NODE_ERROR elapsed=6.374s
  ERROR stage=Q1:Exception retryable_api=True: Connection error.
[14:04:47] API WARNING worker_01: [!] Decompose API error: Connection error.
[14:04:47] API WARNING worker_01: [!] Decompose API error: Connection error.
[14:04:47] API WARNING worker_01: [!] Decompose API error: Connection error.
[14:04:47] API WARNING worker_01: [!] Decompose API error: Connection error.
[14:04:47] API WARNING worker_01: [!] Decompose API error: Connection error.
[14:04:47] API WARNING worker_01: [!] Decompose API error: Connection error.
[14:04:47] API WARNING worker_01: [!] Decompose API error: Connection error.
[14:04:47] worker_02 query=wealth_management_reference_compliance_125_questions:RC125-033 status=DAG_NODE_ERROR elapsed=6.506s
  ERROR stage=Q1:Exception retryable_api=True: Connection error.
[14:04:47] worker_02 query=wealth_management_reference_compliance_125_questions:RC125-037 status=DAG_NODE_ERROR elapsed=6.614s
  ERROR stage=Q1:Exception retryable_api=True: Connection error.
[14:04:47] API WARNING worker_02: [!] Decompose API error: Connection error.
[14:04:47] API WARNING worker_02: [!] Decompose API error: Connection error.
[14:04:47] API WARNING worker_02: [!] Decompose API error: Connection error.
[14:04:47] API WARNING worker_02: [!] Decompose API error: Connection error.
[14:04:47] API WARNING worker_02: [!] Decompose API error: Connection error.
[14:04:47] API WARNING worker_02: [!] Decompose API error: Connection error.
375/1000 saved
[14:04:57] worker_01 query=wealth_management_reference_compliance_125_questions:RC125-020 status=DAG_NODE_ERROR elapsed=6.715s
  ERROR stage=Q1:Exception retryable_api=True: Connection error.
[14:04:57] worker_01 query=wealth_management_reference_compliance_125_questions:RC125-024 status=DAG_NODE_ERROR elapsed=6.822s
  ERROR stage=Q1:Exception retryable_api=True: Connection error.
[14:04:57] API WARNING worker_01: [!] Decompose API error: Connection error.
[14:04:57] API WARNING worker_01: [!] Decompose API error: Connection error.
[14:04:57] API WARNING worker_01: [!] Decompose API error: Connection error.
[14:04:57] API WARNING worker_01: [!] Decompose API error: Connection error.
[14:04:57] API WARNING worker_01: [!] Decompose API error: Connection error.
[14:04:57] worker_02 query=wealth_management_reference_compliance_125_questions:RC125-041 status=DAG_NODE_ERROR elapsed=6.154s
  ERROR stage=Q1:Exception retryable_api=True: Connection error.
[14:04:57] API WARNING worker_02: [!] Decompose API error: Connection error.
[14:04:57] API WARNING worker_02: [!] Decompose API error: Connection error.
[14:04:57] API WARNING worker_02: [!] Decompose API error: Connection error.
[14:04:57] API WARNING worker_02: [!] Decompose API error: Connection error.
[14:04:57] API WARNING worker_02: [!] Decompose API error: Connection error.
[14:04:57] API WARNING worker_02: [!] Decompose API error: Connection error.
[14:04:57] API WARNING worker_02: [!] Decompose API error: Connection error.
378/1000 saved
[14:05:07] worker_01 query=wealth_management_reference_compliance_125_questions:RC125-028 status=DAG_NODE_ERROR elapsed=6.47s
  ERROR stage=Q1:Exception retryable_api=True: Connection error.
[14:05:07] API WARNING worker_01: [!] Decompose API error: Connection error.
[14:05:07] API WARNING worker_01: [!] Decompose API error: Connection error.
[14:05:07] API WARNING worker_01: [!] Decompose API error: Connection error.
[14:05:07] API WARNING worker_01: [!] Decompose API error: Connection error.
[14:05:07] API WARNING worker_01: [!] Decompose API error: Connection error.
[14:05:07] API WARNING worker_01: [!] Decompose API error: Connection error.
[14:05:07] API WARNING worker_01: [!] Decompose API error: Connection error.
[14:05:07] worker_02 query=wealth_management_reference_compliance_125_questions:RC125-045 status=DAG_NODE_ERROR elapsed=6.706s
  ERROR stage=Q1:Exception retryable_api=True: Connection error.
[14:05:07] worker_02 query=wealth_management_reference_compliance_125_questions:RC125-049 status=DAG_NODE_ERROR elapsed=6.724s
  ERROR stage=Q1:Exception retryable_api=True: Connection error.
[14:05:07] API WARNING worker_02: [!] Decompose API error: Connection error.
[14:05:07] API WARNING worker_02: [!] Decompose API error: Connection error.
[14:05:07] API WARNING worker_02: [!] Decompose API error: Connection error.
[14:05:07] API WARNING worker_02: [!] Decompose API error: Connection error.
[14:05:07] API WARNING worker_02: [!] Decompose API error: Connection error.
381/1000 saved
[14:05:18] worker_01 query=wealth_management_reference_compliance_125_questions:RC125-032 status=DAG_NODE_ERROR elapsed=6.55s
  ERROR stage=Q1:Exception retryable_api=True: Connection error.
[14:05:18] worker_01 query=wealth_management_reference_compliance_125_questions:RC125-036 status=DAG_NODE_ERROR elapsed=6.402s
  ERROR stage=Q1:Exception retryable_api=True: Connection error.
[14:05:18] API WARNING worker_01: [!] Decompose API error: Connection error.
[14:05:18] API WARNING worker_01: [!] Decompose API error: Connection error.
[14:05:18] API WARNING worker_01: [!] Decompose API error: Connection error.
[14:05:18] API WARNING worker_01: [!] Decompose API error: Connection error.
[14:05:18] API WARNING worker_01: [!] Decompose API error: Connection error.
[14:05:18] API WARNING worker_01: [!] Decompose API error: Connection error.
[14:05:18] worker_02 query=wealth_management_reference_compliance_125_questions:RC125-053 status=DAG_NODE_ERROR elapsed=6.791s
  ERROR stage=Q1:Exception retryable_api=True: Connection error.
[14:05:18] API WARNING worker_02: [!] Decompose API error: Connection error.
[14:05:18] API WARNING worker_02: [!] Decompose API error: Connection error.
[14:05:18] API WARNING worker_02: [!] Decompose API error: Connection error.
[14:05:18] API WARNING worker_02: [!] Decompose API error: Connection error.
[14:05:18] API WARNING worker_02: [!] Decompose API error: Connection error.
[14:05:18] API WARNING worker_02: [!] Decompose API error: Connection error.
[14:05:18] API WARNING worker_02: [!] Decompose API error: Connection error.
384/1000 saved
[14:05:28] worker_01 query=wealth_management_reference_compliance_125_questions:RC125-040 status=DAG_NODE_ERROR elapsed=6.799s
  ERROR stage=Q1:Exception retryable_api=True: Connection error.
[14:05:28] API WARNING worker_01: [!] Decompose API error: Connection error.
[14:05:28] API WARNING worker_01: [!] Decompose API error: Connection error.
[14:05:28] API WARNING worker_01: [!] Decompose API error: Connection error.
[14:05:28] API WARNING worker_01: [!] Decompose API error: Connection error.
[14:05:28] API WARNING worker_01: [!] Decompose API error: Connection error.
[14:05:28] API WARNING worker_01: [!] Decompose API error: Connection error.
[14:05:28] API WARNING worker_01: [!] Decompose API error: Connection error.
[14:05:28] worker_02 query=wealth_management_reference_compliance_125_questions:RC125-057 status=DAG_NODE_ERROR elapsed=6.571s
  ERROR stage=Q1:Exception retryable_api=True: Connection error.
[14:05:28] worker_02 query=wealth_management_reference_compliance_125_questions:RC125-061 status=DAG_NODE_ERROR elapsed=6.444s
  ERROR stage=Q1:Exception retryable_api=True: Connection error.
[14:05:28] API WARNING worker_02: [!] Decompose API error: Connection error.
[14:05:28] API WARNING worker_02: [!] Decompose API error: Connection error.
[14:05:28] API WARNING worker_02: [!] Decompose API error: Connection error.
[14:05:28] API WARNING worker_02: [!] Decompose API error: Connection error.
[14:05:28] API WARNING worker_02: [!] Decompose API error: Connection error.
[14:05:28] API WARNING worker_02: [!] Decompose API error: Connection error.
387/1000 saved
[14:05:38] worker_01 query=wealth_management_reference_compliance_125_questions:RC125-044 status=DAG_NODE_ERROR elapsed=6.981s
  ERROR stage=Q1:Exception retryable_api=True: Connection error.
[14:05:38] worker_01 query=wealth_management_reference_compliance_125_questions:RC125-048 status=DAG_NODE_ERROR elapsed=6.384s
  ERROR stage=Q1:Exception retryable_api=True: Connection error.
[14:05:38] API WARNING worker_01: [!] Decompose API error: Connection error.
[14:05:38] API WARNING worker_01: [!] Decompose API error: Connection error.
[14:05:38] API WARNING worker_01: [!] Decompose API error: Connection error.
[14:05:38] API WARNING worker_01: [!] Decompose API error: Connection error.
[14:05:38] API WARNING worker_01: [!] Decompose API error: Connection error.
[14:05:38] worker_02 query=wealth_management_reference_compliance_125_questions:RC125-065 status=DAG_NODE_ERROR elapsed=6.743s
  ERROR stage=Q1:Exception retryable_api=True: Connection error.
[14:05:38] API WARNING worker_02: [!] Decompose API error: Connection error.
[14:05:38] API WARNING worker_02: [!] Decompose API error: Connection error.
[14:05:38] API WARNING worker_02: [!] Decompose API error: Connection error.
[14:05:38] API WARNING worker_02: [!] Decompose API error: Connection error.
[14:05:38] API WARNING worker_02: [!] Decompose API error: Connection error.
[14:05:38] API WARNING worker_02: [!] Decompose API error: Connection error.
[14:05:38] API WARNING worker_02: [!] Decompose API error: Connection error.
390/1000 saved
[14:05:48] worker_01 query=wealth_management_reference_compliance_125_questions:RC125-052 status=DAG_NODE_ERROR elapsed=6.918s
  ERROR stage=Q1:Exception retryable_api=True: Connection error.
[14:05:48] API WARNING worker_01: [!] Decompose API error: Connection error.
[14:05:48] API WARNING worker_01: [!] Decompose API error: Connection error.
[14:05:48] API WARNING worker_01: [!] Decompose API error: Connection error.
[14:05:48] API WARNING worker_01: [!] Decompose API error: Connection error.
[14:05:48] API WARNING worker_01: [!] Decompose API error: Connection error.
[14:05:48] API WARNING worker_01: [!] Decompose API error: Connection error.
[14:05:48] API WARNING worker_01: [!] Decompose API error: Connection error.
[14:05:48] worker_02 query=wealth_management_reference_compliance_125_questions:RC125-069 status=DAG_NODE_ERROR elapsed=6.835s
  ERROR stage=Q1:Exception retryable_api=True: Connection error.
[14:05:48] worker_02 query=wealth_management_reference_compliance_125_questions:RC125-073 status=DAG_NODE_ERROR elapsed=6.927s
  ERROR stage=Q1:Exception retryable_api=True: Connection error.
[14:05:48] API WARNING worker_02: [!] Decompose API error: Connection error.
[14:05:48] API WARNING worker_02: [!] Decompose API error: Connection error.
[14:05:48] API WARNING worker_02: [!] Decompose API error: Connection error.
[14:05:48] API WARNING worker_02: [!] Decompose API error: Connection error.
[14:05:48] API WARNING worker_02: [!] Decompose API error: Connection error.
393/1000 saved
[14:05:59] worker_01 query=wealth_management_reference_compliance_125_questions:RC125-056 status=DAG_NODE_ERROR elapsed=6.881s
  ERROR stage=Q1:Exception retryable_api=True: Connection error.
[14:05:59] worker_01 query=wealth_management_reference_compliance_125_questions:RC125-060 status=DAG_NODE_ERROR elapsed=6.472s
  ERROR stage=Q1:Exception retryable_api=True: Connection error.
[14:05:59] API WARNING worker_01: [!] Decompose API error: Connection error.
[14:05:59] API WARNING worker_01: [!] Decompose API error: Connection error.
[14:05:59] API WARNING worker_01: [!] Decompose API error: Connection error.
[14:05:59] API WARNING worker_01: [!] Decompose API error: Connection error.
[14:05:59] API WARNING worker_01: [!] Decompose API error: Connection error.
[14:05:59] API WARNING worker_01: [!] Decompose API error: Connection error.
[14:05:59] worker_02 query=wealth_management_reference_compliance_125_questions:RC125-077 status=DAG_NODE_ERROR elapsed=6.674s
  ERROR stage=Q1:Exception retryable_api=True: Connection error.
[14:05:59] API WARNING worker_02: [!] Decompose API error: Connection error.
[14:05:59] API WARNING worker_02: [!] Decompose API error: Connection error.
[14:05:59] API WARNING worker_02: [!] Decompose API error: Connection error.
[14:05:59] API WARNING worker_02: [!] Decompose API error: Connection error.
[14:05:59] API WARNING worker_02: [!] Decompose API error: Connection error.
[14:05:59] API WARNING worker_02: [!] Decompose API error: Connection error.
[14:05:59] API WARNING worker_02: [!] Decompose API error: Connection error.
396/1000 saved
[14:06:09] worker_01 query=wealth_management_reference_compliance_125_questions:RC125-064 status=DAG_NODE_ERROR elapsed=6.747s
  ERROR stage=Q1:Exception retryable_api=True: Connection error.
[14:06:09] API WARNING worker_01: [!] Decompose API error: Connection error.
[14:06:09] API WARNING worker_01: [!] Decompose API error: Connection error.
[14:06:09] API WARNING worker_01: [!] Decompose API error: Connection error.
[14:06:09] API WARNING worker_01: [!] Decompose API error: Connection error.
[14:06:09] API WARNING worker_01: [!] Decompose API error: Connection error.
[14:06:09] API WARNING worker_01: [!] Decompose API error: Connection error.
[14:06:09] worker_02 query=wealth_management_reference_compliance_125_questions:RC125-081 status=DAG_NODE_ERROR elapsed=6.587s
  ERROR stage=Q1:Exception retryable_api=True: Connection error.
[14:06:09] worker_02 query=wealth_management_reference_compliance_125_questions:RC125-085 status=DAG_NODE_ERROR elapsed=6.585s
  ERROR stage=Q1:Exception retryable_api=True: Connection error.
[14:06:09] API WARNING worker_02: [!] Decompose API error: Connection error.
[14:06:09] API WARNING worker_02: [!] Decompose API error: Connection error.
[14:06:09] API WARNING worker_02: [!] Decompose API error: Connection error.
[14:06:09] API WARNING worker_02: [!] Decompose API error: Connection error.
[14:06:09] API WARNING worker_02: [!] Decompose API error: Connection error.
399/1000 saved
[14:06:19] worker_01 query=wealth_management_reference_compliance_125_questions:RC125-068 status=DAG_NODE_ERROR elapsed=6.628s
  ERROR stage=Q1:Exception retryable_api=True: Connection error.
[14:06:19] worker_01 query=wealth_management_reference_compliance_125_questions:RC125-072 status=DAG_NODE_ERROR elapsed=6.219s
  ERROR stage=Q1:Exception retryable_api=True: Connection error.
[14:06:19] API WARNING worker_01: [!] Decompose API error: Connection error.
[14:06:19] API WARNING worker_01: [!] Decompose API error: Connection error.
[14:06:19] API WARNING worker_01: [!] Decompose API error: Connection error.
[14:06:19] API WARNING worker_01: [!] Decompose API error: Connection error.
[14:06:19] API WARNING worker_01: [!] Decompose API error: Connection error.
[14:06:19] API WARNING worker_01: [!] Decompose API error: Connection error.
[14:06:19] API WARNING worker_01: [!] Decompose API error: Connection error.
[14:06:19] worker_02 query=wealth_management_reference_compliance_125_questions:RC125-089 status=DAG_NODE_ERROR elapsed=6.893s
  ERROR stage=Q1:Exception retryable_api=True: Connection error.
[14:06:19] API WARNING worker_02: [!] Decompose API error: Connection error.
[14:06:19] API WARNING worker_02: [!] Decompose API error: Connection error.
[14:06:19] API WARNING worker_02: [!] Decompose API error: Connection error.
[14:06:19] API WARNING worker_02: [!] Decompose API error: Connection error.
[14:06:19] API WARNING worker_02: [!] Decompose API error: Connection error.
[14:06:19] API WARNING worker_02: [!] Decompose API error: Connection error.
[14:06:19] API WARNING worker_02: [!] Decompose API error: Connection error.
402/1000 saved
[14:06:30] worker_01 query=wealth_management_reference_compliance_125_questions:RC125-076 status=DAG_NODE_ERROR elapsed=6.549s
  ERROR stage=Q1:Exception retryable_api=True: Connection error.
[14:06:30] worker_01 query=wealth_management_reference_compliance_125_questions:RC125-080 status=DAG_NODE_ERROR elapsed=6.792s
  ERROR stage=Q1:Exception retryable_api=True: Connection error.
[14:06:30] API WARNING worker_01: [!] Decompose API error: Connection error.
[14:06:30] API WARNING worker_01: [!] Decompose API error: Connection error.
[14:06:30] API WARNING worker_01: [!] Decompose API error: Connection error.
[14:06:30] API WARNING worker_01: [!] Decompose API error: Connection error.
[14:06:30] API WARNING worker_01: [!] Decompose API error: Connection error.
[14:06:30] worker_02 query=wealth_management_reference_compliance_125_questions:RC125-093 status=DAG_NODE_ERROR elapsed=6.48s
  ERROR stage=Q1:Exception retryable_api=True: Connection error.
[14:06:30] worker_02 query=wealth_management_reference_compliance_125_questions:RC125-097 status=DAG_NODE_ERROR elapsed=6.738s
  ERROR stage=Q1:Exception retryable_api=True: Connection error.
[14:06:30] API WARNING worker_02: [!] Decompose API error: Connection error.
[14:06:30] API WARNING worker_02: [!] Decompose API error: Connection error.
[14:06:30] API WARNING worker_02: [!] Decompose API error: Connection error.
[14:06:30] API WARNING worker_02: [!] Decompose API error: Connection error.
[14:06:30] API WARNING worker_02: [!] Decompose API error: Connection error.
[14:06:30] API WARNING worker_02: [!] Decompose API error: Connection error.
406/1000 saved
[14:06:40] worker_01 query=wealth_management_reference_compliance_125_questions:RC125-084 status=DAG_NODE_ERROR elapsed=6.177s
  ERROR stage=Q1:Exception retryable_api=True: Connection error.
[14:06:40] API WARNING worker_01: [!] Decompose API error: Connection error.
[14:06:40] API WARNING worker_01: [!] Decompose API error: Connection error.
[14:06:40] API WARNING worker_01: [!] Decompose API error: Connection error.
[14:06:40] API WARNING worker_01: [!] Decompose API error: Connection error.
[14:06:40] API WARNING worker_01: [!] Decompose API error: Connection error.
[14:06:40] API WARNING worker_01: [!] Decompose API error: Connection error.
[14:06:40] API WARNING worker_01: [!] Decompose API error: Connection error.
[14:06:40] worker_02 query=wealth_management_reference_compliance_125_questions:RC125-101 status=DAG_NODE_ERROR elapsed=6.827s
  ERROR stage=Q1:Exception retryable_api=True: Connection error.
[14:06:40] worker_02 query=wealth_management_reference_compliance_125_questions:RC125-105 status=DAG_NODE_ERROR elapsed=6.44s
  ERROR stage=Q1:Exception retryable_api=True: Connection error.
[14:06:40] API WARNING worker_02: [!] Decompose API error: Connection error.
[14:06:40] API WARNING worker_02: [!] Decompose API error: Connection error.
[14:06:40] API WARNING worker_02: [!] Decompose API error: Connection error.
[14:06:40] API WARNING worker_02: [!] Decompose API error: Connection error.
[14:06:40] API WARNING worker_02: [!] Decompose API error: Connection error.
[14:06:40] API WARNING worker_02: [!] Decompose API error: Connection error.
409/1000 saved
[14:06:50] worker_01 query=wealth_management_reference_compliance_125_questions:RC125-088 status=DAG_NODE_ERROR elapsed=6.779s
  ERROR stage=Q1:Exception retryable_api=True: Connection error.
[14:06:50] worker_01 query=wealth_management_reference_compliance_125_questions:RC125-092 status=DAG_NODE_ERROR elapsed=6.388s
  ERROR stage=Q1:Exception retryable_api=True: Connection error.
[14:06:50] API WARNING worker_01: [!] Decompose API error: Connection error.
[14:06:50] API WARNING worker_01: [!] Decompose API error: Connection error.
[14:06:50] API WARNING worker_01: [!] Decompose API error: Connection error.
[14:06:50] API WARNING worker_01: [!] Decompose API error: Connection error.
[14:06:50] API WARNING worker_01: [!] Decompose API error: Connection error.
[14:06:50] API WARNING worker_01: [!] Decompose API error: Connection error.
[14:06:50] worker_02 query=wealth_management_reference_compliance_125_questions:RC125-109 status=DAG_NODE_ERROR elapsed=6.538s
  ERROR stage=Q1:Exception retryable_api=True: Connection error.
[14:06:50] API WARNING worker_02: [!] Decompose API error: Connection error.
[14:06:50] API WARNING worker_02: [!] Decompose API error: Connection error.
[14:06:50] API WARNING worker_02: [!] Decompose API error: Connection error.
[14:06:50] API WARNING worker_02: [!] Decompose API error: Connection error.
[14:06:50] API WARNING worker_02: [!] Decompose API error: Connection error.
[14:06:50] API WARNING worker_02: [!] Decompose API error: Connection error.
412/1000 saved
[14:07:00] worker_01 query=wealth_management_reference_compliance_125_questions:RC125-096 status=DAG_NODE_ERROR elapsed=6.756s
  ERROR stage=Q1:Exception retryable_api=True: Connection error.
[14:07:00] API WARNING worker_01: [!] Decompose API error: Connection error.
[14:07:00] API WARNING worker_01: [!] Decompose API error: Connection error.
[14:07:00] API WARNING worker_01: [!] Decompose API error: Connection error.
[14:07:00] API WARNING worker_01: [!] Decompose API error: Connection error.
[14:07:00] API WARNING worker_01: [!] Decompose API error: Connection error.
[14:07:00] API WARNING worker_01: [!] Decompose API error: Connection error.
[14:07:00] worker_02 query=wealth_management_reference_compliance_125_questions:RC125-113 status=DAG_NODE_ERROR elapsed=6.648s
  ERROR stage=Q1:Exception retryable_api=True: Connection error.
[14:07:00] worker_02 query=wealth_management_reference_compliance_125_questions:RC125-117 status=DAG_NODE_ERROR elapsed=6.563s
  ERROR stage=Q1:Exception retryable_api=True: Connection error.
[14:07:00] API WARNING worker_02: [!] Decompose API error: Connection error.
[14:07:00] API WARNING worker_02: [!] Decompose API error: Connection error.
[14:07:00] API WARNING worker_02: [!] Decompose API error: Connection error.
[14:07:00] API WARNING worker_02: [!] Decompose API error: Connection error.
[14:07:00] API WARNING worker_02: [!] Decompose API error: Connection error.
[14:07:00] API WARNING worker_02: [!] Decompose API error: Connection error.
415/1000 saved
[14:07:11] worker_01 query=wealth_management_reference_compliance_125_questions:RC125-100 status=DAG_NODE_ERROR elapsed=7.017s
  ERROR stage=Q1:Exception retryable_api=True: Connection error.
[14:07:11] worker_01 query=wealth_management_reference_compliance_125_questions:RC125-104 status=DAG_NODE_ERROR elapsed=6.751s
  ERROR stage=Q1:Exception retryable_api=True: Connection error.
[14:07:11] API WARNING worker_01: [!] Decompose API error: Connection error.
[14:07:11] API WARNING worker_01: [!] Decompose API error: Connection error.
[14:07:11] API WARNING worker_01: [!] Decompose API error: Connection error.
[14:07:11] API WARNING worker_01: [!] Decompose API error: Connection error.
[14:07:11] API WARNING worker_01: [!] Decompose API error: Connection error.
[14:07:11] API WARNING worker_01: [!] Decompose API error: Connection error.
[14:07:11] worker_02 query=wealth_management_reference_compliance_125_questions:RC125-121 status=DAG_NODE_ERROR elapsed=6.205s
  ERROR stage=Q1:Exception retryable_api=True: Connection error.
[14:07:11] API WARNING worker_02: [!] Decompose API error: Connection error.
[14:07:11] API WARNING worker_02: [!] Decompose API error: Connection error.
[14:07:11] API WARNING worker_02: [!] Decompose API error: Connection error.
[14:07:11] API WARNING worker_02: [!] Decompose API error: Connection error.
[14:07:11] API WARNING worker_02: [!] Decompose API error: Connection error.
[14:07:11] API WARNING worker_02: [!] Decompose API error: Connection error.
[14:07:11] API WARNING worker_02: [!] Decompose API error: Connection error.
418/1000 saved
[14:07:21] worker_01 query=wealth_management_reference_compliance_125_questions:RC125-108 status=DAG_NODE_ERROR elapsed=6.799s
  ERROR stage=Q1:Exception retryable_api=True: Connection error.
[14:07:21] API WARNING worker_01: [!] Decompose API error: Connection error.
[14:07:21] API WARNING worker_01: [!] Decompose API error: Connection error.
[14:07:21] API WARNING worker_01: [!] Decompose API error: Connection error.
[14:07:21] API WARNING worker_01: [!] Decompose API error: Connection error.
[14:07:21] API WARNING worker_01: [!] Decompose API error: Connection error.
[14:07:21] API WARNING worker_01: [!] Decompose API error: Connection error.
[14:07:21] API WARNING worker_01: [!] Decompose API error: Connection error.
[14:07:21] worker_02 query=wealth_management_reference_compliance_125_questions:RC125-125 status=DAG_NODE_ERROR elapsed=6.702s
  ERROR stage=Q1:Exception retryable_api=True: Connection error.
[14:07:21] worker_02 query=wealth_management_scoring_quantitative_125_questions:SQA125-1T-004 status=DAG_NODE_ERROR elapsed=6.318s
  ERROR stage=Q1:Exception retryable_api=True: Connection error.
[14:07:21] API WARNING worker_02: [!] Decompose API error: Connection error.
[14:07:21] API WARNING worker_02: [!] Decompose API error: Connection error.
[14:07:21] API WARNING worker_02: [!] Decompose API error: Connection error.
[14:07:21] API WARNING worker_02: [!] Decompose API error: Connection error.
[14:07:21] API WARNING worker_02: [!] Decompose API error: Connection error.
[14:07:21] API WARNING worker_02: [!] Decompose API error: Connection error.
421/1000 saved
[14:07:31] worker_01 query=wealth_management_reference_compliance_125_questions:RC125-112 status=DAG_NODE_ERROR elapsed=6.579s
  ERROR stage=Q1:Exception retryable_api=True: Connection error.
[14:07:31] worker_01 query=wealth_management_reference_compliance_125_questions:RC125-116 status=DAG_NODE_ERROR elapsed=6.44s
  ERROR stage=Q1:Exception retryable_api=True: Connection error.
[14:07:31] API WARNING worker_01: [!] Decompose API error: Connection error.
[14:07:31] API WARNING worker_01: [!] Decompose API error: Connection error.
[14:07:31] API WARNING worker_01: [!] Decompose API error: Connection error.
[14:07:31] API WARNING worker_01: [!] Decompose API error: Connection error.
[14:07:31] API WARNING worker_01: [!] Decompose API error: Connection error.
[14:07:31] API WARNING worker_01: [!] Decompose API error: Connection error.
[14:07:31] worker_02 query=wealth_management_scoring_quantitative_125_questions:SQA125-1T-008 status=DAG_NODE_ERROR elapsed=6.943s
  ERROR stage=Q1:Exception retryable_api=True: Connection error.
[14:07:31] API WARNING worker_02: [!] Decompose API error: Connection error.
[14:07:31] API WARNING worker_02: [!] Decompose API error: Connection error.
[14:07:31] API WARNING worker_02: [!] Decompose API error: Connection error.
[14:07:31] API WARNING worker_02: [!] Decompose API error: Connection error.
[14:07:31] API WARNING worker_02: [!] Decompose API error: Connection error.
[14:07:31] API WARNING worker_02: [!] Decompose API error: Connection error.
[14:07:31] API WARNING worker_02: [!] Decompose API error: Connection error.
424/1000 saved
[14:07:41] worker_01 query=wealth_management_reference_compliance_125_questions:RC125-120 status=DAG_NODE_ERROR elapsed=6.944s
  ERROR stage=Q1:Exception retryable_api=True: Connection error.
[14:07:41] API WARNING worker_01: [!] Decompose API error: Connection error.
[14:07:41] API WARNING worker_01: [!] Decompose API error: Connection error.
[14:07:41] API WARNING worker_01: [!] Decompose API error: Connection error.
[14:07:41] API WARNING worker_01: [!] Decompose API error: Connection error.
[14:07:41] API WARNING worker_01: [!] Decompose API error: Connection error.
[14:07:41] API WARNING worker_01: [!] Decompose API error: Connection error.
[14:07:42] worker_02 query=wealth_management_scoring_quantitative_125_questions:SQA125-1T-012 status=DAG_NODE_ERROR elapsed=6.422s
  ERROR stage=Q1:Exception retryable_api=True: Connection error.
[14:07:42] worker_02 query=wealth_management_scoring_quantitative_125_questions:SQA125-1T-016 status=DAG_NODE_ERROR elapsed=6.962s
  ERROR stage=Q1:Exception retryable_api=True: Connection error.
[14:07:42] API WARNING worker_02: [!] Decompose API error: Connection error.
[14:07:42] API WARNING worker_02: [!] Decompose API error: Connection error.
[14:07:42] API WARNING worker_02: [!] Decompose API error: Connection error.
[14:07:42] API WARNING worker_02: [!] Decompose API error: Connection error.
[14:07:42] API WARNING worker_02: [!] Decompose API error: Connection error.
[14:07:42] API WARNING worker_02: [!] Decompose API error: Connection error.
427/1000 saved
[14:07:52] worker_01 query=wealth_management_reference_compliance_125_questions:RC125-124 status=DAG_NODE_ERROR elapsed=6.922s
  ERROR stage=Q1:Exception retryable_api=True: Connection error.
[14:07:52] worker_01 query=wealth_management_scoring_quantitative_125_questions:SQA125-1T-003 status=DAG_NODE_ERROR elapsed=6.593s
  ERROR stage=Q1:Exception retryable_api=True: Connection error.
[14:07:52] API WARNING worker_01: [!] Decompose API error: Connection error.
[14:07:52] API WARNING worker_01: [!] Decompose API error: Connection error.
[14:07:52] API WARNING worker_01: [!] Decompose API error: Connection error.
[14:07:52] API WARNING worker_01: [!] Decompose API error: Connection error.
[14:07:52] API WARNING worker_01: [!] Decompose API error: Connection error.
[14:07:52] API WARNING worker_01: [!] Decompose API error: Connection error.
[14:07:52] worker_02 query=wealth_management_scoring_quantitative_125_questions:SQA125-1T-020 status=DAG_NODE_ERROR elapsed=6.163s
  ERROR stage=Q1:Exception retryable_api=True: Connection error.
[14:07:52] worker_02 query=wealth_management_scoring_quantitative_125_questions:SQA125-1T-024 status=DAG_NODE_ERROR elapsed=6.492s
  ERROR stage=Q1:Exception retryable_api=True: Connection error.
[14:07:52] API WARNING worker_02: [!] Decompose API error: Connection error.
[14:07:52] API WARNING worker_02: [!] Decompose API error: Connection error.
[14:07:52] API WARNING worker_02: [!] Decompose API error: Connection error.
[14:07:52] API WARNING worker_02: [!] Decompose API error: Connection error.
[14:07:52] API WARNING worker_02: [!] Decompose API error: Connection error.
[14:07:52] API WARNING worker_02: [!] Decompose API error: Connection error.
431/1000 saved
[14:08:02] worker_01 query=wealth_management_scoring_quantitative_125_questions:SQA125-1T-007 status=DAG_NODE_ERROR elapsed=6.659s
  ERROR stage=Q1:Exception retryable_api=True: Connection error.
[14:08:02] API WARNING worker_01: [!] Decompose API error: Connection error.
[14:08:02] API WARNING worker_01: [!] Decompose API error: Connection error.
[14:08:02] API WARNING worker_01: [!] Decompose API error: Connection error.
[14:08:02] API WARNING worker_01: [!] Decompose API error: Connection error.
[14:08:02] API WARNING worker_01: [!] Decompose API error: Connection error.
[14:08:02] API WARNING worker_01: [!] Decompose API error: Connection error.
[14:08:02] worker_02 query=wealth_management_scoring_quantitative_125_questions:SQA125-1T-028 status=DAG_NODE_ERROR elapsed=6.558s
  ERROR stage=Q1:Exception retryable_api=True: Connection error.
[14:08:02] API WARNING worker_02: [!] Decompose API error: Connection error.
[14:08:02] API WARNING worker_02: [!] Decompose API error: Connection error.
[14:08:02] API WARNING worker_02: [!] Decompose API error: Connection error.
[14:08:02] API WARNING worker_02: [!] Decompose API error: Connection error.
[14:08:02] API WARNING worker_02: [!] Decompose API error: Connection error.
[14:08:02] API WARNING worker_02: [!] Decompose API error: Connection error.
[14:08:02] API WARNING worker_02: [!] Decompose API error: Connection error.
434/1000 saved
[14:08:12] worker_01 query=wealth_management_scoring_quantitative_125_questions:SQA125-1T-011 status=DAG_NODE_ERROR elapsed=6.479s
  ERROR stage=Q1:Exception retryable_api=True: Connection error.
[14:08:12] worker_01 query=wealth_management_scoring_quantitative_125_questions:SQA125-1T-015 status=DAG_NODE_ERROR elapsed=6.471s
  ERROR stage=Q1:Exception retryable_api=True: Connection error.
[14:08:12] API WARNING worker_01: [!] Decompose API error: Connection error.
[14:08:12] API WARNING worker_01: [!] Decompose API error: Connection error.
[14:08:12] API WARNING worker_01: [!] Decompose API error: Connection error.
[14:08:12] API WARNING worker_01: [!] Decompose API error: Connection error.
[14:08:12] API WARNING worker_01: [!] Decompose API error: Connection error.
[14:08:12] API WARNING worker_01: [!] Decompose API error: Connection error.
[14:08:12] API WARNING worker_01: [!] Decompose API error: Connection error.
[14:08:12] worker_02 query=wealth_management_scoring_quantitative_125_questions:SQA125-1T-032 status=DAG_NODE_ERROR elapsed=6.47s
  ERROR stage=Q1:Exception retryable_api=True: Connection error.
[14:08:12] worker_02 query=wealth_management_scoring_quantitative_125_questions:SQA125-1T-036 status=DAG_NODE_ERROR elapsed=6.445s
  ERROR stage=Q1:Exception retryable_api=True: Connection error.
[14:08:12] API WARNING worker_02: [!] Decompose API error: Connection error.
[14:08:12] API WARNING worker_02: [!] Decompose API error: Connection error.
[14:08:12] API WARNING worker_02: [!] Decompose API error: Connection error.
[14:08:12] API WARNING worker_02: [!] Decompose API error: Connection error.
[14:08:12] API WARNING worker_02: [!] Decompose API error: Connection error.
[14:08:12] API WARNING worker_02: [!] Decompose API error: Connection error.
437/1000 saved
[14:08:23] worker_01 query=wealth_management_scoring_quantitative_125_questions:SQA125-1T-019 status=DAG_NODE_ERROR elapsed=6.472s
  ERROR stage=Q1:Exception retryable_api=True: Connection error.
[14:08:23] worker_01 query=wealth_management_scoring_quantitative_125_questions:SQA125-1T-023 status=DAG_NODE_ERROR elapsed=6.791s
  ERROR stage=Q1:Exception retryable_api=True: Connection error.
[14:08:23] API WARNING worker_01: [!] Decompose API error: Connection error.
[14:08:23] API WARNING worker_01: [!] Decompose API error: Connection error.
[14:08:23] API WARNING worker_01: [!] Decompose API error: Connection error.
[14:08:23] API WARNING worker_01: [!] Decompose API error: Connection error.
[14:08:23] API WARNING worker_01: [!] Decompose API error: Connection error.
[14:08:23] worker_02 query=wealth_management_scoring_quantitative_125_questions:SQA125-1T-040 status=DAG_NODE_ERROR elapsed=6.793s
  ERROR stage=Q1:Exception retryable_api=True: Connection error.
[14:08:23] API WARNING worker_02: [!] Decompose API error: Connection error.
[14:08:23] API WARNING worker_02: [!] Decompose API error: Connection error.
[14:08:23] API WARNING worker_02: [!] Decompose API error: Connection error.
[14:08:23] API WARNING worker_02: [!] Decompose API error: Connection error.
[14:08:23] API WARNING worker_02: [!] Decompose API error: Connection error.
[14:08:23] API WARNING worker_02: [!] Decompose API error: Connection error.
440/1000 saved
[14:08:33] worker_01 query=wealth_management_scoring_quantitative_125_questions:SQA125-1T-027 status=DAG_NODE_ERROR elapsed=6.656s
  ERROR stage=Q1:Exception retryable_api=True: Connection error.
[14:08:33] API WARNING worker_01: [!] Decompose API error: Connection error.
[14:08:33] API WARNING worker_01: [!] Decompose API error: Connection error.
[14:08:33] API WARNING worker_01: [!] Decompose API error: Connection error.
[14:08:33] API WARNING worker_01: [!] Decompose API error: Connection error.
[14:08:33] API WARNING worker_01: [!] Decompose API error: Connection error.
[14:08:33] API WARNING worker_01: [!] Decompose API error: Connection error.
[14:08:33] API WARNING worker_01: [!] Decompose API error: Connection error.
[14:08:33] worker_02 query=wealth_management_scoring_quantitative_125_questions:SQA125-2T-004 status=DAG_NODE_ERROR elapsed=6.983s
  ERROR stage=Q1:Exception retryable_api=True: Connection error.
[14:08:33] worker_02 query=wealth_management_scoring_quantitative_125_questions:SQA125-2T-008 status=DAG_NODE_ERROR elapsed=6.664s
  ERROR stage=Q1:Exception retryable_api=True: Connection error.
[14:08:33] API WARNING worker_02: [!] Decompose API error: Connection error.
[14:08:33] API WARNING worker_02: [!] Decompose API error: Connection error.
[14:08:33] API WARNING worker_02: [!] Decompose API error: Connection error.
[14:08:33] API WARNING worker_02: [!] Decompose API error: Connection error.
[14:08:33] API WARNING worker_02: [!] Decompose API error: Connection error.
[14:08:33] API WARNING worker_02: [!] Decompose API error: Connection error.
443/1000 saved
[14:08:43] worker_01 query=wealth_management_scoring_quantitative_125_questions:SQA125-1T-031 status=DAG_NODE_ERROR elapsed=6.777s
  ERROR stage=Q1:Exception retryable_api=True: Connection error.
[14:08:43] worker_01 query=wealth_management_scoring_quantitative_125_questions:SQA125-1T-035 status=DAG_NODE_ERROR elapsed=6.844s
  ERROR stage=Q1:Exception retryable_api=True: Connection error.
[14:08:43] API WARNING worker_01: [!] Decompose API error: Connection error.
[14:08:43] API WARNING worker_01: [!] Decompose API error: Connection error.
[14:08:43] API WARNING worker_01: [!] Decompose API error: Connection error.
[14:08:43] API WARNING worker_01: [!] Decompose API error: Connection error.
[14:08:43] API WARNING worker_01: [!] Decompose API error: Connection error.
[14:08:43] worker_02 query=wealth_management_scoring_quantitative_125_questions:SQA125-2T-012 status=DAG_NODE_ERROR elapsed=6.404s
  ERROR stage=Q1:Exception retryable_api=True: Connection error.
[14:08:43] API WARNING worker_02: [!] Decompose API error: Connection error.
[14:08:43] API WARNING worker_02: [!] Decompose API error: Connection error.
[14:08:43] API WARNING worker_02: [!] Decompose API error: Connection error.
[14:08:43] API WARNING worker_02: [!] Decompose API error: Connection error.
[14:08:43] API WARNING worker_02: [!] Decompose API error: Connection error.
[14:08:43] API WARNING worker_02: [!] Decompose API error: Connection error.
[14:08:43] API WARNING worker_02: [!] Decompose API error: Connection error.
446/1000 saved
[14:08:53] worker_01 query=wealth_management_scoring_quantitative_125_questions:SQA125-1T-039 status=DAG_NODE_ERROR elapsed=6.769s
  ERROR stage=Q1:Exception retryable_api=True: Connection error.
[14:08:53] API WARNING worker_01: [!] Decompose API error: Connection error.
[14:08:53] API WARNING worker_01: [!] Decompose API error: Connection error.
[14:08:53] API WARNING worker_01: [!] Decompose API error: Connection error.
[14:08:53] API WARNING worker_01: [!] Decompose API error: Connection error.
[14:08:53] API WARNING worker_01: [!] Decompose API error: Connection error.
[14:08:53] API WARNING worker_01: [!] Decompose API error: Connection error.
[14:08:53] API WARNING worker_01: [!] Decompose API error: Connection error.
[14:08:53] worker_02 query=wealth_management_scoring_quantitative_125_questions:SQA125-2T-016 status=DAG_NODE_ERROR elapsed=6.69s
  ERROR stage=Q1:Exception retryable_api=True: Connection error.
[14:08:53] worker_02 query=wealth_management_scoring_quantitative_125_questions:SQA125-2T-020 status=DAG_NODE_ERROR elapsed=6.421s
  ERROR stage=Q1:Exception retryable_api=True: Connection error.
[14:08:53] API WARNING worker_02: [!] Decompose API error: Connection error.
[14:08:53] API WARNING worker_02: [!] Decompose API error: Connection error.
[14:08:53] API WARNING worker_02: [!] Decompose API error: Connection error.
[14:08:53] API WARNING worker_02: [!] Decompose API error: Connection error.
[14:08:53] API WARNING worker_02: [!] Decompose API error: Connection error.
449/1000 saved
[14:09:04] worker_01 query=wealth_management_scoring_quantitative_125_questions:SQA125-2T-003 status=DAG_NODE_ERROR elapsed=6.745s
  ERROR stage=Q1:Exception retryable_api=True: Connection error.
[14:09:04] worker_01 query=wealth_management_scoring_quantitative_125_questions:SQA125-2T-007 status=DAG_NODE_ERROR elapsed=6.634s
  ERROR stage=Q1:Exception retryable_api=True: Connection error.
[14:09:04] API WARNING worker_01: [!] Decompose API error: Connection error.
[14:09:04] API WARNING worker_01: [!] Decompose API error: Connection error.
[14:09:04] API WARNING worker_01: [!] Decompose API error: Connection error.
[14:09:04] API WARNING worker_01: [!] Decompose API error: Connection error.
[14:09:04] API WARNING worker_01: [!] Decompose API error: Connection error.
[14:09:04] API WARNING worker_01: [!] Decompose API error: Connection error.
[14:09:04] worker_02 query=wealth_management_scoring_quantitative_125_questions:SQA125-2T-024 status=DAG_NODE_ERROR elapsed=6.319s
  ERROR stage=Q1:Exception retryable_api=True: Connection error.
[14:09:04] API WARNING worker_02: [!] Decompose API error: Connection error.
[14:09:04] API WARNING worker_02: [!] Decompose API error: Connection error.
[14:09:04] API WARNING worker_02: [!] Decompose API error: Connection error.
[14:09:04] API WARNING worker_02: [!] Decompose API error: Connection error.
[14:09:04] API WARNING worker_02: [!] Decompose API error: Connection error.
[14:09:04] API WARNING worker_02: [!] Decompose API error: Connection error.
[14:09:04] API WARNING worker_02: [!] Decompose API error: Connection error.
452/1000 saved
[14:09:14] worker_01 query=wealth_management_scoring_quantitative_125_questions:SQA125-2T-011 status=DAG_NODE_ERROR elapsed=6.517s
  ERROR stage=Q1:Exception retryable_api=True: Connection error.
[14:09:14] API WARNING worker_01: [!] Decompose API error: Connection error.
[14:09:14] API WARNING worker_01: [!] Decompose API error: Connection error.
[14:09:14] API WARNING worker_01: [!] Decompose API error: Connection error.
[14:09:14] API WARNING worker_01: [!] Decompose API error: Connection error.
[14:09:14] API WARNING worker_01: [!] Decompose API error: Connection error.
[14:09:14] API WARNING worker_01: [!] Decompose API error: Connection error.
[14:09:14] API WARNING worker_01: [!] Decompose API error: Connection error.
[14:09:14] worker_02 query=wealth_management_scoring_quantitative_125_questions:SQA125-2T-028 status=DAG_NODE_ERROR elapsed=6.698s
  ERROR stage=Q1:Exception retryable_api=True: Connection error.
[14:09:14] worker_02 query=wealth_management_scoring_quantitative_125_questions:SQA125-2T-032 status=DAG_NODE_ERROR elapsed=6.451s
  ERROR stage=Q1:Exception retryable_api=True: Connection error.
[14:09:14] API WARNING worker_02: [!] Decompose API error: Connection error.
[14:09:14] API WARNING worker_02: [!] Decompose API error: Connection error.
[14:09:14] API WARNING worker_02: [!] Decompose API error: Connection error.
[14:09:14] API WARNING worker_02: [!] Decompose API error: Connection error.
[14:09:14] API WARNING worker_02: [!] Decompose API error: Connection error.
[14:09:14] API WARNING worker_02: [!] Decompose API error: Connection error.
455/1000 saved
[14:09:24] worker_01 query=wealth_management_scoring_quantitative_125_questions:SQA125-2T-015 status=DAG_NODE_ERROR elapsed=6.456s
  ERROR stage=Q1:Exception retryable_api=True: Connection error.
[14:09:24] worker_01 query=wealth_management_scoring_quantitative_125_questions:SQA125-2T-019 status=DAG_NODE_ERROR elapsed=6.631s
  ERROR stage=Q1:Exception retryable_api=True: Connection error.
[14:09:24] API WARNING worker_01: [!] Decompose API error: Connection error.
[14:09:24] API WARNING worker_01: [!] Decompose API error: Connection error.
[14:09:24] API WARNING worker_01: [!] Decompose API error: Connection error.
[14:09:24] API WARNING worker_01: [!] Decompose API error: Connection error.
[14:09:24] API WARNING worker_01: [!] Decompose API error: Connection error.
[14:09:24] worker_02 query=wealth_management_scoring_quantitative_125_questions:SQA125-2T-036 status=DAG_NODE_ERROR elapsed=6.474s
  ERROR stage=Q1:Exception retryable_api=True: Connection error.
[14:09:24] worker_02 query=wealth_management_scoring_quantitative_125_questions:SQA125-2T-040 status=DAG_NODE_ERROR elapsed=6.657s
  ERROR stage=Q1:Exception retryable_api=True: Connection error.
[14:09:24] API WARNING worker_02: [!] Decompose API error: Connection error.
[14:09:24] API WARNING worker_02: [!] Decompose API error: Connection error.
[14:09:24] API WARNING worker_02: [!] Decompose API error: Connection error.
[14:09:24] API WARNING worker_02: [!] Decompose API error: Connection error.
[14:09:24] API WARNING worker_02: [!] Decompose API error: Connection error.
[14:09:24] API WARNING worker_02: [!] Decompose API error: Connection error.
459/1000 saved
[14:09:35] worker_01 query=wealth_management_scoring_quantitative_125_questions:SQA125-2T-023 status=DAG_NODE_ERROR elapsed=6.822s
  ERROR stage=Q1:Exception retryable_api=True: Connection error.
[14:09:35] API WARNING worker_01: [!] Decompose API error: Connection error.
[14:09:35] API WARNING worker_01: [!] Decompose API error: Connection error.
[14:09:35] API WARNING worker_01: [!] Decompose API error: Connection error.
[14:09:35] API WARNING worker_01: [!] Decompose API error: Connection error.
[14:09:35] API WARNING worker_01: [!] Decompose API error: Connection error.
[14:09:35] API WARNING worker_01: [!] Decompose API error: Connection error.
[14:09:35] API WARNING worker_01: [!] Decompose API error: Connection error.
[14:09:35] worker_02 query=wealth_management_scoring_quantitative_125_questions:SQA125-3T-004 status=DAG_NODE_ERROR elapsed=6.503s
  ERROR stage=Q1:Exception retryable_api=True: Connection error.
[14:09:35] API WARNING worker_02: [!] Decompose API error: Connection error.
[14:09:35] API WARNING worker_02: [!] Decompose API error: Connection error.
[14:09:35] API WARNING worker_02: [!] Decompose API error: Connection error.
[14:09:35] API WARNING worker_02: [!] Decompose API error: Connection error.
[14:09:35] API WARNING worker_02: [!] Decompose API error: Connection error.
[14:09:35] API WARNING worker_02: [!] Decompose API error: Connection error.
[14:09:35] API WARNING worker_02: [!] Decompose API error: Connection error.
461/1000 saved
[14:09:45] worker_01 query=wealth_management_scoring_quantitative_125_questions:SQA125-2T-027 status=DAG_NODE_ERROR elapsed=6.677s
  ERROR stage=Q1:Exception retryable_api=True: Connection error.
[14:09:45] worker_01 query=wealth_management_scoring_quantitative_125_questions:SQA125-2T-031 status=DAG_NODE_ERROR elapsed=6.664s
  ERROR stage=Q1:Exception retryable_api=True: Connection error.
[14:09:45] API WARNING worker_01: [!] Decompose API error: Connection error.
[14:09:45] API WARNING worker_01: [!] Decompose API error: Connection error.
[14:09:45] API WARNING worker_01: [!] Decompose API error: Connection error.
[14:09:45] API WARNING worker_01: [!] Decompose API error: Connection error.
[14:09:45] API WARNING worker_01: [!] Decompose API error: Connection error.
[14:09:45] API WARNING worker_01: [!] Decompose API error: Connection error.
[14:09:45] worker_02 query=wealth_management_scoring_quantitative_125_questions:SQA125-3T-008 status=DAG_NODE_ERROR elapsed=6.801s
  ERROR stage=Q1:Exception retryable_api=True: Connection error.
[14:09:45] worker_02 query=wealth_management_scoring_quantitative_125_questions:SQA125-3T-012 status=DAG_NODE_ERROR elapsed=6.511s
  ERROR stage=Q1:Exception retryable_api=True: Connection error.
[14:09:45] API WARNING worker_02: [!] Decompose API error: Connection error.
[14:09:45] API WARNING worker_02: [!] Decompose API error: Connection error.
[14:09:45] API WARNING worker_02: [!] Decompose API error: Connection error.
[14:09:45] API WARNING worker_02: [!] Decompose API error: Connection error.
[14:09:45] API WARNING worker_02: [!] Decompose API error: Connection error.
[14:09:45] API WARNING worker_02: [!] Decompose API error: Connection error.
465/1000 saved
[14:09:55] worker_01 query=wealth_management_scoring_quantitative_125_questions:SQA125-2T-035 status=DAG_NODE_ERROR elapsed=6.856s
  ERROR stage=Q1:Exception retryable_api=True: Connection error.
[14:09:55] API WARNING worker_01: [!] Decompose API error: Connection error.
[14:09:55] API WARNING worker_01: [!] Decompose API error: Connection error.
[14:09:55] API WARNING worker_01: [!] Decompose API error: Connection error.
[14:09:55] API WARNING worker_01: [!] Decompose API error: Connection error.
[14:09:55] API WARNING worker_01: [!] Decompose API error: Connection error.
[14:09:55] API WARNING worker_01: [!] Decompose API error: Connection error.
[14:09:55] worker_02 query=wealth_management_scoring_quantitative_125_questions:SQA125-3T-016 status=DAG_NODE_ERROR elapsed=6.56s
  ERROR stage=Q1:Exception retryable_api=True: Connection error.
[14:09:55] API WARNING worker_02: [!] Decompose API error: Connection error.
[14:09:55] API WARNING worker_02: [!] Decompose API error: Connection error.
[14:09:55] API WARNING worker_02: [!] Decompose API error: Connection error.
[14:09:55] API WARNING worker_02: [!] Decompose API error: Connection error.
[14:09:55] API WARNING worker_02: [!] Decompose API error: Connection error.
[14:09:55] API WARNING worker_02: [!] Decompose API error: Connection error.
[14:09:55] API WARNING worker_02: [!] Decompose API error: Connection error.
467/1000 saved
[14:10:05] worker_01 query=wealth_management_scoring_quantitative_125_questions:SQA125-2T-039 status=DAG_NODE_ERROR elapsed=6.541s
  ERROR stage=Q1:Exception retryable_api=True: Connection error.
[14:10:05] worker_01 query=wealth_management_scoring_quantitative_125_questions:SQA125-3T-003 status=DAG_NODE_ERROR elapsed=6.269s
  ERROR stage=Q1:Exception retryable_api=True: Connection error.
[14:10:05] API WARNING worker_01: [!] Decompose API error: Connection error.
[14:10:05] API WARNING worker_01: [!] Decompose API error: Connection error.
[14:10:05] API WARNING worker_01: [!] Decompose API error: Connection error.
[14:10:05] API WARNING worker_01: [!] Decompose API error: Connection error.
[14:10:05] API WARNING worker_01: [!] Decompose API error: Connection error.
[14:10:05] API WARNING worker_01: [!] Decompose API error: Connection error.
[14:10:05] API WARNING worker_01: [!] Decompose API error: Connection error.
[14:10:05] worker_02 query=wealth_management_scoring_quantitative_125_questions:SQA125-3T-020 status=DAG_NODE_ERROR elapsed=6.575s
  ERROR stage=Q1:Exception retryable_api=True: Connection error.
[14:10:05] worker_02 query=wealth_management_scoring_quantitative_125_questions:SQA125-3T-024 status=DAG_NODE_ERROR elapsed=6.353s
  ERROR stage=Q1:Exception retryable_api=True: Connection error.
[14:10:05] API WARNING worker_02: [!] Decompose API error: Connection error.
[14:10:05] API WARNING worker_02: [!] Decompose API error: Connection error.
[14:10:05] API WARNING worker_02: [!] Decompose API error: Connection error.
[14:10:05] API WARNING worker_02: [!] Decompose API error: Connection error.
[14:10:05] API WARNING worker_02: [!] Decompose API error: Connection error.
471/1000 saved
[14:10:16] worker_01 query=wealth_management_scoring_quantitative_125_questions:SQA125-3T-007 status=DAG_NODE_ERROR elapsed=6.647s
  ERROR stage=Q1:Exception retryable_api=True: Connection error.
[14:10:16] worker_01 query=wealth_management_scoring_quantitative_125_questions:SQA125-3T-011 status=DAG_NODE_ERROR elapsed=6.952s
  ERROR stage=Q1:Exception retryable_api=True: Connection error.
[14:10:16] API WARNING worker_01: [!] Decompose API error: Connection error.
[14:10:16] API WARNING worker_01: [!] Decompose API error: Connection error.
[14:10:16] API WARNING worker_01: [!] Decompose API error: Connection error.
[14:10:16] API WARNING worker_01: [!] Decompose API error: Connection error.
[14:10:16] API WARNING worker_01: [!] Decompose API error: Connection error.
[14:10:16] worker_02 query=wealth_management_scoring_quantitative_125_questions:SQA125-3T-028 status=DAG_NODE_ERROR elapsed=6.839s
  ERROR stage=Q1:Exception retryable_api=True: Connection error.
[14:10:16] API WARNING worker_02: [!] Decompose API error: Connection error.
[14:10:16] API WARNING worker_02: [!] Decompose API error: Connection error.
[14:10:16] API WARNING worker_02: [!] Decompose API error: Connection error.
[14:10:16] API WARNING worker_02: [!] Decompose API error: Connection error.
[14:10:16] API WARNING worker_02: [!] Decompose API error: Connection error.
[14:10:16] API WARNING worker_02: [!] Decompose API error: Connection error.
[14:10:16] API WARNING worker_02: [!] Decompose API error: Connection error.
474/1000 saved
[14:10:26] worker_01 query=wealth_management_scoring_quantitative_125_questions:SQA125-3T-015 status=DAG_NODE_ERROR elapsed=6.765s
  ERROR stage=Q1:Exception retryable_api=True: Connection error.
[14:10:26] API WARNING worker_01: [!] Decompose API error: Connection error.
[14:10:26] API WARNING worker_01: [!] Decompose API error: Connection error.
[14:10:26] API WARNING worker_01: [!] Decompose API error: Connection error.
[14:10:26] API WARNING worker_01: [!] Decompose API error: Connection error.
[14:10:26] API WARNING worker_01: [!] Decompose API error: Connection error.
[14:10:26] API WARNING worker_01: [!] Decompose API error: Connection error.
[14:10:26] API WARNING worker_01: [!] Decompose API error: Connection error.
[14:10:26] worker_02 query=wealth_management_scoring_quantitative_125_questions:SQA125-4T-002 status=DAG_NODE_ERROR elapsed=6.31s
  ERROR stage=Q1:Exception retryable_api=True: Connection error.
[14:10:26] worker_02 query=wealth_management_scoring_quantitative_125_questions:SQA125-4T-006 status=DAG_NODE_ERROR elapsed=6.568s
  ERROR stage=Q1:Exception retryable_api=True: Connection error.
[14:10:26] API WARNING worker_02: [!] Decompose API error: Connection error.
[14:10:26] API WARNING worker_02: [!] Decompose API error: Connection error.
[14:10:26] API WARNING worker_02: [!] Decompose API error: Connection error.
[14:10:26] API WARNING worker_02: [!] Decompose API error: Connection error.
[14:10:26] API WARNING worker_02: [!] Decompose API error: Connection error.
[14:10:26] API WARNING worker_02: [!] Decompose API error: Connection error.
477/1000 saved
[14:10:36] worker_01 query=wealth_management_scoring_quantitative_125_questions:SQA125-3T-019 status=DAG_NODE_ERROR elapsed=6.854s
  ERROR stage=Q1:Exception retryable_api=True: Connection error.
[14:10:36] worker_01 query=wealth_management_scoring_quantitative_125_questions:SQA125-3T-023 status=DAG_NODE_ERROR elapsed=6.387s
  ERROR stage=Q1:Exception retryable_api=True: Connection error.
[14:10:36] API WARNING worker_01: [!] Decompose API error: Connection error.
[14:10:36] API WARNING worker_01: [!] Decompose API error: Connection error.
[14:10:36] API WARNING worker_01: [!] Decompose API error: Connection error.
[14:10:36] API WARNING worker_01: [!] Decompose API error: Connection error.
[14:10:36] API WARNING worker_01: [!] Decompose API error: Connection error.
[14:10:36] worker_02 query=wealth_management_scoring_quantitative_125_questions:SQA125-4T-010 status=DAG_NODE_ERROR elapsed=6.737s
  ERROR stage=Q1:Exception retryable_api=True: Connection error.
[14:10:36] worker_02 query=wealth_management_scoring_quantitative_125_questions:SQA125-4T-014 status=DAG_NODE_ERROR elapsed=6.515s
  ERROR stage=Q1:Exception retryable_api=True: Connection error.
[14:10:36] API WARNING worker_02: [!] Decompose API error: Connection error.
[14:10:36] API WARNING worker_02: [!] Decompose API error: Connection error.
[14:10:36] API WARNING worker_02: [!] Decompose API error: Connection error.
[14:10:36] API WARNING worker_02: [!] Decompose API error: Connection error.
[14:10:36] API WARNING worker_02: [!] Decompose API error: Connection error.
[14:10:36] API WARNING worker_02: [!] Decompose API error: Connection error.
481/1000 saved
[14:10:47] worker_01 query=wealth_management_scoring_quantitative_125_questions:SQA125-3T-027 status=DAG_NODE_ERROR elapsed=6.804s
  ERROR stage=Q1:Exception retryable_api=True: Connection error.
[14:10:47] API WARNING worker_01: [!] Decompose API error: Connection error.
[14:10:47] API WARNING worker_01: [!] Decompose API error: Connection error.
[14:10:47] API WARNING worker_01: [!] Decompose API error: Connection error.
[14:10:47] API WARNING worker_01: [!] Decompose API error: Connection error.
[14:10:47] API WARNING worker_01: [!] Decompose API error: Connection error.
[14:10:47] API WARNING worker_01: [!] Decompose API error: Connection error.
[14:10:47] API WARNING worker_01: [!] Decompose API error: Connection error.
[14:10:47] worker_02 query=wealth_management_temporal_transaction_125_questions:TT125-003 status=DAG_NODE_ERROR elapsed=6.575s
  ERROR stage=Q1:Exception retryable_api=True: Connection error.
[14:10:47] API WARNING worker_02: [!] Decompose API error: Connection error.
[14:10:47] API WARNING worker_02: [!] Decompose API error: Connection error.
[14:10:47] API WARNING worker_02: [!] Decompose API error: Connection error.
[14:10:47] API WARNING worker_02: [!] Decompose API error: Connection error.
[14:10:47] API WARNING worker_02: [!] Decompose API error: Connection error.
[14:10:47] API WARNING worker_02: [!] Decompose API error: Connection error.
[14:10:47] API WARNING worker_02: [!] Decompose API error: Connection error.
483/1000 saved
[14:10:57] worker_01 query=wealth_management_scoring_quantitative_125_questions:SQA125-4T-001 status=DAG_NODE_ERROR elapsed=6.824s
  ERROR stage=Q1:Exception retryable_api=True: Connection error.
[14:10:57] worker_01 query=wealth_management_scoring_quantitative_125_questions:SQA125-4T-005 status=DAG_NODE_ERROR elapsed=6.583s
  ERROR stage=Q1:Exception retryable_api=True: Connection error.
[14:10:57] API WARNING worker_01: [!] Decompose API error: Connection error.
[14:10:57] API WARNING worker_01: [!] Decompose API error: Connection error.
[14:10:57] API WARNING worker_01: [!] Decompose API error: Connection error.
[14:10:57] API WARNING worker_01: [!] Decompose API error: Connection error.
[14:10:57] API WARNING worker_01: [!] Decompose API error: Connection error.
[14:10:57] API WARNING worker_01: [!] Decompose API error: Connection error.
[14:10:57] worker_02 query=wealth_management_temporal_transaction_125_questions:TT125-007 status=DAG_NODE_ERROR elapsed=6.773s
  ERROR stage=Q1:Exception retryable_api=True: Connection error.
[14:10:57] worker_02 query=wealth_management_temporal_transaction_125_questions:TT125-011 status=DAG_NODE_ERROR elapsed=6.673s
  ERROR stage=Q1:Exception retryable_api=True: Connection error.
[14:10:57] API WARNING worker_02: [!] Decompose API error: Connection error.
[14:10:57] API WARNING worker_02: [!] Decompose API error: Connection error.
[14:10:57] API WARNING worker_02: [!] Decompose API error: Connection error.
[14:10:57] API WARNING worker_02: [!] Decompose API error: Connection error.
[14:10:57] API WARNING worker_02: [!] Decompose API error: Connection error.
487/1000 saved
[14:11:07] worker_01 query=wealth_management_scoring_quantitative_125_questions:SQA125-4T-009 status=DAG_NODE_ERROR elapsed=6.586s
  ERROR stage=Q1:Exception retryable_api=True: Connection error.
[14:11:07] API WARNING worker_01: [!] Decompose API error: Connection error.
[14:11:07] API WARNING worker_01: [!] Decompose API error: Connection error.
[14:11:07] API WARNING worker_01: [!] Decompose API error: Connection error.
[14:11:07] API WARNING worker_01: [!] Decompose API error: Connection error.
[14:11:07] API WARNING worker_01: [!] Decompose API error: Connection error.
[14:11:07] API WARNING worker_01: [!] Decompose API error: Connection error.
[14:11:07] worker_02 query=wealth_management_temporal_transaction_125_questions:TT125-015 status=DAG_NODE_ERROR elapsed=6.554s
  ERROR stage=Q1:Exception retryable_api=True: Connection error.
[14:11:07] API WARNING worker_02: [!] Decompose API error: Connection error.
[14:11:07] API WARNING worker_02: [!] Decompose API error: Connection error.
[14:11:07] API WARNING worker_02: [!] Decompose API error: Connection error.
[14:11:07] API WARNING worker_02: [!] Decompose API error: Connection error.
[14:11:07] API WARNING worker_02: [!] Decompose API error: Connection error.
[14:11:07] API WARNING worker_02: [!] Decompose API error: Connection error.
[14:11:07] API WARNING worker_02: [!] Decompose API error: Connection error.
489/1000 saved
[14:11:17] worker_01 query=wealth_management_scoring_quantitative_125_questions:SQA125-4T-013 status=DAG_NODE_ERROR elapsed=6.556s
  ERROR stage=Q1:Exception retryable_api=True: Connection error.
[14:11:17] worker_01 query=wealth_management_temporal_transaction_125_questions:TT125-002 status=DAG_NODE_ERROR elapsed=6.541s
  ERROR stage=Q1:Exception retryable_api=True: Connection error.
[14:11:17] API WARNING worker_01: [!] Decompose API error: Connection error.
[14:11:17] API WARNING worker_01: [!] Decompose API error: Connection error.
[14:11:17] API WARNING worker_01: [!] Decompose API error: Connection error.
[14:11:17] API WARNING worker_01: [!] Decompose API error: Connection error.
[14:11:17] API WARNING worker_01: [!] Decompose API error: Connection error.
[14:11:17] API WARNING worker_01: [!] Decompose API error: Connection error.
[14:11:18] worker_02 query=wealth_management_temporal_transaction_125_questions:TT125-019 status=DAG_NODE_ERROR elapsed=6.669s
  ERROR stage=Q1:Exception retryable_api=True: Connection error.
[14:11:18] worker_02 query=wealth_management_temporal_transaction_125_questions:TT125-023 status=DAG_NODE_ERROR elapsed=6.732s
  ERROR stage=Q1:Exception retryable_api=True: Connection error.
[14:11:18] API WARNING worker_02: [!] Decompose API error: Connection error.
[14:11:18] API WARNING worker_02: [!] Decompose API error: Connection error.
[14:11:18] API WARNING worker_02: [!] Decompose API error: Connection error.
[14:11:18] API WARNING worker_02: [!] Decompose API error: Connection error.
[14:11:18] API WARNING worker_02: [!] Decompose API error: Connection error.
[14:11:18] API WARNING worker_02: [!] Decompose API error: Connection error.
493/1000 saved
[14:11:28] worker_01 query=wealth_management_temporal_transaction_125_questions:TT125-006 status=DAG_NODE_ERROR elapsed=6.496s
  ERROR stage=Q1:Exception retryable_api=True: Connection error.
[14:11:28] API WARNING worker_01: [!] Decompose API error: Connection error.
[14:11:28] API WARNING worker_01: [!] Decompose API error: Connection error.
[14:11:28] API WARNING worker_01: [!] Decompose API error: Connection error.
[14:11:28] API WARNING worker_01: [!] Decompose API error: Connection error.
[14:11:28] API WARNING worker_01: [!] Decompose API error: Connection error.
[14:11:28] API WARNING worker_01: [!] Decompose API error: Connection error.
[14:11:28] API WARNING worker_01: [!] Decompose API error: Connection error.
[14:11:28] worker_02 query=wealth_management_temporal_transaction_125_questions:TT125-027 status=DAG_NODE_ERROR elapsed=6.526s
  ERROR stage=Q1:Exception retryable_api=True: Connection error.
[14:11:28] API WARNING worker_02: [!] Decompose API error: Connection error.
[14:11:28] API WARNING worker_02: [!] Decompose API error: Connection error.
[14:11:28] API WARNING worker_02: [!] Decompose API error: Connection error.
[14:11:28] API WARNING worker_02: [!] Decompose API error: Connection error.
[14:11:28] API WARNING worker_02: [!] Decompose API error: Connection error.
[14:11:28] API WARNING worker_02: [!] Decompose API error: Connection error.
[14:11:28] API WARNING worker_02: [!] Decompose API error: Connection error.
495/1000 saved
[14:11:38] worker_01 query=wealth_management_temporal_transaction_125_questions:TT125-010 status=DAG_NODE_ERROR elapsed=6.526s
  ERROR stage=Q1:Exception retryable_api=True: Connection error.
[14:11:38] worker_01 query=wealth_management_temporal_transaction_125_questions:TT125-014 status=DAG_NODE_ERROR elapsed=6.415s
  ERROR stage=Q1:Exception retryable_api=True: Connection error.
[14:11:38] API WARNING worker_01: [!] Decompose API error: Connection error.
[14:11:38] API WARNING worker_01: [!] Decompose API error: Connection error.
[14:11:38] API WARNING worker_01: [!] Decompose API error: Connection error.
[14:11:38] API WARNING worker_01: [!] Decompose API error: Connection error.
[14:11:38] API WARNING worker_01: [!] Decompose API error: Connection error.
[14:11:38] API WARNING worker_01: [!] Decompose API error: Connection error.
[14:11:38] worker_02 query=wealth_management_temporal_transaction_125_questions:TT125-031 status=DAG_NODE_ERROR elapsed=6.52s
  ERROR stage=Q1:Exception retryable_api=True: Connection error.
[14:11:38] worker_02 query=wealth_management_temporal_transaction_125_questions:TT125-035 status=DAG_NODE_ERROR elapsed=6.726s
  ERROR stage=Q1:Exception retryable_api=True: Connection error.
[14:11:38] API WARNING worker_02: [!] Decompose API error: Connection error.
[14:11:38] API WARNING worker_02: [!] Decompose API error: Connection error.
[14:11:38] API WARNING worker_02: [!] Decompose API error: Connection error.
[14:11:38] API WARNING worker_02: [!] Decompose API error: Connection error.
[14:11:38] API WARNING worker_02: [!] Decompose API error: Connection error.
499/1000 saved
[14:11:48] worker_01 query=wealth_management_temporal_transaction_125_questions:TT125-018 status=DAG_NODE_ERROR elapsed=6.742s
  ERROR stage=Q1:Exception retryable_api=True: Connection error.
[14:11:48] worker_01 query=wealth_management_temporal_transaction_125_questions:TT125-022 status=DAG_NODE_ERROR elapsed=6.821s
  ERROR stage=Q1:Exception retryable_api=True: Connection error.
[14:11:48] API WARNING worker_01: [!] Decompose API error: Connection error.
[14:11:48] API WARNING worker_01: [!] Decompose API error: Connection error.
[14:11:48] API WARNING worker_01: [!] Decompose API error: Connection error.
[14:11:48] API WARNING worker_01: [!] Decompose API error: Connection error.
[14:11:48] API WARNING worker_01: [!] Decompose API error: Connection error.
[14:11:48] API WARNING worker_01: [!] Decompose API error: Connection error.
[14:11:48] worker_02 query=wealth_management_temporal_transaction_125_questions:TT125-039 status=DAG_NODE_ERROR elapsed=6.36s
  ERROR stage=Q1:Exception retryable_api=True: Connection error.
[14:11:48] API WARNING worker_02: [!] Decompose API error: Connection error.
[14:11:48] API WARNING worker_02: [!] Decompose API error: Connection error.
[14:11:48] API WARNING worker_02: [!] Decompose API error: Connection error.
[14:11:48] API WARNING worker_02: [!] Decompose API error: Connection error.
[14:11:48] API WARNING worker_02: [!] Decompose API error: Connection error.
[14:11:48] API WARNING worker_02: [!] Decompose API error: Connection error.
[14:11:48] API WARNING worker_02: [!] Decompose API error: Connection error.
502/1000 saved
[14:11:59] worker_01 query=wealth_management_temporal_transaction_125_questions:TT125-026 status=DAG_NODE_ERROR elapsed=6.749s
  ERROR stage=Q1:Exception retryable_api=True: Connection error.
[14:11:59] API WARNING worker_01: [!] Decompose API error: Connection error.
[14:11:59] API WARNING worker_01: [!] Decompose API error: Connection error.
[14:11:59] API WARNING worker_01: [!] Decompose API error: Connection error.
[14:11:59] API WARNING worker_01: [!] Decompose API error: Connection error.
[14:11:59] API WARNING worker_01: [!] Decompose API error: Connection error.
[14:11:59] API WARNING worker_01: [!] Decompose API error: Connection error.
[14:11:59] worker_02 query=wealth_management_temporal_transaction_125_questions:TT125-043 status=DAG_NODE_ERROR elapsed=6.419s
  ERROR stage=Q1:Exception retryable_api=True: Connection error.
[14:11:59] worker_02 query=wealth_management_temporal_transaction_125_questions:TT125-047 status=DAG_NODE_ERROR elapsed=6.537s
  ERROR stage=Q1:Exception retryable_api=True: Connection error.
[14:11:59] API WARNING worker_02: [!] Decompose API error: Connection error.
[14:11:59] API WARNING worker_02: [!] Decompose API error: Connection error.
[14:11:59] API WARNING worker_02: [!] Decompose API error: Connection error.
[14:11:59] API WARNING worker_02: [!] Decompose API error: Connection error.
[14:11:59] API WARNING worker_02: [!] Decompose API error: Connection error.
[14:11:59] API WARNING worker_02: [!] Decompose API error: Connection error.
505/1000 saved
[14:12:09] worker_01 query=wealth_management_temporal_transaction_125_questions:TT125-030 status=DAG_NODE_ERROR elapsed=6.835s
  ERROR stage=Q1:Exception retryable_api=True: Connection error.
[14:12:09] worker_01 query=wealth_management_temporal_transaction_125_questions:TT125-034 status=DAG_NODE_ERROR elapsed=6.947s
  ERROR stage=Q1:Exception retryable_api=True: Connection error.
[14:12:09] API WARNING worker_01: [!] Decompose API error: Connection error.
[14:12:09] API WARNING worker_01: [!] Decompose API error: Connection error.
[14:12:09] API WARNING worker_01: [!] Decompose API error: Connection error.
[14:12:09] API WARNING worker_01: [!] Decompose API error: Connection error.
[14:12:09] API WARNING worker_01: [!] Decompose API error: Connection error.
[14:12:09] API WARNING worker_01: [!] Decompose API error: Connection error.
[14:12:09] worker_02 query=wealth_management_temporal_transaction_125_questions:TT125-051 status=DAG_NODE_ERROR elapsed=6.53s
  ERROR stage=Q1:Exception retryable_api=True: Connection error.
[14:12:09] worker_02 query=wealth_management_temporal_transaction_125_questions:TT125-055 status=DAG_NODE_ERROR elapsed=6.509s
  ERROR stage=Q1:Exception retryable_api=True: Connection error.
[14:12:09] API WARNING worker_02: [!] Decompose API error: Connection error.
[14:12:09] API WARNING worker_02: [!] Decompose API error: Connection error.
[14:12:09] API WARNING worker_02: [!] Decompose API error: Connection error.
[14:12:09] API WARNING worker_02: [!] Decompose API error: Connection error.
[14:12:09] API WARNING worker_02: [!] Decompose API error: Connection error.
[14:12:09] API WARNING worker_02: [!] Decompose API error: Connection error.
509/1000 saved
[14:12:19] worker_01 query=wealth_management_temporal_transaction_125_questions:TT125-038 status=DAG_NODE_ERROR elapsed=6.529s
  ERROR stage=Q1:Exception retryable_api=True: Connection error.
[14:12:19] API WARNING worker_01: [!] Decompose API error: Connection error.
[14:12:19] API WARNING worker_01: [!] Decompose API error: Connection error.
[14:12:19] API WARNING worker_01: [!] Decompose API error: Connection error.
[14:12:19] API WARNING worker_01: [!] Decompose API error: Connection error.
[14:12:19] API WARNING worker_01: [!] Decompose API error: Connection error.
[14:12:19] API WARNING worker_01: [!] Decompose API error: Connection error.
[14:12:19] API WARNING worker_01: [!] Decompose API error: Connection error.
[14:12:19] worker_02 query=wealth_management_temporal_transaction_125_questions:TT125-059 status=DAG_NODE_ERROR elapsed=6.504s
  ERROR stage=Q1:Exception retryable_api=True: Connection error.
[14:12:19] API WARNING worker_02: [!] Decompose API error: Connection error.
[14:12:19] API WARNING worker_02: [!] Decompose API error: Connection error.
[14:12:19] API WARNING worker_02: [!] Decompose API error: Connection error.
[14:12:19] API WARNING worker_02: [!] Decompose API error: Connection error.
[14:12:19] API WARNING worker_02: [!] Decompose API error: Connection error.
[14:12:19] API WARNING worker_02: [!] Decompose API error: Connection error.
[14:12:19] API WARNING worker_02: [!] Decompose API error: Connection error.
511/1000 saved
[14:12:29] worker_01 query=wealth_management_temporal_transaction_125_questions:TT125-042 status=DAG_NODE_ERROR elapsed=6.445s
  ERROR stage=Q1:Exception retryable_api=True: Connection error.
[14:12:29] worker_01 query=wealth_management_temporal_transaction_125_questions:TT125-046 status=DAG_NODE_ERROR elapsed=6.769s
  ERROR stage=Q1:Exception retryable_api=True: Connection error.
[14:12:29] API WARNING worker_01: [!] Decompose API error: Connection error.
[14:12:29] API WARNING worker_01: [!] Decompose API error: Connection error.
[14:12:29] API WARNING worker_01: [!] Decompose API error: Connection error.
[14:12:29] API WARNING worker_01: [!] Decompose API error: Connection error.
[14:12:29] API WARNING worker_01: [!] Decompose API error: Connection error.
[14:12:29] worker_02 query=wealth_management_temporal_transaction_125_questions:TT125-063 status=DAG_NODE_ERROR elapsed=6.419s
  ERROR stage=Q1:Exception retryable_api=True: Connection error.
[14:12:29] worker_02 query=wealth_management_temporal_transaction_125_questions:TT125-067 status=DAG_NODE_ERROR elapsed=6.824s
  ERROR stage=Q1:Exception retryable_api=True: Connection error.
[14:12:29] API WARNING worker_02: [!] Decompose API error: Connection error.
[14:12:29] API WARNING worker_02: [!] Decompose API error: Connection error.
[14:12:29] API WARNING worker_02: [!] Decompose API error: Connection error.
[14:12:29] API WARNING worker_02: [!] Decompose API error: Connection error.
[14:12:29] API WARNING worker_02: [!] Decompose API error: Connection error.
[14:12:29] API WARNING worker_02: [!] Decompose API error: Connection error.
515/1000 saved
[14:12:40] worker_01 query=wealth_management_temporal_transaction_125_questions:TT125-050 status=DAG_NODE_ERROR elapsed=6.752s
  ERROR stage=Q1:Exception retryable_api=True: Connection error.
[14:12:40] API WARNING worker_01: [!] Decompose API error: Connection error.
[14:12:40] API WARNING worker_01: [!] Decompose API error: Connection error.
[14:12:40] API WARNING worker_01: [!] Decompose API error: Connection error.
[14:12:40] API WARNING worker_01: [!] Decompose API error: Connection error.
[14:12:40] API WARNING worker_01: [!] Decompose API error: Connection error.
[14:12:40] API WARNING worker_01: [!] Decompose API error: Connection error.
[14:12:40] API WARNING worker_01: [!] Decompose API error: Connection error.
[14:12:40] worker_02 query=wealth_management_temporal_transaction_125_questions:TT125-071 status=DAG_NODE_ERROR elapsed=6.764s
  ERROR stage=Q1:Exception retryable_api=True: Connection error.
[14:12:40] API WARNING worker_02: [!] Decompose API error: Connection error.
[14:12:40] API WARNING worker_02: [!] Decompose API error: Connection error.
[14:12:40] API WARNING worker_02: [!] Decompose API error: Connection error.
[14:12:40] API WARNING worker_02: [!] Decompose API error: Connection error.
[14:12:40] API WARNING worker_02: [!] Decompose API error: Connection error.
[14:12:40] API WARNING worker_02: [!] Decompose API error: Connection error.
517/1000 saved
[14:12:50] worker_01 query=wealth_management_temporal_transaction_125_questions:TT125-054 status=DAG_NODE_ERROR elapsed=6.66s
  ERROR stage=Q1:Exception retryable_api=True: Connection error.
[14:12:50] worker_01 query=wealth_management_temporal_transaction_125_questions:TT125-058 status=DAG_NODE_ERROR elapsed=6.789s
  ERROR stage=Q1:Exception retryable_api=True: Connection error.
[14:12:50] API WARNING worker_01: [!] Decompose API error: Connection error.
[14:12:50] API WARNING worker_01: [!] Decompose API error: Connection error.
[14:12:50] API WARNING worker_01: [!] Decompose API error: Connection error.
[14:12:50] API WARNING worker_01: [!] Decompose API error: Connection error.
[14:12:50] API WARNING worker_01: [!] Decompose API error: Connection error.
[14:12:50] API WARNING worker_01: [!] Decompose API error: Connection error.
[14:12:50] worker_02 query=wealth_management_temporal_transaction_125_questions:TT125-075 status=DAG_NODE_ERROR elapsed=6.94s
  ERROR stage=Q1:Exception retryable_api=True: Connection error.
[14:12:50] worker_02 query=wealth_management_temporal_transaction_125_questions:TT125-079 status=DAG_NODE_ERROR elapsed=6.612s
  ERROR stage=Q1:Exception retryable_api=True: Connection error.
[14:12:50] API WARNING worker_02: [!] Decompose API error: Connection error.
[14:12:50] API WARNING worker_02: [!] Decompose API error: Connection error.
[14:12:50] API WARNING worker_02: [!] Decompose API error: Connection error.
[14:12:50] API WARNING worker_02: [!] Decompose API error: Connection error.
[14:12:50] API WARNING worker_02: [!] Decompose API error: Connection error.
[14:12:50] API WARNING worker_02: [!] Decompose API error: Connection error.
521/1000 saved
[14:13:00] worker_01 query=wealth_management_temporal_transaction_125_questions:TT125-062 status=DAG_NODE_ERROR elapsed=6.732s
  ERROR stage=Q1:Exception retryable_api=True: Connection error.
[14:13:00] API WARNING worker_01: [!] Decompose API error: Connection error.
[14:13:00] API WARNING worker_01: [!] Decompose API error: Connection error.
[14:13:00] API WARNING worker_01: [!] Decompose API error: Connection error.
[14:13:00] API WARNING worker_01: [!] Decompose API error: Connection error.
[14:13:00] API WARNING worker_01: [!] Decompose API error: Connection error.
[14:13:00] API WARNING worker_01: [!] Decompose API error: Connection error.
[14:13:00] worker_02 query=wealth_management_temporal_transaction_125_questions:TT125-083 status=DAG_NODE_ERROR elapsed=6.526s
  ERROR stage=Q1:Exception retryable_api=True: Connection error.
[14:13:00] API WARNING worker_02: [!] Decompose API error: Connection error.
[14:13:00] API WARNING worker_02: [!] Decompose API error: Connection error.
[14:13:00] API WARNING worker_02: [!] Decompose API error: Connection error.
[14:13:00] API WARNING worker_02: [!] Decompose API error: Connection error.
[14:13:00] API WARNING worker_02: [!] Decompose API error: Connection error.
[14:13:00] API WARNING worker_02: [!] Decompose API error: Connection error.
[14:13:00] API WARNING worker_02: [!] Decompose API error: Connection error.
523/1000 saved
[14:13:11] worker_01 query=wealth_management_temporal_transaction_125_questions:TT125-066 status=DAG_NODE_ERROR elapsed=6.539s
  ERROR stage=Q1:Exception retryable_api=True: Connection error.
[14:13:11] worker_01 query=wealth_management_temporal_transaction_125_questions:TT125-070 status=DAG_NODE_ERROR elapsed=6.616s
  ERROR stage=Q1:Exception retryable_api=True: Connection error.
[14:13:11] API WARNING worker_01: [!] Decompose API error: Connection error.
[14:13:11] API WARNING worker_01: [!] Decompose API error: Connection error.
[14:13:11] API WARNING worker_01: [!] Decompose API error: Connection error.
[14:13:11] API WARNING worker_01: [!] Decompose API error: Connection error.
[14:13:11] API WARNING worker_01: [!] Decompose API error: Connection error.
[14:13:11] API WARNING worker_01: [!] Decompose API error: Connection error.
[14:13:11] worker_02 query=wealth_management_temporal_transaction_125_questions:TT125-087 status=DAG_NODE_ERROR elapsed=6.734s
  ERROR stage=Q1:Exception retryable_api=True: Connection error.
[14:13:11] worker_02 query=wealth_management_temporal_transaction_125_questions:TT125-091 status=DAG_NODE_ERROR elapsed=6.756s
  ERROR stage=Q1:Exception retryable_api=True: Connection error.
[14:13:11] API WARNING worker_02: [!] Decompose API error: Connection error.
[14:13:11] API WARNING worker_02: [!] Decompose API error: Connection error.
[14:13:11] API WARNING worker_02: [!] Decompose API error: Connection error.
[14:13:11] API WARNING worker_02: [!] Decompose API error: Connection error.
[14:13:11] API WARNING worker_02: [!] Decompose API error: Connection error.
527/1000 saved
[14:13:21] worker_01 query=wealth_management_temporal_transaction_125_questions:TT125-074 status=DAG_NODE_ERROR elapsed=7.04s
  ERROR stage=Q1:Exception retryable_api=True: Connection error.
[14:13:21] API WARNING worker_01: [!] Decompose API error: Connection error.
[14:13:21] API WARNING worker_01: [!] Decompose API error: Connection error.
[14:13:21] API WARNING worker_01: [!] Decompose API error: Connection error.
[14:13:21] API WARNING worker_01: [!] Decompose API error: Connection error.
[14:13:21] API WARNING worker_01: [!] Decompose API error: Connection error.
[14:13:21] API WARNING worker_01: [!] Decompose API error: Connection error.
[14:13:21] worker_02 query=wealth_management_temporal_transaction_125_questions:TT125-095 status=DAG_NODE_ERROR elapsed=6.491s
  ERROR stage=Q1:Exception retryable_api=True: Connection error.
[14:13:21] API WARNING worker_02: [!] Decompose API error: Connection error.
[14:13:21] API WARNING worker_02: [!] Decompose API error: Connection error.
[14:13:21] API WARNING worker_02: [!] Decompose API error: Connection error.
[14:13:21] API WARNING worker_02: [!] Decompose API error: Connection error.
[14:13:21] API WARNING worker_02: [!] Decompose API error: Connection error.
[14:13:21] API WARNING worker_02: [!] Decompose API error: Connection error.
[14:13:21] API WARNING worker_02: [!] Decompose API error: Connection error.
529/1000 saved
[14:13:31] worker_01 query=wealth_management_temporal_transaction_125_questions:TT125-078 status=DAG_NODE_ERROR elapsed=6.957s
  ERROR stage=Q1:Exception retryable_api=True: Connection error.
[14:13:31] worker_01 query=wealth_management_temporal_transaction_125_questions:TT125-082 status=DAG_NODE_ERROR elapsed=6.786s
  ERROR stage=Q1:Exception retryable_api=True: Connection error.
[14:13:31] API WARNING worker_01: [!] Decompose API error: Connection error.
[14:13:31] API WARNING worker_01: [!] Decompose API error: Connection error.
[14:13:31] API WARNING worker_01: [!] Decompose API error: Connection error.
[14:13:31] API WARNING worker_01: [!] Decompose API error: Connection error.
[14:13:31] API WARNING worker_01: [!] Decompose API error: Connection error.
[14:13:31] API WARNING worker_01: [!] Decompose API error: Connection error.
[14:13:31] worker_02 query=wealth_management_temporal_transaction_125_questions:TT125-099 status=DAG_NODE_ERROR elapsed=6.835s
  ERROR stage=Q1:Exception retryable_api=True: Connection error.
[14:13:31] worker_02 query=wealth_management_temporal_transaction_125_questions:TT125-103 status=DAG_NODE_ERROR elapsed=6.816s
  ERROR stage=Q1:Exception retryable_api=True: Connection error.
[14:13:31] API WARNING worker_02: [!] Decompose API error: Connection error.
[14:13:31] API WARNING worker_02: [!] Decompose API error: Connection error.
[14:13:31] API WARNING worker_02: [!] Decompose API error: Connection error.
[14:13:31] API WARNING worker_02: [!] Decompose API error: Connection error.
[14:13:31] API WARNING worker_02: [!] Decompose API error: Connection error.
[14:13:31] API WARNING worker_02: [!] Decompose API error: Connection error.
533/1000 saved
[14:13:41] worker_01 query=wealth_management_temporal_transaction_125_questions:TT125-086 status=DAG_NODE_ERROR elapsed=6.701s
  ERROR stage=Q1:Exception retryable_api=True: Connection error.
[14:13:41] API WARNING worker_01: [!] Decompose API error: Connection error.
[14:13:41] API WARNING worker_01: [!] Decompose API error: Connection error.
[14:13:41] API WARNING worker_01: [!] Decompose API error: Connection error.
[14:13:41] API WARNING worker_01: [!] Decompose API error: Connection error.
[14:13:41] API WARNING worker_01: [!] Decompose API error: Connection error.
[14:13:41] API WARNING worker_01: [!] Decompose API error: Connection error.
[14:13:41] API WARNING worker_01: [!] Decompose API error: Connection error.
[14:13:41] worker_02 query=wealth_management_temporal_transaction_125_questions:TT125-107 status=DAG_NODE_ERROR elapsed=6.777s
  ERROR stage=Q1:Exception retryable_api=True: Connection error.
[14:13:41] API WARNING worker_02: [!] Decompose API error: Connection error.
[14:13:41] API WARNING worker_02: [!] Decompose API error: Connection error.
[14:13:41] API WARNING worker_02: [!] Decompose API error: Connection error.
[14:13:41] API WARNING worker_02: [!] Decompose API error: Connection error.
[14:13:41] API WARNING worker_02: [!] Decompose API error: Connection error.
[14:13:41] API WARNING worker_02: [!] Decompose API error: Connection error.
535/1000 saved
[14:13:52] worker_01 query=wealth_management_temporal_transaction_125_questions:TT125-090 status=DAG_NODE_ERROR elapsed=6.634s
  ERROR stage=Q1:Exception retryable_api=True: Connection error.
[14:13:52] worker_01 query=wealth_management_temporal_transaction_125_questions:TT125-094 status=DAG_NODE_ERROR elapsed=6.688s
  ERROR stage=Q1:Exception retryable_api=True: Connection error.
[14:13:52] API WARNING worker_01: [!] Decompose API error: Connection error.
[14:13:52] API WARNING worker_01: [!] Decompose API error: Connection error.
[14:13:52] API WARNING worker_01: [!] Decompose API error: Connection error.
[14:13:52] API WARNING worker_01: [!] Decompose API error: Connection error.
[14:13:52] API WARNING worker_01: [!] Decompose API error: Connection error.
[14:13:52] worker_02 query=wealth_management_temporal_transaction_125_questions:TT125-111 status=DAG_NODE_ERROR elapsed=6.753s
  ERROR stage=Q1:Exception retryable_api=True: Connection error.
[14:13:52] worker_02 query=wealth_management_temporal_transaction_125_questions:TT125-115 status=DAG_NODE_ERROR elapsed=6.895s
  ERROR stage=Q1:Exception retryable_api=True: Connection error.
[14:13:52] API WARNING worker_02: [!] Decompose API error: Connection error.
[14:13:52] API WARNING worker_02: [!] Decompose API error: Connection error.
[14:13:52] API WARNING worker_02: [!] Decompose API error: Connection error.
[14:13:52] API WARNING worker_02: [!] Decompose API error: Connection error.
[14:13:52] API WARNING worker_02: [!] Decompose API error: Connection error.
[14:13:52] API WARNING worker_02: [!] Decompose API error: Connection error.
539/1000 saved
[14:14:02] worker_01 query=wealth_management_temporal_transaction_125_questions:TT125-098 status=DAG_NODE_ERROR elapsed=6.863s
  ERROR stage=Q1:Exception retryable_api=True: Connection error.
[14:14:02] API WARNING worker_01: [!] Decompose API error: Connection error.
[14:14:02] API WARNING worker_01: [!] Decompose API error: Connection error.
[14:14:02] API WARNING worker_01: [!] Decompose API error: Connection error.
[14:14:02] API WARNING worker_01: [!] Decompose API error: Connection error.
[14:14:02] API WARNING worker_01: [!] Decompose API error: Connection error.
[14:14:02] API WARNING worker_01: [!] Decompose API error: Connection error.
[14:14:02] API WARNING worker_01: [!] Decompose API error: Connection error.
[14:14:02] worker_02 query=wealth_management_temporal_transaction_125_questions:TT125-119 status=DAG_NODE_ERROR elapsed=6.628s
  ERROR stage=Q1:Exception retryable_api=True: Connection error.
[14:14:02] worker_02 query=wealth_management_temporal_transaction_125_questions:TT125-123 status=DAG_NODE_ERROR elapsed=6.519s
  ERROR stage=Q1:Exception retryable_api=True: Connection error.
[14:14:02] API WARNING worker_02: [!] Decompose API error: Connection error.
[14:14:02] API WARNING worker_02: [!] Decompose API error: Connection error.
[14:14:02] API WARNING worker_02: [!] Decompose API error: Connection error.
[14:14:02] API WARNING worker_02: [!] Decompose API error: Connection error.
[14:14:02] API WARNING worker_02: [!] Decompose API error: Connection error.
[14:14:02] API WARNING worker_02: [!] Decompose API error: Connection error.
542/1000 saved
Worker 3: PID 621535, 250 questions
[14:14:12] worker_01 query=wealth_management_temporal_transaction_125_questions:TT125-102 status=DAG_NODE_ERROR elapsed=6.611s
  ERROR stage=Q1:Exception retryable_api=True: Connection error.
[14:14:12] worker_01 query=wealth_management_temporal_transaction_125_questions:TT125-106 status=DAG_NODE_ERROR elapsed=6.534s
  ERROR stage=Q1:Exception retryable_api=True: Connection error.
[14:14:12] API WARNING worker_01: [!] Decompose API error: Connection error.
[14:14:12] API WARNING worker_01: [!] Decompose API error: Connection error.
[14:14:12] API WARNING worker_01: [!] Decompose API error: Connection error.
[14:14:12] API WARNING worker_01: [!] Decompose API error: Connection error.
[14:14:12] API WARNING worker_01: [!] Decompose API error: Connection error.
[14:14:12] API WARNING worker_01: [!] Decompose API error: Connection error.
544/1000 saved
[14:14:23] worker_01 query=wealth_management_temporal_transaction_125_questions:TT125-110 status=DAG_NODE_ERROR elapsed=6.501s
  ERROR stage=Q1:Exception retryable_api=True: Connection error.
[14:14:23] worker_01 query=wealth_management_temporal_transaction_125_questions:TT125-114 status=DAG_NODE_ERROR elapsed=6.513s
  ERROR stage=Q1:Exception retryable_api=True: Connection error.
[14:14:23] API WARNING worker_01: [!] Decompose API error: Connection error.
[14:14:23] API WARNING worker_01: [!] Decompose API error: Connection error.
[14:14:23] API WARNING worker_01: [!] Decompose API error: Connection error.
[14:14:23] API WARNING worker_01: [!] Decompose API error: Connection error.
[14:14:23] API WARNING worker_01: [!] Decompose API error: Connection error.
[14:14:23] API WARNING worker_01: [!] Decompose API error: Connection error.
[14:14:23] worker_03 query=wealth_management_125_question_benchmark:WM125-4T-008 status=DAG_NODE_ERROR elapsed=7.187s
  ERROR stage=Q1:Exception retryable_api=True: Connection error.
[14:14:23] API WARNING worker_03: [!] Decompose API error: Connection error.
[14:14:23] API WARNING worker_03: [!] Decompose API error: Connection error.
[14:14:23] API WARNING worker_03: [!] Decompose API error: Connection error.
[14:14:23] API WARNING worker_03: [!] Decompose API error: Connection error.
[14:14:23] API WARNING worker_03: [!] Decompose API error: Connection error.
547/1000 saved
[14:14:33] worker_01 query=wealth_management_temporal_transaction_125_questions:TT125-118 status=DAG_NODE_ERROR elapsed=6.673s
  ERROR stage=Q1:Exception retryable_api=True: Connection error.
[14:14:33] API WARNING worker_01: [!] Decompose API error: Connection error.
[14:14:33] API WARNING worker_01: [!] Decompose API error: Connection error.
[14:14:33] API WARNING worker_01: [!] Decompose API error: Connection error.
[14:14:33] API WARNING worker_01: [!] Decompose API error: Connection error.
[14:14:33] API WARNING worker_01: [!] Decompose API error: Connection error.
[14:14:33] API WARNING worker_01: [!] Decompose API error: Connection error.
[14:14:33] API WARNING worker_01: [!] Decompose API error: Connection error.
[14:14:33] worker_03 query=wealth_management_125_question_benchmark:WM125-4T-012 status=DAG_NODE_ERROR elapsed=6.824s
  ERROR stage=Q1:Exception retryable_api=True: Connection error.
[14:14:33] API WARNING worker_03: [!] Decompose API error: Connection error.
[14:14:33] API WARNING worker_03: [!] Decompose API error: Connection error.
[14:14:33] API WARNING worker_03: [!] Decompose API error: Connection error.
[14:14:33] API WARNING worker_03: [!] Decompose API error: Connection error.
[14:14:33] API WARNING worker_03: [!] Decompose API error: Connection error.
[14:14:33] API WARNING worker_03: [!] Decompose API error: Connection error.
[14:14:33] API WARNING worker_03: [!] Decompose API error: Connection error.
549/1000 saved
Worker 4: PID 621749, 250 questions
[14:14:43] worker_01 query=wealth_management_temporal_transaction_125_questions:TT125-122 status=DAG_NODE_ERROR elapsed=6.552s
  ERROR stage=Q1:Exception retryable_api=True: Connection error.
[14:14:43] API WARNING worker_01: [!] Decompose API error: Connection error.
[14:14:43] worker_03 query=wealth_management_125_question_benchmark:WM125-4T-016 status=DAG_NODE_ERROR elapsed=6.477s
  ERROR stage=Q1:Exception retryable_api=True: Connection error.
[14:14:43] worker_03 query=wealth_management_125_question_benchmark:WM125-4T-020 status=DAG_NODE_ERROR elapsed=6.644s
  ERROR stage=Q1:Exception retryable_api=True: Connection error.
[14:14:43] API WARNING worker_03: [!] Decompose API error: Connection error.
[14:14:43] API WARNING worker_03: [!] Decompose API error: Connection error.
[14:14:43] API WARNING worker_03: [!] Decompose API error: Connection error.
[14:14:43] API WARNING worker_03: [!] Decompose API error: Connection error.
[14:14:43] API WARNING worker_03: [!] Decompose API error: Connection error.
[14:14:43] API WARNING worker_03: [!] Decompose API error: Connection error.
552/1000 saved
[17:28:01] worker_03 query=wealth_management_125_question_benchmark:WM125-5T-004 status=DAG_NODE_ERROR elapsed=6.864s
  ERROR stage=Q1:Exception retryable_api=True: Connection error.
[17:28:01] API WARNING worker_03: [!] Decompose API error: Connection error.
[17:28:01] API WARNING worker_03: [!] Decompose API error: Connection error.
[17:28:01] API WARNING worker_03: [!] Decompose API error: Connection error.
[17:28:01] API WARNING worker_03: [!] Decompose API error: Connection error.
[17:28:01] API WARNING worker_03: [!] Decompose API error: Connection error.
[17:28:01] API WARNING worker_03: [!] Decompose API error: Connection error.
[17:28:01] worker_04 query=wealth_management_125_question_benchmark:WM125-4T-009 status=DAG_NODE_ERROR elapsed=6.927s
  ERROR stage=Q1:Exception retryable_api=True: Connection error.
[17:28:01] API WARNING worker_04: [!] Decompose API error: Connection error.
[17:28:01] API WARNING worker_04: [!] Decompose API error: Connection error.
[17:28:01] API WARNING worker_04: [!] Decompose API error: Connection error.
[17:28:01] API WARNING worker_04: [!] Decompose API error: Connection error.
[17:28:01] API WARNING worker_04: [!] Decompose API error: Connection error.
[17:28:01] API WARNING worker_04: [!] Decompose API error: Connection error.
554/1000 saved
[17:28:12] worker_03 query=wealth_management_125_question_benchmark:WM125-5T-008 status=DAG_NODE_ERROR elapsed=8.926s
  ERROR stage=Q1:Exception retryable_api=True: Connection error.
[17:28:12] API WARNING worker_03: [!] Decompose API error: Connection error.
[17:28:12] API WARNING worker_03: [!] Decompose API error: Connection error.
[17:28:12] API WARNING worker_03: [!] Decompose API error: Connection error.
[17:28:12] worker_04 query=wealth_management_125_question_benchmark:WM125-4T-013 status=DAG_NODE_ERROR elapsed=8.542s
  ERROR stage=Q1:Exception retryable_api=True: Connection error.
[17:28:12] API WARNING worker_04: [!] Decompose API error: Connection error.
[17:28:12] API WARNING worker_04: [!] Decompose API error: Connection error.
556/1000 saved
556/1000 saved
556/1000 saved
556/1000 saved
556/1000 saved
556/1000 saved
556/1000 saved
[17:29:24] worker_03 query=wealth_management_125_question_benchmark:WM125-5T-012 status=PIPELINE_SUCCESS elapsed=80.373s
557/1000 saved
557/1000 saved
[17:29:44] worker_04 query=wealth_management_125_question_benchmark:WM125-4T-017 status=PIPELINE_SUCCESS elapsed=92.77s
558/1000 saved
558/1000 saved
558/1000 saved
558/1000 saved
[17:30:25] worker_03 query=wealth_management_at_risk_critical_125_questions:ARC125-1T-002 status=PIPELINE_SUCCESS elapsed=61.632s
559/1000 saved
559/1000 saved
559/1000 saved
[17:30:56] worker_04 query=wealth_management_125_question_benchmark:WM125-5T-001 status=PIPELINE_SUCCESS elapsed=77.599s
560/1000 saved
560/1000 saved
[17:31:17] worker_03 query=wealth_management_at_risk_critical_125_questions:ARC125-1T-006 status=PIPELINE_SUCCESS elapsed=44.839s
561/1000 saved
561/1000 saved
561/1000 saved
561/1000 saved
[17:31:58] worker_03 query=wealth_management_at_risk_critical_125_questions:ARC125-1T-010 status=PIPELINE_SUCCESS elapsed=41.128s
562/1000 saved
[17:32:08] worker_04 query=wealth_management_125_question_benchmark:WM125-5T-005 status=PIPELINE_SUCCESS elapsed=64.765s
563/1000 saved
563/1000 saved
563/1000 saved
563/1000 saved
[17:32:50] worker_03 query=wealth_management_at_risk_critical_125_questions:ARC125-1T-014 status=PIPELINE_SUCCESS elapsed=58.08s
564/1000 saved
564/1000 saved
[17:33:10] worker_04 query=wealth_management_125_question_benchmark:WM125-5T-009 status=PIPELINE_SUCCESS elapsed=65.544s
565/1000 saved
565/1000 saved
565/1000 saved
565/1000 saved
[17:33:51] worker_03 query=wealth_management_at_risk_critical_125_questions:ARC125-1T-018 status=PIPELINE_SUCCESS elapsed=57.609s
566/1000 saved
566/1000 saved
[17:34:12] worker_04 query=wealth_management_125_question_benchmark:WM125-5T-013 status=PIPELINE_SUCCESS elapsed=65.449s
567/1000 saved
567/1000 saved
567/1000 saved
[17:34:43] worker_03 query=wealth_management_at_risk_critical_125_questions:ARC125-2T-002 status=PIPELINE_SUCCESS elapsed=51.017s
568/1000 saved
568/1000 saved
[17:35:03] worker_04 query=wealth_management_at_risk_critical_125_questions:ARC125-1T-003 status=PIPELINE_SUCCESS elapsed=50.983s
569/1000 saved
569/1000 saved
[17:35:24] worker_03 query=wealth_management_at_risk_critical_125_questions:ARC125-2T-006 status=PIPELINE_SUCCESS elapsed=47.275s
570/1000 saved
570/1000 saved
570/1000 saved
[17:35:55] worker_04 query=wealth_management_at_risk_critical_125_questions:ARC125-1T-007 status=PIPELINE_SUCCESS elapsed=47.735s
571/1000 saved
571/1000 saved
[17:36:16] worker_03 query=wealth_management_at_risk_critical_125_questions:ARC125-2T-010 status=PIPELINE_SUCCESS elapsed=47.49s
572/1000 saved
572/1000 saved
[17:36:36] worker_04 query=wealth_management_at_risk_critical_125_questions:ARC125-1T-011 status=PIPELINE_SUCCESS elapsed=36.39s
573/1000 saved
573/1000 saved
[17:36:57] worker_04 query=wealth_management_at_risk_critical_125_questions:ARC125-1T-015 status=PIPELINE_SUCCESS elapsed=27.644s
574/1000 saved
[17:37:07] worker_03 query=wealth_management_at_risk_critical_125_questions:ARC125-2T-014 status=PIPELINE_SUCCESS elapsed=54.458s
575/1000 saved
575/1000 saved
575/1000 saved
575/1000 saved
[17:37:49] worker_04 query=wealth_management_at_risk_critical_125_questions:ARC125-1T-019 status=PIPELINE_SUCCESS elapsed=53.082s
576/1000 saved
576/1000 saved
[17:38:09] worker_03 query=wealth_management_at_risk_critical_125_questions:ARC125-2T-018 status=PIPELINE_SUCCESS elapsed=56.494s
577/1000 saved
577/1000 saved
577/1000 saved
577/1000 saved
[17:38:51] worker_03 query=wealth_management_at_risk_critical_125_questions:ARC125-2T-022 status=PIPELINE_SUCCESS elapsed=46.371s
[17:38:51] worker_04 query=wealth_management_at_risk_critical_125_questions:ARC125-2T-003 status=PIPELINE_SUCCESS elapsed=54.834s
579/1000 saved
579/1000 saved
579/1000 saved
579/1000 saved
[17:39:32] worker_04 query=wealth_management_at_risk_critical_125_questions:ARC125-2T-007 status=PIPELINE_SUCCESS elapsed=46.693s
580/1000 saved
[17:39:42] worker_03 query=wealth_management_at_risk_critical_125_questions:ARC125-2T-026 status=PIPELINE_SUCCESS elapsed=48.048s
581/1000 saved
581/1000 saved
581/1000 saved
581/1000 saved
581/1000 saved
[17:40:34] worker_03 query=wealth_management_at_risk_critical_125_questions:ARC125-2T-030 status=PIPELINE_SUCCESS elapsed=51.131s
[17:40:34] worker_04 query=wealth_management_at_risk_critical_125_questions:ARC125-2T-011 status=PIPELINE_SUCCESS elapsed=57.314s
583/1000 saved
583/1000 saved
583/1000 saved
583/1000 saved
[17:41:15] worker_04 query=wealth_management_at_risk_critical_125_questions:ARC125-2T-015 status=PIPELINE_SUCCESS elapsed=47.732s
584/1000 saved
584/1000 saved
[17:41:36] worker_03 query=wealth_management_at_risk_critical_125_questions:ARC125-3T-004 status=PIPELINE_SUCCESS elapsed=62.888s
585/1000 saved
585/1000 saved
585/1000 saved
[17:42:07] worker_04 query=wealth_management_at_risk_critical_125_questions:ARC125-2T-019 status=PIPELINE_SUCCESS elapsed=47.2s
586/1000 saved
586/1000 saved
586/1000 saved
586/1000 saved
[17:42:49] worker_03 query=wealth_management_at_risk_critical_125_questions:ARC125-3T-008 status=PIPELINE_SUCCESS elapsed=74.947s
587/1000 saved
587/1000 saved
[17:43:09] worker_04 query=wealth_management_at_risk_critical_125_questions:ARC125-2T-023 status=PIPELINE_SUCCESS elapsed=58.141s
588/1000 saved
588/1000 saved
588/1000 saved
588/1000 saved
588/1000 saved
[17:44:01] worker_03 query=wealth_management_at_risk_critical_125_questions:ARC125-3T-012 status=PIPELINE_SUCCESS elapsed=67.926s
[17:44:01] worker_04 query=wealth_management_at_risk_critical_125_questions:ARC125-2T-027 status=PIPELINE_SUCCESS elapsed=52.471s
590/1000 saved
590/1000 saved
590/1000 saved
590/1000 saved
590/1000 saved
590/1000 saved
590/1000 saved
[17:45:14] worker_04 query=wealth_management_at_risk_critical_125_questions:ARC125-3T-001 status=PIPELINE_SUCCESS elapsed=76.046s
591/1000 saved
[17:45:24] worker_03 query=wealth_management_at_risk_critical_125_questions:ARC125-3T-016 status=PIPELINE_SUCCESS elapsed=87.414s
592/1000 saved
592/1000 saved
592/1000 saved
592/1000 saved
592/1000 saved
592/1000 saved
[17:46:26] worker_03 query=wealth_management_at_risk_critical_125_questions:ARC125-3T-020 status=PIPELINE_SUCCESS elapsed=60.711s
593/1000 saved
[17:46:36] worker_04 query=wealth_management_at_risk_critical_125_questions:ARC125-3T-005 status=PIPELINE_SUCCESS elapsed=83.329s
594/1000 saved
594/1000 saved
594/1000 saved
594/1000 saved
[17:47:18] worker_03 query=wealth_management_at_risk_critical_125_questions:ARC125-3T-024 status=PIPELINE_SUCCESS elapsed=53.497s
595/1000 saved
595/1000 saved
595/1000 saved
[17:47:49] worker_04 query=wealth_management_at_risk_critical_125_questions:ARC125-3T-009 status=PIPELINE_SUCCESS elapsed=72.674s
596/1000 saved
596/1000 saved
596/1000 saved
596/1000 saved
[17:48:30] worker_03 query=wealth_management_at_risk_critical_125_questions:ARC125-3T-028 status=PIPELINE_SUCCESS elapsed=65.047s
597/1000 saved
597/1000 saved
597/1000 saved
[17:49:01] worker_04 query=wealth_management_at_risk_critical_125_questions:ARC125-3T-013 status=PIPELINE_SUCCESS elapsed=75.044s
598/1000 saved
598/1000 saved
598/1000 saved
598/1000 saved
598/1000 saved
[17:49:53] worker_03 query=wealth_management_at_risk_critical_125_questions:ARC125-4T-002 status=PIPELINE_SUCCESS elapsed=86.7s
599/1000 saved
599/1000 saved
599/1000 saved
[17:50:24] worker_04 query=wealth_management_at_risk_critical_125_questions:ARC125-3T-017 status=PIPELINE_SUCCESS elapsed=85.25s
600/1000 saved
600/1000 saved
600/1000 saved
600/1000 saved
600/1000 saved
[17:51:16] worker_03 query=wealth_management_at_risk_critical_125_questions:ARC125-4T-006 status=PIPELINE_SUCCESS elapsed=84.514s
601/1000 saved
[17:51:26] worker_04 query=wealth_management_at_risk_critical_125_questions:ARC125-3T-021 status=PIPELINE_SUCCESS elapsed=55.144s
602/1000 saved
602/1000 saved
602/1000 saved
602/1000 saved
602/1000 saved
602/1000 saved
[17:52:29] worker_03 query=wealth_management_at_risk_critical_125_questions:ARC125-4T-010 status=PIPELINE_SUCCESS elapsed=76.423s
[17:52:29] worker_04 query=wealth_management_at_risk_critical_125_questions:ARC125-3T-025 status=PIPELINE_SUCCESS elapsed=61.232s
604/1000 saved
604/1000 saved
604/1000 saved
604/1000 saved
604/1000 saved
[17:53:20] worker_04 query=wealth_management_at_risk_critical_125_questions:ARC125-3T-029 status=PIPELINE_SUCCESS elapsed=57.837s
605/1000 saved
605/1000 saved
[17:53:41] worker_03 query=wealth_management_at_risk_critical_125_questions:ARC125-4T-014 status=PIPELINE_SUCCESS elapsed=65.433s
606/1000 saved
606/1000 saved
606/1000 saved
606/1000 saved
606/1000 saved
[17:54:33] worker_03 query=wealth_management_at_risk_critical_125_questions:ARC125-4T-018 status=PIPELINE_SUCCESS elapsed=58.241s
607/1000 saved
[17:54:43] worker_04 query=wealth_management_at_risk_critical_125_questions:ARC125-4T-003 status=PIPELINE_SUCCESS elapsed=82.269s
608/1000 saved
608/1000 saved
608/1000 saved
608/1000 saved
608/1000 saved
608/1000 saved
[17:55:46] worker_03 query=wealth_management_at_risk_critical_125_questions:ARC125-4T-022 status=PIPELINE_SUCCESS elapsed=67.735s
609/1000 saved
609/1000 saved
[17:56:06] worker_04 query=wealth_management_at_risk_critical_125_questions:ARC125-4T-007 status=PIPELINE_SUCCESS elapsed=77.668s
610/1000 saved
610/1000 saved
610/1000 saved
610/1000 saved
610/1000 saved
610/1000 saved
[17:57:08] worker_04 query=wealth_management_at_risk_critical_125_questions:ARC125-4T-011 status=PIPELINE_SUCCESS elapsed=60.243s
611/1000 saved
611/1000 saved
611/1000 saved
[17:57:40] worker_03 query=wealth_management_at_risk_critical_125_questions:ARC125-5T-001 status=PIPELINE_SUCCESS elapsed=111.231s
612/1000 saved
612/1000 saved
[17:58:00] worker_04 query=wealth_management_at_risk_critical_125_questions:ARC125-4T-015 status=PIPELINE_SUCCESS elapsed=55.36s
613/1000 saved
613/1000 saved
613/1000 saved
613/1000 saved
613/1000 saved
613/1000 saved
613/1000 saved
613/1000 saved
613/1000 saved
613/1000 saved
613/1000 saved
613/1000 saved
613/1000 saved
613/1000 saved
613/1000 saved
613/1000 saved
613/1000 saved
613/1000 saved
613/1000 saved
613/1000 saved
613/1000 saved
613/1000 saved
613/1000 saved
613/1000 saved
613/1000 saved
613/1000 saved
613/1000 saved
613/1000 saved
613/1000 saved
613/1000 saved
613/1000 saved
613/1000 saved
613/1000 saved
613/1000 saved
613/1000 saved
613/1000 saved
613/1000 saved
613/1000 saved
613/1000 saved
613/1000 saved
613/1000 saved
613/1000 saved
613/1000 saved
613/1000 saved
613/1000 saved
613/1000 saved
613/1000 saved
613/1000 saved
613/1000 saved
613/1000 saved
613/1000 saved
613/1000 saved
613/1000 saved
613/1000 saved
613/1000 saved
613/1000 saved
613/1000 saved
613/1000 saved
613/1000 saved
613/1000 saved
613/1000 saved
613/1000 saved
613/1000 saved
613/1000 saved
613/1000 saved
[18:09:14] worker_03 query=wealth_management_at_risk_critical_125_questions:ARC125-5T-005 status=PIPELINE_SUCCESS elapsed=699.513s
614/1000 saved
614/1000 saved
614/1000 saved
[18:09:45] worker_04 query=wealth_management_at_risk_critical_125_questions:ARC125-4T-019 status=PIPELINE_SUCCESS elapsed=705.085s
615/1000 saved
615/1000 saved
615/1000 saved
615/1000 saved
[18:10:27] worker_03 query=wealth_management_at_risk_critical_125_questions:ARC125-5T-009 status=PIPELINE_SUCCESS elapsed=76.427s
616/1000 saved
616/1000 saved
616/1000 saved
616/1000 saved
616/1000 saved
[18:11:19] worker_04 query=wealth_management_at_risk_critical_125_questions:ARC125-4T-023 status=PIPELINE_SUCCESS elapsed=98.663s
617/1000 saved
617/1000 saved
617/1000 saved
[18:11:50] worker_03 query=wealth_management_at_risk_critical_125_questions:ARC125-5T-013 status=PIPELINE_SUCCESS elapsed=76.057s
618/1000 saved
618/1000 saved
618/1000 saved
618/1000 saved
618/1000 saved
618/1000 saved
618/1000 saved
618/1000 saved
618/1000 saved
[18:13:23] worker_03 query=wealth_management_at_risk_critical_125_questions:ARC125-5T-017 status=PIPELINE_SUCCESS elapsed=90.586s
619/1000 saved
[18:13:33] worker_04 query=wealth_management_at_risk_critical_125_questions:ARC125-5T-002 status=PIPELINE_SUCCESS elapsed=132.914s
620/1000 saved
620/1000 saved
[18:13:54] worker_03 query=wealth_management_batch_status_125_questions:BSQ125-1T-001 status=PIPELINE_SUCCESS elapsed=34.618s
621/1000 saved
621/1000 saved
621/1000 saved
[18:14:25] worker_03 query=wealth_management_batch_status_125_questions:BSQ125-1T-005 status=PIPELINE_SUCCESS elapsed=35.565s
622/1000 saved
622/1000 saved
622/1000 saved
622/1000 saved
[18:15:07] worker_03 query=wealth_management_batch_status_125_questions:BSQ125-1T-009 status=PIPELINE_SUCCESS elapsed=34.531s
623/1000 saved
[18:15:17] worker_04 query=wealth_management_at_risk_critical_125_questions:ARC125-5T-006 status=DAG_NODE_ERROR elapsed=100.45s
  ERROR stage=Q1:Query_Spec_Contract retryable_api=False: Subquery DAG failed. Failed nodes: ['Q1']. Skipped nodes: []. Failure stage: Q1:Query_Spec_Contract.
624/1000 saved
[18:15:27] worker_03 query=wealth_management_batch_status_125_questions:BSQ125-1T-013 status=PIPELINE_SUCCESS elapsed=28.659s
625/1000 saved
625/1000 saved
625/1000 saved
625/1000 saved
[18:16:09] worker_03 query=wealth_management_batch_status_125_questions:BSQ125-1T-017 status=PIPELINE_SUCCESS elapsed=35.671s
626/1000 saved
626/1000 saved
626/1000 saved
[18:16:40] worker_03 query=wealth_management_batch_status_125_questions:BSQ125-1T-021 status=PIPELINE_SUCCESS elapsed=31.828s
627/1000 saved
627/1000 saved
[18:17:01] worker_04 query=wealth_management_at_risk_critical_125_questions:ARC125-5T-010 status=PIPELINE_SUCCESS elapsed=103.633s
628/1000 saved
[18:17:11] worker_03 query=wealth_management_batch_status_125_questions:BSQ125-1T-025 status=PIPELINE_SUCCESS elapsed=32.235s
629/1000 saved
629/1000 saved
629/1000 saved
629/1000 saved
629/1000 saved
[18:18:03] worker_03 query=wealth_management_batch_status_125_questions:BSQ125-1T-029 status=DAG_NODE_ERROR elapsed=52.725s
  ERROR stage=Q1:Query_Spec_Contract retryable_api=False: Subquery DAG failed. Failed nodes: ['Q1']. Skipped nodes: []. Failure stage: Q1:Query_Spec_Contract.
630/1000 saved
630/1000 saved
630/1000 saved
[18:18:34] worker_03 query=wealth_management_batch_status_125_questions:BSQ125-1T-033 status=PIPELINE_SUCCESS elapsed=31.131s
[18:18:34] worker_04 query=wealth_management_at_risk_critical_125_questions:ARC125-5T-014 status=PIPELINE_SUCCESS elapsed=95.825s
632/1000 saved
632/1000 saved
632/1000 saved
632/1000 saved
632/1000 saved
[18:19:26] worker_03 query=wealth_management_batch_status_125_questions:BSQ125-2T-002 status=PIPELINE_SUCCESS elapsed=47.736s
633/1000 saved
633/1000 saved
633/1000 saved
633/1000 saved
[18:20:07] worker_03 query=wealth_management_batch_status_125_questions:BSQ125-2T-006 status=PIPELINE_SUCCESS elapsed=47.749s
634/1000 saved
634/1000 saved
634/1000 saved
634/1000 saved
[18:20:49] worker_04 query=wealth_management_at_risk_critical_125_questions:ARC125-5T-018 status=PIPELINE_SUCCESS elapsed=129.815s
635/1000 saved
[18:20:59] worker_03 query=wealth_management_batch_status_125_questions:BSQ125-2T-010 status=PIPELINE_SUCCESS elapsed=53.321s
636/1000 saved
636/1000 saved
[18:21:20] worker_04 query=wealth_management_batch_status_125_questions:BSQ125-1T-002 status=PIPELINE_SUCCESS elapsed=30.536s
637/1000 saved
637/1000 saved
637/1000 saved
[18:21:51] worker_03 query=wealth_management_batch_status_125_questions:BSQ125-2T-014 status=PIPELINE_SUCCESS elapsed=48.677s
[18:21:51] worker_04 query=wealth_management_batch_status_125_questions:BSQ125-1T-006 status=PIPELINE_SUCCESS elapsed=33.83s
639/1000 saved
639/1000 saved
639/1000 saved
639/1000 saved
[18:22:33] worker_04 query=wealth_management_batch_status_125_questions:BSQ125-1T-010 status=PIPELINE_SUCCESS elapsed=39.695s
640/1000 saved
[18:22:43] worker_03 query=wealth_management_batch_status_125_questions:BSQ125-2T-018 status=PIPELINE_SUCCESS elapsed=49.389s
641/1000 saved
641/1000 saved
[18:23:04] worker_04 query=wealth_management_batch_status_125_questions:BSQ125-1T-014 status=PIPELINE_SUCCESS elapsed=31.348s
642/1000 saved
642/1000 saved
[18:23:25] worker_03 query=wealth_management_batch_status_125_questions:BSQ125-2T-022 status=PIPELINE_SUCCESS elapsed=42.793s
643/1000 saved
[18:23:35] worker_04 query=wealth_management_batch_status_125_questions:BSQ125-1T-018 status=PIPELINE_SUCCESS elapsed=33.723s
644/1000 saved
644/1000 saved
644/1000 saved
[18:24:06] worker_04 query=wealth_management_batch_status_125_questions:BSQ125-1T-022 status=PIPELINE_SUCCESS elapsed=30.205s
645/1000 saved
645/1000 saved
645/1000 saved
[18:24:37] worker_04 query=wealth_management_batch_status_125_questions:BSQ125-1T-026 status=PIPELINE_SUCCESS elapsed=35.678s
646/1000 saved
[18:24:48] worker_03 query=wealth_management_batch_status_125_questions:BSQ125-2T-026 status=PIPELINE_SUCCESS elapsed=80.837s
647/1000 saved
647/1000 saved
647/1000 saved
[18:25:19] worker_04 query=wealth_management_batch_status_125_questions:BSQ125-1T-030 status=PIPELINE_SUCCESS elapsed=36.91s
648/1000 saved
648/1000 saved
[18:25:40] worker_03 query=wealth_management_batch_status_125_questions:BSQ125-2T-030 status=PIPELINE_SUCCESS elapsed=51.448s
649/1000 saved
[18:25:50] worker_04 query=wealth_management_batch_status_125_questions:BSQ125-1T-034 status=PIPELINE_SUCCESS elapsed=36.016s
650/1000 saved
650/1000 saved
650/1000 saved
650/1000 saved
[18:26:32] worker_03 query=wealth_management_batch_status_125_questions:BSQ125-2T-034 status=PIPELINE_SUCCESS elapsed=57.616s
651/1000 saved
[18:26:42] worker_04 query=wealth_management_batch_status_125_questions:BSQ125-2T-003 status=PIPELINE_SUCCESS elapsed=51.105s
652/1000 saved
652/1000 saved
652/1000 saved
652/1000 saved
652/1000 saved
[18:27:34] worker_04 query=wealth_management_batch_status_125_questions:BSQ125-2T-007 status=PIPELINE_SUCCESS elapsed=47.735s
653/1000 saved
653/1000 saved
[18:27:55] worker_03 query=wealth_management_batch_status_125_questions:BSQ125-2T-038 status=PIPELINE_SUCCESS elapsed=75.589s
654/1000 saved
654/1000 saved
654/1000 saved
[18:28:26] worker_04 query=wealth_management_batch_status_125_questions:BSQ125-2T-011 status=PIPELINE_SUCCESS elapsed=49.693s
655/1000 saved
[18:28:36] worker_03 query=wealth_management_batch_status_125_questions:BSQ125-3T-002 status=PIPELINE_SUCCESS elapsed=49.077s
656/1000 saved
656/1000 saved
656/1000 saved
656/1000 saved
656/1000 saved
656/1000 saved
656/1000 saved
656/1000 saved
656/1000 saved
656/1000 saved
656/1000 saved
656/1000 saved
656/1000 saved
656/1000 saved
656/1000 saved
656/1000 saved
656/1000 saved
656/1000 saved
656/1000 saved
656/1000 saved
656/1000 saved
656/1000 saved
656/1000 saved
656/1000 saved
656/1000 saved
656/1000 saved
656/1000 saved
656/1000 saved
656/1000 saved
656/1000 saved
656/1000 saved
656/1000 saved
656/1000 saved
656/1000 saved
656/1000 saved
656/1000 saved
656/1000 saved
656/1000 saved
656/1000 saved
656/1000 saved
656/1000 saved
656/1000 saved
656/1000 saved
656/1000 saved
656/1000 saved
656/1000 saved
656/1000 saved
656/1000 saved
656/1000 saved
656/1000 saved
656/1000 saved
656/1000 saved
656/1000 saved
656/1000 saved
656/1000 saved
656/1000 saved
656/1000 saved
656/1000 saved
656/1000 saved
656/1000 saved
656/1000 saved
656/1000 saved
[18:39:20] worker_04 query=wealth_management_batch_status_125_questions:BSQ125-2T-015 status=PIPELINE_SUCCESS elapsed=653.655s
657/1000 saved
657/1000 saved
657/1000 saved
657/1000 saved
[18:40:02] worker_03 query=wealth_management_batch_status_125_questions:BSQ125-3T-006 status=PIPELINE_SUCCESS elapsed=678.301s
[18:40:02] worker_04 query=wealth_management_batch_status_125_questions:BSQ125-2T-019 status=PIPELINE_SUCCESS elapsed=50.036s
659/1000 saved
659/1000 saved
659/1000 saved
659/1000 saved
659/1000 saved
[18:40:54] worker_04 query=wealth_management_batch_status_125_questions:BSQ125-2T-023 status=PIPELINE_SUCCESS elapsed=47.188s
660/1000 saved
[18:41:04] worker_03 query=wealth_management_batch_status_125_questions:BSQ125-3T-010 status=PIPELINE_SUCCESS elapsed=62.365s
661/1000 saved
661/1000 saved
661/1000 saved
661/1000 saved
661/1000 saved
661/1000 saved
661/1000 saved
661/1000 saved
661/1000 saved
661/1000 saved
661/1000 saved
661/1000 saved
661/1000 saved
661/1000 saved
661/1000 saved
661/1000 saved
661/1000 saved
661/1000 saved
661/1000 saved
661/1000 saved
661/1000 saved
661/1000 saved
661/1000 saved
661/1000 saved
661/1000 saved
661/1000 saved
661/1000 saved
661/1000 saved
661/1000 saved
661/1000 saved
661/1000 saved
661/1000 saved
661/1000 saved
661/1000 saved
661/1000 saved
661/1000 saved
661/1000 saved
661/1000 saved
661/1000 saved
661/1000 saved
661/1000 saved
661/1000 saved
661/1000 saved
661/1000 saved
661/1000 saved
661/1000 saved
661/1000 saved
661/1000 saved
661/1000 saved
661/1000 saved
661/1000 saved
661/1000 saved
661/1000 saved
661/1000 saved
661/1000 saved
661/1000 saved
661/1000 saved
661/1000 saved
661/1000 saved
661/1000 saved
661/1000 saved
661/1000 saved
[06:24:39] worker_03 query=wealth_management_batch_status_125_questions:BSQ125-3T-014 status=PIPELINE_SUCCESS elapsed=646.056s
[06:24:39] worker_04 query=wealth_management_batch_status_125_questions:BSQ125-2T-027 status=PIPELINE_SUCCESS elapsed=654.481s
663/1000 saved
663/1000 saved
663/1000 saved
[06:25:11] worker_04 query=wealth_management_batch_status_125_questions:BSQ125-2T-031 status=PIPELINE_SUCCESS elapsed=36.499s
664/1000 saved
[06:25:21] worker_03 query=wealth_management_batch_status_125_questions:BSQ125-3T-018 status=PIPELINE_SUCCESS elapsed=45.381s
665/1000 saved
665/1000 saved
665/1000 saved
[06:25:52] worker_04 query=wealth_management_batch_status_125_questions:BSQ125-2T-035 status=PIPELINE_SUCCESS elapsed=38.864s
666/1000 saved
[06:26:03] worker_03 query=wealth_management_batch_status_125_questions:BSQ125-3T-022 status=PIPELINE_SUCCESS elapsed=45.426s
667/1000 saved
667/1000 saved
[06:26:23] worker_04 query=wealth_management_batch_status_125_questions:BSQ125-2T-039 status=PIPELINE_SUCCESS elapsed=35.255s
668/1000 saved
668/1000 saved
668/1000 saved
[06:26:55] worker_03 query=wealth_management_batch_status_125_questions:BSQ125-3T-026 status=PIPELINE_SUCCESS elapsed=49.071s
669/1000 saved
669/1000 saved
[06:27:15] worker_04 query=wealth_management_batch_status_125_questions:BSQ125-3T-003 status=PIPELINE_SUCCESS elapsed=44.843s
670/1000 saved
670/1000 saved
670/1000 saved
[06:27:47] worker_03 query=wealth_management_batch_status_125_questions:BSQ125-3T-030 status=PIPELINE_SUCCESS elapsed=49.888s
671/1000 saved
[06:27:57] worker_04 query=wealth_management_batch_status_125_questions:BSQ125-3T-007 status=PIPELINE_SUCCESS elapsed=50.931s
672/1000 saved
672/1000 saved
672/1000 saved
672/1000 saved
[06:28:38] worker_03 query=wealth_management_batch_status_125_questions:BSQ125-4T-004 status=PIPELINE_SUCCESS elapsed=53.417s
673/1000 saved
673/1000 saved
673/1000 saved
673/1000 saved
673/1000 saved
673/1000 saved
[06:29:41] worker_04 query=wealth_management_batch_status_125_questions:BSQ125-3T-011 status=PIPELINE_SUCCESS elapsed=98.915s
674/1000 saved
674/1000 saved
[06:30:02] worker_03 query=wealth_management_batch_status_125_questions:BSQ125-4T-008 status=PIPELINE_SUCCESS elapsed=79.359s
675/1000 saved
675/1000 saved
[06:30:23] worker_04 query=wealth_management_batch_status_125_questions:BSQ125-3T-015 status=PIPELINE_SUCCESS elapsed=44.277s
676/1000 saved
676/1000 saved
[06:30:44] worker_03 query=wealth_management_batch_status_125_questions:BSQ125-4T-012 status=PIPELINE_SUCCESS elapsed=51.042s
677/1000 saved
677/1000 saved
[06:31:04] worker_04 query=wealth_management_batch_status_125_questions:BSQ125-3T-019 status=PIPELINE_SUCCESS elapsed=41.877s
678/1000 saved
678/1000 saved
678/1000 saved
678/1000 saved
678/1000 saved
[06:31:56] worker_04 query=wealth_management_batch_status_125_questions:BSQ125-3T-023 status=PIPELINE_SUCCESS elapsed=50.863s
679/1000 saved
[06:32:07] worker_03 query=wealth_management_batch_status_125_questions:BSQ125-4T-016 status=PIPELINE_SUCCESS elapsed=73.8s
680/1000 saved
680/1000 saved
680/1000 saved
680/1000 saved
[06:32:48] worker_04 query=wealth_management_batch_status_125_questions:BSQ125-3T-027 status=PIPELINE_SUCCESS elapsed=51.181s
681/1000 saved
681/1000 saved
681/1000 saved
[06:33:20] worker_03 query=wealth_management_batch_status_125_questions:BSQ125-4T-020 status=PIPELINE_SUCCESS elapsed=72.995s
682/1000 saved
682/1000 saved
[06:33:40] worker_04 query=wealth_management_batch_status_125_questions:BSQ125-4T-001 status=PIPELINE_SUCCESS elapsed=55.464s
683/1000 saved
[06:33:51] worker_03 query=wealth_management_enrichment_context_125_questions:EC125-2T-004 status=PIPELINE_SUCCESS elapsed=38.937s
684/1000 saved
684/1000 saved
684/1000 saved
684/1000 saved
684/1000 saved
684/1000 saved
[06:34:53] worker_03 query=wealth_management_enrichment_context_125_questions:EC125-2T-008 status=PIPELINE_SUCCESS elapsed=56.112s
[06:34:53] worker_04 query=wealth_management_batch_status_125_questions:BSQ125-4T-005 status=PIPELINE_SUCCESS elapsed=69.265s
686/1000 saved
686/1000 saved
686/1000 saved
686/1000 saved
[06:35:35] worker_03 query=wealth_management_enrichment_context_125_questions:EC125-2T-012 status=PIPELINE_SUCCESS elapsed=47.225s
687/1000 saved
[06:35:45] worker_04 query=wealth_management_batch_status_125_questions:BSQ125-4T-009 status=PIPELINE_SUCCESS elapsed=51.751s
688/1000 saved
688/1000 saved
688/1000 saved
688/1000 saved
[06:36:27] worker_03 query=wealth_management_enrichment_context_125_questions:EC125-2T-016 status=PIPELINE_SUCCESS elapsed=45.192s
689/1000 saved
689/1000 saved
[06:36:48] worker_04 query=wealth_management_batch_status_125_questions:BSQ125-4T-013 status=PIPELINE_SUCCESS elapsed=59.074s
690/1000 saved
690/1000 saved
[06:37:08] worker_03 query=wealth_management_enrichment_context_125_questions:EC125-2T-020 status=PIPELINE_SUCCESS elapsed=47.724s
691/1000 saved
691/1000 saved
[06:37:29] worker_04 query=wealth_management_batch_status_125_questions:BSQ125-4T-017 status=PIPELINE_SUCCESS elapsed=47.141s
692/1000 saved
692/1000 saved
692/1000 saved
[06:38:00] worker_03 query=wealth_management_enrichment_context_125_questions:EC125-2T-024 status=PIPELINE_SUCCESS elapsed=46.255s
693/1000 saved
[06:38:11] worker_04 query=wealth_management_enrichment_context_125_questions:EC125-2T-001 status=PIPELINE_SUCCESS elapsed=43.588s
694/1000 saved
694/1000 saved
694/1000 saved
694/1000 saved
[06:38:52] worker_03 query=wealth_management_enrichment_context_125_questions:EC125-2T-028 status=PIPELINE_SUCCESS elapsed=54.322s
695/1000 saved
[06:39:03] worker_04 query=wealth_management_enrichment_context_125_questions:EC125-2T-005 status=PIPELINE_SUCCESS elapsed=43.823s
696/1000 saved
696/1000 saved
696/1000 saved
[06:39:34] worker_03 query=wealth_management_enrichment_context_125_questions:EC125-2T-032 status=PIPELINE_SUCCESS elapsed=47.105s
697/1000 saved
[06:39:44] worker_04 query=wealth_management_enrichment_context_125_questions:EC125-2T-009 status=PIPELINE_SUCCESS elapsed=42.14s
698/1000 saved
698/1000 saved
698/1000 saved
698/1000 saved
[06:40:26] worker_03 query=wealth_management_enrichment_context_125_questions:EC125-2T-036 status=PIPELINE_SUCCESS elapsed=47.144s
[06:40:26] worker_04 query=wealth_management_enrichment_context_125_questions:EC125-2T-013 status=PIPELINE_SUCCESS elapsed=40.151s
700/1000 saved
700/1000 saved
700/1000 saved
700/1000 saved
[06:41:08] worker_04 query=wealth_management_enrichment_context_125_questions:EC125-2T-017 status=PIPELINE_SUCCESS elapsed=41.925s
701/1000 saved
[06:41:18] worker_03 query=wealth_management_enrichment_context_125_questions:EC125-2T-040 status=PIPELINE_SUCCESS elapsed=48.726s
702/1000 saved
702/1000 saved
[06:41:39] worker_04 query=wealth_management_enrichment_context_125_questions:EC125-2T-021 status=PIPELINE_SUCCESS elapsed=39.577s
703/1000 saved
703/1000 saved
[06:42:00] worker_03 query=wealth_management_enrichment_context_125_questions:EC125-2T-044 status=PIPELINE_SUCCESS elapsed=43.364s
704/1000 saved
704/1000 saved
[06:42:21] worker_04 query=wealth_management_enrichment_context_125_questions:EC125-2T-025 status=PIPELINE_SUCCESS elapsed=41.52s
705/1000 saved
705/1000 saved
[06:42:41] worker_03 query=wealth_management_enrichment_context_125_questions:EC125-3T-003 status=PIPELINE_SUCCESS elapsed=49.439s
706/1000 saved
[06:42:52] worker_04 query=wealth_management_enrichment_context_125_questions:EC125-2T-029 status=PIPELINE_SUCCESS elapsed=24.846s
707/1000 saved
707/1000 saved
707/1000 saved
707/1000 saved
[06:43:33] worker_03 query=wealth_management_enrichment_context_125_questions:EC125-3T-007 status=PIPELINE_SUCCESS elapsed=48.446s
[06:43:33] worker_04 query=wealth_management_enrichment_context_125_questions:EC125-2T-033 status=PIPELINE_SUCCESS elapsed=47.436s
709/1000 saved
709/1000 saved
709/1000 saved
709/1000 saved
[06:44:15] worker_04 query=wealth_management_enrichment_context_125_questions:EC125-2T-037 status=PIPELINE_SUCCESS elapsed=39.596s
710/1000 saved
[06:44:25] worker_03 query=wealth_management_enrichment_context_125_questions:EC125-3T-011 status=PIPELINE_SUCCESS elapsed=53.494s
711/1000 saved
711/1000 saved
711/1000 saved
711/1000 saved
711/1000 saved
711/1000 saved
711/1000 saved
711/1000 saved
711/1000 saved
711/1000 saved
711/1000 saved
711/1000 saved
711/1000 saved
711/1000 saved
711/1000 saved
711/1000 saved
711/1000 saved
711/1000 saved
711/1000 saved
711/1000 saved
711/1000 saved
711/1000 saved
711/1000 saved
711/1000 saved
711/1000 saved
711/1000 saved
711/1000 saved
711/1000 saved
711/1000 saved
711/1000 saved
711/1000 saved
711/1000 saved
711/1000 saved
711/1000 saved
711/1000 saved
711/1000 saved
711/1000 saved
711/1000 saved
711/1000 saved
711/1000 saved
711/1000 saved
711/1000 saved
711/1000 saved
711/1000 saved
711/1000 saved
711/1000 saved
711/1000 saved
711/1000 saved
711/1000 saved
711/1000 saved
711/1000 saved
711/1000 saved
711/1000 saved
711/1000 saved
711/1000 saved
711/1000 saved
711/1000 saved
711/1000 saved
711/1000 saved
711/1000 saved
711/1000 saved
[06:55:01] worker_04 query=wealth_management_enrichment_context_125_questions:EC125-2T-041 status=PIPELINE_SUCCESS elapsed=641.529s
712/1000 saved
712/1000 saved
[06:55:22] worker_03 query=wealth_management_enrichment_context_125_questions:EC125-3T-015 status=PIPELINE_SUCCESS elapsed=651.758s
713/1000 saved
[06:55:32] worker_04 query=wealth_management_enrichment_context_125_questions:EC125-2T-045 status=PIPELINE_SUCCESS elapsed=34.904s
714/1000 saved
714/1000 saved
714/1000 saved
[06:56:03] worker_03 query=wealth_management_enrichment_context_125_questions:EC125-3T-019 status=PIPELINE_SUCCESS elapsed=45.256s
715/1000 saved
715/1000 saved
[06:56:24] worker_04 query=wealth_management_enrichment_context_125_questions:EC125-3T-004 status=PIPELINE_SUCCESS elapsed=49.438s
716/1000 saved
716/1000 saved
716/1000 saved
[06:56:56] worker_03 query=wealth_management_enrichment_context_125_questions:EC125-3T-023 status=PIPELINE_SUCCESS elapsed=54.044s
717/1000 saved
717/1000 saved
[06:57:16] worker_04 query=wealth_management_enrichment_context_125_questions:EC125-3T-008 status=PIPELINE_SUCCESS elapsed=51.393s
718/1000 saved
718/1000 saved
718/1000 saved
[06:57:48] worker_03 query=wealth_management_enrichment_context_125_questions:EC125-3T-027 status=PIPELINE_SUCCESS elapsed=49.717s
719/1000 saved
719/1000 saved
[06:58:08] worker_04 query=wealth_management_enrichment_context_125_questions:EC125-3T-012 status=PIPELINE_SUCCESS elapsed=51.511s
720/1000 saved
720/1000 saved
720/1000 saved
720/1000 saved
[06:58:50] worker_03 query=wealth_management_enrichment_context_125_questions:EC125-3T-031 status=PIPELINE_SUCCESS elapsed=58.721s
721/1000 saved
[06:59:01] worker_04 query=wealth_management_enrichment_context_125_questions:EC125-3T-016 status=PIPELINE_SUCCESS elapsed=52.868s
722/1000 saved
722/1000 saved
722/1000 saved
722/1000 saved
[06:59:42] worker_03 query=wealth_management_enrichment_context_125_questions:EC125-3T-035 status=PIPELINE_SUCCESS elapsed=54.111s
[06:59:42] worker_04 query=wealth_management_enrichment_context_125_questions:EC125-3T-020 status=PIPELINE_SUCCESS elapsed=48.564s
724/1000 saved
724/1000 saved
724/1000 saved
724/1000 saved
724/1000 saved
[07:00:34] worker_03 query=wealth_management_enrichment_context_125_questions:EC125-3T-039 status=PIPELINE_SUCCESS elapsed=47.739s
[07:00:34] worker_04 query=wealth_management_enrichment_context_125_questions:EC125-3T-024 status=PIPELINE_SUCCESS elapsed=48.228s
726/1000 saved
726/1000 saved
726/1000 saved
[07:01:06] worker_03 query=wealth_management_enrichment_context_125_questions:EC125-3T-043 status=PIPELINE_SUCCESS elapsed=40.919s
727/1000 saved
727/1000 saved
[07:01:26] worker_04 query=wealth_management_enrichment_context_125_questions:EC125-3T-028 status=PIPELINE_SUCCESS elapsed=51.65s
728/1000 saved
728/1000 saved
728/1000 saved
[07:01:58] worker_03 query=wealth_management_enrichment_context_125_questions:EC125-4T-002 status=PIPELINE_SUCCESS elapsed=48.482s
729/1000 saved
729/1000 saved
[07:02:19] worker_04 query=wealth_management_enrichment_context_125_questions:EC125-3T-032 status=PIPELINE_SUCCESS elapsed=53.391s
730/1000 saved
730/1000 saved
730/1000 saved
730/1000 saved
[07:03:00] worker_03 query=wealth_management_enrichment_context_125_questions:EC125-4T-006 status=PIPELINE_SUCCESS elapsed=58.514s
731/1000 saved
[07:03:11] worker_04 query=wealth_management_enrichment_context_125_questions:EC125-3T-036 status=PIPELINE_SUCCESS elapsed=49.582s
732/1000 saved
732/1000 saved
732/1000 saved
732/1000 saved
732/1000 saved
[07:04:03] worker_03 query=wealth_management_enrichment_context_125_questions:EC125-4T-010 status=PIPELINE_SUCCESS elapsed=63.211s
[07:04:03] worker_04 query=wealth_management_enrichment_context_125_questions:EC125-3T-040 status=PIPELINE_SUCCESS elapsed=53.796s
734/1000 saved
734/1000 saved
734/1000 saved
734/1000 saved
734/1000 saved
[07:04:55] worker_04 query=wealth_management_enrichment_context_125_questions:EC125-3T-044 status=PIPELINE_SUCCESS elapsed=47.089s
735/1000 saved
[07:05:05] worker_03 query=wealth_management_enrichment_context_125_questions:EC125-4T-014 status=PIPELINE_SUCCESS elapsed=61.008s
736/1000 saved
736/1000 saved
736/1000 saved
736/1000 saved
736/1000 saved
[07:05:58] worker_03 query=wealth_management_enrichment_context_125_questions:EC125-4T-018 status=PIPELINE_SUCCESS elapsed=55.453s
[07:05:58] worker_04 query=wealth_management_enrichment_context_125_questions:EC125-4T-003 status=PIPELINE_SUCCESS elapsed=70.46s
738/1000 saved
738/1000 saved
738/1000 saved
738/1000 saved
738/1000 saved
[07:06:50] worker_03 query=wealth_management_enrichment_context_125_questions:EC125-4T-022 status=PIPELINE_SUCCESS elapsed=53.403s
739/1000 saved
739/1000 saved
[07:07:11] worker_04 query=wealth_management_enrichment_context_125_questions:EC125-4T-007 status=PIPELINE_SUCCESS elapsed=68.035s
740/1000 saved
740/1000 saved
740/1000 saved
740/1000 saved
[07:07:52] worker_03 query=wealth_management_enrichment_context_125_questions:EC125-4T-026 status=PIPELINE_SUCCESS elapsed=58.18s
741/1000 saved
741/1000 saved
741/1000 saved
[07:08:24] worker_04 query=wealth_management_enrichment_context_125_questions:EC125-4T-011 status=PIPELINE_SUCCESS elapsed=72.78s
742/1000 saved
742/1000 saved
[07:08:44] worker_03 query=wealth_management_enrichment_context_125_questions:EC125-4T-030 status=PIPELINE_SUCCESS elapsed=53.49s
743/1000 saved
743/1000 saved
743/1000 saved
743/1000 saved
743/1000 saved
[07:09:37] worker_03 query=wealth_management_enrichment_context_125_questions:EC125-4T-034 status=PIPELINE_SUCCESS elapsed=50.8s
744/1000 saved
[07:09:47] worker_04 query=wealth_management_enrichment_context_125_questions:EC125-4T-015 status=PIPELINE_SUCCESS elapsed=84.231s
745/1000 saved
745/1000 saved
745/1000 saved
745/1000 saved
[07:10:29] worker_03 query=wealth_management_multi_step_comparative_125_questions:MC125-003 status=DAG_NODE_ERROR elapsed=57.93s
  ERROR stage=Q1:Query_Spec_Contract retryable_api=False: Subquery DAG failed. Failed nodes: ['Q1']. Skipped nodes: []. Failure stage: Q1:Query_Spec_Contract.
746/1000 saved
746/1000 saved
[07:10:50] worker_04 query=wealth_management_enrichment_context_125_questions:EC125-4T-019 status=PIPELINE_SUCCESS elapsed=62.257s
747/1000 saved
747/1000 saved
747/1000 saved
747/1000 saved
747/1000 saved
747/1000 saved
747/1000 saved
747/1000 saved
[07:12:13] worker_03 query=wealth_management_multi_step_comparative_125_questions:MC125-007 status=PRE_SCAN_ERROR elapsed=101.546s
  ERROR stage=Q1:Pre_Scan_Validate_SQL retryable_api=False: The query syntax and column references are correct, but it violates the contract flag `preserve_null_groups: true`. Using an INNER JOIN on `investor_id` will drop investors (and thus risk_tolerance groups) that have no matching rows in `ATOM_ENTITY_INVESTMENT_GOAL_001`, removing null groups that should be preserved. To satisfy the contract, the join should be a LEFT JOIN from the investor profile (dimension) to the investment goal (fact) table.
[07:12:13] worker_04 query=wealth_management_enrichment_context_125_questions:EC125-4T-023 status=PIPELINE_SUCCESS elapsed=83.1s
749/1000 saved
749/1000 saved
749/1000 saved
749/1000 saved
[07:12:55] worker_03 query=wealth_management_multi_step_comparative_125_questions:MC125-011 status=PIPELINE_SUCCESS elapsed=38.231s
750/1000 saved
[07:13:05] worker_04 query=wealth_management_enrichment_context_125_questions:EC125-4T-027 status=PIPELINE_SUCCESS elapsed=55.357s
751/1000 saved
751/1000 saved
751/1000 saved
751/1000 saved
751/1000 saved
751/1000 saved
751/1000 saved
751/1000 saved
751/1000 saved
751/1000 saved
[07:14:50] worker_04 query=wealth_management_enrichment_context_125_questions:EC125-4T-031 status=PIPELINE_SUCCESS elapsed=101.957s
752/1000 saved
752/1000 saved
[07:15:11] worker_03 query=wealth_management_multi_step_comparative_125_questions:MC125-015 status=PIPELINE_SUCCESS elapsed=137.034s
753/1000 saved
753/1000 saved
753/1000 saved
[07:15:42] worker_03 query=wealth_management_multi_step_comparative_125_questions:MC125-019 status=PIPELINE_SUCCESS elapsed=33.495s
754/1000 saved
754/1000 saved
[07:16:03] worker_04 query=wealth_management_enrichment_context_125_questions:EC125-4T-035 status=PIPELINE_SUCCESS elapsed=72.883s
755/1000 saved
755/1000 saved
755/1000 saved
755/1000 saved
755/1000 saved
755/1000 saved
755/1000 saved
755/1000 saved
755/1000 saved
755/1000 saved
755/1000 saved
755/1000 saved
755/1000 saved
755/1000 saved
755/1000 saved
755/1000 saved
755/1000 saved
755/1000 saved
755/1000 saved
755/1000 saved
755/1000 saved
755/1000 saved
755/1000 saved
755/1000 saved
755/1000 saved
755/1000 saved
755/1000 saved
755/1000 saved
755/1000 saved
755/1000 saved
755/1000 saved
755/1000 saved
755/1000 saved
755/1000 saved
755/1000 saved
755/1000 saved
755/1000 saved
755/1000 saved
755/1000 saved
755/1000 saved
755/1000 saved
755/1000 saved
755/1000 saved
755/1000 saved
755/1000 saved
755/1000 saved
755/1000 saved
755/1000 saved
755/1000 saved
755/1000 saved
755/1000 saved
755/1000 saved
755/1000 saved
755/1000 saved
755/1000 saved
755/1000 saved
755/1000 saved
755/1000 saved
755/1000 saved
755/1000 saved
[07:26:29] worker_03 query=wealth_management_multi_step_comparative_125_questions:MC125-023 status=PIPELINE_SUCCESS elapsed=644.828s
756/1000 saved
[07:26:40] worker_04 query=wealth_management_multi_step_comparative_125_questions:MC125-004 status=PIPELINE_SUCCESS elapsed=643.266s
757/1000 saved
757/1000 saved
757/1000 saved
757/1000 saved
757/1000 saved
[07:27:32] worker_03 query=wealth_management_multi_step_comparative_125_questions:MC125-027 status=DAG_NODE_ERROR elapsed=67.288s
  ERROR stage=Q1:Query_Spec_Contract retryable_api=False: Subquery DAG failed. Failed nodes: ['Q1']. Skipped nodes: ['Q2']. Failure stage: Q1:Query_Spec_Contract.
758/1000 saved
758/1000 saved
[07:27:53] worker_04 query=wealth_management_multi_step_comparative_125_questions:MC125-008 status=DAG_NODE_ERROR elapsed=67.467s
  ERROR stage=Q1:Query_Spec_Contract retryable_api=False: Subquery DAG failed. Failed nodes: ['Q1']. Skipped nodes: []. Failure stage: Q1:Query_Spec_Contract.
759/1000 saved
759/1000 saved
759/1000 saved
759/1000 saved
[07:28:35] worker_03 query=wealth_management_multi_step_comparative_125_questions:MC125-031 status=DAG_NODE_ERROR elapsed=56.583s
  ERROR stage=Q1:Query_Spec_Contract retryable_api=False: Subquery DAG failed. Failed nodes: ['Q1']. Skipped nodes: []. Failure stage: Q1:Query_Spec_Contract.
760/1000 saved
760/1000 saved
[07:28:55] worker_04 query=wealth_management_multi_step_comparative_125_questions:MC125-012 status=PIPELINE_SUCCESS elapsed=65.655s
761/1000 saved
761/1000 saved
761/1000 saved
761/1000 saved
761/1000 saved
[07:29:48] worker_03 query=wealth_management_multi_step_comparative_125_questions:MC125-035 status=PIPELINE_SUCCESS elapsed=76.272s
[07:29:48] worker_04 query=wealth_management_multi_step_comparative_125_questions:MC125-016 status=DAG_NODE_ERROR elapsed=48.492s
  ERROR stage=Q1:Query_Spec_Contract retryable_api=False: Subquery DAG failed. Failed nodes: ['Q1']. Skipped nodes: []. Failure stage: Q1:Query_Spec_Contract.
763/1000 saved
763/1000 saved
763/1000 saved
763/1000 saved
[07:30:29] worker_04 query=wealth_management_multi_step_comparative_125_questions:MC125-020 status=PIPELINE_SUCCESS elapsed=39.242s
764/1000 saved
764/1000 saved
[07:30:50] worker_03 query=wealth_management_multi_step_comparative_125_questions:MC125-039 status=PIPELINE_SUCCESS elapsed=58.851s
765/1000 saved
[07:31:01] worker_04 query=wealth_management_multi_step_comparative_125_questions:MC125-024 status=PIPELINE_SUCCESS elapsed=35.334s
766/1000 saved
766/1000 saved
766/1000 saved
[07:31:32] worker_03 query=wealth_management_multi_step_comparative_125_questions:MC125-043 status=PIPELINE_SUCCESS elapsed=46.701s
767/1000 saved
767/1000 saved
767/1000 saved
767/1000 saved
[07:32:14] worker_03 query=wealth_management_multi_step_comparative_125_questions:MC125-047 status=PIPELINE_SUCCESS elapsed=46.957s
768/1000 saved
768/1000 saved
768/1000 saved
768/1000 saved
768/1000 saved
[07:33:06] worker_04 query=wealth_management_multi_step_comparative_125_questions:MC125-028 status=PIPELINE_SUCCESS elapsed=126.875s
769/1000 saved
769/1000 saved
769/1000 saved
769/1000 saved
769/1000 saved
[07:33:58] worker_03 query=wealth_management_multi_step_comparative_125_questions:MC125-051 status=PIPELINE_SUCCESS elapsed=96.022s
770/1000 saved
770/1000 saved
770/1000 saved
[07:34:29] worker_04 query=wealth_management_multi_step_comparative_125_questions:MC125-032 status=PIPELINE_SUCCESS elapsed=85.5s
771/1000 saved
771/1000 saved
771/1000 saved
771/1000 saved
[07:35:11] worker_03 query=wealth_management_multi_step_comparative_125_questions:MC125-055 status=PIPELINE_SUCCESS elapsed=73.439s
772/1000 saved
772/1000 saved
772/1000 saved
772/1000 saved
772/1000 saved
[07:36:03] worker_03 query=wealth_management_multi_step_comparative_125_questions:MC125-059 status=PIPELINE_SUCCESS elapsed=58.728s
[07:36:03] worker_04 query=wealth_management_multi_step_comparative_125_questions:MC125-036 status=PIPELINE_SUCCESS elapsed=93.997s
774/1000 saved
774/1000 saved
774/1000 saved
774/1000 saved
774/1000 saved
[07:36:55] worker_04 query=wealth_management_multi_step_comparative_125_questions:MC125-040 status=PIPELINE_SUCCESS elapsed=49.278s
775/1000 saved
775/1000 saved
[07:37:16] worker_03 query=wealth_management_multi_step_comparative_125_questions:MC125-063 status=DAG_NODE_ERROR elapsed=69.013s
  ERROR stage=Q1:Query_Spec_Contract retryable_api=False: Subquery DAG failed. Failed nodes: ['Q1']. Skipped nodes: []. Failure stage: Q1:Query_Spec_Contract.
776/1000 saved
776/1000 saved
776/1000 saved
776/1000 saved
776/1000 saved
[07:38:09] worker_04 query=wealth_management_multi_step_comparative_125_questions:MC125-044 status=PIPELINE_SUCCESS elapsed=75.036s
777/1000 saved
[07:38:19] worker_03 query=wealth_management_multi_step_comparative_125_questions:MC125-067 status=DAG_NODE_ERROR elapsed=62.576s
  ERROR stage=Q1:Query_Spec_Contract retryable_api=False: Subquery DAG failed. Failed nodes: ['Q1']. Skipped nodes: []. Failure stage: Q1:Query_Spec_Contract.
778/1000 saved
778/1000 saved
778/1000 saved
778/1000 saved
778/1000 saved
[07:39:11] worker_04 query=wealth_management_multi_step_comparative_125_questions:MC125-048 status=PIPELINE_SUCCESS elapsed=65.136s
779/1000 saved
779/1000 saved
[07:39:32] worker_03 query=wealth_management_multi_step_comparative_125_questions:MC125-071 status=DAG_NODE_ERROR elapsed=71.333s
  ERROR stage=Q1:Query_Spec_Contract retryable_api=False: Subquery DAG failed. Failed nodes: ['Q1']. Skipped nodes: []. Failure stage: Q1:Query_Spec_Contract.
780/1000 saved
780/1000 saved
780/1000 saved
780/1000 saved
780/1000 saved
[07:40:24] worker_04 query=wealth_management_multi_step_comparative_125_questions:MC125-052 status=PIPELINE_SUCCESS elapsed=70.796s
781/1000 saved
781/1000 saved
781/1000 saved
781/1000 saved
[07:41:06] worker_03 query=wealth_management_multi_step_comparative_125_questions:MC125-075 status=PIPELINE_SUCCESS elapsed=93.22s
782/1000 saved
782/1000 saved
782/1000 saved
782/1000 saved
782/1000 saved
[07:41:58] worker_03 query=wealth_management_multi_step_comparative_125_questions:MC125-079 status=PIPELINE_SUCCESS elapsed=59.468s
783/1000 saved
[07:42:09] worker_04 query=wealth_management_multi_step_comparative_125_questions:MC125-056 status=DAG_NODE_ERROR elapsed=99.42s
  ERROR stage=Q1:Query_Spec_Contract retryable_api=False: Subquery DAG failed. Failed nodes: ['Q1']. Skipped nodes: []. Failure stage: Q1:Query_Spec_Contract.
784/1000 saved
784/1000 saved
784/1000 saved
784/1000 saved
784/1000 saved
784/1000 saved
784/1000 saved
784/1000 saved
[07:43:32] worker_03 query=wealth_management_multi_step_comparative_125_questions:MC125-083 status=PIPELINE_SUCCESS elapsed=90.632s
785/1000 saved
785/1000 saved
785/1000 saved
785/1000 saved
[07:44:14] worker_04 query=wealth_management_multi_step_comparative_125_questions:MC125-060 status=DAG_NODE_ERROR elapsed=124.696s
  ERROR stage=Q1:Query_Spec_Contract retryable_api=False: Subquery DAG failed. Failed nodes: ['Q1']. Skipped nodes: []. Failure stage: Q1:Query_Spec_Contract.
786/1000 saved
786/1000 saved
786/1000 saved
786/1000 saved
786/1000 saved
786/1000 saved
786/1000 saved
[07:45:27] worker_03 query=wealth_management_multi_step_comparative_125_questions:MC125-087 status=PIPELINE_SUCCESS elapsed=109.799s
[07:45:27] worker_04 query=wealth_management_multi_step_comparative_125_questions:MC125-064 status=DAG_NODE_ERROR elapsed=74.645s
  ERROR stage=Q1:Query_Spec_Contract retryable_api=False: Subquery DAG failed. Failed nodes: ['Q1']. Skipped nodes: []. Failure stage: Q1:Query_Spec_Contract.
788/1000 saved
788/1000 saved
788/1000 saved
788/1000 saved
788/1000 saved
788/1000 saved
788/1000 saved
788/1000 saved
[07:46:51] worker_03 query=wealth_management_multi_step_comparative_125_questions:MC125-091 status=PIPELINE_SUCCESS elapsed=83.659s
789/1000 saved
789/1000 saved
789/1000 saved
[07:47:22] worker_04 query=wealth_management_multi_step_comparative_125_questions:MC125-068 status=PIPELINE_SUCCESS elapsed=116.784s
790/1000 saved
790/1000 saved
790/1000 saved
790/1000 saved
790/1000 saved
[07:48:14] worker_03 query=wealth_management_multi_step_comparative_125_questions:MC125-095 status=PIPELINE_SUCCESS elapsed=83.695s
791/1000 saved
791/1000 saved
791/1000 saved
791/1000 saved
791/1000 saved
791/1000 saved
791/1000 saved
[07:49:27] worker_04 query=wealth_management_multi_step_comparative_125_questions:MC125-072 status=PIPELINE_SUCCESS elapsed=122.951s
792/1000 saved
792/1000 saved
792/1000 saved
792/1000 saved
792/1000 saved
[07:50:20] worker_04 query=wealth_management_multi_step_comparative_125_questions:MC125-076 status=PIPELINE_SUCCESS elapsed=58.197s
793/1000 saved
793/1000 saved
793/1000 saved
793/1000 saved
793/1000 saved
[07:51:12] worker_04 query=wealth_management_multi_step_comparative_125_questions:MC125-080 status=PIPELINE_SUCCESS elapsed=50.411s
794/1000 saved
794/1000 saved
794/1000 saved
794/1000 saved
794/1000 saved
794/1000 saved
794/1000 saved
794/1000 saved
794/1000 saved
794/1000 saved
794/1000 saved
794/1000 saved
794/1000 saved
794/1000 saved
794/1000 saved
794/1000 saved
794/1000 saved
794/1000 saved
794/1000 saved
794/1000 saved
794/1000 saved
794/1000 saved
794/1000 saved
794/1000 saved
794/1000 saved
794/1000 saved
794/1000 saved
794/1000 saved
794/1000 saved
794/1000 saved
794/1000 saved
794/1000 saved
794/1000 saved
794/1000 saved
794/1000 saved
794/1000 saved
794/1000 saved
794/1000 saved
794/1000 saved
794/1000 saved
794/1000 saved
794/1000 saved
794/1000 saved
794/1000 saved
794/1000 saved
794/1000 saved
794/1000 saved
794/1000 saved
794/1000 saved
794/1000 saved
794/1000 saved
794/1000 saved
794/1000 saved
794/1000 saved
794/1000 saved
794/1000 saved
794/1000 saved
794/1000 saved
794/1000 saved
[08:01:28] worker_03 query=wealth_management_multi_step_comparative_125_questions:MC125-099 status=PIPELINE_SUCCESS elapsed=800.032s
795/1000 saved
795/1000 saved
795/1000 saved
795/1000 saved
795/1000 saved
795/1000 saved
795/1000 saved
795/1000 saved
[08:58:31] worker_03 query=wealth_management_multi_step_comparative_125_questions:MC125-103 status=DAG_NODE_ERROR elapsed=77.076s
  ERROR stage=Q1:Query_Spec_Contract retryable_api=False: Subquery DAG failed. Failed nodes: ['Q1']. Skipped nodes: []. Failure stage: Q1:Query_Spec_Contract.
796/1000 saved
796/1000 saved
796/1000 saved
796/1000 saved
796/1000 saved
796/1000 saved
796/1000 saved
796/1000 saved
796/1000 saved
796/1000 saved
796/1000 saved
796/1000 saved
796/1000 saved
796/1000 saved
796/1000 saved
796/1000 saved
796/1000 saved
796/1000 saved
796/1000 saved
796/1000 saved
796/1000 saved
796/1000 saved
796/1000 saved
796/1000 saved
796/1000 saved
796/1000 saved
796/1000 saved
796/1000 saved
796/1000 saved
796/1000 saved
796/1000 saved
796/1000 saved
796/1000 saved
796/1000 saved
796/1000 saved
796/1000 saved
796/1000 saved
796/1000 saved
796/1000 saved
796/1000 saved
796/1000 saved
796/1000 saved
796/1000 saved
796/1000 saved
796/1000 saved
796/1000 saved
796/1000 saved
796/1000 saved
796/1000 saved
796/1000 saved
796/1000 saved
796/1000 saved
796/1000 saved
796/1000 saved
796/1000 saved
796/1000 saved
796/1000 saved
796/1000 saved
796/1000 saved
796/1000 saved
796/1000 saved
796/1000 saved
[09:09:20] worker_04 query=wealth_management_multi_step_comparative_125_questions:MC125-084 status=PIPELINE_SUCCESS elapsed=1342.633s
797/1000 saved
797/1000 saved
797/1000 saved
797/1000 saved
797/1000 saved
797/1000 saved
797/1000 saved
797/1000 saved
797/1000 saved
[09:10:54] worker_04 query=wealth_management_multi_step_comparative_125_questions:MC125-088 status=PIPELINE_SUCCESS elapsed=96.19s
798/1000 saved
798/1000 saved
798/1000 saved
798/1000 saved
[09:11:35] worker_03 query=wealth_management_multi_step_comparative_125_questions:MC125-107 status=PIPELINE_SUCCESS elapsed=791.047s
799/1000 saved
799/1000 saved
[09:11:56] worker_04 query=wealth_management_multi_step_comparative_125_questions:MC125-092 status=DAG_NODE_ERROR elapsed=68.601s
  ERROR stage=Q1:Query_Spec_Contract retryable_api=False: Subquery DAG failed. Failed nodes: ['Q1']. Skipped nodes: []. Failure stage: Q1:Query_Spec_Contract.
800/1000 saved
800/1000 saved
800/1000 saved
800/1000 saved
800/1000 saved
800/1000 saved
800/1000 saved
[09:13:09] worker_03 query=wealth_management_multi_step_comparative_125_questions:MC125-111 status=PIPELINE_SUCCESS elapsed=87.975s
[09:13:09] worker_04 query=wealth_management_multi_step_comparative_125_questions:MC125-096 status=DAG_NODE_ERROR elapsed=71.16s
  ERROR stage=Q1:Query_Spec_Contract retryable_api=False: Subquery DAG failed. Failed nodes: ['Q1']. Skipped nodes: []. Failure stage: Q1:Query_Spec_Contract.
802/1000 saved
802/1000 saved
802/1000 saved
802/1000 saved
802/1000 saved
802/1000 saved
802/1000 saved
802/1000 saved
[09:14:33] worker_03 query=wealth_management_multi_step_comparative_125_questions:MC125-115 status=PIPELINE_SUCCESS elapsed=91.935s
803/1000 saved
803/1000 saved
803/1000 saved
803/1000 saved
[09:15:15] worker_04 query=wealth_management_multi_step_comparative_125_questions:MC125-100 status=PIPELINE_SUCCESS elapsed=124.581s
804/1000 saved
804/1000 saved
804/1000 saved
804/1000 saved
804/1000 saved
804/1000 saved
804/1000 saved
804/1000 saved
804/1000 saved
[09:16:49] worker_03 query=wealth_management_multi_step_comparative_125_questions:MC125-119 status=DAG_NODE_ERROR elapsed=130.462s
  ERROR stage=Q1:Query_Spec_Contract retryable_api=False: Subquery DAG failed. Failed nodes: ['Q1']. Skipped nodes: []. Failure stage: Q1:Query_Spec_Contract.
805/1000 saved
805/1000 saved
805/1000 saved
805/1000 saved
805/1000 saved
805/1000 saved
805/1000 saved
805/1000 saved
[09:18:12] worker_04 query=wealth_management_multi_step_comparative_125_questions:MC125-104 status=PIPELINE_SUCCESS elapsed=170.978s
806/1000 saved
806/1000 saved
806/1000 saved
806/1000 saved
806/1000 saved
806/1000 saved
[09:19:15] worker_04 query=wealth_management_multi_step_comparative_125_questions:MC125-108 status=DAG_NODE_ERROR elapsed=71.742s
  ERROR stage=Q1:Query_Spec_Contract retryable_api=False: Subquery DAG failed. Failed nodes: ['Q1']. Skipped nodes: []. Failure stage: Q1:Query_Spec_Contract.
807/1000 saved
807/1000 saved
807/1000 saved
[09:19:46] worker_03 query=wealth_management_multi_step_comparative_125_questions:MC125-123 status=PIPELINE_SUCCESS elapsed=178.011s
808/1000 saved
808/1000 saved
808/1000 saved
[09:20:18] worker_03 query=wealth_management_reference_compliance_125_questions:RC125-002 status=PIPELINE_SUCCESS elapsed=34.688s
809/1000 saved
809/1000 saved
[09:20:39] worker_04 query=wealth_management_multi_step_comparative_125_questions:MC125-112 status=PIPELINE_SUCCESS elapsed=76.69s
810/1000 saved
810/1000 saved
[09:21:00] worker_03 query=wealth_management_reference_compliance_125_questions:RC125-006 status=PIPELINE_SUCCESS elapsed=41.859s
811/1000 saved
811/1000 saved
811/1000 saved
[09:21:31] worker_03 query=wealth_management_reference_compliance_125_questions:RC125-010 status=PIPELINE_SUCCESS elapsed=25.563s
812/1000 saved
812/1000 saved
812/1000 saved
[09:22:03] worker_03 query=wealth_management_reference_compliance_125_questions:RC125-014 status=PIPELINE_SUCCESS elapsed=30.925s
813/1000 saved
813/1000 saved
[09:22:23] worker_03 query=wealth_management_reference_compliance_125_questions:RC125-018 status=PIPELINE_SUCCESS elapsed=24.236s
[09:22:23] worker_04 query=wealth_management_multi_step_comparative_125_questions:MC125-116 status=PIPELINE_SUCCESS elapsed=103.922s
815/1000 saved
815/1000 saved
[09:22:44] worker_03 query=wealth_management_reference_compliance_125_questions:RC125-022 status=PIPELINE_SUCCESS elapsed=24.936s
816/1000 saved
816/1000 saved
816/1000 saved
816/1000 saved
816/1000 saved
816/1000 saved
816/1000 saved
[09:23:58] worker_03 query=wealth_management_reference_compliance_125_questions:RC125-026 status=PIPELINE_SUCCESS elapsed=73.523s
817/1000 saved
[09:24:08] worker_04 query=wealth_management_multi_step_comparative_125_questions:MC125-120 status=PIPELINE_SUCCESS elapsed=103.131s
818/1000 saved
818/1000 saved
[09:24:29] worker_03 query=wealth_management_reference_compliance_125_questions:RC125-030 status=PIPELINE_SUCCESS elapsed=24.815s
819/1000 saved
819/1000 saved
[09:24:50] worker_03 query=wealth_management_reference_compliance_125_questions:RC125-034 status=PIPELINE_SUCCESS elapsed=26.419s
820/1000 saved
820/1000 saved
820/1000 saved
820/1000 saved
820/1000 saved
[09:25:42] worker_03 query=wealth_management_reference_compliance_125_questions:RC125-038 status=DAG_NODE_ERROR elapsed=45.214s
  ERROR stage=Q1:Query_Spec_Contract retryable_api=False: Subquery DAG failed. Failed nodes: ['Q1']. Skipped nodes: []. Failure stage: Q1:Query_Spec_Contract.
821/1000 saved
821/1000 saved
[09:26:03] worker_03 query=wealth_management_reference_compliance_125_questions:RC125-042 status=PIPELINE_SUCCESS elapsed=24.958s
[09:26:03] worker_04 query=wealth_management_multi_step_comparative_125_questions:MC125-124 status=PIPELINE_SUCCESS elapsed=116.982s
823/1000 saved
823/1000 saved
823/1000 saved
[09:26:35] worker_03 query=wealth_management_reference_compliance_125_questions:RC125-046 status=PIPELINE_SUCCESS elapsed=26.355s
[09:26:35] worker_04 query=wealth_management_reference_compliance_125_questions:RC125-003 status=PIPELINE_SUCCESS elapsed=31.551s
825/1000 saved
825/1000 saved
825/1000 saved
[09:27:06] worker_03 query=wealth_management_reference_compliance_125_questions:RC125-050 status=PIPELINE_SUCCESS elapsed=33.413s
826/1000 saved
826/1000 saved
[09:27:27] worker_03 query=wealth_management_reference_compliance_125_questions:RC125-054 status=PIPELINE_SUCCESS elapsed=25.718s
827/1000 saved
[09:27:38] worker_04 query=wealth_management_reference_compliance_125_questions:RC125-007 status=PIPELINE_SUCCESS elapsed=62.278s
828/1000 saved
828/1000 saved
[09:27:59] worker_03 query=wealth_management_reference_compliance_125_questions:RC125-058 status=PIPELINE_SUCCESS elapsed=25.709s
829/1000 saved
[09:28:09] worker_04 query=wealth_management_reference_compliance_125_questions:RC125-011 status=PIPELINE_SUCCESS elapsed=34.111s
830/1000 saved
830/1000 saved
[09:28:30] worker_03 query=wealth_management_reference_compliance_125_questions:RC125-062 status=PIPELINE_SUCCESS elapsed=33.081s
[09:28:30] worker_04 query=wealth_management_reference_compliance_125_questions:RC125-015 status=PIPELINE_SUCCESS elapsed=25.048s
832/1000 saved
832/1000 saved
832/1000 saved
832/1000 saved
832/1000 saved
832/1000 saved
832/1000 saved
832/1000 saved
832/1000 saved
832/1000 saved
832/1000 saved
832/1000 saved
832/1000 saved
832/1000 saved
832/1000 saved
832/1000 saved
832/1000 saved
832/1000 saved
832/1000 saved
832/1000 saved
832/1000 saved
832/1000 saved
832/1000 saved
832/1000 saved
832/1000 saved
832/1000 saved
832/1000 saved
832/1000 saved
832/1000 saved
832/1000 saved
832/1000 saved
832/1000 saved
832/1000 saved
832/1000 saved
832/1000 saved
832/1000 saved
832/1000 saved
832/1000 saved
832/1000 saved
832/1000 saved
832/1000 saved
832/1000 saved
832/1000 saved
832/1000 saved
832/1000 saved
832/1000 saved
832/1000 saved
832/1000 saved
832/1000 saved
832/1000 saved
832/1000 saved
832/1000 saved
832/1000 saved
832/1000 saved
832/1000 saved
832/1000 saved
832/1000 saved
832/1000 saved
832/1000 saved
[09:38:50] worker_03 query=wealth_management_reference_compliance_125_questions:RC125-066 status=PIPELINE_SUCCESS elapsed=623.984s
833/1000 saved
833/1000 saved
833/1000 saved
[09:39:22] worker_03 query=wealth_management_reference_compliance_125_questions:RC125-070 status=PIPELINE_SUCCESS elapsed=29.069s
[09:39:22] worker_04 query=wealth_management_reference_compliance_125_questions:RC125-019 status=PIPELINE_SUCCESS elapsed=644.005s
835/1000 saved
835/1000 saved
[09:39:43] worker_04 query=wealth_management_reference_compliance_125_questions:RC125-023 status=PIPELINE_SUCCESS elapsed=30.361s
836/1000 saved
836/1000 saved
836/1000 saved
[09:40:14] worker_04 query=wealth_management_reference_compliance_125_questions:RC125-027 status=PIPELINE_SUCCESS elapsed=27.087s
837/1000 saved
837/1000 saved
837/1000 saved
[09:40:46] worker_04 query=wealth_management_reference_compliance_125_questions:RC125-031 status=PIPELINE_SUCCESS elapsed=31.676s
838/1000 saved
838/1000 saved
838/1000 saved
[09:41:17] worker_03 query=wealth_management_reference_compliance_125_questions:RC125-074 status=PIPELINE_SUCCESS elapsed=112.993s
[09:41:17] worker_04 query=wealth_management_reference_compliance_125_questions:RC125-035 status=PIPELINE_SUCCESS elapsed=31.728s
840/1000 saved
840/1000 saved
[09:41:38] worker_04 query=wealth_management_reference_compliance_125_questions:RC125-039 status=PIPELINE_SUCCESS elapsed=23.941s
841/1000 saved
[09:41:49] worker_03 query=wealth_management_reference_compliance_125_questions:RC125-078 status=PIPELINE_SUCCESS elapsed=34.117s
842/1000 saved
842/1000 saved
[09:42:10] worker_04 query=wealth_management_reference_compliance_125_questions:RC125-043 status=PIPELINE_SUCCESS elapsed=29.06s
843/1000 saved
[09:42:21] worker_03 query=wealth_management_reference_compliance_125_questions:RC125-082 status=PIPELINE_SUCCESS elapsed=36.545s
844/1000 saved
844/1000 saved
[09:42:42] worker_04 query=wealth_management_reference_compliance_125_questions:RC125-047 status=PIPELINE_SUCCESS elapsed=31.642s
845/1000 saved
845/1000 saved
[09:43:03] worker_03 query=wealth_management_reference_compliance_125_questions:RC125-086 status=PIPELINE_SUCCESS elapsed=35.581s
[09:43:03] worker_04 query=wealth_management_reference_compliance_125_questions:RC125-051 status=PIPELINE_SUCCESS elapsed=25.343s
847/1000 saved
847/1000 saved
847/1000 saved
[09:43:34] worker_03 query=wealth_management_reference_compliance_125_questions:RC125-090 status=PIPELINE_SUCCESS elapsed=35.043s
[09:43:34] worker_04 query=wealth_management_reference_compliance_125_questions:RC125-055 status=PIPELINE_SUCCESS elapsed=26.001s
849/1000 saved
849/1000 saved
[09:43:56] worker_04 query=wealth_management_reference_compliance_125_questions:RC125-059 status=PIPELINE_SUCCESS elapsed=25.971s
850/1000 saved
[09:44:06] worker_03 query=wealth_management_reference_compliance_125_questions:RC125-094 status=PIPELINE_SUCCESS elapsed=35.563s
851/1000 saved
852/1000 saved
[09:44:27] worker_04 query=wealth_management_reference_compliance_125_questions:RC125-063 status=PIPELINE_SUCCESS elapsed=22.129s
852/1000 saved
852/1000 saved
[09:44:48] worker_03 query=wealth_management_reference_compliance_125_questions:RC125-098 status=PIPELINE_SUCCESS elapsed=33.913s
853/1000 saved
853/1000 saved
[09:45:09] worker_04 query=wealth_management_reference_compliance_125_questions:RC125-067 status=PIPELINE_SUCCESS elapsed=49.98s
854/1000 saved
[09:45:20] worker_03 query=wealth_management_reference_compliance_125_questions:RC125-102 status=PIPELINE_SUCCESS elapsed=36.896s
855/1000 saved
855/1000 saved
855/1000 saved
[09:45:52] worker_03 query=wealth_management_reference_compliance_125_questions:RC125-106 status=PIPELINE_SUCCESS elapsed=34.482s
856/1000 saved
856/1000 saved
856/1000 saved
[09:46:23] worker_03 query=wealth_management_reference_compliance_125_questions:RC125-110 status=PIPELINE_SUCCESS elapsed=31.253s
[09:46:23] worker_04 query=wealth_management_reference_compliance_125_questions:RC125-071 status=PIPELINE_SUCCESS elapsed=69.509s
858/1000 saved
858/1000 saved
858/1000 saved
858/1000 saved
[09:47:05] worker_03 query=wealth_management_reference_compliance_125_questions:RC125-114 status=PIPELINE_SUCCESS elapsed=36.477s
859/1000 saved
859/1000 saved
[09:47:27] worker_04 query=wealth_management_reference_compliance_125_questions:RC125-075 status=PIPELINE_SUCCESS elapsed=60.944s
860/1000 saved
[09:47:37] worker_03 query=wealth_management_reference_compliance_125_questions:RC125-118 status=PIPELINE_SUCCESS elapsed=37.906s
861/1000 saved
861/1000 saved
[09:47:58] worker_04 query=wealth_management_reference_compliance_125_questions:RC125-079 status=PIPELINE_SUCCESS elapsed=33.72s
862/1000 saved
862/1000 saved
[09:48:19] worker_03 query=wealth_management_reference_compliance_125_questions:RC125-122 status=PIPELINE_SUCCESS elapsed=33.733s
863/1000 saved
[09:48:30] worker_04 query=wealth_management_reference_compliance_125_questions:RC125-083 status=PIPELINE_SUCCESS elapsed=32.249s
864/1000 saved
[09:48:40] worker_03 query=wealth_management_scoring_quantitative_125_questions:SQA125-1T-001 status=PIPELINE_SUCCESS elapsed=29.421s
865/1000 saved
865/1000 saved
[09:49:02] worker_04 query=wealth_management_reference_compliance_125_questions:RC125-087 status=PIPELINE_SUCCESS elapsed=34.024s
866/1000 saved
866/1000 saved
866/1000 saved
[09:49:33] worker_03 query=wealth_management_scoring_quantitative_125_questions:SQA125-1T-005 status=PIPELINE_SUCCESS elapsed=46.462s
867/1000 saved
[09:49:44] worker_04 query=wealth_management_reference_compliance_125_questions:RC125-091 status=PIPELINE_SUCCESS elapsed=41.385s
868/1000 saved
868/1000 saved
[09:50:05] worker_03 query=wealth_management_scoring_quantitative_125_questions:SQA125-1T-009 status=PIPELINE_SUCCESS elapsed=38.92s
869/1000 saved
[09:50:15] worker_04 query=wealth_management_reference_compliance_125_questions:RC125-095 status=PIPELINE_SUCCESS elapsed=32.433s
870/1000 saved
870/1000 saved
[09:50:37] worker_03 query=wealth_management_scoring_quantitative_125_questions:SQA125-1T-013 status=PIPELINE_SUCCESS elapsed=25.139s
871/1000 saved
[09:50:47] worker_04 query=wealth_management_reference_compliance_125_questions:RC125-099 status=PIPELINE_SUCCESS elapsed=31.66s
872/1000 saved
872/1000 saved
[09:51:08] worker_03 query=wealth_management_scoring_quantitative_125_questions:SQA125-1T-017 status=PIPELINE_SUCCESS elapsed=28.495s
873/1000 saved
[09:51:19] worker_04 query=wealth_management_reference_compliance_125_questions:RC125-103 status=PIPELINE_SUCCESS elapsed=31.348s
874/1000 saved
874/1000 saved
[09:51:40] worker_03 query=wealth_management_scoring_quantitative_125_questions:SQA125-1T-021 status=PIPELINE_SUCCESS elapsed=32.649s
875/1000 saved
[09:51:51] worker_04 query=wealth_management_reference_compliance_125_questions:RC125-107 status=PIPELINE_SUCCESS elapsed=31.735s
876/1000 saved
[09:52:01] worker_03 query=wealth_management_scoring_quantitative_125_questions:SQA125-1T-025 status=PIPELINE_SUCCESS elapsed=24.239s
877/1000 saved
877/1000 saved
[09:52:23] worker_04 query=wealth_management_reference_compliance_125_questions:RC125-111 status=PIPELINE_SUCCESS elapsed=30.084s
878/1000 saved
[09:52:33] worker_03 query=wealth_management_scoring_quantitative_125_questions:SQA125-1T-029 status=PIPELINE_SUCCESS elapsed=29.051s
879/1000 saved
879/1000 saved
[09:52:54] worker_03 query=wealth_management_scoring_quantitative_125_questions:SQA125-1T-033 status=PIPELINE_SUCCESS elapsed=23.459s
[09:52:54] worker_04 query=wealth_management_reference_compliance_125_questions:RC125-115 status=PIPELINE_SUCCESS elapsed=33.468s
881/1000 saved
881/1000 saved
[09:53:16] worker_03 query=wealth_management_scoring_quantitative_125_questions:SQA125-1T-037 status=PIPELINE_SUCCESS elapsed=21.67s
882/1000 saved
882/1000 saved
[09:53:37] worker_04 query=wealth_management_reference_compliance_125_questions:RC125-119 status=PIPELINE_SUCCESS elapsed=41.597s
883/1000 saved
[09:53:47] worker_03 query=wealth_management_scoring_quantitative_125_questions:SQA125-2T-001 status=PIPELINE_SUCCESS elapsed=33.936s
884/1000 saved
884/1000 saved
884/1000 saved
[09:54:19] worker_03 query=wealth_management_scoring_quantitative_125_questions:SQA125-2T-005 status=PIPELINE_SUCCESS elapsed=34.946s
[09:54:19] worker_04 query=wealth_management_reference_compliance_125_questions:RC125-123 status=PIPELINE_SUCCESS elapsed=39.57s
886/1000 saved
886/1000 saved
886/1000 saved
[09:54:51] worker_04 query=wealth_management_scoring_quantitative_125_questions:SQA125-1T-002 status=PIPELINE_SUCCESS elapsed=38.676s
887/1000 saved
[09:55:02] worker_03 query=wealth_management_scoring_quantitative_125_questions:SQA125-2T-009 status=PIPELINE_SUCCESS elapsed=42.057s
888/1000 saved
888/1000 saved
[09:55:23] worker_04 query=wealth_management_scoring_quantitative_125_questions:SQA125-1T-006 status=PIPELINE_SUCCESS elapsed=31.414s
889/1000 saved
889/1000 saved
[09:55:44] worker_03 query=wealth_management_scoring_quantitative_125_questions:SQA125-2T-013 status=PIPELINE_SUCCESS elapsed=41.004s
890/1000 saved
[09:55:55] worker_04 query=wealth_management_scoring_quantitative_125_questions:SQA125-1T-010 status=PIPELINE_SUCCESS elapsed=26.769s
891/1000 saved
891/1000 saved
891/1000 saved
[09:56:27] worker_03 query=wealth_management_scoring_quantitative_125_questions:SQA125-2T-017 status=PIPELINE_SUCCESS elapsed=41.532s
892/1000 saved
893/1000 saved
[09:56:48] worker_04 query=wealth_management_scoring_quantitative_125_questions:SQA125-1T-014 status=PIPELINE_SUCCESS elapsed=50.095s
893/1000 saved
893/1000 saved
[09:57:09] worker_03 query=wealth_management_scoring_quantitative_125_questions:SQA125-2T-021 status=PIPELINE_SUCCESS elapsed=39.069s
[09:57:09] worker_04 query=wealth_management_scoring_quantitative_125_questions:SQA125-1T-018 status=PIPELINE_SUCCESS elapsed=29.796s
895/1000 saved
895/1000 saved
[09:57:30] worker_04 query=wealth_management_scoring_quantitative_125_questions:SQA125-1T-022 status=PIPELINE_SUCCESS elapsed=22.483s
896/1000 saved
896/1000 saved
[09:57:52] worker_03 query=wealth_management_scoring_quantitative_125_questions:SQA125-2T-025 status=PIPELINE_SUCCESS elapsed=40.721s
897/1000 saved
[09:58:02] worker_04 query=wealth_management_scoring_quantitative_125_questions:SQA125-1T-026 status=PIPELINE_SUCCESS elapsed=30.93s
898/1000 saved
898/1000 saved
898/1000 saved
[09:58:34] worker_03 query=wealth_management_scoring_quantitative_125_questions:SQA125-2T-029 status=PIPELINE_SUCCESS elapsed=47.106s
899/1000 saved
899/1000 saved
899/1000 saved
899/1000 saved
[09:59:17] worker_04 query=wealth_management_scoring_quantitative_125_questions:SQA125-1T-030 status=PIPELINE_SUCCESS elapsed=69.642s
900/1000 saved
900/1000 saved
900/1000 saved
900/1000 saved
900/1000 saved
900/1000 saved
900/1000 saved
900/1000 saved
900/1000 saved
900/1000 saved
900/1000 saved
900/1000 saved
900/1000 saved
900/1000 saved
900/1000 saved
900/1000 saved
900/1000 saved
900/1000 saved
900/1000 saved
900/1000 saved
900/1000 saved
900/1000 saved
900/1000 saved
900/1000 saved
900/1000 saved
900/1000 saved
900/1000 saved
900/1000 saved
900/1000 saved: /home/kritik/Desktop/neosapiens/finance/script_diff_llm2/ablations/hybrid_sql_only/runs/azure_gpt_oss_120b/without_context/azure_fresh_dag_retry_01/raw_pipeline.csv
Traceback (most recent call last):
  File "/home/kritik/Desktop/neosapiens/finance/script_diff_llm2/ablations/hybrid_sql_only/run_azure_parallel.py", line 256, in <module>
    if __name__=='__main__':raise SystemExit(main())
  File "/home/kritik/Desktop/neosapiens/finance/script_diff_llm2/ablations/hybrid_sql_only/run_azure_parallel.py", line 240, in main
    time.sleep(10)
  File "/home/kritik/Desktop/neosapiens/finance/script_diff_llm2/ablations/hybrid_sql_only/run_azure_parallel.py", line 105, in interrupt
    raise KeyboardInterrupt
KeyboardInterrupt
