Pipeline Version,Sample Row ID,Question,Ground Truth,Difficulty,Category,Query Type,Source CSV,Dataset Type,New Pipeline Result,New Status,Old Status,Comparison / Comments,Started At,Elapsed Seconds,Scan Status,Scan Error,Validation Is Valid,Validation Reason,Answer Review Status,Failure Stage,Timing Run ID,Target Model,Generation Input Tokens,Generation Output Tokens,Cached Input Tokens,Generation Latency Seconds,Model Calls,Failed Model Calls,Calls Missing Token Usage
aop-improvement8-v3,wealth_management_125_question_benchmark:WM125-1T-001,What is the name of investor INV-081?,"[{""investor_name"": ""Bhavna Pandey""}]",Easy,Investor and portfolio lookup,Direct Retrieval,wealth_management_125_question_benchmark.csv,Benchmark,"[{""investor_name"": ""Bhavna Pandey""}]",PIPELINE_SUCCESS,,Final result executed successfully; answer correctness is recorded separately by review/grading.,2026-10-06T12:41:37,33.176,success,,,Execution checks passed. Semantic review is disabled; use the separate grader.,not_requested,,7e653507108c46fd98873ef41f9bcfd2,deepseek.v3.2,44174,917,,33.14715795200027,5,0,0
aop-improvement8-v3,wealth_management_125_question_benchmark:WM125-1T-002,What are the risk tolerance and time horizon of investor INV-082?,"[{""risk_tolerance"": ""Aggressive"", ""time_horizon"": ""Long-term""}]",Easy,Investor and portfolio lookup,Direct Retrieval,wealth_management_125_question_benchmark.csv,Benchmark,"[{""risk_tolerance"": ""Aggressive"", ""time_horizon"": ""Long-term""}]",PIPELINE_SUCCESS,,Final result executed successfully; answer correctness is recorded separately by review/grading.,2026-10-06T12:42:11,33.585,success,,,Execution checks passed. Semantic review is disabled; use the separate grader.,not_requested,,7e653507108c46fd98873ef41f9bcfd2,deepseek.v3.2,44929,1235,,33.560092641000665,5,0,0
aop-improvement8-v3,wealth_management_125_question_benchmark:WM125-1T-003,What is the investment goal and segment of investor INV-083?,"[{""investment_goal"": ""Wealth Preservation"", ""segment"": null}]",Easy,Investor and portfolio lookup,Direct Retrieval,wealth_management_125_question_benchmark.csv,Benchmark,"[{""investment_goal"": ""Wealth Preservation"", ""segment"": null}]",PIPELINE_SUCCESS,,Final result executed successfully; answer correctness is recorded separately by review/grading.,2026-10-06T12:42:44,24.876,success,,,Execution checks passed. Semantic review is disabled; use the separate grader.,not_requested,,7e653507108c46fd98873ef41f9bcfd2,deepseek.v3.2,44917,1216,,24.84348535599929,5,0,0
aop-improvement8-v3,wealth_management_125_question_benchmark:WM125-1T-004,What category and sector focus is investor INV-084 associated with?,"[{""category"": ""Hybrid"", ""sector_focus"": ""Technology, Consumer Goods, Automobile""}]",Easy,Investor and portfolio lookup,Direct Retrieval,wealth_management_125_question_benchmark.csv,Benchmark,"[{""category"": ""Hybrid"", ""sector_focus"": ""Technology, Consumer Goods, Automobile""}]",PIPELINE_SUCCESS,,Final result executed successfully; answer correctness is recorded separately by review/grading.,2026-10-06T12:43:09,30.197,success,,,Execution checks passed. Semantic review is disabled; use the separate grader.,not_requested,,7e653507108c46fd98873ef41f9bcfd2,deepseek.v3.2,45600,1584,,30.171035762999963,5,0,0
aop-improvement8-v3,wealth_management_125_question_benchmark:WM125-1T-005,"What are the risk, liquidity, and diversification scores of investor INV-085?","[{""risk_score"": null, ""liquidity_score"": 94.684395, ""diversification_score"": 9.959252}]",Easy,Investor and portfolio lookup,Direct Retrieval,wealth_management_125_question_benchmark.csv,Benchmark,"[{""risk_score"": null, ""liquidity_score"": 94.68439534341745, ""diversification_score"": 9.959252187823038}]",PIPELINE_SUCCESS,,Final result executed successfully; answer correctness is recorded separately by review/grading.,2026-10-06T12:43:39,41.231,success,,,Execution checks passed. Semantic review is disabled; use the separate grader.,not_requested,,7e653507108c46fd98873ef41f9bcfd2,deepseek.v3.2,44559,1639,,41.206453780998345,5,0,0
aop-improvement8-v3,wealth_management_125_question_benchmark:WM125-1T-006,What is the goal-match percentage of investor INV-086?,"[{""goal_match_pct"": 64.226475}]",Easy,Investor and portfolio lookup,Direct Retrieval,wealth_management_125_question_benchmark.csv,Benchmark,"[{""goal_match_pct"": 64.22647479716872}]",PIPELINE_SUCCESS,,Final result executed successfully; answer correctness is recorded separately by review/grading.,2026-10-06T12:44:21,31.586,success,,,Execution checks passed. Semantic review is disabled; use the separate grader.,not_requested,,7e653507108c46fd98873ef41f9bcfd2,deepseek.v3.2,43136,1088,,31.562253519998194,5,0,0
aop-improvement8-v3,wealth_management_125_question_benchmark:WM125-1T-007,What is the name of investor INV-087?,"[{""investor_name"": ""Deepak Pandey""}]",Easy,Investor and portfolio lookup,Direct Retrieval,wealth_management_125_question_benchmark.csv,Benchmark,"[{""investor_name"": ""Deepak Pandey""}]",PIPELINE_SUCCESS,,Final result executed successfully; answer correctness is recorded separately by review/grading.,2026-10-06T12:44:52,41.347,success,,,Execution checks passed. Semantic review is disabled; use the separate grader.,not_requested,,7e653507108c46fd98873ef41f9bcfd2,deepseek.v3.2,44320,1000,,41.327272624002944,5,0,0
aop-improvement8-v3,wealth_management_125_question_benchmark:WM125-1T-008,What are the risk tolerance and time horizon of investor INV-088?,"[{""risk_tolerance"": ""Conservative"", ""time_horizon"": ""Long-term""}]",Easy,Investor and portfolio lookup,Direct Retrieval,wealth_management_125_question_benchmark.csv,Benchmark,"[{""risk_tolerance"": ""Conservative"", ""time_horizon"": ""Long-term""}]",PIPELINE_SUCCESS,,Final result executed successfully; answer correctness is recorded separately by review/grading.,2026-10-06T12:45:34,26.692,success,,,Execution checks passed. Semantic review is disabled; use the separate grader.,not_requested,,7e653507108c46fd98873ef41f9bcfd2,deepseek.v3.2,44943,1248,,26.668801261002955,5,0,0
aop-improvement8-v3,wealth_management_125_question_benchmark:WM125-1T-009,What is the investment goal and segment of investor INV-089?,"[{""investment_goal"": ""Growth"", ""segment"": ""Diversified""}]",Easy,Investor and portfolio lookup,Direct Retrieval,wealth_management_125_question_benchmark.csv,Benchmark,"[{""investment_goal"": ""Growth"", ""segment"": ""Diversified""}]",PIPELINE_SUCCESS,,Final result executed successfully; answer correctness is recorded separately by review/grading.,2026-10-06T12:46:00,33.577,success,,,Execution checks passed. Semantic review is disabled; use the separate grader.,not_requested,,7e653507108c46fd98873ef41f9bcfd2,deepseek.v3.2,44909,1222,,33.55144535999898,5,0,0
aop-improvement8-v3,wealth_management_125_question_benchmark:WM125-1T-010,What category and sector focus is investor INV-090 associated with?,"[{""category"": ""Real Estate"", ""sector_focus"": ""Private Equity, Pharma""}]",Easy,Investor and portfolio lookup,Direct Retrieval,wealth_management_125_question_benchmark.csv,Benchmark,"[{""category"": ""Real Estate"", ""sector_focus"": ""Private Equity, Pharma""}]",PIPELINE_SUCCESS,,Final result executed successfully; answer correctness is recorded separately by review/grading.,2026-10-06T12:46:34,52.318,success,,,Execution checks passed. Semantic review is disabled; use the separate grader.,not_requested,,7e653507108c46fd98873ef41f9bcfd2,deepseek.v3.2,45235,1369,,52.29490198700114,5,0,0
aop-improvement8-v3,wealth_management_125_question_benchmark:WM125-1T-011,"What are the risk, liquidity, and diversification scores of investor INV-091?","[{""risk_score"": 94.137843, ""liquidity_score"": 52.170767, ""diversification_score"": 77.433519}]",Easy,Investor and portfolio lookup,Direct Retrieval,wealth_management_125_question_benchmark.csv,Benchmark,"[{""risk_score"": 94.13784267979355, ""liquidity_score"": 52.17076727761114, ""diversification_score"": 77.43351938969394}]",PIPELINE_SUCCESS,,Final result executed successfully; answer correctness is recorded separately by review/grading.,2026-10-06T12:47:26,43.122,success,,,Execution checks passed. Semantic review is disabled; use the separate grader.,not_requested,,7e653507108c46fd98873ef41f9bcfd2,deepseek.v3.2,44565,1672,,43.09987101800107,5,0,0
aop-improvement8-v3,wealth_management_125_question_benchmark:WM125-1T-012,What is the goal-match percentage of investor INV-092?,"[{""goal_match_pct"": 90.357417}]",Easy,Investor and portfolio lookup,Direct Retrieval,wealth_management_125_question_benchmark.csv,Benchmark,"[{""goal_match_pct"": 90.35741735824853}]",PIPELINE_SUCCESS,,Final result executed successfully; answer correctness is recorded separately by review/grading.,2026-10-06T12:48:09,30.997,success,,,Execution checks passed. Semantic review is disabled; use the separate grader.,not_requested,,7e653507108c46fd98873ef41f9bcfd2,deepseek.v3.2,43110,1067,,30.96638281000014,5,0,0
aop-improvement8-v3,wealth_management_125_question_benchmark:WM125-1T-013,What is the name of investor INV-093?,"[{""investor_name"": ""Anand Gupta""}]",Easy,Investor and portfolio lookup,Direct Retrieval,wealth_management_125_question_benchmark.csv,Benchmark,"[{""investor_name"": ""Anand Gupta""}]",PIPELINE_SUCCESS,,Final result executed successfully; answer correctness is recorded separately by review/grading.,2026-10-06T12:48:40,23.098,success,,,Execution checks passed. Semantic review is disabled; use the separate grader.,not_requested,,7e653507108c46fd98873ef41f9bcfd2,deepseek.v3.2,44189,939,,23.07435728999735,5,0,0
aop-improvement8-v3,wealth_management_125_question_benchmark:WM125-1T-014,What are the risk tolerance and time horizon of investor INV-094?,"[{""risk_tolerance"": ""Aggressive"", ""time_horizon"": ""Medium-term""}]",Easy,Investor and portfolio lookup,Direct Retrieval,wealth_management_125_question_benchmark.csv,Benchmark,"[{""risk_tolerance"": ""Aggressive"", ""time_horizon"": ""Medium-term""}]",PIPELINE_SUCCESS,,Final result executed successfully; answer correctness is recorded separately by review/grading.,2026-10-06T12:49:03,32.638,success,,,Execution checks passed. Semantic review is disabled; use the separate grader.,not_requested,,7e653507108c46fd98873ef41f9bcfd2,deepseek.v3.2,44962,1257,,32.614181908998944,5,0,0
aop-improvement8-v3,wealth_management_125_question_benchmark:WM125-1T-015,What is the investment goal and segment of investor INV-095?,"[{""investment_goal"": ""Wealth Preservation"", ""segment"": ""Diversified""}]",Easy,Investor and portfolio lookup,Direct Retrieval,wealth_management_125_question_benchmark.csv,Benchmark,"[{""investment_goal"": ""Wealth Preservation"", ""segment"": ""Diversified""}]",PIPELINE_SUCCESS,,Final result executed successfully; answer correctness is recorded separately by review/grading.,2026-10-06T12:49:36,21.823,success,,,Execution checks passed. Semantic review is disabled; use the separate grader.,not_requested,,7e653507108c46fd98873ef41f9bcfd2,deepseek.v3.2,44988,1271,,21.80176110299908,5,0,0
aop-improvement8-v3,wealth_management_125_question_benchmark:WM125-1T-016,What category and sector focus is investor INV-096 associated with?,"[{""category"": ""Debt"", ""sector_focus"": ""Consumer Goods, Private Equity, Automobile""}]",Easy,Investor and portfolio lookup,Direct Retrieval,wealth_management_125_question_benchmark.csv,Benchmark,"[{""category"": ""Debt"", ""sector_focus"": ""Consumer Goods, Private Equity, Automobile""}]",PIPELINE_SUCCESS,,Final result executed successfully; answer correctness is recorded separately by review/grading.,2026-10-06T12:49:58,27.74,success,,,Execution checks passed. Semantic review is disabled; use the separate grader.,not_requested,,7e653507108c46fd98873ef41f9bcfd2,deepseek.v3.2,45230,1380,,27.715944129999116,5,0,0
aop-improvement8-v3,wealth_management_125_question_benchmark:WM125-1T-017,"What are the risk, liquidity, and diversification scores of investor INV-097?","[{""risk_score"": 63.717536, ""liquidity_score"": 49.266554, ""diversification_score"": 62.234816}]",Easy,Investor and portfolio lookup,Direct Retrieval,wealth_management_125_question_benchmark.csv,Benchmark,"[{""risk_score"": 63.71753581233385, ""liquidity_score"": 49.2665535108973, ""diversification_score"": 62.23481552599426}]",PIPELINE_SUCCESS,,Final result executed successfully; answer correctness is recorded separately by review/grading.,2026-10-06T12:50:26,23.231,success,,,Execution checks passed. Semantic review is disabled; use the separate grader.,not_requested,,7e653507108c46fd98873ef41f9bcfd2,deepseek.v3.2,44482,1609,,23.20500057299796,5,0,0
aop-improvement8-v3,wealth_management_125_question_benchmark:WM125-1T-018,What is the goal-match percentage of investor INV-098?,"[{""goal_match_pct"": 29.801246}]",Easy,Investor and portfolio lookup,Direct Retrieval,wealth_management_125_question_benchmark.csv,Benchmark,"[{""goal_match_pct"": 29.801246392358763}]",PIPELINE_SUCCESS,,Final result executed successfully; answer correctness is recorded separately by review/grading.,2026-10-06T12:50:49,23.153,success,,,Execution checks passed. Semantic review is disabled; use the separate grader.,not_requested,,7e653507108c46fd98873ef41f9bcfd2,deepseek.v3.2,42972,977,,23.134786732001885,5,0,0
aop-improvement8-v3,wealth_management_125_question_benchmark:WM125-1T-019,What is the name of investor INV-099?,"[{""investor_name"": ""Anita Deshmukh""}]",Easy,Investor and portfolio lookup,Direct Retrieval,wealth_management_125_question_benchmark.csv,Benchmark,"[{""investor_name"": ""Anita Deshmukh""}]",PIPELINE_SUCCESS,,Final result executed successfully; answer correctness is recorded separately by review/grading.,2026-10-06T12:51:12,22.178,success,,,Execution checks passed. Semantic review is disabled; use the separate grader.,not_requested,,7e653507108c46fd98873ef41f9bcfd2,deepseek.v3.2,44189,944,,22.15522820300066,5,0,0
aop-improvement8-v3,wealth_management_125_question_benchmark:WM125-1T-020,What are the risk tolerance and time horizon of investor INV-100?,"[{""risk_tolerance"": ""Moderate"", ""time_horizon"": ""Long-term""}]",Easy,Investor and portfolio lookup,Direct Retrieval,wealth_management_125_question_benchmark.csv,Benchmark,"[{""risk_tolerance"": ""Moderate"", ""time_horizon"": ""Long-term""}]",PIPELINE_SUCCESS,,Final result executed successfully; answer correctness is recorded separately by review/grading.,2026-10-06T12:51:34,31.473,success,,,Execution checks passed. Semantic review is disabled; use the separate grader.,not_requested,,7e653507108c46fd98873ef41f9bcfd2,deepseek.v3.2,45175,1353,,31.448403291999057,5,0,0
aop-improvement8-v3,wealth_management_125_question_benchmark:WM125-1T-021,What is the investment goal and segment of investor INV-1000?,"[{""investment_goal"": ""Retirement Planning"", ""segment"": ""Large Cap""}]",Easy,Investor and portfolio lookup,Direct Retrieval,wealth_management_125_question_benchmark.csv,Benchmark,"[{""investment_goal"": ""Retirement Planning"", ""segment"": ""Large Cap""}]",PIPELINE_SUCCESS,,Final result executed successfully; answer correctness is recorded separately by review/grading.,2026-10-06T12:52:06,27.786,success,,,Execution checks passed. Semantic review is disabled; use the separate grader.,not_requested,,7e653507108c46fd98873ef41f9bcfd2,deepseek.v3.2,45312,1433,,27.75940826400256,5,0,0
aop-improvement8-v3,wealth_management_125_question_benchmark:WM125-1T-022,What category and sector focus is investor INV-1001 associated with?,"[{""category"": ""Gold"", ""sector_focus"": ""Banking, Technology, Pharma""}]",Easy,Investor and portfolio lookup,Direct Retrieval,wealth_management_125_question_benchmark.csv,Benchmark,"[{""category"": ""Gold"", ""sector_focus"": ""Banking, Technology, Pharma""}]",PIPELINE_SUCCESS,,Final result executed successfully; answer correctness is recorded separately by review/grading.,2026-10-06T12:52:34,24.769,success,,,Execution checks passed. Semantic review is disabled; use the separate grader.,not_requested,,7e653507108c46fd98873ef41f9bcfd2,deepseek.v3.2,45027,1253,,24.746726396002487,5,0,0
aop-improvement8-v3,wealth_management_125_question_benchmark:WM125-1T-023,"What are the risk, liquidity, and diversification scores of investor INV-1002?","[{""risk_score"": 0.0, ""liquidity_score"": 0.0, ""diversification_score"": 0.0}]",Easy,Investor and portfolio lookup,Direct Retrieval,wealth_management_125_question_benchmark.csv,Benchmark,"[{""risk_score"": 0.0, ""liquidity_score"": 0.0, ""diversification_score"": 0.0}]",PIPELINE_SUCCESS,,Final result executed successfully; answer correctness is recorded separately by review/grading.,2026-10-06T12:52:58,21.38,success,,,Execution checks passed. Semantic review is disabled; use the separate grader.,not_requested,,7e653507108c46fd98873ef41f9bcfd2,deepseek.v3.2,44563,1655,,21.357930365000357,5,0,0
aop-improvement8-v3,wealth_management_125_question_benchmark:WM125-1T-024,What is the goal-match percentage of investor INV-1003?,"[{""goal_match_pct"": 50.0}]",Easy,Investor and portfolio lookup,Direct Retrieval,wealth_management_125_question_benchmark.csv,Benchmark,"[{""goal_match_pct"": 50.0}]",PIPELINE_SUCCESS,,Final result executed successfully; answer correctness is recorded separately by review/grading.,2026-10-06T12:53:20,31.361,success,,,Execution checks passed. Semantic review is disabled; use the separate grader.,not_requested,,7e653507108c46fd98873ef41f9bcfd2,deepseek.v3.2,43273,1128,,31.328851076003048,5,0,0
aop-improvement8-v3,wealth_management_125_question_benchmark:WM125-1T-025,What is the name of investor INV-1004?,"[{""investor_name"": ""Abhishek Hegde""}]",Easy,Investor and portfolio lookup,Direct Retrieval,wealth_management_125_question_benchmark.csv,Benchmark,"[{""investor_name"": ""Abhishek Hegde""}]",PIPELINE_SUCCESS,,Final result executed successfully; answer correctness is recorded separately by review/grading.,2026-10-06T12:53:51,128.106,success,,,Execution checks passed. Semantic review is disabled; use the separate grader.,not_requested,,7e653507108c46fd98873ef41f9bcfd2,deepseek.v3.2,44230,957,,128.07988758199826,5,0,0
aop-improvement8-v3,wealth_management_125_question_benchmark:WM125-1T-026,What are the risk tolerance and time horizon of investor INV-1005?,"[{""risk_tolerance"": ""Moderate"", ""time_horizon"": ""Long-term""}]",Easy,Investor and portfolio lookup,Direct Retrieval,wealth_management_125_question_benchmark.csv,Benchmark,"[{""investor_id"": ""INV-1005"", ""risk_tolerance"": ""Moderate"", ""time_horizon"": ""Long-term""}]",PIPELINE_SUCCESS,,Final result executed successfully; answer correctness is recorded separately by review/grading.,2026-10-06T12:55:59,27.036,success,,,Execution checks passed. Semantic review is disabled; use the separate grader.,not_requested,,7e653507108c46fd98873ef41f9bcfd2,deepseek.v3.2,45614,1619,,27.009715193002194,5,0,0
aop-improvement8-v3,wealth_management_125_question_benchmark:WM125-1T-027,What is the investment goal and segment of investor INV-1006?,"[{""investment_goal"": ""Wealth Preservation"", ""segment"": ""Diversified""}]",Easy,Investor and portfolio lookup,Direct Retrieval,wealth_management_125_question_benchmark.csv,Benchmark,"[{""investment_goal"": ""Wealth Preservation"", ""segment"": ""Diversified""}]",PIPELINE_SUCCESS,,Final result executed successfully; answer correctness is recorded separately by review/grading.,2026-10-06T12:56:26,34.097,success,,,Execution checks passed. Semantic review is disabled; use the separate grader.,not_requested,,7e653507108c46fd98873ef41f9bcfd2,deepseek.v3.2,44979,1263,,34.077380019001794,5,0,0
aop-improvement8-v3,wealth_management_125_question_benchmark:WM125-1T-028,What category and sector focus is investor INV-1007 associated with?,"[{""category"": ""Hybrid"", ""sector_focus"": ""Automobile, Real Estate""}]",Easy,Investor and portfolio lookup,Direct Retrieval,wealth_management_125_question_benchmark.csv,Benchmark,"[{""category"": ""Hybrid"", ""sector_focus"": ""Automobile, Real Estate""}]",PIPELINE_SUCCESS,,Final result executed successfully; answer correctness is recorded separately by review/grading.,2026-10-06T12:57:00,36.283,success,,,Execution checks passed. Semantic review is disabled; use the separate grader.,not_requested,,7e653507108c46fd98873ef41f9bcfd2,deepseek.v3.2,45029,1276,,36.262018591000015,5,0,0
aop-improvement8-v3,wealth_management_125_question_benchmark:WM125-1T-029,"What are the risk, liquidity, and diversification scores of investor INV-1008?","[{""risk_score"": 40.680426, ""liquidity_score"": 47.953137, ""diversification_score"": 66.197968}]",Easy,Investor and portfolio lookup,Direct Retrieval,wealth_management_125_question_benchmark.csv,Benchmark,"[{""risk_score"": 40.68042607104269, ""liquidity_score"": 47.95313694373391, ""diversification_score"": 66.19796782762614}]",PIPELINE_SUCCESS,,Final result executed successfully; answer correctness is recorded separately by review/grading.,2026-10-06T12:57:37,38.68,success,,,Execution checks passed. Semantic review is disabled; use the separate grader.,not_requested,,7e653507108c46fd98873ef41f9bcfd2,deepseek.v3.2,45027,1863,,38.659868493999966,5,0,0
aop-improvement8-v3,wealth_management_125_question_benchmark:WM125-1T-030,What is the goal-match percentage of investor INV-1009?,"[{""goal_match_pct"": 91.351113}]",Easy,Investor and portfolio lookup,Direct Retrieval,wealth_management_125_question_benchmark.csv,Benchmark,"[{""goal_match_pct"": 91.35111308855419}]",PIPELINE_SUCCESS,,Final result executed successfully; answer correctness is recorded separately by review/grading.,2026-10-06T12:58:15,19.092,success,,,Execution checks passed. Semantic review is disabled; use the separate grader.,not_requested,,7e653507108c46fd98873ef41f9bcfd2,deepseek.v3.2,43124,1077,,19.06847085699883,5,0,0
aop-improvement8-v3,wealth_management_125_question_benchmark:WM125-1T-031,What is the name of investor INV-101?,"[{""investor_name"": ""Aishwarya Patel""}]",Easy,Investor and portfolio lookup,Direct Retrieval,wealth_management_125_question_benchmark.csv,Benchmark,"[{""investor_name"": ""Aishwarya Patel""}]",PIPELINE_SUCCESS,,Final result executed successfully; answer correctness is recorded separately by review/grading.,2026-10-06T12:58:35,20.668,success,,,Execution checks passed. Semantic review is disabled; use the separate grader.,not_requested,,7e653507108c46fd98873ef41f9bcfd2,deepseek.v3.2,44189,939,,20.64877992900074,5,0,0
aop-improvement8-v3,wealth_management_125_question_benchmark:WM125-1T-032,What are the risk tolerance and time horizon of investor INV-1010?,"[{""risk_tolerance"": null, ""time_horizon"": ""Medium-term""}]",Easy,Investor and portfolio lookup,Direct Retrieval,wealth_management_125_question_benchmark.csv,Benchmark,"[{""risk_tolerance"": null, ""time_horizon"": ""Medium-term""}]",PIPELINE_SUCCESS,,Final result executed successfully; answer correctness is recorded separately by review/grading.,2026-10-06T12:58:55,25.47,success,,,Execution checks passed. Semantic review is disabled; use the separate grader.,not_requested,,7e653507108c46fd98873ef41f9bcfd2,deepseek.v3.2,45036,1294,,25.449178316999678,5,0,0
aop-improvement8-v3,wealth_management_125_question_benchmark:WM125-1T-033,What is the investment goal and segment of investor INV-1011?,"[{""investment_goal"": ""Income Generation"", ""segment"": null}]",Easy,Investor and portfolio lookup,Direct Retrieval,wealth_management_125_question_benchmark.csv,Benchmark,"[{""investment_goal"": ""Income Generation"", ""segment"": null}]",PIPELINE_SUCCESS,,Final result executed successfully; answer correctness is recorded separately by review/grading.,2026-10-06T12:59:21,39.509,success,,,Execution checks passed. Semantic review is disabled; use the separate grader.,not_requested,,7e653507108c46fd98873ef41f9bcfd2,deepseek.v3.2,44969,1238,,39.48744161600189,5,0,0
aop-improvement8-v3,wealth_management_125_question_benchmark:WM125-1T-034,What category and sector focus is investor INV-1012 associated with?,"[{""category"": ""Hybrid"", ""sector_focus"": ""Technology, Government, Real Estate""}]",Easy,Investor and portfolio lookup,Direct Retrieval,wealth_management_125_question_benchmark.csv,Benchmark,"[{""investor_id"": ""INV-1012"", ""category"": ""Hybrid"", ""sector_focus"": ""Technology, Government, Real Estate""}]",PIPELINE_SUCCESS,,Final result executed successfully; answer correctness is recorded separately by review/grading.,2026-10-06T13:00:00,24.558,success,,,Execution checks passed. Semantic review is disabled; use the separate grader.,not_requested,,7e653507108c46fd98873ef41f9bcfd2,deepseek.v3.2,45612,1588,,24.53551793799852,5,0,0
aop-improvement8-v3,wealth_management_125_question_benchmark:WM125-2T-001,How many Aggressive investors have a risk score above 75?,"[{""investor_count"": 109}]",Medium,Risk cohort,Multi-Relational,wealth_management_125_question_benchmark.csv,Benchmark,"[{""investor_count"": 109}]",PIPELINE_SUCCESS,,Final result executed successfully; answer correctness is recorded separately by review/grading.,2026-10-06T13:00:25,28.774,success,,,Execution checks passed. Semantic review is disabled; use the separate grader.,not_requested,,7e653507108c46fd98873ef41f9bcfd2,deepseek.v3.2,53849,1636,,28.724684414997682,6,0,0
aop-improvement8-v3,wealth_management_125_question_benchmark:WM125-2T-002,How many Aggressive investors have a risk score above 90?,"[{""investor_count"": 45}]",Medium,Risk cohort,Multi-Relational,wealth_management_125_question_benchmark.csv,Benchmark,"[{""investor_count"": 45}]",PIPELINE_SUCCESS,,Final result executed successfully; answer correctness is recorded separately by review/grading.,2026-10-06T13:00:54,27.387,success,,,Execution checks passed. Semantic review is disabled; use the separate grader.,not_requested,,7e653507108c46fd98873ef41f9bcfd2,deepseek.v3.2,64454,1802,,27.34335954100061,7,0,0
aop-improvement8-v3,wealth_management_125_question_benchmark:WM125-2T-003,How many Aggressive investors have a liquidity score below 25?,"[{""investor_count"": 122}]",Medium,Risk cohort,Multi-Relational,wealth_management_125_question_benchmark.csv,Benchmark,"[{""investor_count"": 122}]",PIPELINE_SUCCESS,,Final result executed successfully; answer correctness is recorded separately by review/grading.,2026-10-06T13:01:21,33.997,success,,,Execution checks passed. Semantic review is disabled; use the separate grader.,not_requested,,7e653507108c46fd98873ef41f9bcfd2,deepseek.v3.2,53751,1613,,33.95916246900197,6,0,0
aop-improvement8-v3,wealth_management_125_question_benchmark:WM125-2T-004,How many Conservative investors have a risk score above 75?,"[{""investor_count"": 133}]",Medium,Risk cohort,Multi-Relational,wealth_management_125_question_benchmark.csv,Benchmark,"[{""count_investors"": 133}]",PIPELINE_SUCCESS,,Final result executed successfully; answer correctness is recorded separately by review/grading.,2026-10-06T13:01:55,28.882,success,,,Execution checks passed. Semantic review is disabled; use the separate grader.,not_requested,,7e653507108c46fd98873ef41f9bcfd2,deepseek.v3.2,53828,1621,,28.84248015099911,6,0,0
aop-improvement8-v3,wealth_management_125_question_benchmark:WM125-2T-005,How many Conservative investors have a risk score above 90?,"[{""investor_count"": 47}]",Medium,Risk cohort,Multi-Relational,wealth_management_125_question_benchmark.csv,Benchmark,"[{""investor_count"": 47}]",PIPELINE_SUCCESS,,Final result executed successfully; answer correctness is recorded separately by review/grading.,2026-10-06T13:02:24,37.565,success,,,Execution checks passed. Semantic review is disabled; use the separate grader.,not_requested,,7e653507108c46fd98873ef41f9bcfd2,deepseek.v3.2,64412,1819,,37.51347139099744,7,0,0
aop-improvement8-v3,wealth_management_125_question_benchmark:WM125-2T-006,How many Conservative investors have a liquidity score below 25?,"[{""investor_count"": 102}]",Medium,Risk cohort,Multi-Relational,wealth_management_125_question_benchmark.csv,Benchmark,"[{""count_investors"": 102}]",PIPELINE_SUCCESS,,Final result executed successfully; answer correctness is recorded separately by review/grading.,2026-10-06T13:03:01,54.864,success,,,Execution checks passed. Semantic review is disabled; use the separate grader.,not_requested,,7e653507108c46fd98873ef41f9bcfd2,deepseek.v3.2,53709,1632,,54.806893172000855,6,0,0
aop-improvement8-v3,wealth_management_125_question_benchmark:WM125-2T-007,How many Moderate investors have a risk score above 75?,"[{""investor_count"": 106}]",Medium,Risk cohort,Multi-Relational,wealth_management_125_question_benchmark.csv,Benchmark,"[{""investor_count"": 106}]",PIPELINE_SUCCESS,,Final result executed successfully; answer correctness is recorded separately by review/grading.,2026-10-06T13:03:56,34.185,success,,,Execution checks passed. Semantic review is disabled; use the separate grader.,not_requested,,7e653507108c46fd98873ef41f9bcfd2,deepseek.v3.2,53664,1622,,34.1407117630024,6,0,0
aop-improvement8-v3,wealth_management_125_question_benchmark:WM125-2T-008,How many Moderate investors have a risk score above 90?,"[{""investor_count"": 45}]",Medium,Risk cohort,Multi-Relational,wealth_management_125_question_benchmark.csv,Benchmark,"[{""count_investors"": 45}]",PIPELINE_SUCCESS,,Final result executed successfully; answer correctness is recorded separately by review/grading.,2026-10-06T13:04:31,36.334,success,,,Execution checks passed. Semantic review is disabled; use the separate grader.,not_requested,,7e653507108c46fd98873ef41f9bcfd2,deepseek.v3.2,53729,1799,,36.29362920300082,6,0,0
aop-improvement8-v3,wealth_management_125_question_benchmark:WM125-2T-009,How many Moderate investors have a liquidity score below 25?,"[{""investor_count"": 98}]",Medium,Risk cohort,Multi-Relational,wealth_management_125_question_benchmark.csv,Benchmark,"[{""investor_count"": 98}]",PIPELINE_SUCCESS,,Final result executed successfully; answer correctness is recorded separately by review/grading.,2026-10-06T13:05:07,33.461,success,,,Execution checks passed. Semantic review is disabled; use the separate grader.,not_requested,,7e653507108c46fd98873ef41f9bcfd2,deepseek.v3.2,54425,1994,,33.42273993100025,6,0,0
aop-improvement8-v3,wealth_management_125_question_benchmark:WM125-2T-010,What is the average risk score of investors in the Diversified segment?,"[{""avg_score"": 49.16}]",Medium,Segment health,Categorical Aggregation,wealth_management_125_question_benchmark.csv,Benchmark,"[{""avg_risk_score"": 49.16035376196013}]",PIPELINE_SUCCESS,,Final result executed successfully; answer correctness is recorded separately by review/grading.,2026-10-06T13:05:40,56.409,success,,,Execution checks passed. Semantic review is disabled; use the separate grader.,not_requested,,7e653507108c46fd98873ef41f9bcfd2,deepseek.v3.2,53601,1873,,56.03125655599797,6,0,0
aop-improvement8-v3,wealth_management_125_question_benchmark:WM125-2T-011,What is the average liquidity score of investors in the Diversified segment?,"[{""avg_score"": 49.89}]",Medium,Segment health,Categorical Aggregation,wealth_management_125_question_benchmark.csv,Benchmark,"[{""avg_liquidity_score"": 49.89460086642002}]",PIPELINE_SUCCESS,,Final result executed successfully; answer correctness is recorded separately by review/grading.,2026-10-06T13:06:37,34.729,success,,,Execution checks passed. Semantic review is disabled; use the separate grader.,not_requested,,7e653507108c46fd98873ef41f9bcfd2,deepseek.v3.2,53726,1714,,34.35751138700107,6,0,0
aop-improvement8-v3,wealth_management_125_question_benchmark:WM125-2T-012,What is the average diversification score of investors in the Diversified segment?,"[{""avg_score"": 49.31}]",Medium,Segment health,Categorical Aggregation,wealth_management_125_question_benchmark.csv,Benchmark,"[{""avg_diversification_score"": 49.30704983069144}]",PIPELINE_SUCCESS,,Final result executed successfully; answer correctness is recorded separately by review/grading.,2026-10-06T13:07:12,37.591,success,,,Execution checks passed. Semantic review is disabled; use the separate grader.,not_requested,,7e653507108c46fd98873ef41f9bcfd2,deepseek.v3.2,53869,1856,,37.54173602800074,6,0,0
aop-improvement8-v3,wealth_management_125_question_benchmark:WM125-2T-013,What is the average risk score of investors in the Large Cap segment?,"[{""avg_score"": 50.19}]",Medium,Segment health,Categorical Aggregation,wealth_management_125_question_benchmark.csv,Benchmark,"[{""avg_risk_score"": 50.19052656772628}]",PIPELINE_SUCCESS,,Final result executed successfully; answer correctness is recorded separately by review/grading.,2026-10-06T13:07:49,34.343,success,,,Execution checks passed. Semantic review is disabled; use the separate grader.,not_requested,,7e653507108c46fd98873ef41f9bcfd2,deepseek.v3.2,64482,1985,,33.96501330799765,7,0,0
aop-improvement8-v3,wealth_management_125_question_benchmark:WM125-2T-014,What is the average liquidity score of investors in the Large Cap segment?,"[{""avg_score"": 50.03}]",Medium,Segment health,Categorical Aggregation,wealth_management_125_question_benchmark.csv,Benchmark,"[{""avg_liquidity_score"": 50.02967286891302}]",PIPELINE_SUCCESS,,Final result executed successfully; answer correctness is recorded separately by review/grading.,2026-10-06T13:08:24,33.361,success,,,Execution checks passed. Semantic review is disabled; use the separate grader.,not_requested,,7e653507108c46fd98873ef41f9bcfd2,deepseek.v3.2,53588,1619,,33.30403597300028,6,0,0
aop-improvement8-v3,wealth_management_125_question_benchmark:WM125-2T-015,What is the average diversification score of investors in the Large Cap segment?,"[{""avg_score"": 49.63}]",Medium,Segment health,Categorical Aggregation,wealth_management_125_question_benchmark.csv,Benchmark,"[{""avg_diversification_score"": 49.625561871937464}]",PIPELINE_SUCCESS,,Final result executed successfully; answer correctness is recorded separately by review/grading.,2026-10-06T13:08:57,38.906,success,,,Execution checks passed. Semantic review is disabled; use the separate grader.,not_requested,,7e653507108c46fd98873ef41f9bcfd2,deepseek.v3.2,64839,2461,,38.52180821700131,7,0,0
aop-improvement8-v3,wealth_management_125_question_benchmark:WM125-2T-016,What is the average risk score of investors in the Mid Cap segment?,"[{""avg_score"": 50.26}]",Medium,Segment health,Categorical Aggregation,wealth_management_125_question_benchmark.csv,Benchmark,"[{""avg_risk_score"": 50.262301675882355}]",PIPELINE_SUCCESS,,Final result executed successfully; answer correctness is recorded separately by review/grading.,2026-10-06T13:09:36,30.274,success,,,Execution checks passed. Semantic review is disabled; use the separate grader.,not_requested,,7e653507108c46fd98873ef41f9bcfd2,deepseek.v3.2,53534,1645,,30.223172880001584,6,0,0
aop-improvement8-v3,wealth_management_125_question_benchmark:WM125-2T-017,What is the average liquidity score of investors in the Mid Cap segment?,"[{""avg_score"": 50.05}]",Medium,Segment health,Categorical Aggregation,wealth_management_125_question_benchmark.csv,Benchmark,"[{""avg_liquidity_score"": 50.05329261443029}]",PIPELINE_SUCCESS,,Final result executed successfully; answer correctness is recorded separately by review/grading.,2026-10-06T13:10:06,37.29,success,,,Execution checks passed. Semantic review is disabled; use the separate grader.,not_requested,,7e653507108c46fd98873ef41f9bcfd2,deepseek.v3.2,53842,1823,,37.2316239440006,6,0,0
aop-improvement8-v3,wealth_management_125_question_benchmark:WM125-2T-018,What is the average diversification score of investors in the Mid Cap segment?,"[{""avg_score"": 50.3}]",Medium,Segment health,Categorical Aggregation,wealth_management_125_question_benchmark.csv,Benchmark,"[{""avg_diversification_score"": 50.29552914018431}]",PIPELINE_SUCCESS,,Final result executed successfully; answer correctness is recorded separately by review/grading.,2026-10-06T13:10:43,51.421,success,,,Execution checks passed. Semantic review is disabled; use the separate grader.,not_requested,,7e653507108c46fd98873ef41f9bcfd2,deepseek.v3.2,53810,1666,,51.368354081998405,6,0,0
aop-improvement8-v3,wealth_management_125_question_benchmark:WM125-2T-019,What is the average risk score of investors in the Small Cap segment?,"[{""avg_score"": 52.66}]",Medium,Segment health,Categorical Aggregation,wealth_management_125_question_benchmark.csv,Benchmark,"[{""avg_risk_score"": 52.66267393794325}]",PIPELINE_SUCCESS,,Final result executed successfully; answer correctness is recorded separately by review/grading.,2026-10-06T13:11:35,41.39,success,,,Execution checks passed. Semantic review is disabled; use the separate grader.,not_requested,,7e653507108c46fd98873ef41f9bcfd2,deepseek.v3.2,53513,1756,,41.3251365410033,6,0,0
aop-improvement8-v3,wealth_management_125_question_benchmark:WM125-2T-020,What is the average liquidity score of investors in the Small Cap segment?,"[{""avg_score"": 48.7}]",Medium,Segment health,Categorical Aggregation,wealth_management_125_question_benchmark.csv,Benchmark,"[{""avg_liquidity_score"": 48.703113873510155}]",PIPELINE_SUCCESS,,Final result executed successfully; answer correctness is recorded separately by review/grading.,2026-10-06T13:12:16,36.93,success,,,Execution checks passed. Semantic review is disabled; use the separate grader.,not_requested,,7e653507108c46fd98873ef41f9bcfd2,deepseek.v3.2,64571,2163,,36.57136551599797,7,0,0
aop-improvement8-v3,wealth_management_125_question_benchmark:WM125-2T-021,What is the average diversification score of investors in the Small Cap segment?,"[{""avg_score"": 50.3}]",Medium,Segment health,Categorical Aggregation,wealth_management_125_question_benchmark.csv,Benchmark,"[{""avg_diversification_score"": 50.29599210020633}]",PIPELINE_SUCCESS,,Final result executed successfully; answer correctness is recorded separately by review/grading.,2026-10-06T13:12:53,40.332,success,,,Execution checks passed. Semantic review is disabled; use the separate grader.,not_requested,,7e653507108c46fd98873ef41f9bcfd2,deepseek.v3.2,53536,1760,,39.983168394999666,6,0,0
aop-improvement8-v3,wealth_management_125_question_benchmark:WM125-2T-022,"What is the average goal progress for investors whose stated goal is Child Education, averaging each investor's goal progress first?","[{""avg_progress"": 38.32}]",Medium,Goal progress by objective,Categorical Aggregation,wealth_management_125_question_benchmark.csv,Benchmark,"[{""avg_investor_progress"": 38.32071333997738}]",PIPELINE_SUCCESS,,Final result executed successfully; answer correctness is recorded separately by review/grading.,2026-10-06T13:13:34,31.483,success,,,Execution checks passed. Semantic review is disabled; use the separate grader.,not_requested,,7e653507108c46fd98873ef41f9bcfd2,deepseek.v3.2,56422,1698,,31.096647997999753,6,0,0
aop-improvement8-v3,wealth_management_125_question_benchmark:WM125-2T-023,"What is the average goal progress for investors whose stated goal is Emergency Fund, averaging each investor's goal progress first?","[{""avg_progress"": 41.01}]",Medium,Goal progress by objective,Categorical Aggregation,wealth_management_125_question_benchmark.csv,Benchmark,"[{""avg_investor_progress"": 41.01433484822674}]",PIPELINE_SUCCESS,,Final result executed successfully; answer correctness is recorded separately by review/grading.,2026-10-06T13:14:05,38.32,success,,,Execution checks passed. Semantic review is disabled; use the separate grader.,not_requested,,7e653507108c46fd98873ef41f9bcfd2,deepseek.v3.2,56365,1802,,37.94731125800172,6,0,0
aop-improvement8-v3,wealth_management_125_question_benchmark:WM125-2T-024,"What is the average goal progress for investors whose stated goal is Growth, averaging each investor's goal progress first?","[{""avg_progress"": 38.53}]",Medium,Goal progress by objective,Categorical Aggregation,wealth_management_125_question_benchmark.csv,Benchmark,"[{""avg_investor_progress"": 38.52856343007732}]",PIPELINE_SUCCESS,,Final result executed successfully; answer correctness is recorded separately by review/grading.,2026-10-06T13:14:43,34.893,success,,,Execution checks passed. Semantic review is disabled; use the separate grader.,not_requested,,7e653507108c46fd98873ef41f9bcfd2,deepseek.v3.2,56460,1804,,34.49513942900012,6,0,0
aop-improvement8-v3,wealth_management_125_question_benchmark:WM125-2T-025,"What is the average goal progress for investors whose stated goal is Income Generation, averaging each investor's goal progress first?","[{""avg_progress"": 42.59}]",Medium,Goal progress by objective,Categorical Aggregation,wealth_management_125_question_benchmark.csv,Benchmark,"[{""avg_investor_progress"": 42.590444567839796}]",PIPELINE_SUCCESS,,Final result executed successfully; answer correctness is recorded separately by review/grading.,2026-10-06T13:15:18,50.292,success,,,Execution checks passed. Semantic review is disabled; use the separate grader.,not_requested,,7e653507108c46fd98873ef41f9bcfd2,deepseek.v3.2,56474,1720,,49.885958170001686,6,0,0
aop-improvement8-v3,wealth_management_125_question_benchmark:WM125-2T-026,"What is the average goal progress for investors whose stated goal is Retirement Planning, averaging each investor's goal progress first?","[{""avg_progress"": 41.34}]",Medium,Goal progress by objective,Categorical Aggregation,wealth_management_125_question_benchmark.csv,Benchmark,"[{""avg_investor_progress"": 38.38540563479493}]",PIPELINE_SUCCESS,,Final result executed successfully; answer correctness is recorded separately by review/grading.,2026-10-06T13:16:09,33.573,success,,,Execution checks passed. Semantic review is disabled; use the separate grader.,not_requested,,7e653507108c46fd98873ef41f9bcfd2,deepseek.v3.2,46513,1460,,33.38177151099808,5,0,0
aop-improvement8-v3,wealth_management_125_question_benchmark:WM125-2T-027,"What is the average goal progress for investors whose stated goal is Wealth Preservation, averaging each investor's goal progress first?","[{""avg_progress"": 38.79}]",Medium,Goal progress by objective,Categorical Aggregation,wealth_management_125_question_benchmark.csv,Benchmark,"[{""avg_investor_progress"": 38.78597932381175}]",PIPELINE_SUCCESS,,Final result executed successfully; answer correctness is recorded separately by review/grading.,2026-10-06T13:16:42,50.266,success,,,Execution checks passed. Semantic review is disabled; use the separate grader.,not_requested,,7e653507108c46fd98873ef41f9bcfd2,deepseek.v3.2,56819,1891,,49.842038998001954,6,0,0
aop-improvement8-v3,wealth_management_125_question_benchmark:WM125-2T-028,How many investors hold at least one Corporate Bond position?,"[{""investor_count"": 746}]",Medium,Holding ownership,Multi-Relational,wealth_management_125_question_benchmark.csv,Benchmark,Metric investor_count must preserve outer aggregation count_distinct.,FINAL_SPEC_ERROR,,The pipeline stopped before completing an executable final result.,2026-10-06T13:17:33,43.843,success,,False,Metric investor_count must preserve outer aggregation count_distinct.,not_reached,Final_Spec,7e653507108c46fd98873ef41f9bcfd2,deepseek.v3.2,89227,1719,,43.79375537800115,9,0,0
aop-improvement8-v3,wealth_management_125_question_benchmark:WM125-2T-029,How many investors hold at least one position with investment type 'ETF'?,"[{""investor_count"": 740}]",Medium,Holding ownership,Multi-Relational,wealth_management_125_question_benchmark.csv,Benchmark,"[{""investor_count"": 740}]",PIPELINE_SUCCESS,,Final result executed successfully; answer correctness is recorded separately by review/grading.,2026-10-06T13:18:16,43.634,success,,,Execution checks passed. Semantic review is disabled; use the separate grader.,not_requested,,7e653507108c46fd98873ef41f9bcfd2,deepseek.v3.2,45765,1043,,43.59963157799939,5,0,0
aop-improvement8-v3,wealth_management_125_question_benchmark:WM125-2T-030,How many investors hold at least one position with investment type 'Equity'?,"[{""investor_count"": 792}]",Medium,Holding ownership,Multi-Relational,wealth_management_125_question_benchmark.csv,Benchmark,"[{""investor_count"": 792}]",PIPELINE_SUCCESS,,Final result executed successfully; answer correctness is recorded separately by review/grading.,2026-10-06T13:19:00,24.245,success,,,Execution checks passed. Semantic review is disabled; use the separate grader.,not_requested,,7e653507108c46fd98873ef41f9bcfd2,deepseek.v3.2,46005,1168,,24.197324637998463,5,0,0
aop-improvement8-v3,wealth_management_125_question_benchmark:WM125-3T-001,Which Aggressive investors have a risk score above 75 and hold a Corporate Bond?,"[{""investor_id"": ""INV-037"", ""investor_name"": ""Chetan Sharma""}, {""investor_id"": ""INV-064"", ""investor_name"": ""Arvind Singh""}, {""investor_id"": ""INV-073"", ""investor_name"": ""Abhishek Mehta""}, {""investor_id"": ""INV-078"", ""investor_name"": ""Rajesh Bhat""}, {""investor_id"": ""INV-079"", ""investor_name"": ""Ankita Rao""}, {""investor_id"": ""INV-081"", ""investor_name"": ""Bhavna Pandey""}, {""investor_id"": ""INV-084"", ""investor_name"": ""Anand Reddy""}, {""investor_id"": ""INV-1041"", ""investor_name"": ""Deepak Kulkarni""}, {""investor_id"": ""INV-1070"", ""investor_name"": ""Ishita Chauhan""}, {""investor_id"": ""INV-1111"", ""investor_name"": ""Rajesh Sharma""}, {""investor_id"": ""INV-1153"", ""investor_name"": ""Arvind Sharma""}, {""investor_id"": ""INV-121"", ""investor_name"": ""Anita Hegde""}, {""investor_id"": ""INV-1236"", ""investor_name"": ""Dipti Yadav""}, {""investor_id"": ""INV-1264"", ""investor_name"": ""Aishwarya Singh""}, {""investor_id"": ""INV-1271"", ""investor_name"": ""Rohan Arora""}, {""investor_id"": ""INV-1311"", ""investor_name"": ""Ramesh Patel""}, {""investor_id"": ""INV-1332"", ""investor_name"": ""Amit Arora""}, {""investor_id"": ""INV-1336"", ""investor_name"": ""Vikram Kulkarni""}, {""investor_id"": ""INV-1341"", ""investor_name"": ""Amrita Chauhan""}, {""investor_id"": ""INV-1360"", ""investor_name"": ""Dipti Bhat""}, {""investor_id"": ""INV-1427"", ""investor_name"": ""Anjali Arora""}, {""investor_id"": ""INV-1433"", ""investor_name"": ""Vivek Bhat""}, {""investor_id"": ""INV-1459"", ""investor_name"": ""Arjun Iyer""}, {""investor_id"": ""INV-189"", ""investor_name"": ""Meena Hegde""}, {""investor_id"": ""INV-281"", ""investor_name"": ""Sunita Pandey""}, {""investor_id"": ""INV-298"", ""investor_name"": ""Anita Arora""}, {""investor_id"": ""INV-306"", ""investor_name"": ""Ishita Deshmukh""}, {""investor_id"": ""INV-327"", ""investor_name"": ""Anjali Sharma""}, {""investor_id"": ""INV-377"", ""investor_name"": ""Anita Singh""}, {""investor_id"": ""INV-434"", ""investor_name"": ""Siddharth Reddy""}, {""investor_id"": ""INV-457"", ""investor_name"": ""Kavita Hegde""}, {""investor_id"": ""INV-507"", ""investor_name"": ""Ishita Sharma""}, {""investor_id"": ""INV-561"", ""investor_name"": ""Ishita Kulkarni""}, {""investor_id"": ""INV-580"", ""investor_name"": ""Anita Patel""}, {""investor_id"": ""INV-634"", ""investor_name"": ""Rohan Singh""}, {""investor_id"": ""INV-641"", ""investor_name"": ""Suresh Iyer""}, {""investor_id"": ""INV-653"", ""investor_name"": ""Suresh Bhat""}, {""investor_id"": ""INV-671"", ""investor_name"": ""Ishita Iyer""}, {""investor_id"": ""INV-721"", ""investor_name"": ""Amrita Reddy""}, {""investor_id"": ""INV-738"", ""investor_name"": ""Arvind Nair""}, {""investor_id"": ""INV-768"", ""investor_name"": ""Amrita Reddy""}, {""investor_id"": ""INV-794"", ""investor_name"": ""Sneha Singh""}, {""investor_id"": ""INV-849"", ""investor_name"": ""Arvind Bhat""}, {""investor_id"": ""INV-887"", ""investor_name"": ""Deepak Mishra""}, {""investor_id"": ""INV-888"", ""investor_name"": ""Anjali Hegde""}, {""investor_id"": ""INV-921"", ""investor_name"": ""Vikram Sharma""}, {""investor_id"": ""INV-932"", ""investor_name"": ""Akshay Joshi""}]",Hard,Risk + holding profile,Multi-Relational,wealth_management_125_question_benchmark.csv,Benchmark,"[{""investor_id"": ""INV-037"", ""investor_name"": ""Chetan Sharma""}, {""investor_id"": ""INV-064"", ""investor_name"": ""Arvind Singh""}, {""investor_id"": ""INV-073"", ""investor_name"": ""Abhishek Mehta""}, {""investor_id"": ""INV-078"", ""investor_name"": ""Rajesh Bhat""}, {""investor_id"": ""INV-079"", ""investor_name"": ""Ankita Rao""}, {""investor_id"": ""INV-081"", ""investor_name"": ""Bhavna Pandey""}, {""investor_id"": ""INV-084"", ""investor_name"": ""Anand Reddy""}, {""investor_id"": ""INV-1041"", ""investor_name"": ""Deepak Kulkarni""}, {""investor_id"": ""INV-1070"", ""investor_name"": ""Ishita Chauhan""}, {""investor_id"": ""INV-1111"", ""investor_name"": ""Rajesh Sharma""}, {""investor_id"": ""INV-1153"", ""investor_name"": ""Arvind Sharma""}, {""investor_id"": ""INV-121"", ""investor_name"": ""Anita Hegde""}, {""investor_id"": ""INV-1236"", ""investor_name"": ""Dipti Yadav""}, {""investor_id"": ""INV-1264"", ""investor_name"": ""Aishwarya Singh""}, {""investor_id"": ""INV-1271"", ""investor_name"": ""Rohan Arora""}, {""investor_id"": ""INV-1311"", ""investor_name"": ""Ramesh Patel""}, {""investor_id"": ""INV-1332"", ""investor_name"": ""Amit Arora""}, {""investor_id"": ""INV-1336"", ""investor_name"": ""Vikram Kulkarni""}, {""investor_id"": ""INV-1341"", ""investor_name"": ""Amrita Chauhan""}, {""investor_id"": ""INV-1360"", ""investor_name"": ""Dipti Bhat""}, {""investor_id"": ""INV-1427"", ""investor_name"": ""Anjali Arora""}, {""investor_id"": ""INV-1433"", ""investor_name"": ""Vivek Bhat""}, {""investor_id"": ""INV-1459"", ""investor_name"": ""Arjun Iyer""}, {""investor_id"": ""INV-189"", ""investor_name"": ""Meena Hegde""}, {""investor_id"": ""INV-281"", ""investor_name"": ""Sunita Pandey""}, {""investor_id"": ""INV-298"", ""investor_name"": ""Anita Arora""}, {""investor_id"": ""INV-306"", ""investor_name"": ""Ishita Deshmukh""}, {""investor_id"": ""INV-327"", ""investor_name"": ""Anjali Sharma""}, {""investor_id"": ""INV-377"", ""investor_name"": ""Anita Singh""}, {""investor_id"": ""INV-434"", ""investor_name"": ""Siddharth Reddy""}, {""investor_id"": ""INV-457"", ""investor_name"": ""Kavita Hegde""}, {""investor_id"": ""INV-507"", ""investor_name"": ""Ishita Sharma""}, {""investor_id"": ""INV-561"", ""investor_name"": ""Ishita Kulkarni""}, {""investor_id"": ""INV-580"", ""investor_name"": ""Anita Patel""}, {""investor_id"": ""INV-634"", ""investor_name"": ""Rohan Singh""}, {""investor_id"": ""INV-641"", ""investor_name"": ""Suresh Iyer""}, {""investor_id"": ""INV-653"", ""investor_name"": ""Suresh Bhat""}, {""investor_id"": ""INV-671"", ""investor_name"": ""Ishita Iyer""}, {""investor_id"": ""INV-721"", ""investor_name"": ""Amrita Reddy""}, {""investor_id"": ""INV-738"", ""investor_name"": ""Arvind Nair""}, {""investor_id"": ""INV-768"", ""investor_name"": ""Amrita Reddy""}, {""investor_id"": ""INV-794"", ""investor_name"": ""Sneha Singh""}, {""investor_id"": ""INV-849"", ""investor_name"": ""Arvind Bhat""}, {""investor_id"": ""INV-887"", ""investor_name"": ""Deepak Mishra""}, {""investor_id"": ""INV-888"", ""investor_name"": ""Anjali Hegde""}, {""investor_id"": ""INV-921"", ""investor_name"": ""Vikram Sharma""}, {""investor_id"": ""INV-932"", ""investor_name"": ""Akshay Joshi""}]",PIPELINE_SUCCESS,,Final result executed successfully; answer correctness is recorded separately by review/grading.,2026-10-06T13:19:24,54.511,success,,,Execution checks passed. Semantic review is disabled; use the separate grader.,not_requested,,7e653507108c46fd98873ef41f9bcfd2,deepseek.v3.2,68044,2815,,54.43142348500078,7,0,0
aop-improvement8-v3,wealth_management_125_question_benchmark:WM125-3T-002,Which Aggressive investors have a risk score above 75 and hold a position with investment type 'ETF'?,"[{""investor_id"": ""INV-010"", ""investor_name"": ""Ankita Kulkarni""}, {""investor_id"": ""INV-037"", ""investor_name"": ""Chetan Sharma""}, {""investor_id"": ""INV-061"", ""investor_name"": ""Kavita Sharma""}, {""investor_id"": ""INV-064"", ""investor_name"": ""Arvind Singh""}, {""investor_id"": ""INV-068"", ""investor_name"": ""Vikram Yadav""}, {""investor_id"": ""INV-073"", ""investor_name"": ""Abhishek Mehta""}, {""investor_id"": ""INV-076"", ""investor_name"": ""Aishwarya Kulkarni""}, {""investor_id"": ""INV-078"", ""investor_name"": ""Rajesh Bhat""}, {""investor_id"": ""INV-084"", ""investor_name"": ""Anand Reddy""}, {""investor_id"": ""INV-094"", ""investor_name"": ""Anita Bhat""}, {""investor_id"": ""INV-1059"", ""investor_name"": ""Rahul Sharma""}, {""investor_id"": ""INV-1070"", ""investor_name"": ""Ishita Chauhan""}, {""investor_id"": ""INV-1111"", ""investor_name"": ""Rajesh Sharma""}, {""investor_id"": ""INV-1133"", ""investor_name"": ""Rajesh Chauhan""}, {""investor_id"": ""INV-1153"", ""investor_name"": ""Arvind Sharma""}, {""investor_id"": ""INV-1164"", ""investor_name"": ""Sneha Singh""}, {""investor_id"": ""INV-121"", ""investor_name"": ""Anita Hegde""}, {""investor_id"": ""INV-1261"", ""investor_name"": ""Ishita Arora""}, {""investor_id"": ""INV-1308"", ""investor_name"": ""Kavita Deshmukh""}, {""investor_id"": ""INV-1341"", ""investor_name"": ""Amrita Chauhan""}, {""investor_id"": ""INV-1427"", ""investor_name"": ""Anjali Arora""}, {""investor_id"": ""INV-1433"", ""investor_name"": ""Vivek Bhat""}, {""investor_id"": ""INV-1459"", ""investor_name"": ""Arjun Iyer""}, {""investor_id"": ""INV-1513"", ""investor_name"": ""Geeta Reddy""}, {""investor_id"": ""INV-1526"", ""investor_name"": ""Siddharth Deshmukh""}, {""investor_id"": ""INV-181"", ""investor_name"": ""Suresh Reddy""}, {""investor_id"": ""INV-189"", ""investor_name"": ""Meena Hegde""}, {""investor_id"": ""INV-281"", ""investor_name"": ""Sunita Pandey""}, {""investor_id"": ""INV-327"", ""investor_name"": ""Anjali Sharma""}, {""investor_id"": ""INV-364"", ""investor_name"": ""Anjali Patel""}, {""investor_id"": ""INV-395"", ""investor_name"": ""Rajesh Gupta""}, {""investor_id"": ""INV-452"", ""investor_name"": ""Rohan Rao""}, {""investor_id"": ""INV-507"", ""investor_name"": ""Ishita Sharma""}, {""investor_id"": ""INV-561"", ""investor_name"": ""Ishita Kulkarni""}, {""investor_id"": ""INV-634"", ""investor_name"": ""Rohan Singh""}, {""investor_id"": ""INV-635"", ""investor_name"": ""Rohan Yadav""}, {""investor_id"": ""INV-661"", ""investor_name"": ""Geeta Gupta""}, {""investor_id"": ""INV-714"", ""investor_name"": ""Abhishek Deshmukh""}, {""investor_id"": ""INV-721"", ""investor_name"": ""Amrita Reddy""}, {""investor_id"": ""INV-738"", ""investor_name"": ""Arvind Nair""}, {""investor_id"": ""INV-749"", ""investor_name"": ""Rahul Pandey""}, {""investor_id"": ""INV-768"", ""investor_name"": ""Amrita Reddy""}, {""investor_id"": ""INV-794"", ""investor_name"": ""Sneha Singh""}, {""investor_id"": ""INV-810"", ""investor_name"": ""Dipti Mishra""}, {""investor_id"": ""INV-820"", ""investor_name"": ""Vikram Yadav""}, {""investor_id"": ""INV-845"", ""investor_name"": ""Geeta Chauhan""}, {""investor_id"": ""INV-849"", ""investor_name"": ""Arvind Bhat""}, {""investor_id"": ""INV-850"", ""investor_name"": ""Siddharth Reddy""}, {""investor_id"": ""INV-861"", ""investor_name"": ""Suresh Bhat""}, {""investor_id"": ""INV-878"", ""investor_name"": ""Vikram Kulkarni""}, {""investor_id"": ""INV-881"", ""investor_name"": ""Aishwarya Rao""}, {""investor_id"": ""INV-888"", ""investor_name"": ""Anjali Hegde""}, {""investor_id"": ""INV-921"", ""investor_name"": ""Vikram Sharma""}, {""investor_id"": ""INV-932"", ""investor_name"": ""Akshay Joshi""}, {""investor_id"": ""INV-944"", ""investor_name"": ""Ishita Bhat""}]",Hard,Risk + holding profile,Multi-Relational,wealth_management_125_question_benchmark.csv,Benchmark,"[{""investor_id"": ""INV-010"", ""investor_name"": ""Ankita Kulkarni""}, {""investor_id"": ""INV-037"", ""investor_name"": ""Chetan Sharma""}, {""investor_id"": ""INV-061"", ""investor_name"": ""Kavita Sharma""}, {""investor_id"": ""INV-064"", ""investor_name"": ""Arvind Singh""}, {""investor_id"": ""INV-068"", ""investor_name"": ""Vikram Yadav""}, {""investor_id"": ""INV-073"", ""investor_name"": ""Abhishek Mehta""}, {""investor_id"": ""INV-076"", ""investor_name"": ""Aishwarya Kulkarni""}, {""investor_id"": ""INV-078"", ""investor_name"": ""Rajesh Bhat""}, {""investor_id"": ""INV-084"", ""investor_name"": ""Anand Reddy""}, {""investor_id"": ""INV-094"", ""investor_name"": ""Anita Bhat""}, {""investor_id"": ""INV-1059"", ""investor_name"": ""Rahul Sharma""}, {""investor_id"": ""INV-1070"", ""investor_name"": ""Ishita Chauhan""}, {""investor_id"": ""INV-1111"", ""investor_name"": ""Rajesh Sharma""}, {""investor_id"": ""INV-1133"", ""investor_name"": ""Rajesh Chauhan""}, {""investor_id"": ""INV-1153"", ""investor_name"": ""Arvind Sharma""}, {""investor_id"": ""INV-1164"", ""investor_name"": ""Sneha Singh""}, {""investor_id"": ""INV-121"", ""investor_name"": ""Anita Hegde""}, {""investor_id"": ""INV-1261"", ""investor_name"": ""Ishita Arora""}, {""investor_id"": ""INV-1308"", ""investor_name"": ""Kavita Deshmukh""}, {""investor_id"": ""INV-1341"", ""investor_name"": ""Amrita Chauhan""}, {""investor_id"": ""INV-1427"", ""investor_name"": ""Anjali Arora""}, {""investor_id"": ""INV-1433"", ""investor_name"": ""Vivek Bhat""}, {""investor_id"": ""INV-1459"", ""investor_name"": ""Arjun Iyer""}, {""investor_id"": ""INV-1513"", ""investor_name"": ""Geeta Reddy""}, {""investor_id"": ""INV-1526"", ""investor_name"": ""Siddharth Deshmukh""}, {""investor_id"": ""INV-181"", ""investor_name"": ""Suresh Reddy""}, {""investor_id"": ""INV-189"", ""investor_name"": ""Meena Hegde""}, {""investor_id"": ""INV-281"", ""investor_name"": ""Sunita Pandey""}, {""investor_id"": ""INV-327"", ""investor_name"": ""Anjali Sharma""}, {""investor_id"": ""INV-364"", ""investor_name"": ""Anjali Patel""}, {""investor_id"": ""INV-395"", ""investor_name"": ""Rajesh Gupta""}, {""investor_id"": ""INV-452"", ""investor_name"": ""Rohan Rao""}, {""investor_id"": ""INV-507"", ""investor_name"": ""Ishita Sharma""}, {""investor_id"": ""INV-561"", ""investor_name"": ""Ishita Kulkarni""}, {""investor_id"": ""INV-634"", ""investor_name"": ""Rohan Singh""}, {""investor_id"": ""INV-635"", ""investor_name"": ""Rohan Yadav""}, {""investor_id"": ""INV-661"", ""investor_name"": ""Geeta Gupta""}, {""investor_id"": ""INV-714"", ""investor_name"": ""Abhishek Deshmukh""}, {""investor_id"": ""INV-721"", ""investor_name"": ""Amrita Reddy""}, {""investor_id"": ""INV-738"", ""investor_name"": ""Arvind Nair""}, {""investor_id"": ""INV-749"", ""investor_name"": ""Rahul Pandey""}, {""investor_id"": ""INV-768"", ""investor_name"": ""Amrita Reddy""}, {""investor_id"": ""INV-794"", ""investor_name"": ""Sneha Singh""}, {""investor_id"": ""INV-810"", ""investor_name"": ""Dipti Mishra""}, {""investor_id"": ""INV-820"", ""investor_name"": ""Vikram Yadav""}, {""investor_id"": ""INV-845"", ""investor_name"": ""Geeta Chauhan""}, {""investor_id"": ""INV-849"", ""investor_name"": ""Arvind Bhat""}, {""investor_id"": ""INV-850"", ""investor_name"": ""Siddharth Reddy""}, {""investor_id"": ""INV-861"", ""investor_name"": ""Suresh Bhat""}, {""investor_id"": ""INV-878"", ""investor_name"": ""Vikram Kulkarni""}, {""investor_id"": ""INV-881"", ""investor_name"": ""Aishwarya Rao""}, {""investor_id"": ""INV-888"", ""investor_name"": ""Anjali Hegde""}, {""investor_id"": ""INV-921"", ""investor_name"": ""Vikram Sharma""}, {""investor_id"": ""INV-932"", ""investor_name"": ""Akshay Joshi""}, {""investor_id"": ""INV-944"", ""investor_name"": ""Ishita Bhat""}]",PIPELINE_SUCCESS,,Final result executed successfully; answer correctness is recorded separately by review/grading.,2026-10-06T13:20:19,68.174,success,,,Execution checks passed. Semantic review is disabled; use the separate grader.,not_requested,,7e653507108c46fd98873ef41f9bcfd2,deepseek.v3.2,68005,2755,,68.10772318099771,7,0,0
aop-improvement8-v3,wealth_management_125_question_benchmark:WM125-3T-003,Which Aggressive investors have a risk score above 75 and hold a position with investment type 'Equity'?,"[{""investor_id"": ""INV-037"", ""investor_name"": ""Chetan Sharma""}, {""investor_id"": ""INV-073"", ""investor_name"": ""Abhishek Mehta""}, {""investor_id"": ""INV-076"", ""investor_name"": ""Aishwarya Kulkarni""}, {""investor_id"": ""INV-078"", ""investor_name"": ""Rajesh Bhat""}, {""investor_id"": ""INV-079"", ""investor_name"": ""Ankita Rao""}, {""investor_id"": ""INV-084"", ""investor_name"": ""Anand Reddy""}, {""investor_id"": ""INV-1016"", ""investor_name"": ""Ankita Joshi""}, {""investor_id"": ""INV-1059"", ""investor_name"": ""Rahul Sharma""}, {""investor_id"": ""INV-1104"", ""investor_name"": ""Arjun Patel""}, {""investor_id"": ""INV-1111"", ""investor_name"": ""Rajesh Sharma""}, {""investor_id"": ""INV-1133"", ""investor_name"": ""Rajesh Chauhan""}, {""investor_id"": ""INV-1153"", ""investor_name"": ""Arvind Sharma""}, {""investor_id"": ""INV-1164"", ""investor_name"": ""Sneha Singh""}, {""investor_id"": ""INV-1184"", ""investor_name"": ""Amrita Mehta""}, {""investor_id"": ""INV-1185"", ""investor_name"": ""Kavita Singh""}, {""investor_id"": ""INV-121"", ""investor_name"": ""Anita Hegde""}, {""investor_id"": ""INV-1219"", ""investor_name"": ""Rajesh Mishra""}, {""investor_id"": ""INV-1236"", ""investor_name"": ""Dipti Yadav""}, {""investor_id"": ""INV-130"", ""investor_name"": ""Abhishek Verma""}, {""investor_id"": ""INV-1308"", ""investor_name"": ""Kavita Deshmukh""}, {""investor_id"": ""INV-1313"", ""investor_name"": ""Ramesh Bhat""}, {""investor_id"": ""INV-133"", ""investor_name"": ""Rohan Arora""}, {""investor_id"": ""INV-1336"", ""investor_name"": ""Vikram Kulkarni""}, {""investor_id"": ""INV-1341"", ""investor_name"": ""Amrita Chauhan""}, {""investor_id"": ""INV-1427"", ""investor_name"": ""Anjali Arora""}, {""investor_id"": ""INV-1459"", ""investor_name"": ""Arjun Iyer""}, {""investor_id"": ""INV-1513"", ""investor_name"": ""Geeta Reddy""}, {""investor_id"": ""INV-189"", ""investor_name"": ""Meena Hegde""}, {""investor_id"": ""INV-244"", ""investor_name"": ""Vikram Mishra""}, {""investor_id"": ""INV-281"", ""investor_name"": ""Sunita Pandey""}, {""investor_id"": ""INV-327"", ""investor_name"": ""Anjali Sharma""}, {""investor_id"": ""INV-349"", ""investor_name"": ""Arvind Kulkarni""}, {""investor_id"": ""INV-377"", ""investor_name"": ""Anita Singh""}, {""investor_id"": ""INV-395"", ""investor_name"": ""Rajesh Gupta""}, {""investor_id"": ""INV-507"", ""investor_name"": ""Ishita Sharma""}, {""investor_id"": ""INV-580"", ""investor_name"": ""Anita Patel""}, {""investor_id"": ""INV-644"", ""investor_name"": ""Abhishek Reddy""}, {""investor_id"": ""INV-653"", ""investor_name"": ""Suresh Bhat""}, {""investor_id"": ""INV-661"", ""investor_name"": ""Geeta Gupta""}, {""investor_id"": ""INV-721"", ""investor_name"": ""Amrita Reddy""}, {""investor_id"": ""INV-749"", ""investor_name"": ""Rahul Pandey""}, {""investor_id"": ""INV-768"", ""investor_name"": ""Amrita Reddy""}, {""investor_id"": ""INV-794"", ""investor_name"": ""Sneha Singh""}, {""investor_id"": ""INV-845"", ""investor_name"": ""Geeta Chauhan""}, {""investor_id"": ""INV-850"", ""investor_name"": ""Siddharth Reddy""}, {""investor_id"": ""INV-908"", ""investor_name"": ""Arjun Sharma""}]",Hard,Risk + holding profile,Multi-Relational,wealth_management_125_question_benchmark.csv,Benchmark,"[{""investor_id"": ""INV-037"", ""investor_name"": ""Chetan Sharma""}, {""investor_id"": ""INV-073"", ""investor_name"": ""Abhishek Mehta""}, {""investor_id"": ""INV-076"", ""investor_name"": ""Aishwarya Kulkarni""}, {""investor_id"": ""INV-078"", ""investor_name"": ""Rajesh Bhat""}, {""investor_id"": ""INV-079"", ""investor_name"": ""Ankita Rao""}, {""investor_id"": ""INV-084"", ""investor_name"": ""Anand Reddy""}, {""investor_id"": ""INV-1016"", ""investor_name"": ""Ankita Joshi""}, {""investor_id"": ""INV-1059"", ""investor_name"": ""Rahul Sharma""}, {""investor_id"": ""INV-1104"", ""investor_name"": ""Arjun Patel""}, {""investor_id"": ""INV-1111"", ""investor_name"": ""Rajesh Sharma""}, {""investor_id"": ""INV-1133"", ""investor_name"": ""Rajesh Chauhan""}, {""investor_id"": ""INV-1153"", ""investor_name"": ""Arvind Sharma""}, {""investor_id"": ""INV-1164"", ""investor_name"": ""Sneha Singh""}, {""investor_id"": ""INV-1184"", ""investor_name"": ""Amrita Mehta""}, {""investor_id"": ""INV-1185"", ""investor_name"": ""Kavita Singh""}, {""investor_id"": ""INV-121"", ""investor_name"": ""Anita Hegde""}, {""investor_id"": ""INV-1219"", ""investor_name"": ""Rajesh Mishra""}, {""investor_id"": ""INV-1236"", ""investor_name"": ""Dipti Yadav""}, {""investor_id"": ""INV-130"", ""investor_name"": ""Abhishek Verma""}, {""investor_id"": ""INV-1308"", ""investor_name"": ""Kavita Deshmukh""}, {""investor_id"": ""INV-1313"", ""investor_name"": ""Ramesh Bhat""}, {""investor_id"": ""INV-133"", ""investor_name"": ""Rohan Arora""}, {""investor_id"": ""INV-1336"", ""investor_name"": ""Vikram Kulkarni""}, {""investor_id"": ""INV-1341"", ""investor_name"": ""Amrita Chauhan""}, {""investor_id"": ""INV-1427"", ""investor_name"": ""Anjali Arora""}, {""investor_id"": ""INV-1459"", ""investor_name"": ""Arjun Iyer""}, {""investor_id"": ""INV-1513"", ""investor_name"": ""Geeta Reddy""}, {""investor_id"": ""INV-189"", ""investor_name"": ""Meena Hegde""}, {""investor_id"": ""INV-244"", ""investor_name"": ""Vikram Mishra""}, {""investor_id"": ""INV-281"", ""investor_name"": ""Sunita Pandey""}, {""investor_id"": ""INV-327"", ""investor_name"": ""Anjali Sharma""}, {""investor_id"": ""INV-349"", ""investor_name"": ""Arvind Kulkarni""}, {""investor_id"": ""INV-377"", ""investor_name"": ""Anita Singh""}, {""investor_id"": ""INV-395"", ""investor_name"": ""Rajesh Gupta""}, {""investor_id"": ""INV-507"", ""investor_name"": ""Ishita Sharma""}, {""investor_id"": ""INV-580"", ""investor_name"": ""Anita Patel""}, {""investor_id"": ""INV-644"", ""investor_name"": ""Abhishek Reddy""}, {""investor_id"": ""INV-653"", ""investor_name"": ""Suresh Bhat""}, {""investor_id"": ""INV-661"", ""investor_name"": ""Geeta Gupta""}, {""investor_id"": ""INV-721"", ""investor_name"": ""Amrita Reddy""}, {""investor_id"": ""INV-749"", ""investor_name"": ""Rahul Pandey""}, {""investor_id"": ""INV-768"", ""investor_name"": ""Amrita Reddy""}, {""investor_id"": ""INV-794"", ""investor_name"": ""Sneha Singh""}, {""investor_id"": ""INV-845"", ""investor_name"": ""Geeta Chauhan""}, {""investor_id"": ""INV-850"", ""investor_name"": ""Siddharth Reddy""}, {""investor_id"": ""INV-908"", ""investor_name"": ""Arjun Sharma""}]",PIPELINE_SUCCESS,,Final result executed successfully; answer correctness is recorded separately by review/grading.,2026-10-06T13:21:27,41.794,success,,,Execution checks passed. Semantic review is disabled; use the separate grader.,not_requested,,7e653507108c46fd98873ef41f9bcfd2,deepseek.v3.2,67946,2709,,41.72261261899985,7,0,0
aop-improvement8-v3,wealth_management_125_question_benchmark:WM125-3T-004,Which Aggressive investors have a risk score above 75 and hold a Global Equity?,"[{""investor_id"": ""INV-030"", ""investor_name"": ""Ramesh Rao""}, {""investor_id"": ""INV-037"", ""investor_name"": ""Chetan Sharma""}, {""investor_id"": ""INV-061"", ""investor_name"": ""Kavita Sharma""}, {""investor_id"": ""INV-064"", ""investor_name"": ""Arvind Singh""}, {""investor_id"": ""INV-068"", ""investor_name"": ""Vikram Yadav""}, {""investor_id"": ""INV-079"", ""investor_name"": ""Ankita Rao""}, {""investor_id"": ""INV-084"", ""investor_name"": ""Anand Reddy""}, {""investor_id"": ""INV-1001"", ""investor_name"": ""Vikram Singh""}, {""investor_id"": ""INV-1016"", ""investor_name"": ""Ankita Joshi""}, {""investor_id"": ""INV-1031"", ""investor_name"": ""Vikram Arora""}, {""investor_id"": ""INV-1041"", ""investor_name"": ""Deepak Kulkarni""}, {""investor_id"": ""INV-1057"", ""investor_name"": ""Abhishek Iyer""}, {""investor_id"": ""INV-1059"", ""investor_name"": ""Rahul Sharma""}, {""investor_id"": ""INV-1111"", ""investor_name"": ""Rajesh Sharma""}, {""investor_id"": ""INV-1153"", ""investor_name"": ""Arvind Sharma""}, {""investor_id"": ""INV-1164"", ""investor_name"": ""Sneha Singh""}, {""investor_id"": ""INV-1185"", ""investor_name"": ""Kavita Singh""}, {""investor_id"": ""INV-1236"", ""investor_name"": ""Dipti Yadav""}, {""investor_id"": ""INV-1248"", ""investor_name"": ""Siddharth Deshmukh""}, {""investor_id"": ""INV-1271"", ""investor_name"": ""Rohan Arora""}, {""investor_id"": ""INV-130"", ""investor_name"": ""Abhishek Verma""}, {""investor_id"": ""INV-1308"", ""investor_name"": ""Kavita Deshmukh""}, {""investor_id"": ""INV-1313"", ""investor_name"": ""Ramesh Bhat""}, {""investor_id"": ""INV-1332"", ""investor_name"": ""Amit Arora""}, {""investor_id"": ""INV-1336"", ""investor_name"": ""Vikram Kulkarni""}, {""investor_id"": ""INV-1341"", ""investor_name"": ""Amrita Chauhan""}, {""investor_id"": ""INV-1361"", ""investor_name"": ""Anand Iyer""}, {""investor_id"": ""INV-1459"", ""investor_name"": ""Arjun Iyer""}, {""investor_id"": ""INV-1501"", ""investor_name"": ""Priyanka Singh""}, {""investor_id"": ""INV-181"", ""investor_name"": ""Suresh Reddy""}, {""investor_id"": ""INV-281"", ""investor_name"": ""Sunita Pandey""}, {""investor_id"": ""INV-298"", ""investor_name"": ""Anita Arora""}, {""investor_id"": ""INV-306"", ""investor_name"": ""Ishita Deshmukh""}, {""investor_id"": ""INV-349"", ""investor_name"": ""Arvind Kulkarni""}, {""investor_id"": ""INV-364"", ""investor_name"": ""Anjali Patel""}, {""investor_id"": ""INV-434"", ""investor_name"": ""Siddharth Reddy""}, {""investor_id"": ""INV-452"", ""investor_name"": ""Rohan Rao""}, {""investor_id"": ""INV-507"", ""investor_name"": ""Ishita Sharma""}, {""investor_id"": ""INV-634"", ""investor_name"": ""Rohan Singh""}, {""investor_id"": ""INV-644"", ""investor_name"": ""Abhishek Reddy""}, {""investor_id"": ""INV-653"", ""investor_name"": ""Suresh Bhat""}, {""investor_id"": ""INV-671"", ""investor_name"": ""Ishita Iyer""}, {""investor_id"": ""INV-714"", ""investor_name"": ""Abhishek Deshmukh""}, {""investor_id"": ""INV-721"", ""investor_name"": ""Amrita Reddy""}, {""investor_id"": ""INV-738"", ""investor_name"": ""Arvind Nair""}, {""investor_id"": ""INV-768"", ""investor_name"": ""Amrita Reddy""}, {""investor_id"": ""INV-794"", ""investor_name"": ""Sneha Singh""}, {""investor_id"": ""INV-810"", ""investor_name"": ""Dipti Mishra""}, {""investor_id"": ""INV-845"", ""investor_name"": ""Geeta Chauhan""}, {""investor_id"": ""INV-849"", ""investor_name"": ""Arvind Bhat""}, {""investor_id"": ""INV-850"", ""investor_name"": ""Siddharth Reddy""}, {""investor_id"": ""INV-861"", ""investor_name"": ""Suresh Bhat""}, {""investor_id"": ""INV-881"", ""investor_name"": ""Aishwarya Rao""}, {""investor_id"": ""INV-887"", ""investor_name"": ""Deepak Mishra""}, {""investor_id"": ""INV-906"", ""investor_name"": ""Dipti Verma""}, {""investor_id"": ""INV-908"", ""investor_name"": ""Arjun Sharma""}, {""investor_id"": ""INV-921"", ""investor_name"": ""Vikram Sharma""}, {""investor_id"": ""INV-932"", ""investor_name"": ""Akshay Joshi""}, {""investor_id"": ""INV-944"", ""investor_name"": ""Ishita Bhat""}]",Hard,Risk + holding profile,Multi-Relational,wealth_management_125_question_benchmark.csv,Benchmark,"[{""investor_id"": ""INV-030"", ""investor_name"": ""Ramesh Rao"", ""risk_score"": 81.01147864513582}, {""investor_id"": ""INV-037"", ""investor_name"": ""Chetan Sharma"", ""risk_score"": 82.89830629946805}, {""investor_id"": ""INV-061"", ""investor_name"": ""Kavita Sharma"", ""risk_score"": 100.0}, {""investor_id"": ""INV-064"", ""investor_name"": ""Arvind Singh"", ""risk_score"": 89.24776029889424}, {""investor_id"": ""INV-068"", ""investor_name"": ""Vikram Yadav"", ""risk_score"": 90.79127522974132}, {""investor_id"": ""INV-079"", ""investor_name"": ""Ankita Rao"", ""risk_score"": 78.71825045780695}, {""investor_id"": ""INV-084"", ""investor_name"": ""Anand Reddy"", ""risk_score"": 87.2556430351618}, {""investor_id"": ""INV-1001"", ""investor_name"": ""Vikram Singh"", ""risk_score"": 100.0}, {""investor_id"": ""INV-1016"", ""investor_name"": ""Ankita Joshi"", ""risk_score"": 80.26868318448821}, {""investor_id"": ""INV-1031"", ""investor_name"": ""Vikram Arora"", ""risk_score"": 91.32546455988759}, {""investor_id"": ""INV-1041"", ""investor_name"": ""Deepak Kulkarni"", ""risk_score"": 100.0}, {""investor_id"": ""INV-1057"", ""investor_name"": ""Abhishek Iyer"", ""risk_score"": 85.15231376311087}, {""investor_id"": ""INV-1059"", ""investor_name"": ""Rahul Sharma"", ""risk_score"": 76.73131771214221}, {""investor_id"": ""INV-1111"", ""investor_name"": ""Rajesh Sharma"", ""risk_score"": 76.49199816844393}, {""investor_id"": ""INV-1153"", ""investor_name"": ""Arvind Sharma"", ""risk_score"": 91.55123578174637}, {""investor_id"": ""INV-1164"", ""investor_name"": ""Sneha Singh"", ""risk_score"": 85.24357115856535}, {""investor_id"": ""INV-1185"", ""investor_name"": ""Kavita Singh"", ""risk_score"": 78.68217578675043}, {""investor_id"": ""INV-1236"", ""investor_name"": ""Dipti Yadav"", ""risk_score"": 81.6697862277675}, {""investor_id"": ""INV-1248"", ""investor_name"": ""Siddharth Deshmukh"", ""risk_score"": 81.89479110362475}, {""investor_id"": ""INV-1271"", ""investor_name"": ""Rohan Arora"", ""risk_score"": 87.84934622326011}, {""investor_id"": ""INV-130"", ""investor_name"": ""Abhishek Verma"", ""risk_score"": 86.2076969004697}, {""investor_id"": ""INV-1308"", ""investor_name"": ""Kavita Deshmukh"", ""risk_score"": 89.17831512331865}, {""investor_id"": ""INV-1313"", ""investor_name"": ""Ramesh Bhat"", ""risk_score"": 83.07975838974917}, {""investor_id"": ""INV-1332"", ""investor_name"": ""Amit Arora"", ""risk_score"": 87.77540091182443}, {""investor_id"": ""INV-1336"", ""investor_name"": ""Vikram Kulkarni"", ""risk_score"": 86.87669807849224}, {""investor_id"": ""INV-1341"", ""investor_name"": ""Amrita Chauhan"", ""risk_score"": 100.0}, {""investor_id"": ""INV-1361"", ""investor_name"": ""Anand Iyer"", ""risk_score"": 100.0}, {""investor_id"": ""INV-1459"", ""investor_name"": ""Arjun Iyer"", ""risk_score"": 79.13675751074044}, {""investor_id"": ""INV-1501"", ""investor_name"": ""Priyanka Singh"", ""risk_score"": 100.0}, {""investor_id"": ""INV-181"", ""investor_name"": ""Suresh Reddy"", ""risk_score"": 100.0}, {""investor_id"": ""INV-281"", ""investor_name"": ""Sunita Pandey"", ""risk_score"": 100.0}, {""investor_id"": ""INV-298"", ""investor_name"": ""Anita Arora"", ""risk_score"": 85.21929831324243}, {""investor_id"": ""INV-306"", ""investor_name"": ""Ishita Deshmukh"", ""risk_score"": 81.16167526468143}, {""investor_id"": ""INV-349"", ""investor_name"": ""Arvind Kulkarni"", ""risk_score"": 77.06675708344206}, {""investor_id"": ""INV-364"", ""investor_name"": ""Anjali Patel"", ""risk_score"": 81.7743476105355}, {""investor_id"": ""INV-434"", ""investor_name"": ""Siddharth Reddy"", ""risk_score"": 91.96579969533181}, {""investor_id"": ""INV-452"", ""investor_name"": ""Rohan Rao"", ""risk_score"": 92.51353936274924}, {""investor_id"": ""INV-507"", ""investor_name"": ""Ishita Sharma"", ""risk_score"": 84.43449595107579}, {""investor_id"": ""INV-634"", ""investor_name"": ""Rohan Singh"", ""risk_score"": 85.40688967952231}, {""investor_id"": ""INV-644"", ""investor_name"": ""Abhishek Reddy"", ""risk_score"": 91.90435617505678}, {""investor_id"": ""INV-653"", ""investor_name"": ""Suresh Bhat"", ""risk_score"": 81.41624644077716}, {""investor_id"": ""INV-671"", ""investor_name"": ""Ishita Iyer"", ""risk_score"": 90.64139119822133}, {""investor_id"": ""INV-714"", ""investor_name"": ""Abhishek Deshmukh"", ""risk_score"": 86.87700464197898}, {""investor_id"": ""INV-721"", ""investor_name"": ""Amrita Reddy"", ""risk_score"": 100.0}, {""investor_id"": ""INV-738"", ""investor_name"": ""Arvind Nair"", ""risk_score"": 82.53666272222854}, {""investor_id"": ""INV-768"", ""investor_name"": ""Amrita Reddy"", ""risk_score"": 89.84224109158832}, {""investor_id"": ""INV-794"", ""investor_name"": ""Sneha Singh"", ""risk_score"": 94.99104892094678}, {""investor_id"": ""INV-810"", ""investor_name"": ""Dipti Mishra"", ""risk_score"": 78.67724439865461}, {""investor_id"": ""INV-845"", ""investor_name"": ""Geeta Chauhan"", ""risk_score"": 77.34692649498913}, {""investor_id"": ""INV-849"", ""investor_name"": ""Arvind Bhat"", ""risk_score"": 82.88971517772053}, {""investor_id"": ""INV-850"", ""investor_name"": ""Siddharth Reddy"", ""risk_score"": 82.80882173732097}, {""investor_id"": ""INV-861"", ""investor_name"": ""Suresh Bhat"", ""risk_score"": 100.0}, {""investor_id"": ""INV-881"", ""investor_name"": ""Aishwarya Rao"", ""risk_score"": 100.0}, {""investor_id"": ""INV-887"", ""investor_name"": ""Deepak Mishra"", ""risk_score"": 91.71192510441105}, {""investor_id"": ""INV-906"", ""investor_name"": ""Dipti Verma"", ""risk_score"": 83.88592119212986}, {""investor_id"": ""INV-908"", ""investor_name"": ""Arjun Sharma"", ""risk_score"": 83.73340843038785}, {""investor_id"": ""INV-921"", ""investor_name"": ""Vikram Sharma"", ""risk_score"": 100.0}, {""investor_id"": ""INV-932"", ""investor_name"": ""Akshay Joshi"", ""risk_score"": 93.73505871370736}, {""investor_id"": ""INV-944"", ""investor_name"": ""Ishita Bhat"", ""risk_score"": 78.53302382228512}]",PIPELINE_SUCCESS,,Final result executed successfully; answer correctness is recorded separately by review/grading.,2026-10-06T13:22:09,56.481,success,,,Execution checks passed. Semantic review is disabled; use the separate grader.,not_requested,,7e653507108c46fd98873ef41f9bcfd2,deepseek.v3.2,68504,3210,,56.395934750997185,7,0,0
aop-improvement8-v3,wealth_management_125_question_benchmark:WM125-3T-005,Which Aggressive investors have a risk score above 75 and hold a Gold?,"[{""investor_id"": ""INV-010"", ""investor_name"": ""Ankita Kulkarni""}, {""investor_id"": ""INV-061"", ""investor_name"": ""Kavita Sharma""}, {""investor_id"": ""INV-068"", ""investor_name"": ""Vikram Yadav""}, {""investor_id"": ""INV-073"", ""investor_name"": ""Abhishek Mehta""}, {""investor_id"": ""INV-079"", ""investor_name"": ""Ankita Rao""}, {""investor_id"": ""INV-1075"", ""investor_name"": ""Amrita Iyer""}, {""investor_id"": ""INV-1104"", ""investor_name"": ""Arjun Patel""}, {""investor_id"": ""INV-1133"", ""investor_name"": ""Rajesh Chauhan""}, {""investor_id"": ""INV-1164"", ""investor_name"": ""Sneha Singh""}, {""investor_id"": ""INV-1184"", ""investor_name"": ""Amrita Mehta""}, {""investor_id"": ""INV-1219"", ""investor_name"": ""Rajesh Mishra""}, {""investor_id"": ""INV-1236"", ""investor_name"": ""Dipti Yadav""}, {""investor_id"": ""INV-1248"", ""investor_name"": ""Siddharth Deshmukh""}, {""investor_id"": ""INV-130"", ""investor_name"": ""Abhishek Verma""}, {""investor_id"": ""INV-1360"", ""investor_name"": ""Dipti Bhat""}, {""investor_id"": ""INV-1397"", ""investor_name"": ""Rajesh Kulkarni""}, {""investor_id"": ""INV-1497"", ""investor_name"": ""Dipti Arora""}, {""investor_id"": ""INV-181"", ""investor_name"": ""Suresh Reddy""}, {""investor_id"": ""INV-189"", ""investor_name"": ""Meena Hegde""}, {""investor_id"": ""INV-246"", ""investor_name"": ""Ishita Hegde""}, {""investor_id"": ""INV-281"", ""investor_name"": ""Sunita Pandey""}, {""investor_id"": ""INV-306"", ""investor_name"": ""Ishita Deshmukh""}, {""investor_id"": ""INV-327"", ""investor_name"": ""Anjali Sharma""}, {""investor_id"": ""INV-349"", ""investor_name"": ""Arvind Kulkarni""}, {""investor_id"": ""INV-377"", ""investor_name"": ""Anita Singh""}, {""investor_id"": ""INV-434"", ""investor_name"": ""Siddharth Reddy""}, {""investor_id"": ""INV-457"", ""investor_name"": ""Kavita Hegde""}, {""investor_id"": ""INV-507"", ""investor_name"": ""Ishita Sharma""}, {""investor_id"": ""INV-561"", ""investor_name"": ""Ishita Kulkarni""}, {""investor_id"": ""INV-580"", ""investor_name"": ""Anita Patel""}, {""investor_id"": ""INV-634"", ""investor_name"": ""Rohan Singh""}, {""investor_id"": ""INV-635"", ""investor_name"": ""Rohan Yadav""}, {""investor_id"": ""INV-641"", ""investor_name"": ""Suresh Iyer""}, {""investor_id"": ""INV-653"", ""investor_name"": ""Suresh Bhat""}, {""investor_id"": ""INV-721"", ""investor_name"": ""Amrita Reddy""}, {""investor_id"": ""INV-749"", ""investor_name"": ""Rahul Pandey""}, {""investor_id"": ""INV-810"", ""investor_name"": ""Dipti Mishra""}, {""investor_id"": ""INV-845"", ""investor_name"": ""Geeta Chauhan""}, {""investor_id"": ""INV-849"", ""investor_name"": ""Arvind Bhat""}, {""investor_id"": ""INV-850"", ""investor_name"": ""Siddharth Reddy""}, {""investor_id"": ""INV-878"", ""investor_name"": ""Vikram Kulkarni""}, {""investor_id"": ""INV-887"", ""investor_name"": ""Deepak Mishra""}, {""investor_id"": ""INV-888"", ""investor_name"": ""Anjali Hegde""}, {""investor_id"": ""INV-906"", ""investor_name"": ""Dipti Verma""}, {""investor_id"": ""INV-921"", ""investor_name"": ""Vikram Sharma""}, {""investor_id"": ""INV-932"", ""investor_name"": ""Akshay Joshi""}]",Hard,Risk + holding profile,Multi-Relational,wealth_management_125_question_benchmark.csv,Benchmark,"[{""investor_id"": ""INV-010"", ""investor_name"": ""Ankita Kulkarni"", ""risk_score"": 93.21467679143491}, {""investor_id"": ""INV-061"", ""investor_name"": ""Kavita Sharma"", ""risk_score"": 100.0}, {""investor_id"": ""INV-068"", ""investor_name"": ""Vikram Yadav"", ""risk_score"": 90.79127522974132}, {""investor_id"": ""INV-073"", ""investor_name"": ""Abhishek Mehta"", ""risk_score"": 92.21474188893754}, {""investor_id"": ""INV-079"", ""investor_name"": ""Ankita Rao"", ""risk_score"": 78.71825045780695}, {""investor_id"": ""INV-1075"", ""investor_name"": ""Amrita Iyer"", ""risk_score"": 87.60296693186928}, {""investor_id"": ""INV-1104"", ""investor_name"": ""Arjun Patel"", ""risk_score"": 87.8039541555026}, {""investor_id"": ""INV-1133"", ""investor_name"": ""Rajesh Chauhan"", ""risk_score"": 82.50908243101343}, {""investor_id"": ""INV-1164"", ""investor_name"": ""Sneha Singh"", ""risk_score"": 85.24357115856535}, {""investor_id"": ""INV-1184"", ""investor_name"": ""Amrita Mehta"", ""risk_score"": 77.74130624765658}, {""investor_id"": ""INV-1219"", ""investor_name"": ""Rajesh Mishra"", ""risk_score"": 90.62340166899851}, {""investor_id"": ""INV-1236"", ""investor_name"": ""Dipti Yadav"", ""risk_score"": 81.6697862277675}, {""investor_id"": ""INV-1248"", ""investor_name"": ""Siddharth Deshmukh"", ""risk_score"": 81.89479110362475}, {""investor_id"": ""INV-130"", ""investor_name"": ""Abhishek Verma"", ""risk_score"": 86.2076969004697}, {""investor_id"": ""INV-1360"", ""investor_name"": ""Dipti Bhat"", ""risk_score"": 94.06968647400441}, {""investor_id"": ""INV-1397"", ""investor_name"": ""Rajesh Kulkarni"", ""risk_score"": 87.16103753463922}, {""investor_id"": ""INV-1497"", ""investor_name"": ""Dipti Arora"", ""risk_score"": 80.15549644568951}, {""investor_id"": ""INV-181"", ""investor_name"": ""Suresh Reddy"", ""risk_score"": 100.0}, {""investor_id"": ""INV-189"", ""investor_name"": ""Meena Hegde"", ""risk_score"": 89.54094024648595}, {""investor_id"": ""INV-246"", ""investor_name"": ""Ishita Hegde"", ""risk_score"": 85.46676299390458}, {""investor_id"": ""INV-281"", ""investor_name"": ""Sunita Pandey"", ""risk_score"": 100.0}, {""investor_id"": ""INV-306"", ""investor_name"": ""Ishita Deshmukh"", ""risk_score"": 81.16167526468143}, {""investor_id"": ""INV-327"", ""investor_name"": ""Anjali Sharma"", ""risk_score"": 76.46564888185434}, {""investor_id"": ""INV-349"", ""investor_name"": ""Arvind Kulkarni"", ""risk_score"": 77.06675708344206}, {""investor_id"": ""INV-377"", ""investor_name"": ""Anita Singh"", ""risk_score"": 81.05600118952287}, {""investor_id"": ""INV-434"", ""investor_name"": ""Siddharth Reddy"", ""risk_score"": 91.96579969533181}, {""investor_id"": ""INV-457"", ""investor_name"": ""Kavita Hegde"", ""risk_score"": 81.48226316271911}, {""investor_id"": ""INV-507"", ""investor_name"": ""Ishita Sharma"", ""risk_score"": 84.43449595107579}, {""investor_id"": ""INV-561"", ""investor_name"": ""Ishita Kulkarni"", ""risk_score"": 100.0}, {""investor_id"": ""INV-580"", ""investor_name"": ""Anita Patel"", ""risk_score"": 94.10552798358276}, {""investor_id"": ""INV-634"", ""investor_name"": ""Rohan Singh"", ""risk_score"": 85.40688967952231}, {""investor_id"": ""INV-635"", ""investor_name"": ""Rohan Yadav"", ""risk_score"": 90.93105781032428}, {""investor_id"": ""INV-641"", ""investor_name"": ""Suresh Iyer"", ""risk_score"": 100.0}, {""investor_id"": ""INV-653"", ""investor_name"": ""Suresh Bhat"", ""risk_score"": 81.41624644077716}, {""investor_id"": ""INV-721"", ""investor_name"": ""Amrita Reddy"", ""risk_score"": 100.0}, {""investor_id"": ""INV-749"", ""investor_name"": ""Rahul Pandey"", ""risk_score"": 76.83053447142464}, {""investor_id"": ""INV-810"", ""investor_name"": ""Dipti Mishra"", ""risk_score"": 78.67724439865461}, {""investor_id"": ""INV-845"", ""investor_name"": ""Geeta Chauhan"", ""risk_score"": 77.34692649498913}, {""investor_id"": ""INV-849"", ""investor_name"": ""Arvind Bhat"", ""risk_score"": 82.88971517772053}, {""investor_id"": ""INV-850"", ""investor_name"": ""Siddharth Reddy"", ""risk_score"": 82.80882173732097}, {""investor_id"": ""INV-878"", ""investor_name"": ""Vikram Kulkarni"", ""risk_score"": 93.4555221385956}, {""investor_id"": ""INV-887"", ""investor_name"": ""Deepak Mishra"", ""risk_score"": 91.71192510441105}, {""investor_id"": ""INV-888"", ""investor_name"": ""Anjali Hegde"", ""risk_score"": 90.62855441094469}, {""investor_id"": ""INV-906"", ""investor_name"": ""Dipti Verma"", ""risk_score"": 83.88592119212986}, {""investor_id"": ""INV-921"", ""investor_name"": ""Vikram Sharma"", ""risk_score"": 100.0}, {""investor_id"": ""INV-932"", ""investor_name"": ""Akshay Joshi"", ""risk_score"": 93.73505871370736}]",PIPELINE_SUCCESS,,Final result executed successfully; answer correctness is recorded separately by review/grading.,2026-10-06T13:23:05,73.917,success,,,Execution checks passed. Semantic review is disabled; use the separate grader.,not_requested,,7e653507108c46fd98873ef41f9bcfd2,deepseek.v3.2,68381,2895,,73.84854502700182,7,0,0
aop-improvement8-v3,wealth_management_125_question_benchmark:WM125-3T-006,Which Aggressive investors have a risk score above 75 and hold a Government Bond?,"[{""investor_id"": ""INV-061"", ""investor_name"": ""Kavita Sharma""}, {""investor_id"": ""INV-064"", ""investor_name"": ""Arvind Singh""}, {""investor_id"": ""INV-068"", ""investor_name"": ""Vikram Yadav""}, {""investor_id"": ""INV-076"", ""investor_name"": ""Aishwarya Kulkarni""}, {""investor_id"": ""INV-079"", ""investor_name"": ""Ankita Rao""}, {""investor_id"": ""INV-084"", ""investor_name"": ""Anand Reddy""}, {""investor_id"": ""INV-1031"", ""investor_name"": ""Vikram Arora""}, {""investor_id"": ""INV-1057"", ""investor_name"": ""Abhishek Iyer""}, {""investor_id"": ""INV-1070"", ""investor_name"": ""Ishita Chauhan""}, {""investor_id"": ""INV-1075"", ""investor_name"": ""Amrita Iyer""}, {""investor_id"": ""INV-1111"", ""investor_name"": ""Rajesh Sharma""}, {""investor_id"": ""INV-1133"", ""investor_name"": ""Rajesh Chauhan""}, {""investor_id"": ""INV-1153"", ""investor_name"": ""Arvind Sharma""}, {""investor_id"": ""INV-1164"", ""investor_name"": ""Sneha Singh""}, {""investor_id"": ""INV-121"", ""investor_name"": ""Anita Hegde""}, {""investor_id"": ""INV-1236"", ""investor_name"": ""Dipti Yadav""}, {""investor_id"": ""INV-1248"", ""investor_name"": ""Siddharth Deshmukh""}, {""investor_id"": ""INV-1256"", ""investor_name"": ""Sneha Nair""}, {""investor_id"": ""INV-1264"", ""investor_name"": ""Aishwarya Singh""}, {""investor_id"": ""INV-133"", ""investor_name"": ""Rohan Arora""}, {""investor_id"": ""INV-1336"", ""investor_name"": ""Vikram Kulkarni""}, {""investor_id"": ""INV-1360"", ""investor_name"": ""Dipti Bhat""}, {""investor_id"": ""INV-1361"", ""investor_name"": ""Anand Iyer""}, {""investor_id"": ""INV-1397"", ""investor_name"": ""Rajesh Kulkarni""}, {""investor_id"": ""INV-1429"", ""investor_name"": ""Meena Hegde""}, {""investor_id"": ""INV-1459"", ""investor_name"": ""Arjun Iyer""}, {""investor_id"": ""INV-1513"", ""investor_name"": ""Geeta Reddy""}, {""investor_id"": ""INV-152"", ""investor_name"": ""Ramesh Gupta""}, {""investor_id"": ""INV-1526"", ""investor_name"": ""Siddharth Deshmukh""}, {""investor_id"": ""INV-189"", ""investor_name"": ""Meena Hegde""}, {""investor_id"": ""INV-246"", ""investor_name"": ""Ishita Hegde""}, {""investor_id"": ""INV-281"", ""investor_name"": ""Sunita Pandey""}, {""investor_id"": ""INV-301"", ""investor_name"": ""Dipti Reddy""}, {""investor_id"": ""INV-306"", ""investor_name"": ""Ishita Deshmukh""}, {""investor_id"": ""INV-327"", ""investor_name"": ""Anjali Sharma""}, {""investor_id"": ""INV-377"", ""investor_name"": ""Anita Singh""}, {""investor_id"": ""INV-434"", ""investor_name"": ""Siddharth Reddy""}, {""investor_id"": ""INV-507"", ""investor_name"": ""Ishita Sharma""}, {""investor_id"": ""INV-580"", ""investor_name"": ""Anita Patel""}, {""investor_id"": ""INV-594"", ""investor_name"": ""Siddharth Mishra""}, {""investor_id"": ""INV-635"", ""investor_name"": ""Rohan Yadav""}, {""investor_id"": ""INV-641"", ""investor_name"": ""Suresh Iyer""}, {""investor_id"": ""INV-644"", ""investor_name"": ""Abhishek Reddy""}, {""investor_id"": ""INV-653"", ""investor_name"": ""Suresh Bhat""}, {""investor_id"": ""INV-661"", ""investor_name"": ""Geeta Gupta""}, {""investor_id"": ""INV-699"", ""investor_name"": ""Deepak Sharma""}, {""investor_id"": ""INV-738"", ""investor_name"": ""Arvind Nair""}, {""investor_id"": ""INV-749"", ""investor_name"": ""Rahul Pandey""}, {""investor_id"": ""INV-810"", ""investor_name"": ""Dipti Mishra""}, {""investor_id"": ""INV-820"", ""investor_name"": ""Vikram Yadav""}, {""investor_id"": ""INV-845"", ""investor_name"": ""Geeta Chauhan""}, {""investor_id"": ""INV-849"", ""investor_name"": ""Arvind Bhat""}, {""investor_id"": ""INV-861"", ""investor_name"": ""Suresh Bhat""}, {""investor_id"": ""INV-878"", ""investor_name"": ""Vikram Kulkarni""}, {""investor_id"": ""INV-881"", ""investor_name"": ""Aishwarya Rao""}, {""investor_id"": ""INV-887"", ""investor_name"": ""Deepak Mishra""}, {""investor_id"": ""INV-888"", ""investor_name"": ""Anjali Hegde""}, {""investor_id"": ""INV-908"", ""investor_name"": ""Arjun Sharma""}]",Hard,Risk + holding profile,Multi-Relational,wealth_management_125_question_benchmark.csv,Benchmark,"[{""investor_id"": ""INV-061""}, {""investor_id"": ""INV-064""}, {""investor_id"": ""INV-068""}, {""investor_id"": ""INV-076""}, {""investor_id"": ""INV-079""}, {""investor_id"": ""INV-084""}, {""investor_id"": ""INV-121""}, {""investor_id"": ""INV-133""}, {""investor_id"": ""INV-152""}, {""investor_id"": ""INV-189""}, {""investor_id"": ""INV-246""}, {""investor_id"": ""INV-281""}, {""investor_id"": ""INV-301""}, {""investor_id"": ""INV-306""}, {""investor_id"": ""INV-327""}, {""investor_id"": ""INV-377""}, {""investor_id"": ""INV-434""}, {""investor_id"": ""INV-507""}, {""investor_id"": ""INV-580""}, {""investor_id"": ""INV-594""}, {""investor_id"": ""INV-635""}, {""investor_id"": ""INV-641""}, {""investor_id"": ""INV-644""}, {""investor_id"": ""INV-653""}, {""investor_id"": ""INV-661""}, {""investor_id"": ""INV-699""}, {""investor_id"": ""INV-738""}, {""investor_id"": ""INV-749""}, {""investor_id"": ""INV-810""}, {""investor_id"": ""INV-820""}, {""investor_id"": ""INV-845""}, {""investor_id"": ""INV-849""}, {""investor_id"": ""INV-861""}, {""investor_id"": ""INV-878""}, {""investor_id"": ""INV-881""}, {""investor_id"": ""INV-887""}, {""investor_id"": ""INV-888""}, {""investor_id"": ""INV-908""}, {""investor_id"": ""INV-1031""}, {""investor_id"": ""INV-1057""}, {""investor_id"": ""INV-1070""}, {""investor_id"": ""INV-1075""}, {""investor_id"": ""INV-1111""}, {""investor_id"": ""INV-1133""}, {""investor_id"": ""INV-1153""}, {""investor_id"": ""INV-1164""}, {""investor_id"": ""INV-1236""}, {""investor_id"": ""INV-1248""}, {""investor_id"": ""INV-1256""}, {""investor_id"": ""INV-1264""}, {""investor_id"": ""INV-1336""}, {""investor_id"": ""INV-1360""}, {""investor_id"": ""INV-1361""}, {""investor_id"": ""INV-1397""}, {""investor_id"": ""INV-1429""}, {""investor_id"": ""INV-1459""}, {""investor_id"": ""INV-1513""}, {""investor_id"": ""INV-1526""}]",PIPELINE_SUCCESS,,Final result executed successfully; answer correctness is recorded separately by review/grading.,2026-10-06T13:24:19,144.214,success,,,Execution checks passed. Semantic review is disabled; use the separate grader.,not_requested,,7e653507108c46fd98873ef41f9bcfd2,deepseek.v3.2,66878,2321,,144.1532190429989,7,0,0
aop-improvement8-v3,wealth_management_125_question_benchmark:WM125-3T-007,Which Conservative investors have a risk score above 75 and hold a Corporate Bond?,"[{""investor_id"": ""INV-001"", ""investor_name"": ""Arjun Iyer""}, {""investor_id"": ""INV-034"", ""investor_name"": ""Sneha Reddy""}, {""investor_id"": ""INV-047"", ""investor_name"": ""Aishwarya Reddy""}, {""investor_id"": ""INV-069"", ""investor_name"": ""Sunita Patel""}, {""investor_id"": ""INV-071"", ""investor_name"": ""Anita Iyer""}, {""investor_id"": ""INV-1025"", ""investor_name"": ""Rohan Arora""}, {""investor_id"": ""INV-1045"", ""investor_name"": ""Arvind Nair""}, {""investor_id"": ""INV-1048"", ""investor_name"": ""Geeta Pandey""}, {""investor_id"": ""INV-1061"", ""investor_name"": ""Vikram Verma""}, {""investor_id"": ""INV-1071"", ""investor_name"": ""Anand Joshi""}, {""investor_id"": ""INV-1090"", ""investor_name"": ""Rajesh Yadav""}, {""investor_id"": ""INV-1129"", ""investor_name"": ""Akshay Hegde""}, {""investor_id"": ""INV-114"", ""investor_name"": ""Ishita Singh""}, {""investor_id"": ""INV-1154"", ""investor_name"": ""Ishita Hegde""}, {""investor_id"": ""INV-1198"", ""investor_name"": ""Anita Verma""}, {""investor_id"": ""INV-1221"", ""investor_name"": ""Aishwarya Kulkarni""}, {""investor_id"": ""INV-1273"", ""investor_name"": ""Aishwarya Hegde""}, {""investor_id"": ""INV-1281"", ""investor_name"": ""Ankita Rao""}, {""investor_id"": ""INV-1299"", ""investor_name"": ""Geeta Chauhan""}, {""investor_id"": ""INV-1309"", ""investor_name"": ""Anjali Rao""}, {""investor_id"": ""INV-1310"", ""investor_name"": ""Sneha Iyer""}, {""investor_id"": ""INV-1318"", ""investor_name"": ""Priyanka Pandey""}, {""investor_id"": ""INV-1321"", ""investor_name"": ""Sunita Verma""}, {""investor_id"": ""INV-1347"", ""investor_name"": ""Rohan Hegde""}, {""investor_id"": ""INV-1348"", ""investor_name"": ""Anand Deshmukh""}, {""investor_id"": ""INV-1378"", ""investor_name"": ""Anjali Joshi""}, {""investor_id"": ""INV-141"", ""investor_name"": ""Geeta Verma""}, {""investor_id"": ""INV-1434"", ""investor_name"": ""Arjun Mishra""}, {""investor_id"": ""INV-1446"", ""investor_name"": ""Arvind Arora""}, {""investor_id"": ""INV-1452"", ""investor_name"": ""Akshay Gupta""}, {""investor_id"": ""INV-1460"", ""investor_name"": ""Priyanka Iyer""}, {""investor_id"": ""INV-148"", ""investor_name"": ""Rohan Joshi""}, {""investor_id"": ""INV-1492"", ""investor_name"": ""Amrita Yadav""}, {""investor_id"": ""INV-1541"", ""investor_name"": ""Geeta Rao""}, {""investor_id"": ""INV-171"", ""investor_name"": ""Meena Mehta""}, {""investor_id"": ""INV-217"", ""investor_name"": ""Rohan Reddy""}, {""investor_id"": ""INV-221"", ""investor_name"": ""Aishwarya Yadav""}, {""investor_id"": ""INV-295"", ""investor_name"": ""Vikram Joshi""}, {""investor_id"": ""INV-300"", ""investor_name"": ""Geeta Rao""}, {""investor_id"": ""INV-309"", ""investor_name"": ""Arjun Joshi""}, {""investor_id"": ""INV-381"", ""investor_name"": ""Priyanka Deshmukh""}, {""investor_id"": ""INV-409"", ""investor_name"": ""Sneha Gupta""}, {""investor_id"": ""INV-465"", ""investor_name"": ""Abhishek Hegde""}, {""investor_id"": ""INV-473"", ""investor_name"": ""Rohan Rao""}, {""investor_id"": ""INV-491"", ""investor_name"": ""Aishwarya Chauhan""}, {""investor_id"": ""INV-506"", ""investor_name"": ""Amrita Mehta""}, {""investor_id"": ""INV-581"", ""investor_name"": ""Siddharth Pandey""}, {""investor_id"": ""INV-616"", ""investor_name"": ""Anjali Patel""}, {""investor_id"": ""INV-630"", ""investor_name"": ""Bhavna Nair""}, {""investor_id"": ""INV-648"", ""investor_name"": ""Deepak Kulkarni""}, {""investor_id"": ""INV-692"", ""investor_name"": ""Ramesh Joshi""}, {""investor_id"": ""INV-696"", ""investor_name"": ""Rajesh Chauhan""}, {""investor_id"": ""INV-725"", ""investor_name"": ""Ishita Patel""}, {""investor_id"": ""INV-761"", ""investor_name"": ""Meena Gupta""}, {""investor_id"": ""INV-796"", ""investor_name"": ""Rohan Mishra""}, {""investor_id"": ""INV-817"", ""investor_name"": ""Meena Arora""}, {""investor_id"": ""INV-821"", ""investor_name"": ""Amit Iyer""}, {""investor_id"": ""INV-832"", ""investor_name"": ""Rohan Kulkarni""}, {""investor_id"": ""INV-848"", ""investor_name"": ""Sneha Patel""}, {""investor_id"": ""INV-876"", ""investor_name"": ""Anand Joshi""}, {""investor_id"": ""INV-885"", ""investor_name"": ""Sneha Nair""}, {""investor_id"": ""INV-886"", ""investor_name"": ""Rohan Pandey""}, {""investor_id"": ""INV-941"", ""investor_name"": ""Rahul Iyer""}]",Hard,Risk + holding profile,Multi-Relational,wealth_management_125_question_benchmark.csv,Benchmark,"[{""investor_id"": ""INV-001"", ""investor_name"": ""Arjun Iyer"", ""risk_score"": 100.0}, {""investor_id"": ""INV-034"", ""investor_name"": ""Sneha Reddy"", ""risk_score"": 88.87875429965601}, {""investor_id"": ""INV-047"", ""investor_name"": ""Aishwarya Reddy"", ""risk_score"": 91.76875740770528}, {""investor_id"": ""INV-069"", ""investor_name"": ""Sunita Patel"", ""risk_score"": 79.69283303304798}, {""investor_id"": ""INV-071"", ""investor_name"": ""Anita Iyer"", ""risk_score"": 87.3622823820446}, {""investor_id"": ""INV-1025"", ""investor_name"": ""Rohan Arora"", ""risk_score"": 83.0548015684938}, {""investor_id"": ""INV-1045"", ""investor_name"": ""Arvind Nair"", ""risk_score"": 93.73486286178247}, {""investor_id"": ""INV-1048"", ""investor_name"": ""Geeta Pandey"", ""risk_score"": 94.82190449887113}, {""investor_id"": ""INV-1061"", ""investor_name"": ""Vikram Verma"", ""risk_score"": 100.0}, {""investor_id"": ""INV-1071"", ""investor_name"": ""Anand Joshi"", ""risk_score"": 85.82037930471668}, {""investor_id"": ""INV-1090"", ""investor_name"": ""Rajesh Yadav"", ""risk_score"": 81.93667554831444}, {""investor_id"": ""INV-1129"", ""investor_name"": ""Akshay Hegde"", ""risk_score"": 82.65164923520513}, {""investor_id"": ""INV-114"", ""investor_name"": ""Ishita Singh"", ""risk_score"": 92.43147041759181}, {""investor_id"": ""INV-1154"", ""investor_name"": ""Ishita Hegde"", ""risk_score"": 76.40762226141659}, {""investor_id"": ""INV-1198"", ""investor_name"": ""Anita Verma"", ""risk_score"": 89.58916485085862}, {""investor_id"": ""INV-1221"", ""investor_name"": ""Aishwarya Kulkarni"", ""risk_score"": 100.0}, {""investor_id"": ""INV-1273"", ""investor_name"": ""Aishwarya Hegde"", ""risk_score"": 88.4503513230457}, {""investor_id"": ""INV-1281"", ""investor_name"": ""Ankita Rao"", ""risk_score"": 100.0}, {""investor_id"": ""INV-1299"", ""investor_name"": ""Geeta Chauhan"", ""risk_score"": 82.40959215278676}, {""investor_id"": ""INV-1309"", ""investor_name"": ""Anjali Rao"", ""risk_score"": 78.33591614315996}, {""investor_id"": ""INV-1310"", ""investor_name"": ""Sneha Iyer"", ""risk_score"": 76.2225688187966}, {""investor_id"": ""INV-1318"", ""investor_name"": ""Priyanka Pandey"", ""risk_score"": 79.27591147723803}, {""investor_id"": ""INV-1321"", ""investor_name"": ""Sunita Verma"", ""risk_score"": 100.0}, {""investor_id"": ""INV-1347"", ""investor_name"": ""Rohan Hegde"", ""risk_score"": 78.20787264024571}, {""investor_id"": ""INV-1348"", ""investor_name"": ""Anand Deshmukh"", ""risk_score"": 94.93621748447434}, {""investor_id"": ""INV-1378"", ""investor_name"": ""Anjali Joshi"", ""risk_score"": 84.0108891051342}, {""investor_id"": ""INV-141"", ""investor_name"": ""Geeta Verma"", ""risk_score"": 100.0}, {""investor_id"": ""INV-1434"", ""investor_name"": ""Arjun Mishra"", ""risk_score"": 80.29756570316086}, {""investor_id"": ""INV-1446"", ""investor_name"": ""Arvind Arora"", ""risk_score"": 88.9136872395821}, {""investor_id"": ""INV-1452"", ""investor_name"": ""Akshay Gupta"", ""risk_score"": 94.09318690113557}, {""investor_id"": ""INV-1460"", ""investor_name"": ""Priyanka Iyer"", ""risk_score"": 93.33590942021154}, {""investor_id"": ""INV-148"", ""investor_name"": ""Rohan Joshi"", ""risk_score"": 75.15080538739993}, {""investor_id"": ""INV-1492"", ""investor_name"": ""Amrita Yadav"", ""risk_score"": 94.81715870222543}, {""investor_id"": ""INV-1541"", ""investor_name"": ""Geeta Rao"", ""risk_score"": 100.0}, {""investor_id"": ""INV-171"", ""investor_name"": ""Meena Mehta"", ""risk_score"": 90.79814380870663}, {""investor_id"": ""INV-217"", ""investor_name"": ""Rohan Reddy"", ""risk_score"": 82.40261634403751}, {""investor_id"": ""INV-221"", ""investor_name"": ""Aishwarya Yadav"", ""risk_score"": 100.0}, {""investor_id"": ""INV-295"", ""investor_name"": ""Vikram Joshi"", ""risk_score"": 94.36207228088129}, {""investor_id"": ""INV-300"", ""investor_name"": ""Geeta Rao"", ""risk_score"": 79.92157855898792}, {""investor_id"": ""INV-309"", ""investor_name"": ""Arjun Joshi"", ""risk_score"": 84.63276297052228}, {""investor_id"": ""INV-381"", ""investor_name"": ""Priyanka Deshmukh"", ""risk_score"": 100.0}, {""investor_id"": ""INV-409"", ""investor_name"": ""Sneha Gupta"", ""risk_score"": 79.77894378755023}, {""investor_id"": ""INV-465"", ""investor_name"": ""Abhishek Hegde"", ""risk_score"": 87.46177457123197}, {""investor_id"": ""INV-473"", ""investor_name"": ""Rohan Rao"", ""risk_score"": 77.72801858451183}, {""investor_id"": ""INV-491"", ""investor_name"": ""Aishwarya Chauhan"", ""risk_score"": 85.37219918179755}, {""investor_id"": ""INV-506"", ""investor_name"": ""Amrita Mehta"", ""risk_score"": 82.09930785013789}, {""investor_id"": ""INV-581"", ""investor_name"": ""Siddharth Pandey"", ""risk_score"": 100.0}, {""investor_id"": ""INV-616"", ""investor_name"": ""Anjali Patel"", ""risk_score"": 83.1907720967021}, {""investor_id"": ""INV-630"", ""investor_name"": ""Bhavna Nair"", ""risk_score"": 79.25628749555081}, {""investor_id"": ""INV-648"", ""investor_name"": ""Deepak Kulkarni"", ""risk_score"": 89.34977255131056}, {""investor_id"": ""INV-692"", ""investor_name"": ""Ramesh Joshi"", ""risk_score"": 90.49190269933564}, {""investor_id"": ""INV-696"", ""investor_name"": ""Rajesh Chauhan"", ""risk_score"": 87.84546379842483}, {""investor_id"": ""INV-725"", ""investor_name"": ""Ishita Patel"", ""risk_score"": 85.78338400647992}, {""investor_id"": ""INV-761"", ""investor_name"": ""Meena Gupta"", ""risk_score"": 100.0}, {""investor_id"": ""INV-796"", ""investor_name"": ""Rohan Mishra"", ""risk_score"": 81.50231209492641}, {""investor_id"": ""INV-817"", ""investor_name"": ""Meena Arora"", ""risk_score"": 75.96659216411246}, {""investor_id"": ""INV-821"", ""investor_name"": ""Amit Iyer"", ""risk_score"": 100.0}, {""investor_id"": ""INV-832"", ""investor_name"": ""Rohan Kulkarni"", ""risk_score"": 83.04653461240227}, {""investor_id"": ""INV-848"", ""investor_name"": ""Sneha Patel"", ""risk_score"": 77.37229852846568}, {""investor_id"": ""INV-876"", ""investor_name"": ""Anand Joshi"", ""risk_score"": 88.44765125109326}, {""investor_id"": ""INV-885"", ""investor_name"": ""Sneha Nair"", ""risk_score"": 86.06675081715069}, {""investor_id"": ""INV-886"", ""investor_name"": ""Rohan Pandey"", ""risk_score"": 79.62176625423882}, {""investor_id"": ""INV-941"", ""investor_name"": ""Rahul Iyer"", ""risk_score"": 100.0}]",PIPELINE_SUCCESS,,Final result executed successfully; answer correctness is recorded separately by review/grading.,2026-10-06T13:26:44,67.464,success,,,Execution checks passed. Semantic review is disabled; use the separate grader.,not_requested,,7e653507108c46fd98873ef41f9bcfd2,deepseek.v3.2,68357,3199,,67.3805215680004,7,0,0
aop-improvement8-v3,wealth_management_125_question_benchmark:WM125-3T-008,Which Conservative investors have a risk score above 75 and hold a position with investment type 'ETF'?,"[{""investor_id"": ""INV-034"", ""investor_name"": ""Sneha Reddy""}, {""investor_id"": ""INV-047"", ""investor_name"": ""Aishwarya Reddy""}, {""investor_id"": ""INV-1045"", ""investor_name"": ""Arvind Nair""}, {""investor_id"": ""INV-1061"", ""investor_name"": ""Vikram Verma""}, {""investor_id"": ""INV-1072"", ""investor_name"": ""Amrita Kulkarni""}, {""investor_id"": ""INV-1093"", ""investor_name"": ""Akshay Yadav""}, {""investor_id"": ""INV-1120"", ""investor_name"": ""Arjun Bhat""}, {""investor_id"": ""INV-1121"", ""investor_name"": ""Rajesh Arora""}, {""investor_id"": ""INV-1154"", ""investor_name"": ""Ishita Hegde""}, {""investor_id"": ""INV-1198"", ""investor_name"": ""Anita Verma""}, {""investor_id"": ""INV-1221"", ""investor_name"": ""Aishwarya Kulkarni""}, {""investor_id"": ""INV-124"", ""investor_name"": ""Rajesh Kulkarni""}, {""investor_id"": ""INV-1281"", ""investor_name"": ""Ankita Rao""}, {""investor_id"": ""INV-1310"", ""investor_name"": ""Sneha Iyer""}, {""investor_id"": ""INV-1312"", ""investor_name"": ""Amit Verma""}, {""investor_id"": ""INV-1318"", ""investor_name"": ""Priyanka Pandey""}, {""investor_id"": ""INV-1321"", ""investor_name"": ""Sunita Verma""}, {""investor_id"": ""INV-1348"", ""investor_name"": ""Anand Deshmukh""}, {""investor_id"": ""INV-1378"", ""investor_name"": ""Anjali Joshi""}, {""investor_id"": ""INV-141"", ""investor_name"": ""Geeta Verma""}, {""investor_id"": ""INV-1421"", ""investor_name"": ""Meena Mishra""}, {""investor_id"": ""INV-1460"", ""investor_name"": ""Priyanka Iyer""}, {""investor_id"": ""INV-1481"", ""investor_name"": ""Amit Mishra""}, {""investor_id"": ""INV-1484"", ""investor_name"": ""Geeta Bhat""}, {""investor_id"": ""INV-1492"", ""investor_name"": ""Amrita Yadav""}, {""investor_id"": ""INV-1496"", ""investor_name"": ""Vikram Chauhan""}, {""investor_id"": ""INV-1537"", ""investor_name"": ""Anjali Singh""}, {""investor_id"": ""INV-195"", ""investor_name"": ""Sunita Mehta""}, {""investor_id"": ""INV-217"", ""investor_name"": ""Rohan Reddy""}, {""investor_id"": ""INV-221"", ""investor_name"": ""Aishwarya Yadav""}, {""investor_id"": ""INV-295"", ""investor_name"": ""Vikram Joshi""}, {""investor_id"": ""INV-359"", ""investor_name"": ""Ramesh Gupta""}, {""investor_id"": ""INV-381"", ""investor_name"": ""Priyanka Deshmukh""}, {""investor_id"": ""INV-393"", ""investor_name"": ""Amrita Pandey""}, {""investor_id"": ""INV-396"", ""investor_name"": ""Sunita Deshmukh""}, {""investor_id"": ""INV-399"", ""investor_name"": ""Amrita Singh""}, {""investor_id"": ""INV-465"", ""investor_name"": ""Abhishek Hegde""}, {""investor_id"": ""INV-468"", ""investor_name"": ""Arvind Mehta""}, {""investor_id"": ""INV-521"", ""investor_name"": ""Rahul Hegde""}, {""investor_id"": ""INV-557"", ""investor_name"": ""Priyanka Arora""}, {""investor_id"": ""INV-588"", ""investor_name"": ""Anita Deshmukh""}, {""investor_id"": ""INV-612"", ""investor_name"": ""Geeta Yadav""}, {""investor_id"": ""INV-621"", ""investor_name"": ""Kavita Reddy""}, {""investor_id"": ""INV-648"", ""investor_name"": ""Deepak Kulkarni""}, {""investor_id"": ""INV-696"", ""investor_name"": ""Rajesh Chauhan""}, {""investor_id"": ""INV-725"", ""investor_name"": ""Ishita Patel""}, {""investor_id"": ""INV-741"", ""investor_name"": ""Vivek Kulkarni""}, {""investor_id"": ""INV-761"", ""investor_name"": ""Meena Gupta""}, {""investor_id"": ""INV-792"", ""investor_name"": ""Amrita Arora""}, {""investor_id"": ""INV-819"", ""investor_name"": ""Arvind Sharma""}, {""investor_id"": ""INV-826"", ""investor_name"": ""Ramesh Chauhan""}, {""investor_id"": ""INV-886"", ""investor_name"": ""Rohan Pandey""}, {""investor_id"": ""INV-977"", ""investor_name"": ""Anand Iyer""}]",Hard,Risk + holding profile,Multi-Relational,wealth_management_125_question_benchmark.csv,Benchmark,"[{""investor_id"": ""INV-034"", ""investor_name"": ""Sneha Reddy"", ""risk_score"": 88.87875429965601}, {""investor_id"": ""INV-047"", ""investor_name"": ""Aishwarya Reddy"", ""risk_score"": 91.76875740770528}, {""investor_id"": ""INV-1045"", ""investor_name"": ""Arvind Nair"", ""risk_score"": 93.73486286178247}, {""investor_id"": ""INV-1061"", ""investor_name"": ""Vikram Verma"", ""risk_score"": 100.0}, {""investor_id"": ""INV-1072"", ""investor_name"": ""Amrita Kulkarni"", ""risk_score"": 85.52141148535686}, {""investor_id"": ""INV-1093"", ""investor_name"": ""Akshay Yadav"", ""risk_score"": 76.44910130142851}, {""investor_id"": ""INV-1120"", ""investor_name"": ""Arjun Bhat"", ""risk_score"": 81.39957242623188}, {""investor_id"": ""INV-1121"", ""investor_name"": ""Rajesh Arora"", ""risk_score"": 100.0}, {""investor_id"": ""INV-1154"", ""investor_name"": ""Ishita Hegde"", ""risk_score"": 76.40762226141659}, {""investor_id"": ""INV-1198"", ""investor_name"": ""Anita Verma"", ""risk_score"": 89.58916485085862}, {""investor_id"": ""INV-1221"", ""investor_name"": ""Aishwarya Kulkarni"", ""risk_score"": 100.0}, {""investor_id"": ""INV-124"", ""investor_name"": ""Rajesh Kulkarni"", ""risk_score"": 78.34733961095208}, {""investor_id"": ""INV-1281"", ""investor_name"": ""Ankita Rao"", ""risk_score"": 100.0}, {""investor_id"": ""INV-1310"", ""investor_name"": ""Sneha Iyer"", ""risk_score"": 76.2225688187966}, {""investor_id"": ""INV-1312"", ""investor_name"": ""Amit Verma"", ""risk_score"": 78.40964772288939}, {""investor_id"": ""INV-1318"", ""investor_name"": ""Priyanka Pandey"", ""risk_score"": 79.27591147723803}, {""investor_id"": ""INV-1321"", ""investor_name"": ""Sunita Verma"", ""risk_score"": 100.0}, {""investor_id"": ""INV-1348"", ""investor_name"": ""Anand Deshmukh"", ""risk_score"": 94.93621748447434}, {""investor_id"": ""INV-1378"", ""investor_name"": ""Anjali Joshi"", ""risk_score"": 84.0108891051342}, {""investor_id"": ""INV-141"", ""investor_name"": ""Geeta Verma"", ""risk_score"": 100.0}, {""investor_id"": ""INV-1421"", ""investor_name"": ""Meena Mishra"", ""risk_score"": 100.0}, {""investor_id"": ""INV-1460"", ""investor_name"": ""Priyanka Iyer"", ""risk_score"": 93.33590942021154}, {""investor_id"": ""INV-1481"", ""investor_name"": ""Amit Mishra"", ""risk_score"": 100.0}, {""investor_id"": ""INV-1484"", ""investor_name"": ""Geeta Bhat"", ""risk_score"": 90.73679662816397}, {""investor_id"": ""INV-1492"", ""investor_name"": ""Amrita Yadav"", ""risk_score"": 94.81715870222543}, {""investor_id"": ""INV-1496"", ""investor_name"": ""Vikram Chauhan"", ""risk_score"": 81.26675944781333}, {""investor_id"": ""INV-1537"", ""investor_name"": ""Anjali Singh"", ""risk_score"": 83.69802405424508}, {""investor_id"": ""INV-195"", ""investor_name"": ""Sunita Mehta"", ""risk_score"": 89.8841464134334}, {""investor_id"": ""INV-217"", ""investor_name"": ""Rohan Reddy"", ""risk_score"": 82.40261634403751}, {""investor_id"": ""INV-221"", ""investor_name"": ""Aishwarya Yadav"", ""risk_score"": 100.0}, {""investor_id"": ""INV-295"", ""investor_name"": ""Vikram Joshi"", ""risk_score"": 94.36207228088129}, {""investor_id"": ""INV-359"", ""investor_name"": ""Ramesh Gupta"", ""risk_score"": 85.58151297507797}, {""investor_id"": ""INV-381"", ""investor_name"": ""Priyanka Deshmukh"", ""risk_score"": 100.0}, {""investor_id"": ""INV-393"", ""investor_name"": ""Amrita Pandey"", ""risk_score"": 80.78806444254344}, {""investor_id"": ""INV-396"", ""investor_name"": ""Sunita Deshmukh"", ""risk_score"": 83.01450319182374}, {""investor_id"": ""INV-399"", ""investor_name"": ""Amrita Singh"", ""risk_score"": 88.81729277520704}, {""investor_id"": ""INV-465"", ""investor_name"": ""Abhishek Hegde"", ""risk_score"": 87.46177457123197}, {""investor_id"": ""INV-468"", ""investor_name"": ""Arvind Mehta"", ""risk_score"": 82.8284791977575}, {""investor_id"": ""INV-521"", ""investor_name"": ""Rahul Hegde"", ""risk_score"": 100.0}, {""investor_id"": ""INV-557"", ""investor_name"": ""Priyanka Arora"", ""risk_score"": 87.921279948917}, {""investor_id"": ""INV-588"", ""investor_name"": ""Anita Deshmukh"", ""risk_score"": 77.59760959601697}, {""investor_id"": ""INV-612"", ""investor_name"": ""Geeta Yadav"", ""risk_score"": 86.21380588611014}, {""investor_id"": ""INV-621"", ""investor_name"": ""Kavita Reddy"", ""risk_score"": 100.0}, {""investor_id"": ""INV-648"", ""investor_name"": ""Deepak Kulkarni"", ""risk_score"": 89.34977255131056}, {""investor_id"": ""INV-696"", ""investor_name"": ""Rajesh Chauhan"", ""risk_score"": 87.84546379842483}, {""investor_id"": ""INV-725"", ""investor_name"": ""Ishita Patel"", ""risk_score"": 85.78338400647992}, {""investor_id"": ""INV-741"", ""investor_name"": ""Vivek Kulkarni"", ""risk_score"": 100.0}, {""investor_id"": ""INV-761"", ""investor_name"": ""Meena Gupta"", ""risk_score"": 100.0}, {""investor_id"": ""INV-792"", ""investor_name"": ""Amrita Arora"", ""risk_score"": 86.19422889113346}, {""investor_id"": ""INV-819"", ""investor_name"": ""Arvind Sharma"", ""risk_score"": 78.43253904510344}, {""investor_id"": ""INV-826"", ""investor_name"": ""Ramesh Chauhan"", ""risk_score"": 86.98856028891069}, {""investor_id"": ""INV-886"", ""investor_name"": ""Rohan Pandey"", ""risk_score"": 79.62176625423882}, {""investor_id"": ""INV-977"", ""investor_name"": ""Anand Iyer"", ""risk_score"": 85.8129438906963}]",PIPELINE_SUCCESS,,Final result executed successfully; answer correctness is recorded separately by review/grading.,2026-10-06T13:27:51,62.373,success,,,Execution checks passed. Semantic review is disabled; use the separate grader.,not_requested,,7e653507108c46fd98873ef41f9bcfd2,deepseek.v3.2,68392,2872,,62.305319236003925,7,0,0
aop-improvement8-v3,wealth_management_125_question_benchmark:WM125-3T-009,Which Conservative investors have a risk score above 75 and hold a position with investment type 'Equity'?,"[{""investor_id"": ""INV-021"", ""investor_name"": ""Arvind Chauhan""}, {""investor_id"": ""INV-047"", ""investor_name"": ""Aishwarya Reddy""}, {""investor_id"": ""INV-069"", ""investor_name"": ""Sunita Patel""}, {""investor_id"": ""INV-1025"", ""investor_name"": ""Rohan Arora""}, {""investor_id"": ""INV-1045"", ""investor_name"": ""Arvind Nair""}, {""investor_id"": ""INV-1072"", ""investor_name"": ""Amrita Kulkarni""}, {""investor_id"": ""INV-1090"", ""investor_name"": ""Rajesh Yadav""}, {""investor_id"": ""INV-1093"", ""investor_name"": ""Akshay Yadav""}, {""investor_id"": ""INV-1120"", ""investor_name"": ""Arjun Bhat""}, {""investor_id"": ""INV-1139"", ""investor_name"": ""Rahul Chauhan""}, {""investor_id"": ""INV-1154"", ""investor_name"": ""Ishita Hegde""}, {""investor_id"": ""INV-1176"", ""investor_name"": ""Vikram Mishra""}, {""investor_id"": ""INV-1198"", ""investor_name"": ""Anita Verma""}, {""investor_id"": ""INV-1200"", ""investor_name"": ""Ishita Gupta""}, {""investor_id"": ""INV-1238"", ""investor_name"": ""Bhavna Bhat""}, {""investor_id"": ""INV-1269"", ""investor_name"": ""Vikram Patel""}, {""investor_id"": ""INV-1281"", ""investor_name"": ""Ankita Rao""}, {""investor_id"": ""INV-1299"", ""investor_name"": ""Geeta Chauhan""}, {""investor_id"": ""INV-1309"", ""investor_name"": ""Anjali Rao""}, {""investor_id"": ""INV-1310"", ""investor_name"": ""Sneha Iyer""}, {""investor_id"": ""INV-1321"", ""investor_name"": ""Sunita Verma""}, {""investor_id"": ""INV-1347"", ""investor_name"": ""Rohan Hegde""}, {""investor_id"": ""INV-1378"", ""investor_name"": ""Anjali Joshi""}, {""investor_id"": ""INV-1409"", ""investor_name"": ""Vivek Hegde""}, {""investor_id"": ""INV-141"", ""investor_name"": ""Geeta Verma""}, {""investor_id"": ""INV-1421"", ""investor_name"": ""Meena Mishra""}, {""investor_id"": ""INV-1434"", ""investor_name"": ""Arjun Mishra""}, {""investor_id"": ""INV-1446"", ""investor_name"": ""Arvind Arora""}, {""investor_id"": ""INV-1452"", ""investor_name"": ""Akshay Gupta""}, {""investor_id"": ""INV-1484"", ""investor_name"": ""Geeta Bhat""}, {""investor_id"": ""INV-1492"", ""investor_name"": ""Amrita Yadav""}, {""investor_id"": ""INV-1505"", ""investor_name"": ""Akshay Nair""}, {""investor_id"": ""INV-161"", ""investor_name"": ""Rahul Mishra""}, {""investor_id"": ""INV-226"", ""investor_name"": ""Sneha Bhat""}, {""investor_id"": ""INV-237"", ""investor_name"": ""Rohan Verma""}, {""investor_id"": ""INV-273"", ""investor_name"": ""Ankita Yadav""}, {""investor_id"": ""INV-291"", ""investor_name"": ""Rahul Iyer""}, {""investor_id"": ""INV-295"", ""investor_name"": ""Vikram Joshi""}, {""investor_id"": ""INV-309"", ""investor_name"": ""Arjun Joshi""}, {""investor_id"": ""INV-381"", ""investor_name"": ""Priyanka Deshmukh""}, {""investor_id"": ""INV-393"", ""investor_name"": ""Amrita Pandey""}, {""investor_id"": ""INV-396"", ""investor_name"": ""Sunita Deshmukh""}, {""investor_id"": ""INV-465"", ""investor_name"": ""Abhishek Hegde""}, {""investor_id"": ""INV-468"", ""investor_name"": ""Arvind Mehta""}, {""investor_id"": ""INV-486"", ""investor_name"": ""Anita Rao""}, {""investor_id"": ""INV-506"", ""investor_name"": ""Amrita Mehta""}, {""investor_id"": ""INV-548"", ""investor_name"": ""Ishita Yadav""}, {""investor_id"": ""INV-557"", ""investor_name"": ""Priyanka Arora""}, {""investor_id"": ""INV-590"", ""investor_name"": ""Sneha Singh""}, {""investor_id"": ""INV-609"", ""investor_name"": ""Akshay Yadav""}, {""investor_id"": ""INV-616"", ""investor_name"": ""Anjali Patel""}, {""investor_id"": ""INV-617"", ""investor_name"": ""Vivek Pandey""}, {""investor_id"": ""INV-630"", ""investor_name"": ""Bhavna Nair""}, {""investor_id"": ""INV-658"", ""investor_name"": ""Ankita Gupta""}, {""investor_id"": ""INV-741"", ""investor_name"": ""Vivek Kulkarni""}, {""investor_id"": ""INV-761"", ""investor_name"": ""Meena Gupta""}, {""investor_id"": ""INV-817"", ""investor_name"": ""Meena Arora""}, {""investor_id"": ""INV-826"", ""investor_name"": ""Ramesh Chauhan""}, {""investor_id"": ""INV-832"", ""investor_name"": ""Rohan Kulkarni""}, {""investor_id"": ""INV-876"", ""investor_name"": ""Anand Joshi""}, {""investor_id"": ""INV-885"", ""investor_name"": ""Sneha Nair""}, {""investor_id"": ""INV-961"", ""investor_name"": ""Amrita Yadav""}]",Hard,Risk + holding profile,Multi-Relational,wealth_management_125_question_benchmark.csv,Benchmark,"[{""investor_id"": ""INV-021""}, {""investor_id"": ""INV-047""}, {""investor_id"": ""INV-069""}, {""investor_id"": ""INV-1025""}, {""investor_id"": ""INV-1045""}, {""investor_id"": ""INV-1072""}, {""investor_id"": ""INV-1090""}, {""investor_id"": ""INV-1093""}, {""investor_id"": ""INV-1120""}, {""investor_id"": ""INV-1139""}, {""investor_id"": ""INV-1154""}, {""investor_id"": ""INV-1176""}, {""investor_id"": ""INV-1198""}, {""investor_id"": ""INV-1200""}, {""investor_id"": ""INV-1238""}, {""investor_id"": ""INV-1269""}, {""investor_id"": ""INV-1281""}, {""investor_id"": ""INV-1299""}, {""investor_id"": ""INV-1309""}, {""investor_id"": ""INV-1310""}, {""investor_id"": ""INV-1321""}, {""investor_id"": ""INV-1347""}, {""investor_id"": ""INV-1378""}, {""investor_id"": ""INV-1409""}, {""investor_id"": ""INV-141""}, {""investor_id"": ""INV-1421""}, {""investor_id"": ""INV-1434""}, {""investor_id"": ""INV-1446""}, {""investor_id"": ""INV-1452""}, {""investor_id"": ""INV-1484""}, {""investor_id"": ""INV-1492""}, {""investor_id"": ""INV-1505""}, {""investor_id"": ""INV-161""}, {""investor_id"": ""INV-226""}, {""investor_id"": ""INV-237""}, {""investor_id"": ""INV-273""}, {""investor_id"": ""INV-291""}, {""investor_id"": ""INV-295""}, {""investor_id"": ""INV-309""}, {""investor_id"": ""INV-381""}, {""investor_id"": ""INV-393""}, {""investor_id"": ""INV-396""}, {""investor_id"": ""INV-465""}, {""investor_id"": ""INV-468""}, {""investor_id"": ""INV-486""}, {""investor_id"": ""INV-506""}, {""investor_id"": ""INV-548""}, {""investor_id"": ""INV-557""}, {""investor_id"": ""INV-590""}, {""investor_id"": ""INV-609""}, {""investor_id"": ""INV-616""}, {""investor_id"": ""INV-617""}, {""investor_id"": ""INV-630""}, {""investor_id"": ""INV-658""}, {""investor_id"": ""INV-741""}, {""investor_id"": ""INV-761""}, {""investor_id"": ""INV-817""}, {""investor_id"": ""INV-826""}, {""investor_id"": ""INV-832""}, {""investor_id"": ""INV-876""}, {""investor_id"": ""INV-885""}, {""investor_id"": ""INV-961""}]",PIPELINE_SUCCESS,,Final result executed successfully; answer correctness is recorded separately by review/grading.,2026-10-06T13:28:54,43.123,success,,,Execution checks passed. Semantic review is disabled; use the separate grader.,not_requested,,7e653507108c46fd98873ef41f9bcfd2,deepseek.v3.2,66865,2381,,43.04898230899926,7,0,0
aop-improvement8-v3,wealth_management_125_question_benchmark:WM125-3T-010,Which Conservative investors have a risk score above 75 and hold a Global Equity?,"[{""investor_id"": ""INV-047"", ""investor_name"": ""Aishwarya Reddy""}, {""investor_id"": ""INV-071"", ""investor_name"": ""Anita Iyer""}, {""investor_id"": ""INV-101"", ""investor_name"": ""Aishwarya Patel""}, {""investor_id"": ""INV-1025"", ""investor_name"": ""Rohan Arora""}, {""investor_id"": ""INV-1045"", ""investor_name"": ""Arvind Nair""}, {""investor_id"": ""INV-1061"", ""investor_name"": ""Vikram Verma""}, {""investor_id"": ""INV-1072"", ""investor_name"": ""Amrita Kulkarni""}, {""investor_id"": ""INV-1090"", ""investor_name"": ""Rajesh Yadav""}, {""investor_id"": ""INV-1120"", ""investor_name"": ""Arjun Bhat""}, {""investor_id"": ""INV-1148"", ""investor_name"": ""Rohan Rao""}, {""investor_id"": ""INV-1176"", ""investor_name"": ""Vikram Mishra""}, {""investor_id"": ""INV-118"", ""investor_name"": ""Vivek Rao""}, {""investor_id"": ""INV-1200"", ""investor_name"": ""Ishita Gupta""}, {""investor_id"": ""INV-1221"", ""investor_name"": ""Aishwarya Kulkarni""}, {""investor_id"": ""INV-1238"", ""investor_name"": ""Bhavna Bhat""}, {""investor_id"": ""INV-124"", ""investor_name"": ""Rajesh Kulkarni""}, {""investor_id"": ""INV-1281"", ""investor_name"": ""Ankita Rao""}, {""investor_id"": ""INV-1299"", ""investor_name"": ""Geeta Chauhan""}, {""investor_id"": ""INV-1321"", ""investor_name"": ""Sunita Verma""}, {""investor_id"": ""INV-1378"", ""investor_name"": ""Anjali Joshi""}, {""investor_id"": ""INV-1409"", ""investor_name"": ""Vivek Hegde""}, {""investor_id"": ""INV-1434"", ""investor_name"": ""Arjun Mishra""}, {""investor_id"": ""INV-1452"", ""investor_name"": ""Akshay Gupta""}, {""investor_id"": ""INV-1505"", ""investor_name"": ""Akshay Nair""}, {""investor_id"": ""INV-1537"", ""investor_name"": ""Anjali Singh""}, {""investor_id"": ""INV-1541"", ""investor_name"": ""Geeta Rao""}, {""investor_id"": ""INV-161"", ""investor_name"": ""Rahul Mishra""}, {""investor_id"": ""INV-171"", ""investor_name"": ""Meena Mehta""}, {""investor_id"": ""INV-217"", ""investor_name"": ""Rohan Reddy""}, {""investor_id"": ""INV-291"", ""investor_name"": ""Rahul Iyer""}, {""investor_id"": ""INV-294"", ""investor_name"": ""Anita Nair""}, {""investor_id"": ""INV-295"", ""investor_name"": ""Vikram Joshi""}, {""investor_id"": ""INV-300"", ""investor_name"": ""Geeta Rao""}, {""investor_id"": ""INV-309"", ""investor_name"": ""Arjun Joshi""}, {""investor_id"": ""INV-359"", ""investor_name"": ""Ramesh Gupta""}, {""investor_id"": ""INV-378"", ""investor_name"": ""Geeta Verma""}, {""investor_id"": ""INV-381"", ""investor_name"": ""Priyanka Deshmukh""}, {""investor_id"": ""INV-393"", ""investor_name"": ""Amrita Pandey""}, {""investor_id"": ""INV-396"", ""investor_name"": ""Sunita Deshmukh""}, {""investor_id"": ""INV-409"", ""investor_name"": ""Sneha Gupta""}, {""investor_id"": ""INV-465"", ""investor_name"": ""Abhishek Hegde""}, {""investor_id"": ""INV-468"", ""investor_name"": ""Arvind Mehta""}, {""investor_id"": ""INV-491"", ""investor_name"": ""Aishwarya Chauhan""}, {""investor_id"": ""INV-521"", ""investor_name"": ""Rahul Hegde""}, {""investor_id"": ""INV-581"", ""investor_name"": ""Siddharth Pandey""}, {""investor_id"": ""INV-588"", ""investor_name"": ""Anita Deshmukh""}, {""investor_id"": ""INV-607"", ""investor_name"": ""Vivek Gupta""}, {""investor_id"": ""INV-609"", ""investor_name"": ""Akshay Yadav""}, {""investor_id"": ""INV-621"", ""investor_name"": ""Kavita Reddy""}, {""investor_id"": ""INV-658"", ""investor_name"": ""Ankita Gupta""}, {""investor_id"": ""INV-692"", ""investor_name"": ""Ramesh Joshi""}, {""investor_id"": ""INV-696"", ""investor_name"": ""Rajesh Chauhan""}, {""investor_id"": ""INV-725"", ""investor_name"": ""Ishita Patel""}, {""investor_id"": ""INV-761"", ""investor_name"": ""Meena Gupta""}, {""investor_id"": ""INV-792"", ""investor_name"": ""Amrita Arora""}, {""investor_id"": ""INV-796"", ""investor_name"": ""Rohan Mishra""}, {""investor_id"": ""INV-807"", ""investor_name"": ""Ankita Nair""}, {""investor_id"": ""INV-817"", ""investor_name"": ""Meena Arora""}, {""investor_id"": ""INV-819"", ""investor_name"": ""Arvind Sharma""}, {""investor_id"": ""INV-826"", ""investor_name"": ""Ramesh Chauhan""}, {""investor_id"": ""INV-832"", ""investor_name"": ""Rohan Kulkarni""}, {""investor_id"": ""INV-848"", ""investor_name"": ""Sneha Patel""}, {""investor_id"": ""INV-865"", ""investor_name"": ""Ishita Arora""}, {""investor_id"": ""INV-876"", ""investor_name"": ""Anand Joshi""}, {""investor_id"": ""INV-885"", ""investor_name"": ""Sneha Nair""}, {""investor_id"": ""INV-941"", ""investor_name"": ""Rahul Iyer""}, {""investor_id"": ""INV-961"", ""investor_name"": ""Amrita Yadav""}]",Hard,Risk + holding profile,Multi-Relational,wealth_management_125_question_benchmark.csv,Benchmark,"[{""investor_id"": ""INV-047"", ""investor_name"": ""Aishwarya Reddy""}, {""investor_id"": ""INV-071"", ""investor_name"": ""Anita Iyer""}, {""investor_id"": ""INV-101"", ""investor_name"": ""Aishwarya Patel""}, {""investor_id"": ""INV-1025"", ""investor_name"": ""Rohan Arora""}, {""investor_id"": ""INV-1045"", ""investor_name"": ""Arvind Nair""}, {""investor_id"": ""INV-1061"", ""investor_name"": ""Vikram Verma""}, {""investor_id"": ""INV-1072"", ""investor_name"": ""Amrita Kulkarni""}, {""investor_id"": ""INV-1090"", ""investor_name"": ""Rajesh Yadav""}, {""investor_id"": ""INV-1120"", ""investor_name"": ""Arjun Bhat""}, {""investor_id"": ""INV-1148"", ""investor_name"": ""Rohan Rao""}, {""investor_id"": ""INV-1176"", ""investor_name"": ""Vikram Mishra""}, {""investor_id"": ""INV-118"", ""investor_name"": ""Vivek Rao""}, {""investor_id"": ""INV-1200"", ""investor_name"": ""Ishita Gupta""}, {""investor_id"": ""INV-1221"", ""investor_name"": ""Aishwarya Kulkarni""}, {""investor_id"": ""INV-1238"", ""investor_name"": ""Bhavna Bhat""}, {""investor_id"": ""INV-124"", ""investor_name"": ""Rajesh Kulkarni""}, {""investor_id"": ""INV-1281"", ""investor_name"": ""Ankita Rao""}, {""investor_id"": ""INV-1299"", ""investor_name"": ""Geeta Chauhan""}, {""investor_id"": ""INV-1321"", ""investor_name"": ""Sunita Verma""}, {""investor_id"": ""INV-1378"", ""investor_name"": ""Anjali Joshi""}, {""investor_id"": ""INV-1409"", ""investor_name"": ""Vivek Hegde""}, {""investor_id"": ""INV-1434"", ""investor_name"": ""Arjun Mishra""}, {""investor_id"": ""INV-1452"", ""investor_name"": ""Akshay Gupta""}, {""investor_id"": ""INV-1505"", ""investor_name"": ""Akshay Nair""}, {""investor_id"": ""INV-1537"", ""investor_name"": ""Anjali Singh""}, {""investor_id"": ""INV-1541"", ""investor_name"": ""Geeta Rao""}, {""investor_id"": ""INV-161"", ""investor_name"": ""Rahul Mishra""}, {""investor_id"": ""INV-171"", ""investor_name"": ""Meena Mehta""}, {""investor_id"": ""INV-217"", ""investor_name"": ""Rohan Reddy""}, {""investor_id"": ""INV-291"", ""investor_name"": ""Rahul Iyer""}, {""investor_id"": ""INV-294"", ""investor_name"": ""Anita Nair""}, {""investor_id"": ""INV-295"", ""investor_name"": ""Vikram Joshi""}, {""investor_id"": ""INV-300"", ""investor_name"": ""Geeta Rao""}, {""investor_id"": ""INV-309"", ""investor_name"": ""Arjun Joshi""}, {""investor_id"": ""INV-359"", ""investor_name"": ""Ramesh Gupta""}, {""investor_id"": ""INV-378"", ""investor_name"": ""Geeta Verma""}, {""investor_id"": ""INV-381"", ""investor_name"": ""Priyanka Deshmukh""}, {""investor_id"": ""INV-393"", ""investor_name"": ""Amrita Pandey""}, {""investor_id"": ""INV-396"", ""investor_name"": ""Sunita Deshmukh""}, {""investor_id"": ""INV-409"", ""investor_name"": ""Sneha Gupta""}, {""investor_id"": ""INV-465"", ""investor_name"": ""Abhishek Hegde""}, {""investor_id"": ""INV-468"", ""investor_name"": ""Arvind Mehta""}, {""investor_id"": ""INV-491"", ""investor_name"": ""Aishwarya Chauhan""}, {""investor_id"": ""INV-521"", ""investor_name"": ""Rahul Hegde""}, {""investor_id"": ""INV-581"", ""investor_name"": ""Siddharth Pandey""}, {""investor_id"": ""INV-588"", ""investor_name"": ""Anita Deshmukh""}, {""investor_id"": ""INV-607"", ""investor_name"": ""Vivek Gupta""}, {""investor_id"": ""INV-609"", ""investor_name"": ""Akshay Yadav""}, {""investor_id"": ""INV-621"", ""investor_name"": ""Kavita Reddy""}, {""investor_id"": ""INV-658"", ""investor_name"": ""Ankita Gupta""}, {""investor_id"": ""INV-692"", ""investor_name"": ""Ramesh Joshi""}, {""investor_id"": ""INV-696"", ""investor_name"": ""Rajesh Chauhan""}, {""investor_id"": ""INV-725"", ""investor_name"": ""Ishita Patel""}, {""investor_id"": ""INV-761"", ""investor_name"": ""Meena Gupta""}, {""investor_id"": ""INV-792"", ""investor_name"": ""Amrita Arora""}, {""investor_id"": ""INV-796"", ""investor_name"": ""Rohan Mishra""}, {""investor_id"": ""INV-807"", ""investor_name"": ""Ankita Nair""}, {""investor_id"": ""INV-817"", ""investor_name"": ""Meena Arora""}, {""investor_id"": ""INV-819"", ""investor_name"": ""Arvind Sharma""}, {""investor_id"": ""INV-826"", ""investor_name"": ""Ramesh Chauhan""}, {""investor_id"": ""INV-832"", ""investor_name"": ""Rohan Kulkarni""}, {""investor_id"": ""INV-848"", ""investor_name"": ""Sneha Patel""}, {""investor_id"": ""INV-865"", ""investor_name"": ""Ishita Arora""}, {""investor_id"": ""INV-876"", ""investor_name"": ""Anand Joshi""}, {""investor_id"": ""INV-885"", ""investor_name"": ""Sneha Nair""}, {""investor_id"": ""INV-941"", ""investor_name"": ""Rahul Iyer""}, {""investor_id"": ""INV-961"", ""investor_name"": ""Amrita Yadav""}]",PIPELINE_SUCCESS,,Final result executed successfully; answer correctness is recorded separately by review/grading.,2026-10-06T13:29:37,52.109,success,,,Execution checks passed. Semantic review is disabled; use the separate grader.,not_requested,,7e653507108c46fd98873ef41f9bcfd2,deepseek.v3.2,67905,2742,,52.039353316000415,7,0,0
aop-improvement8-v3,wealth_management_125_question_benchmark:WM125-3T-011,Which Conservative investors have a risk score above 75 and hold a Gold?,"[{""investor_id"": ""INV-021"", ""investor_name"": ""Arvind Chauhan""}, {""investor_id"": ""INV-071"", ""investor_name"": ""Anita Iyer""}, {""investor_id"": ""INV-1012"", ""investor_name"": ""Amrita Iyer""}, {""investor_id"": ""INV-1025"", ""investor_name"": ""Rohan Arora""}, {""investor_id"": ""INV-1045"", ""investor_name"": ""Arvind Nair""}, {""investor_id"": ""INV-1048"", ""investor_name"": ""Geeta Pandey""}, {""investor_id"": ""INV-1072"", ""investor_name"": ""Amrita Kulkarni""}, {""investor_id"": ""INV-1120"", ""investor_name"": ""Arjun Bhat""}, {""investor_id"": ""INV-1121"", ""investor_name"": ""Rajesh Arora""}, {""investor_id"": ""INV-1138"", ""investor_name"": ""Sneha Reddy""}, {""investor_id"": ""INV-1139"", ""investor_name"": ""Rahul Chauhan""}, {""investor_id"": ""INV-114"", ""investor_name"": ""Ishita Singh""}, {""investor_id"": ""INV-1148"", ""investor_name"": ""Rohan Rao""}, {""investor_id"": ""INV-118"", ""investor_name"": ""Vivek Rao""}, {""investor_id"": ""INV-1198"", ""investor_name"": ""Anita Verma""}, {""investor_id"": ""INV-1221"", ""investor_name"": ""Aishwarya Kulkarni""}, {""investor_id"": ""INV-1238"", ""investor_name"": ""Bhavna Bhat""}, {""investor_id"": ""INV-124"", ""investor_name"": ""Rajesh Kulkarni""}, {""investor_id"": ""INV-1281"", ""investor_name"": ""Ankita Rao""}, {""investor_id"": ""INV-1310"", ""investor_name"": ""Sneha Iyer""}, {""investor_id"": ""INV-1312"", ""investor_name"": ""Amit Verma""}, {""investor_id"": ""INV-1321"", ""investor_name"": ""Sunita Verma""}, {""investor_id"": ""INV-1348"", ""investor_name"": ""Anand Deshmukh""}, {""investor_id"": ""INV-141"", ""investor_name"": ""Geeta Verma""}, {""investor_id"": ""INV-1421"", ""investor_name"": ""Meena Mishra""}, {""investor_id"": ""INV-1481"", ""investor_name"": ""Amit Mishra""}, {""investor_id"": ""INV-149"", ""investor_name"": ""Deepak Pandey""}, {""investor_id"": ""INV-1492"", ""investor_name"": ""Amrita Yadav""}, {""investor_id"": ""INV-161"", ""investor_name"": ""Rahul Mishra""}, {""investor_id"": ""INV-217"", ""investor_name"": ""Rohan Reddy""}, {""investor_id"": ""INV-221"", ""investor_name"": ""Aishwarya Yadav""}, {""investor_id"": ""INV-237"", ""investor_name"": ""Rohan Verma""}, {""investor_id"": ""INV-273"", ""investor_name"": ""Ankita Yadav""}, {""investor_id"": ""INV-294"", ""investor_name"": ""Anita Nair""}, {""investor_id"": ""INV-295"", ""investor_name"": ""Vikram Joshi""}, {""investor_id"": ""INV-300"", ""investor_name"": ""Geeta Rao""}, {""investor_id"": ""INV-366"", ""investor_name"": ""Ishita Bhat""}, {""investor_id"": ""INV-378"", ""investor_name"": ""Geeta Verma""}, {""investor_id"": ""INV-393"", ""investor_name"": ""Amrita Pandey""}, {""investor_id"": ""INV-465"", ""investor_name"": ""Abhishek Hegde""}, {""investor_id"": ""INV-481"", ""investor_name"": ""Rajesh Joshi""}, {""investor_id"": ""INV-486"", ""investor_name"": ""Anita Rao""}, {""investor_id"": ""INV-491"", ""investor_name"": ""Aishwarya Chauhan""}, {""investor_id"": ""INV-548"", ""investor_name"": ""Ishita Yadav""}, {""investor_id"": ""INV-581"", ""investor_name"": ""Siddharth Pandey""}, {""investor_id"": ""INV-588"", ""investor_name"": ""Anita Deshmukh""}, {""investor_id"": ""INV-607"", ""investor_name"": ""Vivek Gupta""}, {""investor_id"": ""INV-616"", ""investor_name"": ""Anjali Patel""}, {""investor_id"": ""INV-617"", ""investor_name"": ""Vivek Pandey""}, {""investor_id"": ""INV-621"", ""investor_name"": ""Kavita Reddy""}, {""investor_id"": ""INV-630"", ""investor_name"": ""Bhavna Nair""}, {""investor_id"": ""INV-658"", ""investor_name"": ""Ankita Gupta""}, {""investor_id"": ""INV-692"", ""investor_name"": ""Ramesh Joshi""}, {""investor_id"": ""INV-696"", ""investor_name"": ""Rajesh Chauhan""}, {""investor_id"": ""INV-741"", ""investor_name"": ""Vivek Kulkarni""}, {""investor_id"": ""INV-761"", ""investor_name"": ""Meena Gupta""}, {""investor_id"": ""INV-777"", ""investor_name"": ""Priyanka Iyer""}, {""investor_id"": ""INV-792"", ""investor_name"": ""Amrita Arora""}, {""investor_id"": ""INV-807"", ""investor_name"": ""Ankita Nair""}, {""investor_id"": ""INV-819"", ""investor_name"": ""Arvind Sharma""}, {""investor_id"": ""INV-848"", ""investor_name"": ""Sneha Patel""}, {""investor_id"": ""INV-885"", ""investor_name"": ""Sneha Nair""}, {""investor_id"": ""INV-941"", ""investor_name"": ""Rahul Iyer""}, {""investor_id"": ""INV-961"", ""investor_name"": ""Amrita Yadav""}]",Hard,Risk + holding profile,Multi-Relational,wealth_management_125_question_benchmark.csv,Benchmark,"[{""investor_id"": ""INV-021"", ""investor_name"": ""Arvind Chauhan""}, {""investor_id"": ""INV-071"", ""investor_name"": ""Anita Iyer""}, {""investor_id"": ""INV-114"", ""investor_name"": ""Ishita Singh""}, {""investor_id"": ""INV-118"", ""investor_name"": ""Vivek Rao""}, {""investor_id"": ""INV-124"", ""investor_name"": ""Rajesh Kulkarni""}, {""investor_id"": ""INV-141"", ""investor_name"": ""Geeta Verma""}, {""investor_id"": ""INV-149"", ""investor_name"": ""Deepak Pandey""}, {""investor_id"": ""INV-161"", ""investor_name"": ""Rahul Mishra""}, {""investor_id"": ""INV-217"", ""investor_name"": ""Rohan Reddy""}, {""investor_id"": ""INV-221"", ""investor_name"": ""Aishwarya Yadav""}, {""investor_id"": ""INV-237"", ""investor_name"": ""Rohan Verma""}, {""investor_id"": ""INV-273"", ""investor_name"": ""Ankita Yadav""}, {""investor_id"": ""INV-294"", ""investor_name"": ""Anita Nair""}, {""investor_id"": ""INV-295"", ""investor_name"": ""Vikram Joshi""}, {""investor_id"": ""INV-300"", ""investor_name"": ""Geeta Rao""}, {""investor_id"": ""INV-366"", ""investor_name"": ""Ishita Bhat""}, {""investor_id"": ""INV-378"", ""investor_name"": ""Geeta Verma""}, {""investor_id"": ""INV-393"", ""investor_name"": ""Amrita Pandey""}, {""investor_id"": ""INV-465"", ""investor_name"": ""Abhishek Hegde""}, {""investor_id"": ""INV-481"", ""investor_name"": ""Rajesh Joshi""}, {""investor_id"": ""INV-486"", ""investor_name"": ""Anita Rao""}, {""investor_id"": ""INV-491"", ""investor_name"": ""Aishwarya Chauhan""}, {""investor_id"": ""INV-548"", ""investor_name"": ""Ishita Yadav""}, {""investor_id"": ""INV-581"", ""investor_name"": ""Siddharth Pandey""}, {""investor_id"": ""INV-588"", ""investor_name"": ""Anita Deshmukh""}, {""investor_id"": ""INV-607"", ""investor_name"": ""Vivek Gupta""}, {""investor_id"": ""INV-616"", ""investor_name"": ""Anjali Patel""}, {""investor_id"": ""INV-617"", ""investor_name"": ""Vivek Pandey""}, {""investor_id"": ""INV-621"", ""investor_name"": ""Kavita Reddy""}, {""investor_id"": ""INV-630"", ""investor_name"": ""Bhavna Nair""}, {""investor_id"": ""INV-658"", ""investor_name"": ""Ankita Gupta""}, {""investor_id"": ""INV-692"", ""investor_name"": ""Ramesh Joshi""}, {""investor_id"": ""INV-696"", ""investor_name"": ""Rajesh Chauhan""}, {""investor_id"": ""INV-741"", ""investor_name"": ""Vivek Kulkarni""}, {""investor_id"": ""INV-761"", ""investor_name"": ""Meena Gupta""}, {""investor_id"": ""INV-777"", ""investor_name"": ""Priyanka Iyer""}, {""investor_id"": ""INV-792"", ""investor_name"": ""Amrita Arora""}, {""investor_id"": ""INV-807"", ""investor_name"": ""Ankita Nair""}, {""investor_id"": ""INV-819"", ""investor_name"": ""Arvind Sharma""}, {""investor_id"": ""INV-848"", ""investor_name"": ""Sneha Patel""}, {""investor_id"": ""INV-885"", ""investor_name"": ""Sneha Nair""}, {""investor_id"": ""INV-941"", ""investor_name"": ""Rahul Iyer""}, {""investor_id"": ""INV-961"", ""investor_name"": ""Amrita Yadav""}, {""investor_id"": ""INV-1012"", ""investor_name"": ""Amrita Iyer""}, {""investor_id"": ""INV-1025"", ""investor_name"": ""Rohan Arora""}, {""investor_id"": ""INV-1045"", ""investor_name"": ""Arvind Nair""}, {""investor_id"": ""INV-1048"", ""investor_name"": ""Geeta Pandey""}, {""investor_id"": ""INV-1072"", ""investor_name"": ""Amrita Kulkarni""}, {""investor_id"": ""INV-1120"", ""investor_name"": ""Arjun Bhat""}, {""investor_id"": ""INV-1121"", ""investor_name"": ""Rajesh Arora""}, {""investor_id"": ""INV-1138"", ""investor_name"": ""Sneha Reddy""}, {""investor_id"": ""INV-1139"", ""investor_name"": ""Rahul Chauhan""}, {""investor_id"": ""INV-1148"", ""investor_name"": ""Rohan Rao""}, {""investor_id"": ""INV-1198"", ""investor_name"": ""Anita Verma""}, {""investor_id"": ""INV-1221"", ""investor_name"": ""Aishwarya Kulkarni""}, {""investor_id"": ""INV-1238"", ""investor_name"": ""Bhavna Bhat""}, {""investor_id"": ""INV-1281"", ""investor_name"": ""Ankita Rao""}, {""investor_id"": ""INV-1310"", ""investor_name"": ""Sneha Iyer""}, {""investor_id"": ""INV-1312"", ""investor_name"": ""Amit Verma""}, {""investor_id"": ""INV-1321"", ""investor_name"": ""Sunita Verma""}, {""investor_id"": ""INV-1348"", ""investor_name"": ""Anand Deshmukh""}, {""investor_id"": ""INV-1421"", ""investor_name"": ""Meena Mishra""}, {""investor_id"": ""INV-1481"", ""investor_name"": ""Amit Mishra""}, {""investor_id"": ""INV-1492"", ""investor_name"": ""Amrita Yadav""}]",PIPELINE_SUCCESS,,Final result executed successfully; answer correctness is recorded separately by review/grading.,2026-10-06T13:30:29,67.349,success,,,Execution checks passed. Semantic review is disabled; use the separate grader.,not_requested,,7e653507108c46fd98873ef41f9bcfd2,deepseek.v3.2,67706,2834,,67.2721801560001,7,0,0
aop-improvement8-v3,wealth_management_125_question_benchmark:WM125-3T-012,Which Conservative investors have a risk score above 75 and hold a Government Bond?,"[{""investor_id"": ""INV-047"", ""investor_name"": ""Aishwarya Reddy""}, {""investor_id"": ""INV-069"", ""investor_name"": ""Sunita Patel""}, {""investor_id"": ""INV-071"", ""investor_name"": ""Anita Iyer""}, {""investor_id"": ""INV-1025"", ""investor_name"": ""Rohan Arora""}, {""investor_id"": ""INV-1045"", ""investor_name"": ""Arvind Nair""}, {""investor_id"": ""INV-1061"", ""investor_name"": ""Vikram Verma""}, {""investor_id"": ""INV-1071"", ""investor_name"": ""Anand Joshi""}, {""investor_id"": ""INV-1072"", ""investor_name"": ""Amrita Kulkarni""}, {""investor_id"": ""INV-1093"", ""investor_name"": ""Akshay Yadav""}, {""investor_id"": ""INV-1120"", ""investor_name"": ""Arjun Bhat""}, {""investor_id"": ""INV-1121"", ""investor_name"": ""Rajesh Arora""}, {""investor_id"": ""INV-1129"", ""investor_name"": ""Akshay Hegde""}, {""investor_id"": ""INV-1138"", ""investor_name"": ""Sneha Reddy""}, {""investor_id"": ""INV-1148"", ""investor_name"": ""Rohan Rao""}, {""investor_id"": ""INV-1154"", ""investor_name"": ""Ishita Hegde""}, {""investor_id"": ""INV-1176"", ""investor_name"": ""Vikram Mishra""}, {""investor_id"": ""INV-1198"", ""investor_name"": ""Anita Verma""}, {""investor_id"": ""INV-1238"", ""investor_name"": ""Bhavna Bhat""}, {""investor_id"": ""INV-124"", ""investor_name"": ""Rajesh Kulkarni""}, {""investor_id"": ""INV-1281"", ""investor_name"": ""Ankita Rao""}, {""investor_id"": ""INV-1347"", ""investor_name"": ""Rohan Hegde""}, {""investor_id"": ""INV-1348"", ""investor_name"": ""Anand Deshmukh""}, {""investor_id"": ""INV-1378"", ""investor_name"": ""Anjali Joshi""}, {""investor_id"": ""INV-141"", ""investor_name"": ""Geeta Verma""}, {""investor_id"": ""INV-1434"", ""investor_name"": ""Arjun Mishra""}, {""investor_id"": ""INV-1446"", ""investor_name"": ""Arvind Arora""}, {""investor_id"": ""INV-1481"", ""investor_name"": ""Amit Mishra""}, {""investor_id"": ""INV-1484"", ""investor_name"": ""Geeta Bhat""}, {""investor_id"": ""INV-149"", ""investor_name"": ""Deepak Pandey""}, {""investor_id"": ""INV-1505"", ""investor_name"": ""Akshay Nair""}, {""investor_id"": ""INV-1537"", ""investor_name"": ""Anjali Singh""}, {""investor_id"": ""INV-1541"", ""investor_name"": ""Geeta Rao""}, {""investor_id"": ""INV-161"", ""investor_name"": ""Rahul Mishra""}, {""investor_id"": ""INV-171"", ""investor_name"": ""Meena Mehta""}, {""investor_id"": ""INV-195"", ""investor_name"": ""Sunita Mehta""}, {""investor_id"": ""INV-201"", ""investor_name"": ""Rohan Arora""}, {""investor_id"": ""INV-237"", ""investor_name"": ""Rohan Verma""}, {""investor_id"": ""INV-393"", ""investor_name"": ""Amrita Pandey""}, {""investor_id"": ""INV-399"", ""investor_name"": ""Amrita Singh""}, {""investor_id"": ""INV-409"", ""investor_name"": ""Sneha Gupta""}, {""investor_id"": ""INV-465"", ""investor_name"": ""Abhishek Hegde""}, {""investor_id"": ""INV-468"", ""investor_name"": ""Arvind Mehta""}, {""investor_id"": ""INV-473"", ""investor_name"": ""Rohan Rao""}, {""investor_id"": ""INV-486"", ""investor_name"": ""Anita Rao""}, {""investor_id"": ""INV-521"", ""investor_name"": ""Rahul Hegde""}, {""investor_id"": ""INV-588"", ""investor_name"": ""Anita Deshmukh""}, {""investor_id"": ""INV-616"", ""investor_name"": ""Anjali Patel""}, {""investor_id"": ""INV-621"", ""investor_name"": ""Kavita Reddy""}, {""investor_id"": ""INV-692"", ""investor_name"": ""Ramesh Joshi""}, {""investor_id"": ""INV-777"", ""investor_name"": ""Priyanka Iyer""}, {""investor_id"": ""INV-792"", ""investor_name"": ""Amrita Arora""}, {""investor_id"": ""INV-796"", ""investor_name"": ""Rohan Mishra""}, {""investor_id"": ""INV-807"", ""investor_name"": ""Ankita Nair""}, {""investor_id"": ""INV-817"", ""investor_name"": ""Meena Arora""}, {""investor_id"": ""INV-819"", ""investor_name"": ""Arvind Sharma""}, {""investor_id"": ""INV-821"", ""investor_name"": ""Amit Iyer""}, {""investor_id"": ""INV-826"", ""investor_name"": ""Ramesh Chauhan""}, {""investor_id"": ""INV-848"", ""investor_name"": ""Sneha Patel""}, {""investor_id"": ""INV-876"", ""investor_name"": ""Anand Joshi""}, {""investor_id"": ""INV-885"", ""investor_name"": ""Sneha Nair""}, {""investor_id"": ""INV-941"", ""investor_name"": ""Rahul Iyer""}, {""investor_id"": ""INV-961"", ""investor_name"": ""Amrita Yadav""}, {""investor_id"": ""INV-977"", ""investor_name"": ""Anand Iyer""}, {""investor_id"": ""INV-981"", ""investor_name"": ""Geeta Nair""}, {""investor_id"": ""INV-990"", ""investor_name"": ""Anita Reddy""}]",Hard,Risk + holding profile,Multi-Relational,wealth_management_125_question_benchmark.csv,Benchmark,"[{""investor_id"": ""INV-047"", ""investor_name"": ""Aishwarya Reddy""}, {""investor_id"": ""INV-069"", ""investor_name"": ""Sunita Patel""}, {""investor_id"": ""INV-071"", ""investor_name"": ""Anita Iyer""}, {""investor_id"": ""INV-1025"", ""investor_name"": ""Rohan Arora""}, {""investor_id"": ""INV-1045"", ""investor_name"": ""Arvind Nair""}, {""investor_id"": ""INV-1061"", ""investor_name"": ""Vikram Verma""}, {""investor_id"": ""INV-1071"", ""investor_name"": ""Anand Joshi""}, {""investor_id"": ""INV-1072"", ""investor_name"": ""Amrita Kulkarni""}, {""investor_id"": ""INV-1093"", ""investor_name"": ""Akshay Yadav""}, {""investor_id"": ""INV-1120"", ""investor_name"": ""Arjun Bhat""}, {""investor_id"": ""INV-1121"", ""investor_name"": ""Rajesh Arora""}, {""investor_id"": ""INV-1129"", ""investor_name"": ""Akshay Hegde""}, {""investor_id"": ""INV-1138"", ""investor_name"": ""Sneha Reddy""}, {""investor_id"": ""INV-1148"", ""investor_name"": ""Rohan Rao""}, {""investor_id"": ""INV-1154"", ""investor_name"": ""Ishita Hegde""}, {""investor_id"": ""INV-1176"", ""investor_name"": ""Vikram Mishra""}, {""investor_id"": ""INV-1198"", ""investor_name"": ""Anita Verma""}, {""investor_id"": ""INV-1238"", ""investor_name"": ""Bhavna Bhat""}, {""investor_id"": ""INV-124"", ""investor_name"": ""Rajesh Kulkarni""}, {""investor_id"": ""INV-1281"", ""investor_name"": ""Ankita Rao""}, {""investor_id"": ""INV-1347"", ""investor_name"": ""Rohan Hegde""}, {""investor_id"": ""INV-1348"", ""investor_name"": ""Anand Deshmukh""}, {""investor_id"": ""INV-1378"", ""investor_name"": ""Anjali Joshi""}, {""investor_id"": ""INV-141"", ""investor_name"": ""Geeta Verma""}, {""investor_id"": ""INV-1434"", ""investor_name"": ""Arjun Mishra""}, {""investor_id"": ""INV-1446"", ""investor_name"": ""Arvind Arora""}, {""investor_id"": ""INV-1481"", ""investor_name"": ""Amit Mishra""}, {""investor_id"": ""INV-1484"", ""investor_name"": ""Geeta Bhat""}, {""investor_id"": ""INV-149"", ""investor_name"": ""Deepak Pandey""}, {""investor_id"": ""INV-1505"", ""investor_name"": ""Akshay Nair""}, {""investor_id"": ""INV-1537"", ""investor_name"": ""Anjali Singh""}, {""investor_id"": ""INV-1541"", ""investor_name"": ""Geeta Rao""}, {""investor_id"": ""INV-161"", ""investor_name"": ""Rahul Mishra""}, {""investor_id"": ""INV-171"", ""investor_name"": ""Meena Mehta""}, {""investor_id"": ""INV-195"", ""investor_name"": ""Sunita Mehta""}, {""investor_id"": ""INV-201"", ""investor_name"": ""Rohan Arora""}, {""investor_id"": ""INV-237"", ""investor_name"": ""Rohan Verma""}, {""investor_id"": ""INV-393"", ""investor_name"": ""Amrita Pandey""}, {""investor_id"": ""INV-399"", ""investor_name"": ""Amrita Singh""}, {""investor_id"": ""INV-409"", ""investor_name"": ""Sneha Gupta""}, {""investor_id"": ""INV-465"", ""investor_name"": ""Abhishek Hegde""}, {""investor_id"": ""INV-468"", ""investor_name"": ""Arvind Mehta""}, {""investor_id"": ""INV-473"", ""investor_name"": ""Rohan Rao""}, {""investor_id"": ""INV-486"", ""investor_name"": ""Anita Rao""}, {""investor_id"": ""INV-521"", ""investor_name"": ""Rahul Hegde""}, {""investor_id"": ""INV-588"", ""investor_name"": ""Anita Deshmukh""}, {""investor_id"": ""INV-616"", ""investor_name"": ""Anjali Patel""}, {""investor_id"": ""INV-621"", ""investor_name"": ""Kavita Reddy""}, {""investor_id"": ""INV-692"", ""investor_name"": ""Ramesh Joshi""}, {""investor_id"": ""INV-777"", ""investor_name"": ""Priyanka Iyer""}, {""investor_id"": ""INV-792"", ""investor_name"": ""Amrita Arora""}, {""investor_id"": ""INV-796"", ""investor_name"": ""Rohan Mishra""}, {""investor_id"": ""INV-807"", ""investor_name"": ""Ankita Nair""}, {""investor_id"": ""INV-817"", ""investor_name"": ""Meena Arora""}, {""investor_id"": ""INV-819"", ""investor_name"": ""Arvind Sharma""}, {""investor_id"": ""INV-821"", ""investor_name"": ""Amit Iyer""}, {""investor_id"": ""INV-826"", ""investor_name"": ""Ramesh Chauhan""}, {""investor_id"": ""INV-848"", ""investor_name"": ""Sneha Patel""}, {""investor_id"": ""INV-876"", ""investor_name"": ""Anand Joshi""}, {""investor_id"": ""INV-885"", ""investor_name"": ""Sneha Nair""}, {""investor_id"": ""INV-941"", ""investor_name"": ""Rahul Iyer""}, {""investor_id"": ""INV-961"", ""investor_name"": ""Amrita Yadav""}, {""investor_id"": ""INV-977"", ""investor_name"": ""Anand Iyer""}, {""investor_id"": ""INV-981"", ""investor_name"": ""Geeta Nair""}, {""investor_id"": ""INV-990"", ""investor_name"": ""Anita Reddy""}]",PIPELINE_SUCCESS,,Final result executed successfully; answer correctness is recorded separately by review/grading.,2026-10-06T13:31:36,57.717,success,,,Execution checks passed. Semantic review is disabled; use the separate grader.,not_requested,,7e653507108c46fd98873ef41f9bcfd2,deepseek.v3.2,67691,2937,,57.641791771999124,7,0,0
aop-improvement8-v3,wealth_management_125_question_benchmark:WM125-3T-013,Which Moderate investors have a risk score above 75 and hold a Corporate Bond?,"[{""investor_id"": ""INV-018"", ""investor_name"": ""Meena Rao""}, {""investor_id"": ""INV-041"", ""investor_name"": ""Sneha Nair""}, {""investor_id"": ""INV-058"", ""investor_name"": ""Meena Bhat""}, {""investor_id"": ""INV-072"", ""investor_name"": ""Siddharth Gupta""}, {""investor_id"": ""INV-075"", ""investor_name"": ""Arjun Rao""}, {""investor_id"": ""INV-1005"", ""investor_name"": ""Siddharth Chauhan""}, {""investor_id"": ""INV-1015"", ""investor_name"": ""Siddharth Deshmukh""}, {""investor_id"": ""INV-1021"", ""investor_name"": ""Amit Joshi""}, {""investor_id"": ""INV-1049"", ""investor_name"": ""Abhishek Yadav""}, {""investor_id"": ""INV-1079"", ""investor_name"": ""Amit Reddy""}, {""investor_id"": ""INV-1099"", ""investor_name"": ""Anita Deshmukh""}, {""investor_id"": ""INV-1112"", ""investor_name"": ""Anand Verma""}, {""investor_id"": ""INV-1126"", ""investor_name"": ""Anita Iyer""}, {""investor_id"": ""INV-1141"", ""investor_name"": ""Ankita Iyer""}, {""investor_id"": ""INV-1159"", ""investor_name"": ""Anand Sharma""}, {""investor_id"": ""INV-1216"", ""investor_name"": ""Vivek Kulkarni""}, {""investor_id"": ""INV-1241"", ""investor_name"": ""Sneha Hegde""}, {""investor_id"": ""INV-1287"", ""investor_name"": ""Ishita Mehta""}, {""investor_id"": ""INV-1349"", ""investor_name"": ""Dipti Pandey""}, {""investor_id"": ""INV-1539"", ""investor_name"": ""Amrita Chauhan""}, {""investor_id"": ""INV-1544"", ""investor_name"": ""Chetan Rao""}, {""investor_id"": ""INV-1547"", ""investor_name"": ""Deepak Kulkarni""}, {""investor_id"": ""INV-178"", ""investor_name"": ""Arjun Nair""}, {""investor_id"": ""INV-241"", ""investor_name"": ""Vivek Rao""}, {""investor_id"": ""INV-250"", ""investor_name"": ""Vivek Chauhan""}, {""investor_id"": ""INV-310"", ""investor_name"": ""Siddharth Nair""}, {""investor_id"": ""INV-374"", ""investor_name"": ""Anjali Pandey""}, {""investor_id"": ""INV-430"", ""investor_name"": ""Abhishek Verma""}, {""investor_id"": ""INV-441"", ""investor_name"": ""Ramesh Patel""}, {""investor_id"": ""INV-474"", ""investor_name"": ""Meena Kulkarni""}, {""investor_id"": ""INV-478"", ""investor_name"": ""Anand Singh""}, {""investor_id"": ""INV-490"", ""investor_name"": ""Dipti Yadav""}, {""investor_id"": ""INV-534"", ""investor_name"": ""Ishita Nair""}, {""investor_id"": ""INV-541"", ""investor_name"": ""Priyanka Rao""}, {""investor_id"": ""INV-681"", ""investor_name"": ""Vikram Arora""}, {""investor_id"": ""INV-694"", ""investor_name"": ""Aishwarya Gupta""}, {""investor_id"": ""INV-712"", ""investor_name"": ""Aishwarya Mehta""}, {""investor_id"": ""INV-733"", ""investor_name"": ""Amit Arora""}, {""investor_id"": ""INV-781"", ""investor_name"": ""Dipti Reddy""}, {""investor_id"": ""INV-874"", ""investor_name"": ""Rajesh Bhat""}, {""investor_id"": ""INV-891"", ""investor_name"": ""Anita Deshmukh""}, {""investor_id"": ""INV-895"", ""investor_name"": ""Dipti Verma""}, {""investor_id"": ""INV-936"", ""investor_name"": ""Amrita Joshi""}, {""investor_id"": ""INV-945"", ""investor_name"": ""Siddharth Mehta""}, {""investor_id"": ""INV-960"", ""investor_name"": ""Arvind Patel""}, {""investor_id"": ""INV-969"", ""investor_name"": ""Vikram Mishra""}, {""investor_id"": ""INV-972"", ""investor_name"": ""Aishwarya Kulkarni""}]",Hard,Risk + holding profile,Multi-Relational,wealth_management_125_question_benchmark.csv,Benchmark,"[{""investor_id"": ""INV-018""}, {""investor_id"": ""INV-041""}, {""investor_id"": ""INV-058""}, {""investor_id"": ""INV-072""}, {""investor_id"": ""INV-075""}, {""investor_id"": ""INV-178""}, {""investor_id"": ""INV-241""}, {""investor_id"": ""INV-250""}, {""investor_id"": ""INV-310""}, {""investor_id"": ""INV-374""}, {""investor_id"": ""INV-430""}, {""investor_id"": ""INV-441""}, {""investor_id"": ""INV-474""}, {""investor_id"": ""INV-478""}, {""investor_id"": ""INV-490""}, {""investor_id"": ""INV-534""}, {""investor_id"": ""INV-541""}, {""investor_id"": ""INV-681""}, {""investor_id"": ""INV-694""}, {""investor_id"": ""INV-712""}, {""investor_id"": ""INV-733""}, {""investor_id"": ""INV-781""}, {""investor_id"": ""INV-874""}, {""investor_id"": ""INV-891""}, {""investor_id"": ""INV-895""}, {""investor_id"": ""INV-936""}, {""investor_id"": ""INV-945""}, {""investor_id"": ""INV-960""}, {""investor_id"": ""INV-969""}, {""investor_id"": ""INV-972""}, {""investor_id"": ""INV-1005""}, {""investor_id"": ""INV-1015""}, {""investor_id"": ""INV-1021""}, {""investor_id"": ""INV-1049""}, {""investor_id"": ""INV-1079""}, {""investor_id"": ""INV-1099""}, {""investor_id"": ""INV-1112""}, {""investor_id"": ""INV-1126""}, {""investor_id"": ""INV-1141""}, {""investor_id"": ""INV-1159""}, {""investor_id"": ""INV-1216""}, {""investor_id"": ""INV-1241""}, {""investor_id"": ""INV-1287""}, {""investor_id"": ""INV-1349""}, {""investor_id"": ""INV-1539""}, {""investor_id"": ""INV-1544""}, {""investor_id"": ""INV-1547""}]",PIPELINE_SUCCESS,,Final result executed successfully; answer correctness is recorded separately by review/grading.,2026-10-06T13:32:34,45.3,success,,,Execution checks passed. Semantic review is disabled; use the separate grader.,not_requested,,7e653507108c46fd98873ef41f9bcfd2,deepseek.v3.2,66782,2430,,45.23085277900282,7,0,0
aop-improvement8-v3,wealth_management_125_question_benchmark:WM125-3T-014,Which Moderate investors have a risk score above 75 and hold a position with investment type 'ETF'?,"[{""investor_id"": ""INV-009"", ""investor_name"": ""Anand Verma""}, {""investor_id"": ""INV-058"", ""investor_name"": ""Meena Bhat""}, {""investor_id"": ""INV-072"", ""investor_name"": ""Siddharth Gupta""}, {""investor_id"": ""INV-091"", ""investor_name"": ""Akshay Iyer""}, {""investor_id"": ""INV-1005"", ""investor_name"": ""Siddharth Chauhan""}, {""investor_id"": ""INV-1014"", ""investor_name"": ""Sneha Hegde""}, {""investor_id"": ""INV-1015"", ""investor_name"": ""Siddharth Deshmukh""}, {""investor_id"": ""INV-1038"", ""investor_name"": ""Rahul Iyer""}, {""investor_id"": ""INV-1049"", ""investor_name"": ""Abhishek Yadav""}, {""investor_id"": ""INV-106"", ""investor_name"": ""Akshay Gupta""}, {""investor_id"": ""INV-1079"", ""investor_name"": ""Amit Reddy""}, {""investor_id"": ""INV-1099"", ""investor_name"": ""Anita Deshmukh""}, {""investor_id"": ""INV-1112"", ""investor_name"": ""Anand Verma""}, {""investor_id"": ""INV-1141"", ""investor_name"": ""Ankita Iyer""}, {""investor_id"": ""INV-1186"", ""investor_name"": ""Vikram Yadav""}, {""investor_id"": ""INV-1216"", ""investor_name"": ""Vivek Kulkarni""}, {""investor_id"": ""INV-1239"", ""investor_name"": ""Sunita Bhat""}, {""investor_id"": ""INV-131"", ""investor_name"": ""Priyanka Sharma""}, {""investor_id"": ""INV-1367"", ""investor_name"": ""Amrita Joshi""}, {""investor_id"": ""INV-1450"", ""investor_name"": ""Anand Patel""}, {""investor_id"": ""INV-1472"", ""investor_name"": ""Ishita Rao""}, {""investor_id"": ""INV-151"", ""investor_name"": ""Rahul Kulkarni""}, {""investor_id"": ""INV-1539"", ""investor_name"": ""Amrita Chauhan""}, {""investor_id"": ""INV-1544"", ""investor_name"": ""Chetan Rao""}, {""investor_id"": ""INV-1547"", ""investor_name"": ""Deepak Kulkarni""}, {""investor_id"": ""INV-178"", ""investor_name"": ""Arjun Nair""}, {""investor_id"": ""INV-241"", ""investor_name"": ""Vivek Rao""}, {""investor_id"": ""INV-250"", ""investor_name"": ""Vivek Chauhan""}, {""investor_id"": ""INV-335"", ""investor_name"": ""Amrita Sharma""}, {""investor_id"": ""INV-365"", ""investor_name"": ""Geeta Arora""}, {""investor_id"": ""INV-374"", ""investor_name"": ""Anjali Pandey""}, {""investor_id"": ""INV-417"", ""investor_name"": ""Priyanka Yadav""}, {""investor_id"": ""INV-421"", ""investor_name"": ""Kavita Rao""}, {""investor_id"": ""INV-430"", ""investor_name"": ""Abhishek Verma""}, {""investor_id"": ""INV-441"", ""investor_name"": ""Ramesh Patel""}, {""investor_id"": ""INV-478"", ""investor_name"": ""Anand Singh""}, {""investor_id"": ""INV-534"", ""investor_name"": ""Ishita Nair""}, {""investor_id"": ""INV-546"", ""investor_name"": ""Anand Mishra""}, {""investor_id"": ""INV-597"", ""investor_name"": ""Suresh Rao""}, {""investor_id"": ""INV-624"", ""investor_name"": ""Anita Verma""}, {""investor_id"": ""INV-694"", ""investor_name"": ""Aishwarya Gupta""}, {""investor_id"": ""INV-701"", ""investor_name"": ""Priyanka Yadav""}, {""investor_id"": ""INV-712"", ""investor_name"": ""Aishwarya Mehta""}, {""investor_id"": ""INV-735"", ""investor_name"": ""Anita Nair""}, {""investor_id"": ""INV-781"", ""investor_name"": ""Dipti Reddy""}, {""investor_id"": ""INV-847"", ""investor_name"": ""Chetan Joshi""}, {""investor_id"": ""INV-874"", ""investor_name"": ""Rajesh Bhat""}, {""investor_id"": ""INV-891"", ""investor_name"": ""Anita Deshmukh""}, {""investor_id"": ""INV-894"", ""investor_name"": ""Rahul Kulkarni""}, {""investor_id"": ""INV-895"", ""investor_name"": ""Dipti Verma""}, {""investor_id"": ""INV-936"", ""investor_name"": ""Amrita Joshi""}, {""investor_id"": ""INV-960"", ""investor_name"": ""Arvind Patel""}]",Hard,Risk + holding profile,Multi-Relational,wealth_management_125_question_benchmark.csv,Benchmark,"[{""investor_id"": ""INV-009"", ""investor_name"": ""Anand Verma""}, {""investor_id"": ""INV-058"", ""investor_name"": ""Meena Bhat""}, {""investor_id"": ""INV-072"", ""investor_name"": ""Siddharth Gupta""}, {""investor_id"": ""INV-091"", ""investor_name"": ""Akshay Iyer""}, {""investor_id"": ""INV-1005"", ""investor_name"": ""Siddharth Chauhan""}, {""investor_id"": ""INV-1014"", ""investor_name"": ""Sneha Hegde""}, {""investor_id"": ""INV-1015"", ""investor_name"": ""Siddharth Deshmukh""}, {""investor_id"": ""INV-1038"", ""investor_name"": ""Rahul Iyer""}, {""investor_id"": ""INV-1049"", ""investor_name"": ""Abhishek Yadav""}, {""investor_id"": ""INV-106"", ""investor_name"": ""Akshay Gupta""}, {""investor_id"": ""INV-1079"", ""investor_name"": ""Amit Reddy""}, {""investor_id"": ""INV-1099"", ""investor_name"": ""Anita Deshmukh""}, {""investor_id"": ""INV-1112"", ""investor_name"": ""Anand Verma""}, {""investor_id"": ""INV-1141"", ""investor_name"": ""Ankita Iyer""}, {""investor_id"": ""INV-1186"", ""investor_name"": ""Vikram Yadav""}, {""investor_id"": ""INV-1216"", ""investor_name"": ""Vivek Kulkarni""}, {""investor_id"": ""INV-1239"", ""investor_name"": ""Sunita Bhat""}, {""investor_id"": ""INV-131"", ""investor_name"": ""Priyanka Sharma""}, {""investor_id"": ""INV-1367"", ""investor_name"": ""Amrita Joshi""}, {""investor_id"": ""INV-1450"", ""investor_name"": ""Anand Patel""}, {""investor_id"": ""INV-1472"", ""investor_name"": ""Ishita Rao""}, {""investor_id"": ""INV-151"", ""investor_name"": ""Rahul Kulkarni""}, {""investor_id"": ""INV-1539"", ""investor_name"": ""Amrita Chauhan""}, {""investor_id"": ""INV-1544"", ""investor_name"": ""Chetan Rao""}, {""investor_id"": ""INV-1547"", ""investor_name"": ""Deepak Kulkarni""}, {""investor_id"": ""INV-178"", ""investor_name"": ""Arjun Nair""}, {""investor_id"": ""INV-241"", ""investor_name"": ""Vivek Rao""}, {""investor_id"": ""INV-250"", ""investor_name"": ""Vivek Chauhan""}, {""investor_id"": ""INV-335"", ""investor_name"": ""Amrita Sharma""}, {""investor_id"": ""INV-365"", ""investor_name"": ""Geeta Arora""}, {""investor_id"": ""INV-374"", ""investor_name"": ""Anjali Pandey""}, {""investor_id"": ""INV-417"", ""investor_name"": ""Priyanka Yadav""}, {""investor_id"": ""INV-421"", ""investor_name"": ""Kavita Rao""}, {""investor_id"": ""INV-430"", ""investor_name"": ""Abhishek Verma""}, {""investor_id"": ""INV-441"", ""investor_name"": ""Ramesh Patel""}, {""investor_id"": ""INV-478"", ""investor_name"": ""Anand Singh""}, {""investor_id"": ""INV-534"", ""investor_name"": ""Ishita Nair""}, {""investor_id"": ""INV-546"", ""investor_name"": ""Anand Mishra""}, {""investor_id"": ""INV-597"", ""investor_name"": ""Suresh Rao""}, {""investor_id"": ""INV-624"", ""investor_name"": ""Anita Verma""}, {""investor_id"": ""INV-694"", ""investor_name"": ""Aishwarya Gupta""}, {""investor_id"": ""INV-701"", ""investor_name"": ""Priyanka Yadav""}, {""investor_id"": ""INV-712"", ""investor_name"": ""Aishwarya Mehta""}, {""investor_id"": ""INV-735"", ""investor_name"": ""Anita Nair""}, {""investor_id"": ""INV-781"", ""investor_name"": ""Dipti Reddy""}, {""investor_id"": ""INV-847"", ""investor_name"": ""Chetan Joshi""}, {""investor_id"": ""INV-874"", ""investor_name"": ""Rajesh Bhat""}, {""investor_id"": ""INV-891"", ""investor_name"": ""Anita Deshmukh""}, {""investor_id"": ""INV-894"", ""investor_name"": ""Rahul Kulkarni""}, {""investor_id"": ""INV-895"", ""investor_name"": ""Dipti Verma""}, {""investor_id"": ""INV-936"", ""investor_name"": ""Amrita Joshi""}, {""investor_id"": ""INV-960"", ""investor_name"": ""Arvind Patel""}]",PIPELINE_SUCCESS,,Final result executed successfully; answer correctness is recorded separately by review/grading.,2026-10-06T13:33:19,49.244,success,,,Execution checks passed. Semantic review is disabled; use the separate grader.,not_requested,,7e653507108c46fd98873ef41f9bcfd2,deepseek.v3.2,67925,2750,,49.17248825400202,7,0,0
aop-improvement8-v3,wealth_management_125_question_benchmark:WM125-3T-015,Which Moderate investors have a risk score above 75 and hold a position with investment type 'Equity'?,"[{""investor_id"": ""INV-053"", ""investor_name"": ""Anita Iyer""}, {""investor_id"": ""INV-058"", ""investor_name"": ""Meena Bhat""}, {""investor_id"": ""INV-072"", ""investor_name"": ""Siddharth Gupta""}, {""investor_id"": ""INV-1014"", ""investor_name"": ""Sneha Hegde""}, {""investor_id"": ""INV-1015"", ""investor_name"": ""Siddharth Deshmukh""}, {""investor_id"": ""INV-1021"", ""investor_name"": ""Amit Joshi""}, {""investor_id"": ""INV-1047"", ""investor_name"": ""Anjali Hegde""}, {""investor_id"": ""INV-1079"", ""investor_name"": ""Amit Reddy""}, {""investor_id"": ""INV-1101"", ""investor_name"": ""Rahul Verma""}, {""investor_id"": ""INV-1159"", ""investor_name"": ""Anand Sharma""}, {""investor_id"": ""INV-1241"", ""investor_name"": ""Sneha Hegde""}, {""investor_id"": ""INV-1287"", ""investor_name"": ""Ishita Mehta""}, {""investor_id"": ""INV-1349"", ""investor_name"": ""Dipti Pandey""}, {""investor_id"": ""INV-1461"", ""investor_name"": ""Amit Yadav""}, {""investor_id"": ""INV-1498"", ""investor_name"": ""Anand Mehta""}, {""investor_id"": ""INV-220"", ""investor_name"": ""Amit Joshi""}, {""investor_id"": ""INV-269"", ""investor_name"": ""Amrita Verma""}, {""investor_id"": ""INV-310"", ""investor_name"": ""Siddharth Nair""}, {""investor_id"": ""INV-373"", ""investor_name"": ""Priyanka Bhat""}, {""investor_id"": ""INV-374"", ""investor_name"": ""Anjali Pandey""}, {""investor_id"": ""INV-391"", ""investor_name"": ""Vivek Kulkarni""}, {""investor_id"": ""INV-412"", ""investor_name"": ""Kavita Verma""}, {""investor_id"": ""INV-418"", ""investor_name"": ""Akshay Mishra""}, {""investor_id"": ""INV-430"", ""investor_name"": ""Abhishek Verma""}, {""investor_id"": ""INV-441"", ""investor_name"": ""Ramesh Patel""}, {""investor_id"": ""INV-474"", ""investor_name"": ""Meena Kulkarni""}, {""investor_id"": ""INV-546"", ""investor_name"": ""Anand Mishra""}, {""investor_id"": ""INV-597"", ""investor_name"": ""Suresh Rao""}, {""investor_id"": ""INV-694"", ""investor_name"": ""Aishwarya Gupta""}, {""investor_id"": ""INV-718"", ""investor_name"": ""Anjali Mishra""}, {""investor_id"": ""INV-753"", ""investor_name"": ""Amit Sharma""}, {""investor_id"": ""INV-754"", ""investor_name"": ""Ramesh Deshmukh""}, {""investor_id"": ""INV-779"", ""investor_name"": ""Deepak Chauhan""}, {""investor_id"": ""INV-781"", ""investor_name"": ""Dipti Reddy""}, {""investor_id"": ""INV-846"", ""investor_name"": ""Akshay Patel""}, {""investor_id"": ""INV-847"", ""investor_name"": ""Chetan Joshi""}, {""investor_id"": ""INV-874"", ""investor_name"": ""Rajesh Bhat""}, {""investor_id"": ""INV-891"", ""investor_name"": ""Anita Deshmukh""}, {""investor_id"": ""INV-936"", ""investor_name"": ""Amrita Joshi""}, {""investor_id"": ""INV-945"", ""investor_name"": ""Siddharth Mehta""}, {""investor_id"": ""INV-969"", ""investor_name"": ""Vikram Mishra""}]",Hard,Risk + holding profile,Multi-Relational,wealth_management_125_question_benchmark.csv,Benchmark,"[{""investor_id"": ""INV-053"", ""investor_name"": ""Anita Iyer""}, {""investor_id"": ""INV-058"", ""investor_name"": ""Meena Bhat""}, {""investor_id"": ""INV-072"", ""investor_name"": ""Siddharth Gupta""}, {""investor_id"": ""INV-1014"", ""investor_name"": ""Sneha Hegde""}, {""investor_id"": ""INV-1015"", ""investor_name"": ""Siddharth Deshmukh""}, {""investor_id"": ""INV-1021"", ""investor_name"": ""Amit Joshi""}, {""investor_id"": ""INV-1047"", ""investor_name"": ""Anjali Hegde""}, {""investor_id"": ""INV-1079"", ""investor_name"": ""Amit Reddy""}, {""investor_id"": ""INV-1101"", ""investor_name"": ""Rahul Verma""}, {""investor_id"": ""INV-1159"", ""investor_name"": ""Anand Sharma""}, {""investor_id"": ""INV-1241"", ""investor_name"": ""Sneha Hegde""}, {""investor_id"": ""INV-1287"", ""investor_name"": ""Ishita Mehta""}, {""investor_id"": ""INV-1349"", ""investor_name"": ""Dipti Pandey""}, {""investor_id"": ""INV-1461"", ""investor_name"": ""Amit Yadav""}, {""investor_id"": ""INV-1498"", ""investor_name"": ""Anand Mehta""}, {""investor_id"": ""INV-220"", ""investor_name"": ""Amit Joshi""}, {""investor_id"": ""INV-269"", ""investor_name"": ""Amrita Verma""}, {""investor_id"": ""INV-310"", ""investor_name"": ""Siddharth Nair""}, {""investor_id"": ""INV-373"", ""investor_name"": ""Priyanka Bhat""}, {""investor_id"": ""INV-374"", ""investor_name"": ""Anjali Pandey""}, {""investor_id"": ""INV-391"", ""investor_name"": ""Vivek Kulkarni""}, {""investor_id"": ""INV-412"", ""investor_name"": ""Kavita Verma""}, {""investor_id"": ""INV-418"", ""investor_name"": ""Akshay Mishra""}, {""investor_id"": ""INV-430"", ""investor_name"": ""Abhishek Verma""}, {""investor_id"": ""INV-441"", ""investor_name"": ""Ramesh Patel""}, {""investor_id"": ""INV-474"", ""investor_name"": ""Meena Kulkarni""}, {""investor_id"": ""INV-546"", ""investor_name"": ""Anand Mishra""}, {""investor_id"": ""INV-597"", ""investor_name"": ""Suresh Rao""}, {""investor_id"": ""INV-694"", ""investor_name"": ""Aishwarya Gupta""}, {""investor_id"": ""INV-718"", ""investor_name"": ""Anjali Mishra""}, {""investor_id"": ""INV-753"", ""investor_name"": ""Amit Sharma""}, {""investor_id"": ""INV-754"", ""investor_name"": ""Ramesh Deshmukh""}, {""investor_id"": ""INV-779"", ""investor_name"": ""Deepak Chauhan""}, {""investor_id"": ""INV-781"", ""investor_name"": ""Dipti Reddy""}, {""investor_id"": ""INV-846"", ""investor_name"": ""Akshay Patel""}, {""investor_id"": ""INV-847"", ""investor_name"": ""Chetan Joshi""}, {""investor_id"": ""INV-874"", ""investor_name"": ""Rajesh Bhat""}, {""investor_id"": ""INV-891"", ""investor_name"": ""Anita Deshmukh""}, {""investor_id"": ""INV-936"", ""investor_name"": ""Amrita Joshi""}, {""investor_id"": ""INV-945"", ""investor_name"": ""Siddharth Mehta""}, {""investor_id"": ""INV-969"", ""investor_name"": ""Vikram Mishra""}]",PIPELINE_SUCCESS,,Final result executed successfully; answer correctness is recorded separately by review/grading.,2026-10-06T13:34:09,46.45,success,,,Execution checks passed. Semantic review is disabled; use the separate grader.,not_requested,,7e653507108c46fd98873ef41f9bcfd2,deepseek.v3.2,67983,2741,,46.37771580399931,7,0,0
aop-improvement8-v3,wealth_management_125_question_benchmark:WM125-3T-016,Which Moderate investors have a risk score above 75 and hold a Global Equity?,"[{""investor_id"": ""INV-009"", ""investor_name"": ""Anand Verma""}, {""investor_id"": ""INV-041"", ""investor_name"": ""Sneha Nair""}, {""investor_id"": ""INV-053"", ""investor_name"": ""Anita Iyer""}, {""investor_id"": ""INV-058"", ""investor_name"": ""Meena Bhat""}, {""investor_id"": ""INV-075"", ""investor_name"": ""Arjun Rao""}, {""investor_id"": ""INV-1015"", ""investor_name"": ""Siddharth Deshmukh""}, {""investor_id"": ""INV-1038"", ""investor_name"": ""Rahul Iyer""}, {""investor_id"": ""INV-1049"", ""investor_name"": ""Abhishek Yadav""}, {""investor_id"": ""INV-106"", ""investor_name"": ""Akshay Gupta""}, {""investor_id"": ""INV-1079"", ""investor_name"": ""Amit Reddy""}, {""investor_id"": ""INV-1186"", ""investor_name"": ""Vikram Yadav""}, {""investor_id"": ""INV-1216"", ""investor_name"": ""Vivek Kulkarni""}, {""investor_id"": ""INV-1218"", ""investor_name"": ""Vivek Rao""}, {""investor_id"": ""INV-1234"", ""investor_name"": ""Ishita Iyer""}, {""investor_id"": ""INV-131"", ""investor_name"": ""Priyanka Sharma""}, {""investor_id"": ""INV-1349"", ""investor_name"": ""Dipti Pandey""}, {""investor_id"": ""INV-1441"", ""investor_name"": ""Rahul Chauhan""}, {""investor_id"": ""INV-1450"", ""investor_name"": ""Anand Patel""}, {""investor_id"": ""INV-1472"", ""investor_name"": ""Ishita Rao""}, {""investor_id"": ""INV-1498"", ""investor_name"": ""Anand Mehta""}, {""investor_id"": ""INV-1527"", ""investor_name"": ""Kavita Yadav""}, {""investor_id"": ""INV-1539"", ""investor_name"": ""Amrita Chauhan""}, {""investor_id"": ""INV-1544"", ""investor_name"": ""Chetan Rao""}, {""investor_id"": ""INV-178"", ""investor_name"": ""Arjun Nair""}, {""investor_id"": ""INV-220"", ""investor_name"": ""Amit Joshi""}, {""investor_id"": ""INV-241"", ""investor_name"": ""Vivek Rao""}, {""investor_id"": ""INV-269"", ""investor_name"": ""Amrita Verma""}, {""investor_id"": ""INV-310"", ""investor_name"": ""Siddharth Nair""}, {""investor_id"": ""INV-335"", ""investor_name"": ""Amrita Sharma""}, {""investor_id"": ""INV-391"", ""investor_name"": ""Vivek Kulkarni""}, {""investor_id"": ""INV-421"", ""investor_name"": ""Kavita Rao""}, {""investor_id"": ""INV-430"", ""investor_name"": ""Abhishek Verma""}, {""investor_id"": ""INV-439"", ""investor_name"": ""Ramesh Joshi""}, {""investor_id"": ""INV-461"", ""investor_name"": ""Amrita Arora""}, {""investor_id"": ""INV-474"", ""investor_name"": ""Meena Kulkarni""}, {""investor_id"": ""INV-478"", ""investor_name"": ""Anand Singh""}, {""investor_id"": ""INV-681"", ""investor_name"": ""Vikram Arora""}, {""investor_id"": ""INV-694"", ""investor_name"": ""Aishwarya Gupta""}, {""investor_id"": ""INV-712"", ""investor_name"": ""Aishwarya Mehta""}, {""investor_id"": ""INV-753"", ""investor_name"": ""Amit Sharma""}, {""investor_id"": ""INV-846"", ""investor_name"": ""Akshay Patel""}, {""investor_id"": ""INV-891"", ""investor_name"": ""Anita Deshmukh""}, {""investor_id"": ""INV-895"", ""investor_name"": ""Dipti Verma""}, {""investor_id"": ""INV-936"", ""investor_name"": ""Amrita Joshi""}, {""investor_id"": ""INV-945"", ""investor_name"": ""Siddharth Mehta""}, {""investor_id"": ""INV-960"", ""investor_name"": ""Arvind Patel""}, {""investor_id"": ""INV-972"", ""investor_name"": ""Aishwarya Kulkarni""}]",Hard,Risk + holding profile,Multi-Relational,wealth_management_125_question_benchmark.csv,Benchmark,"[{""investor_id"": ""INV-009"", ""investor_name"": ""Anand Verma""}, {""investor_id"": ""INV-041"", ""investor_name"": ""Sneha Nair""}, {""investor_id"": ""INV-053"", ""investor_name"": ""Anita Iyer""}, {""investor_id"": ""INV-058"", ""investor_name"": ""Meena Bhat""}, {""investor_id"": ""INV-075"", ""investor_name"": ""Arjun Rao""}, {""investor_id"": ""INV-1015"", ""investor_name"": ""Siddharth Deshmukh""}, {""investor_id"": ""INV-1038"", ""investor_name"": ""Rahul Iyer""}, {""investor_id"": ""INV-1049"", ""investor_name"": ""Abhishek Yadav""}, {""investor_id"": ""INV-106"", ""investor_name"": ""Akshay Gupta""}, {""investor_id"": ""INV-1079"", ""investor_name"": ""Amit Reddy""}, {""investor_id"": ""INV-1186"", ""investor_name"": ""Vikram Yadav""}, {""investor_id"": ""INV-1216"", ""investor_name"": ""Vivek Kulkarni""}, {""investor_id"": ""INV-1218"", ""investor_name"": ""Vivek Rao""}, {""investor_id"": ""INV-1234"", ""investor_name"": ""Ishita Iyer""}, {""investor_id"": ""INV-131"", ""investor_name"": ""Priyanka Sharma""}, {""investor_id"": ""INV-1349"", ""investor_name"": ""Dipti Pandey""}, {""investor_id"": ""INV-1441"", ""investor_name"": ""Rahul Chauhan""}, {""investor_id"": ""INV-1450"", ""investor_name"": ""Anand Patel""}, {""investor_id"": ""INV-1472"", ""investor_name"": ""Ishita Rao""}, {""investor_id"": ""INV-1498"", ""investor_name"": ""Anand Mehta""}, {""investor_id"": ""INV-1527"", ""investor_name"": ""Kavita Yadav""}, {""investor_id"": ""INV-1539"", ""investor_name"": ""Amrita Chauhan""}, {""investor_id"": ""INV-1544"", ""investor_name"": ""Chetan Rao""}, {""investor_id"": ""INV-178"", ""investor_name"": ""Arjun Nair""}, {""investor_id"": ""INV-220"", ""investor_name"": ""Amit Joshi""}, {""investor_id"": ""INV-241"", ""investor_name"": ""Vivek Rao""}, {""investor_id"": ""INV-269"", ""investor_name"": ""Amrita Verma""}, {""investor_id"": ""INV-310"", ""investor_name"": ""Siddharth Nair""}, {""investor_id"": ""INV-335"", ""investor_name"": ""Amrita Sharma""}, {""investor_id"": ""INV-391"", ""investor_name"": ""Vivek Kulkarni""}, {""investor_id"": ""INV-421"", ""investor_name"": ""Kavita Rao""}, {""investor_id"": ""INV-430"", ""investor_name"": ""Abhishek Verma""}, {""investor_id"": ""INV-439"", ""investor_name"": ""Ramesh Joshi""}, {""investor_id"": ""INV-461"", ""investor_name"": ""Amrita Arora""}, {""investor_id"": ""INV-474"", ""investor_name"": ""Meena Kulkarni""}, {""investor_id"": ""INV-478"", ""investor_name"": ""Anand Singh""}, {""investor_id"": ""INV-681"", ""investor_name"": ""Vikram Arora""}, {""investor_id"": ""INV-694"", ""investor_name"": ""Aishwarya Gupta""}, {""investor_id"": ""INV-712"", ""investor_name"": ""Aishwarya Mehta""}, {""investor_id"": ""INV-753"", ""investor_name"": ""Amit Sharma""}, {""investor_id"": ""INV-846"", ""investor_name"": ""Akshay Patel""}, {""investor_id"": ""INV-891"", ""investor_name"": ""Anita Deshmukh""}, {""investor_id"": ""INV-895"", ""investor_name"": ""Dipti Verma""}, {""investor_id"": ""INV-936"", ""investor_name"": ""Amrita Joshi""}, {""investor_id"": ""INV-945"", ""investor_name"": ""Siddharth Mehta""}, {""investor_id"": ""INV-960"", ""investor_name"": ""Arvind Patel""}, {""investor_id"": ""INV-972"", ""investor_name"": ""Aishwarya Kulkarni""}]",PIPELINE_SUCCESS,,Final result executed successfully; answer correctness is recorded separately by review/grading.,2026-10-06T13:34:55,60.992,success,,,Execution checks passed. Semantic review is disabled; use the separate grader.,not_requested,,7e653507108c46fd98873ef41f9bcfd2,deepseek.v3.2,67988,3040,,60.90962040699742,7,0,0
aop-improvement8-v3,wealth_management_125_question_benchmark:WM125-3T-017,Which Moderate investors have a risk score above 75 and hold a Gold?,"[{""investor_id"": ""INV-053"", ""investor_name"": ""Anita Iyer""}, {""investor_id"": ""INV-058"", ""investor_name"": ""Meena Bhat""}, {""investor_id"": ""INV-072"", ""investor_name"": ""Siddharth Gupta""}, {""investor_id"": ""INV-091"", ""investor_name"": ""Akshay Iyer""}, {""investor_id"": ""INV-1014"", ""investor_name"": ""Sneha Hegde""}, {""investor_id"": ""INV-1015"", ""investor_name"": ""Siddharth Deshmukh""}, {""investor_id"": ""INV-1021"", ""investor_name"": ""Amit Joshi""}, {""investor_id"": ""INV-1049"", ""investor_name"": ""Abhishek Yadav""}, {""investor_id"": ""INV-1079"", ""investor_name"": ""Amit Reddy""}, {""investor_id"": ""INV-1099"", ""investor_name"": ""Anita Deshmukh""}, {""investor_id"": ""INV-1112"", ""investor_name"": ""Anand Verma""}, {""investor_id"": ""INV-1126"", ""investor_name"": ""Anita Iyer""}, {""investor_id"": ""INV-1159"", ""investor_name"": ""Anand Sharma""}, {""investor_id"": ""INV-1186"", ""investor_name"": ""Vikram Yadav""}, {""investor_id"": ""INV-1241"", ""investor_name"": ""Sneha Hegde""}, {""investor_id"": ""INV-1287"", ""investor_name"": ""Ishita Mehta""}, {""investor_id"": ""INV-129"", ""investor_name"": ""Sneha Bhat""}, {""investor_id"": ""INV-1331"", ""investor_name"": ""Meena Iyer""}, {""investor_id"": ""INV-1349"", ""investor_name"": ""Dipti Pandey""}, {""investor_id"": ""INV-1367"", ""investor_name"": ""Amrita Joshi""}, {""investor_id"": ""INV-1441"", ""investor_name"": ""Rahul Chauhan""}, {""investor_id"": ""INV-1472"", ""investor_name"": ""Ishita Rao""}, {""investor_id"": ""INV-1539"", ""investor_name"": ""Amrita Chauhan""}, {""investor_id"": ""INV-178"", ""investor_name"": ""Arjun Nair""}, {""investor_id"": ""INV-220"", ""investor_name"": ""Amit Joshi""}, {""investor_id"": ""INV-269"", ""investor_name"": ""Amrita Verma""}, {""investor_id"": ""INV-335"", ""investor_name"": ""Amrita Sharma""}, {""investor_id"": ""INV-373"", ""investor_name"": ""Priyanka Bhat""}, {""investor_id"": ""INV-391"", ""investor_name"": ""Vivek Kulkarni""}, {""investor_id"": ""INV-418"", ""investor_name"": ""Akshay Mishra""}, {""investor_id"": ""INV-437"", ""investor_name"": ""Abhishek Singh""}, {""investor_id"": ""INV-439"", ""investor_name"": ""Ramesh Joshi""}, {""investor_id"": ""INV-461"", ""investor_name"": ""Amrita Arora""}, {""investor_id"": ""INV-469"", ""investor_name"": ""Priyanka Chauhan""}, {""investor_id"": ""INV-474"", ""investor_name"": ""Meena Kulkarni""}, {""investor_id"": ""INV-546"", ""investor_name"": ""Anand Mishra""}, {""investor_id"": ""INV-597"", ""investor_name"": ""Suresh Rao""}, {""investor_id"": ""INV-624"", ""investor_name"": ""Anita Verma""}, {""investor_id"": ""INV-681"", ""investor_name"": ""Vikram Arora""}, {""investor_id"": ""INV-694"", ""investor_name"": ""Aishwarya Gupta""}, {""investor_id"": ""INV-718"", ""investor_name"": ""Anjali Mishra""}, {""investor_id"": ""INV-733"", ""investor_name"": ""Amit Arora""}, {""investor_id"": ""INV-753"", ""investor_name"": ""Amit Sharma""}, {""investor_id"": ""INV-754"", ""investor_name"": ""Ramesh Deshmukh""}, {""investor_id"": ""INV-779"", ""investor_name"": ""Deepak Chauhan""}, {""investor_id"": ""INV-781"", ""investor_name"": ""Dipti Reddy""}, {""investor_id"": ""INV-846"", ""investor_name"": ""Akshay Patel""}, {""investor_id"": ""INV-891"", ""investor_name"": ""Anita Deshmukh""}, {""investor_id"": ""INV-894"", ""investor_name"": ""Rahul Kulkarni""}, {""investor_id"": ""INV-960"", ""investor_name"": ""Arvind Patel""}, {""investor_id"": ""INV-969"", ""investor_name"": ""Vikram Mishra""}, {""investor_id"": ""INV-972"", ""investor_name"": ""Aishwarya Kulkarni""}, {""investor_id"": ""INV-986"", ""investor_name"": ""Rajesh Kulkarni""}, {""investor_id"": ""INV-987"", ""investor_name"": ""Sneha Bhat""}, {""investor_id"": ""INV-993"", ""investor_name"": ""Arvind Rao""}]",Hard,Risk + holding profile,Multi-Relational,wealth_management_125_question_benchmark.csv,Benchmark,"[{""investor_id"": ""INV-053"", ""investor_name"": ""Anita Iyer"", ""risk_score"": 93.83689180371942}, {""investor_id"": ""INV-058"", ""investor_name"": ""Meena Bhat"", ""risk_score"": 94.77735668864135}, {""investor_id"": ""INV-072"", ""investor_name"": ""Siddharth Gupta"", ""risk_score"": 84.21415557271001}, {""investor_id"": ""INV-091"", ""investor_name"": ""Akshay Iyer"", ""risk_score"": 94.13784267979355}, {""investor_id"": ""INV-1014"", ""investor_name"": ""Sneha Hegde"", ""risk_score"": 89.93087363403383}, {""investor_id"": ""INV-1015"", ""investor_name"": ""Siddharth Deshmukh"", ""risk_score"": 76.77921787693018}, {""investor_id"": ""INV-1021"", ""investor_name"": ""Amit Joshi"", ""risk_score"": 100.0}, {""investor_id"": ""INV-1049"", ""investor_name"": ""Abhishek Yadav"", ""risk_score"": 88.54542738880554}, {""investor_id"": ""INV-1079"", ""investor_name"": ""Amit Reddy"", ""risk_score"": 90.54420577834301}, {""investor_id"": ""INV-1099"", ""investor_name"": ""Anita Deshmukh"", ""risk_score"": 77.6062974716263}, {""investor_id"": ""INV-1112"", ""investor_name"": ""Anand Verma"", ""risk_score"": 82.98077684162551}, {""investor_id"": ""INV-1126"", ""investor_name"": ""Anita Iyer"", ""risk_score"": 89.95538889712513}, {""investor_id"": ""INV-1159"", ""investor_name"": ""Anand Sharma"", ""risk_score"": 79.766312604836}, {""investor_id"": ""INV-1186"", ""investor_name"": ""Vikram Yadav"", ""risk_score"": 76.28039970592965}, {""investor_id"": ""INV-1241"", ""investor_name"": ""Sneha Hegde"", ""risk_score"": 100.0}, {""investor_id"": ""INV-1287"", ""investor_name"": ""Ishita Mehta"", ""risk_score"": 94.62587444201931}, {""investor_id"": ""INV-129"", ""investor_name"": ""Sneha Bhat"", ""risk_score"": 81.05568422348934}, {""investor_id"": ""INV-1331"", ""investor_name"": ""Meena Iyer"", ""risk_score"": 88.41576983278051}, {""investor_id"": ""INV-1349"", ""investor_name"": ""Dipti Pandey"", ""risk_score"": 79.72023223047526}, {""investor_id"": ""INV-1367"", ""investor_name"": ""Amrita Joshi"", ""risk_score"": 93.10789603940276}, {""investor_id"": ""INV-1441"", ""investor_name"": ""Rahul Chauhan"", ""risk_score"": 100.0}, {""investor_id"": ""INV-1472"", ""investor_name"": ""Ishita Rao"", ""risk_score"": 88.76402207744191}, {""investor_id"": ""INV-1539"", ""investor_name"": ""Amrita Chauhan"", ""risk_score"": 75.03402813123398}, {""investor_id"": ""INV-178"", ""investor_name"": ""Arjun Nair"", ""risk_score"": 81.92970166247981}, {""investor_id"": ""INV-220"", ""investor_name"": ""Amit Joshi"", ""risk_score"": 79.3902288761997}, {""investor_id"": ""INV-269"", ""investor_name"": ""Amrita Verma"", ""risk_score"": 76.19168944858352}, {""investor_id"": ""INV-335"", ""investor_name"": ""Amrita Sharma"", ""risk_score"": 86.1689994234455}, {""investor_id"": ""INV-373"", ""investor_name"": ""Priyanka Bhat"", ""risk_score"": 89.3056112632682}, {""investor_id"": ""INV-391"", ""investor_name"": ""Vivek Kulkarni"", ""risk_score"": 94.29434850819479}, {""investor_id"": ""INV-418"", ""investor_name"": ""Akshay Mishra"", ""risk_score"": 89.96536056638314}, {""investor_id"": ""INV-437"", ""investor_name"": ""Abhishek Singh"", ""risk_score"": 94.04985020851797}, {""investor_id"": ""INV-439"", ""investor_name"": ""Ramesh Joshi"", ""risk_score"": 83.71795759260371}, {""investor_id"": ""INV-461"", ""investor_name"": ""Amrita Arora"", ""risk_score"": 100.0}, {""investor_id"": ""INV-469"", ""investor_name"": ""Priyanka Chauhan"", ""risk_score"": 89.2177551355072}, {""investor_id"": ""INV-474"", ""investor_name"": ""Meena Kulkarni"", ""risk_score"": 90.044968400531}, {""investor_id"": ""INV-546"", ""investor_name"": ""Anand Mishra"", ""risk_score"": 82.76248893989943}, {""investor_id"": ""INV-597"", ""investor_name"": ""Suresh Rao"", ""risk_score"": 76.41077055002681}, {""investor_id"": ""INV-624"", ""investor_name"": ""Anita Verma"", ""risk_score"": 75.28708796852403}, {""investor_id"": ""INV-681"", ""investor_name"": ""Vikram Arora"", ""risk_score"": 100.0}, {""investor_id"": ""INV-694"", ""investor_name"": ""Aishwarya Gupta"", ""risk_score"": 85.38333968144147}, {""investor_id"": ""INV-718"", ""investor_name"": ""Anjali Mishra"", ""risk_score"": 92.55004164366434}, {""investor_id"": ""INV-733"", ""investor_name"": ""Amit Arora"", ""risk_score"": 84.16630331422017}, {""investor_id"": ""INV-753"", ""investor_name"": ""Amit Sharma"", ""risk_score"": 76.83455655450405}, {""investor_id"": ""INV-754"", ""investor_name"": ""Ramesh Deshmukh"", ""risk_score"": 81.05249743626511}, {""investor_id"": ""INV-779"", ""investor_name"": ""Deepak Chauhan"", ""risk_score"": 81.35098637578828}, {""investor_id"": ""INV-781"", ""investor_name"": ""Dipti Reddy"", ""risk_score"": 100.0}, {""investor_id"": ""INV-846"", ""investor_name"": ""Akshay Patel"", ""risk_score"": 82.29867998450128}, {""investor_id"": ""INV-891"", ""investor_name"": ""Anita Deshmukh"", ""risk_score"": 88.5259904754315}, {""investor_id"": ""INV-894"", ""investor_name"": ""Rahul Kulkarni"", ""risk_score"": 85.30901454261156}, {""investor_id"": ""INV-960"", ""investor_name"": ""Arvind Patel"", ""risk_score"": 77.92674707022073}, {""investor_id"": ""INV-969"", ""investor_name"": ""Vikram Mishra"", ""risk_score"": 81.32606078252608}, {""investor_id"": ""INV-972"", ""investor_name"": ""Aishwarya Kulkarni"", ""risk_score"": 91.08629488157737}, {""investor_id"": ""INV-986"", ""investor_name"": ""Rajesh Kulkarni"", ""risk_score"": 94.48768975427761}, {""investor_id"": ""INV-987"", ""investor_name"": ""Sneha Bhat"", ""risk_score"": 93.01467531252712}, {""investor_id"": ""INV-993"", ""investor_name"": ""Arvind Rao"", ""risk_score"": 90.03270261868336}]",PIPELINE_SUCCESS,,Final result executed successfully; answer correctness is recorded separately by review/grading.,2026-10-06T13:35:56,83.463,success,,,Execution checks passed. Semantic review is disabled; use the separate grader.,not_requested,,7e653507108c46fd98873ef41f9bcfd2,deepseek.v3.2,68449,3185,,83.32907488400087,7,0,0
aop-improvement8-v3,wealth_management_125_question_benchmark:WM125-3T-018,Which Moderate investors have a risk score above 75 and hold a Government Bond?,"[{""investor_id"": ""INV-009"", ""investor_name"": ""Anand Verma""}, {""investor_id"": ""INV-018"", ""investor_name"": ""Meena Rao""}, {""investor_id"": ""INV-041"", ""investor_name"": ""Sneha Nair""}, {""investor_id"": ""INV-058"", ""investor_name"": ""Meena Bhat""}, {""investor_id"": ""INV-072"", ""investor_name"": ""Siddharth Gupta""}, {""investor_id"": ""INV-091"", ""investor_name"": ""Akshay Iyer""}, {""investor_id"": ""INV-1005"", ""investor_name"": ""Siddharth Chauhan""}, {""investor_id"": ""INV-1014"", ""investor_name"": ""Sneha Hegde""}, {""investor_id"": ""INV-1021"", ""investor_name"": ""Amit Joshi""}, {""investor_id"": ""INV-1047"", ""investor_name"": ""Anjali Hegde""}, {""investor_id"": ""INV-106"", ""investor_name"": ""Akshay Gupta""}, {""investor_id"": ""INV-1079"", ""investor_name"": ""Amit Reddy""}, {""investor_id"": ""INV-1126"", ""investor_name"": ""Anita Iyer""}, {""investor_id"": ""INV-1141"", ""investor_name"": ""Ankita Iyer""}, {""investor_id"": ""INV-1159"", ""investor_name"": ""Anand Sharma""}, {""investor_id"": ""INV-1218"", ""investor_name"": ""Vivek Rao""}, {""investor_id"": ""INV-1234"", ""investor_name"": ""Ishita Iyer""}, {""investor_id"": ""INV-1287"", ""investor_name"": ""Ishita Mehta""}, {""investor_id"": ""INV-1331"", ""investor_name"": ""Meena Iyer""}, {""investor_id"": ""INV-1349"", ""investor_name"": ""Dipti Pandey""}, {""investor_id"": ""INV-1367"", ""investor_name"": ""Amrita Joshi""}, {""investor_id"": ""INV-1450"", ""investor_name"": ""Anand Patel""}, {""investor_id"": ""INV-1461"", ""investor_name"": ""Amit Yadav""}, {""investor_id"": ""INV-1498"", ""investor_name"": ""Anand Mehta""}, {""investor_id"": ""INV-1539"", ""investor_name"": ""Amrita Chauhan""}, {""investor_id"": ""INV-1544"", ""investor_name"": ""Chetan Rao""}, {""investor_id"": ""INV-1547"", ""investor_name"": ""Deepak Kulkarni""}, {""investor_id"": ""INV-239"", ""investor_name"": ""Anita Chauhan""}, {""investor_id"": ""INV-241"", ""investor_name"": ""Vivek Rao""}, {""investor_id"": ""INV-250"", ""investor_name"": ""Vivek Chauhan""}, {""investor_id"": ""INV-335"", ""investor_name"": ""Amrita Sharma""}, {""investor_id"": ""INV-373"", ""investor_name"": ""Priyanka Bhat""}, {""investor_id"": ""INV-417"", ""investor_name"": ""Priyanka Yadav""}, {""investor_id"": ""INV-418"", ""investor_name"": ""Akshay Mishra""}, {""investor_id"": ""INV-421"", ""investor_name"": ""Kavita Rao""}, {""investor_id"": ""INV-441"", ""investor_name"": ""Ramesh Patel""}, {""investor_id"": ""INV-461"", ""investor_name"": ""Amrita Arora""}, {""investor_id"": ""INV-490"", ""investor_name"": ""Dipti Yadav""}, {""investor_id"": ""INV-546"", ""investor_name"": ""Anand Mishra""}, {""investor_id"": ""INV-597"", ""investor_name"": ""Suresh Rao""}, {""investor_id"": ""INV-624"", ""investor_name"": ""Anita Verma""}, {""investor_id"": ""INV-694"", ""investor_name"": ""Aishwarya Gupta""}, {""investor_id"": ""INV-735"", ""investor_name"": ""Anita Nair""}, {""investor_id"": ""INV-753"", ""investor_name"": ""Amit Sharma""}, {""investor_id"": ""INV-779"", ""investor_name"": ""Deepak Chauhan""}, {""investor_id"": ""INV-874"", ""investor_name"": ""Rajesh Bhat""}, {""investor_id"": ""INV-891"", ""investor_name"": ""Anita Deshmukh""}, {""investor_id"": ""INV-936"", ""investor_name"": ""Amrita Joshi""}, {""investor_id"": ""INV-960"", ""investor_name"": ""Arvind Patel""}, {""investor_id"": ""INV-969"", ""investor_name"": ""Vikram Mishra""}]",Hard,Risk + holding profile,Multi-Relational,wealth_management_125_question_benchmark.csv,Benchmark,"[{""investor_id"": ""INV-009"", ""investor_name"": ""Anand Verma"", ""risk_score"": 86.21665355567019}, {""investor_id"": ""INV-018"", ""investor_name"": ""Meena Rao"", ""risk_score"": 87.80965024353144}, {""investor_id"": ""INV-041"", ""investor_name"": ""Sneha Nair"", ""risk_score"": 100.0}, {""investor_id"": ""INV-058"", ""investor_name"": ""Meena Bhat"", ""risk_score"": 94.77735668864135}, {""investor_id"": ""INV-072"", ""investor_name"": ""Siddharth Gupta"", ""risk_score"": 84.21415557271001}, {""investor_id"": ""INV-091"", ""investor_name"": ""Akshay Iyer"", ""risk_score"": 94.13784267979355}, {""investor_id"": ""INV-1005"", ""investor_name"": ""Siddharth Chauhan"", ""risk_score"": 92.22774123753959}, {""investor_id"": ""INV-1014"", ""investor_name"": ""Sneha Hegde"", ""risk_score"": 89.93087363403383}, {""investor_id"": ""INV-1021"", ""investor_name"": ""Amit Joshi"", ""risk_score"": 100.0}, {""investor_id"": ""INV-1047"", ""investor_name"": ""Anjali Hegde"", ""risk_score"": 92.78877037864257}, {""investor_id"": ""INV-106"", ""investor_name"": ""Akshay Gupta"", ""risk_score"": 80.7573735873009}, {""investor_id"": ""INV-1079"", ""investor_name"": ""Amit Reddy"", ""risk_score"": 90.54420577834301}, {""investor_id"": ""INV-1126"", ""investor_name"": ""Anita Iyer"", ""risk_score"": 89.95538889712513}, {""investor_id"": ""INV-1141"", ""investor_name"": ""Ankita Iyer"", ""risk_score"": 100.0}, {""investor_id"": ""INV-1159"", ""investor_name"": ""Anand Sharma"", ""risk_score"": 79.766312604836}, {""investor_id"": ""INV-1218"", ""investor_name"": ""Vivek Rao"", ""risk_score"": 83.60902754890259}, {""investor_id"": ""INV-1234"", ""investor_name"": ""Ishita Iyer"", ""risk_score"": 85.08377655365679}, {""investor_id"": ""INV-1287"", ""investor_name"": ""Ishita Mehta"", ""risk_score"": 94.62587444201931}, {""investor_id"": ""INV-1331"", ""investor_name"": ""Meena Iyer"", ""risk_score"": 88.41576983278051}, {""investor_id"": ""INV-1349"", ""investor_name"": ""Dipti Pandey"", ""risk_score"": 79.72023223047526}, {""investor_id"": ""INV-1367"", ""investor_name"": ""Amrita Joshi"", ""risk_score"": 93.10789603940276}, {""investor_id"": ""INV-1450"", ""investor_name"": ""Anand Patel"", ""risk_score"": 87.54654145856001}, {""investor_id"": ""INV-1461"", ""investor_name"": ""Amit Yadav"", ""risk_score"": 100.0}, {""investor_id"": ""INV-1498"", ""investor_name"": ""Anand Mehta"", ""risk_score"": 88.69637604498175}, {""investor_id"": ""INV-1539"", ""investor_name"": ""Amrita Chauhan"", ""risk_score"": 75.03402813123398}, {""investor_id"": ""INV-1544"", ""investor_name"": ""Chetan Rao"", ""risk_score"": 77.71010224355923}, {""investor_id"": ""INV-1547"", ""investor_name"": ""Deepak Kulkarni"", ""risk_score"": 87.95893156602168}, {""investor_id"": ""INV-239"", ""investor_name"": ""Anita Chauhan"", ""risk_score"": 88.17719216839934}, {""investor_id"": ""INV-241"", ""investor_name"": ""Vivek Rao"", ""risk_score"": 100.0}, {""investor_id"": ""INV-250"", ""investor_name"": ""Vivek Chauhan"", ""risk_score"": 94.91414633090965}, {""investor_id"": ""INV-335"", ""investor_name"": ""Amrita Sharma"", ""risk_score"": 86.1689994234455}, {""investor_id"": ""INV-373"", ""investor_name"": ""Priyanka Bhat"", ""risk_score"": 89.3056112632682}, {""investor_id"": ""INV-417"", ""investor_name"": ""Priyanka Yadav"", ""risk_score"": 90.04713302296528}, {""investor_id"": ""INV-418"", ""investor_name"": ""Akshay Mishra"", ""risk_score"": 89.96536056638314}, {""investor_id"": ""INV-421"", ""investor_name"": ""Kavita Rao"", ""risk_score"": 100.0}, {""investor_id"": ""INV-441"", ""investor_name"": ""Ramesh Patel"", ""risk_score"": 100.0}, {""investor_id"": ""INV-461"", ""investor_name"": ""Amrita Arora"", ""risk_score"": 100.0}, {""investor_id"": ""INV-490"", ""investor_name"": ""Dipti Yadav"", ""risk_score"": 92.9117065897472}, {""investor_id"": ""INV-546"", ""investor_name"": ""Anand Mishra"", ""risk_score"": 82.76248893989943}, {""investor_id"": ""INV-597"", ""investor_name"": ""Suresh Rao"", ""risk_score"": 76.41077055002681}, {""investor_id"": ""INV-624"", ""investor_name"": ""Anita Verma"", ""risk_score"": 75.28708796852403}, {""investor_id"": ""INV-694"", ""investor_name"": ""Aishwarya Gupta"", ""risk_score"": 85.38333968144147}, {""investor_id"": ""INV-735"", ""investor_name"": ""Anita Nair"", ""risk_score"": 75.56026952489005}, {""investor_id"": ""INV-753"", ""investor_name"": ""Amit Sharma"", ""risk_score"": 76.83455655450405}, {""investor_id"": ""INV-779"", ""investor_name"": ""Deepak Chauhan"", ""risk_score"": 81.35098637578828}, {""investor_id"": ""INV-874"", ""investor_name"": ""Rajesh Bhat"", ""risk_score"": 94.81080335870811}, {""investor_id"": ""INV-891"", ""investor_name"": ""Anita Deshmukh"", ""risk_score"": 88.5259904754315}, {""investor_id"": ""INV-936"", ""investor_name"": ""Amrita Joshi"", ""risk_score"": 92.55400477554245}, {""investor_id"": ""INV-960"", ""investor_name"": ""Arvind Patel"", ""risk_score"": 77.92674707022073}, {""investor_id"": ""INV-969"", ""investor_name"": ""Vikram Mishra"", ""risk_score"": 81.32606078252608}]",PIPELINE_SUCCESS,,Final result executed successfully; answer correctness is recorded separately by review/grading.,2026-10-06T13:37:20,65.022,success,,,Execution checks passed. Semantic review is disabled; use the separate grader.,not_requested,,7e653507108c46fd98873ef41f9bcfd2,deepseek.v3.2,81776,3104,,64.94766722900204,8,0,0
aop-improvement8-v3,wealth_management_125_question_benchmark:WM125-3T-019,Which Aggressive investors have a liquidity score below 50 and a sector allocation above 0% in Automobile?,"[{""investor_id"": ""INV-045"", ""investor_name"": ""Aishwarya Deshmukh""}, {""investor_id"": ""INV-073"", ""investor_name"": ""Abhishek Mehta""}, {""investor_id"": ""INV-1027"", ""investor_name"": ""Aishwarya Deshmukh""}, {""investor_id"": ""INV-1106"", ""investor_name"": ""Vivek Bhat""}, {""investor_id"": ""INV-1332"", ""investor_name"": ""Amit Arora""}, {""investor_id"": ""INV-1448"", ""investor_name"": ""Anjali Mehta""}, {""investor_id"": ""INV-152"", ""investor_name"": ""Ramesh Gupta""}, {""investor_id"": ""INV-162"", ""investor_name"": ""Suresh Joshi""}, {""investor_id"": ""INV-165"", ""investor_name"": ""Meena Mishra""}, {""investor_id"": ""INV-213"", ""investor_name"": ""Suresh Mishra""}, {""investor_id"": ""INV-282"", ""investor_name"": ""Anita Deshmukh""}, {""investor_id"": ""INV-304"", ""investor_name"": ""Ishita Nair""}, {""investor_id"": ""INV-331"", ""investor_name"": ""Vivek Rao""}, {""investor_id"": ""INV-570"", ""investor_name"": ""Anita Pandey""}, {""investor_id"": ""INV-634"", ""investor_name"": ""Rohan Singh""}, {""investor_id"": ""INV-722"", ""investor_name"": ""Meena Deshmukh""}, {""investor_id"": ""INV-836"", ""investor_name"": ""Akshay Rao""}, {""investor_id"": ""INV-917"", ""investor_name"": ""Akshay Mishra""}, {""investor_id"": ""INV-959"", ""investor_name"": ""Anita Hegde""}]",Hard,Health + allocation profile,Multi-Relational,wealth_management_125_question_benchmark.csv,Benchmark,"[{""investor_id"": ""INV-045"", ""investor_name"": ""Aishwarya Deshmukh"", ""liquidity_score"": 46.438422204067756, ""automobile_allocation_pct"": 19.629170773881714}, {""investor_id"": ""INV-073"", ""investor_name"": ""Abhishek Mehta"", ""liquidity_score"": 9.167650823196995, ""automobile_allocation_pct"": 18.287559168576397}, {""investor_id"": ""INV-152"", ""investor_name"": ""Ramesh Gupta"", ""liquidity_score"": 26.42051555638927, ""automobile_allocation_pct"": 0.09450372936782622}, {""investor_id"": ""INV-162"", ""investor_name"": ""Suresh Joshi"", ""liquidity_score"": 0.0, ""automobile_allocation_pct"": 2.1979490358942684}, {""investor_id"": ""INV-165"", ""investor_name"": ""Meena Mishra"", ""liquidity_score"": 41.74751927695771, ""automobile_allocation_pct"": 12.546363230362806}, {""investor_id"": ""INV-213"", ""investor_name"": ""Suresh Mishra"", ""liquidity_score"": 20.802459092644586, ""automobile_allocation_pct"": 24.809012710838747}, {""investor_id"": ""INV-282"", ""investor_name"": ""Anita Deshmukh"", ""liquidity_score"": 0.0, ""automobile_allocation_pct"": 14.439364457495401}, {""investor_id"": ""INV-304"", ""investor_name"": ""Ishita Nair"", ""liquidity_score"": 25.412466946431483, ""automobile_allocation_pct"": 2.789766345825034}, {""investor_id"": ""INV-331"", ""investor_name"": ""Vivek Rao"", ""liquidity_score"": 48.29323715750683, ""automobile_allocation_pct"": 26.75320727452155}, {""investor_id"": ""INV-570"", ""investor_name"": ""Anita Pandey"", ""liquidity_score"": 28.47875657078938, ""automobile_allocation_pct"": 8.714408973252805}, {""investor_id"": ""INV-634"", ""investor_name"": ""Rohan Singh"", ""liquidity_score"": 10.015447832871887, ""automobile_allocation_pct"": 2.584472215539988}, {""investor_id"": ""INV-722"", ""investor_name"": ""Meena Deshmukh"", ""liquidity_score"": 0.0, ""automobile_allocation_pct"": 1.0351771029208843}, {""investor_id"": ""INV-836"", ""investor_name"": ""Akshay Rao"", ""liquidity_score"": 17.397361407718122, ""automobile_allocation_pct"": 15.944713909829215}, {""investor_id"": ""INV-917"", ""investor_name"": ""Akshay Mishra"", ""liquidity_score"": 30.85406179013497, ""automobile_allocation_pct"": 12.403326445138292}, {""investor_id"": ""INV-959"", ""investor_name"": ""Anita Hegde"", ""liquidity_score"": 19.30895281748691, ""automobile_allocation_pct"": 7.008422105949679}, {""investor_id"": ""INV-1027"", ""investor_name"": ""Aishwarya Deshmukh"", ""liquidity_score"": 13.216377186358125, ""automobile_allocation_pct"": 17.86319586669314}, {""investor_id"": ""INV-1106"", ""investor_name"": ""Vivek Bhat"", ""liquidity_score"": 12.517706975017443, ""automobile_allocation_pct"": 4.287606749122133}, {""investor_id"": ""INV-1332"", ""investor_name"": ""Amit Arora"", ""liquidity_score"": 6.576859122162824, ""automobile_allocation_pct"": 0.852539196295893}, {""investor_id"": ""INV-1448"", ""investor_name"": ""Anjali Mehta"", ""liquidity_score"": 46.93322503723085, ""automobile_allocation_pct"": 26.878748384036406}]",PIPELINE_SUCCESS,,Final result executed successfully; answer correctness is recorded separately by review/grading.,2026-10-06T13:38:25,49.809,success,,,Execution checks passed. Semantic review is disabled; use the separate grader.,not_requested,,7e653507108c46fd98873ef41f9bcfd2,deepseek.v3.2,67208,3599,,49.719832197999494,7,0,0
