Pipeline Version,Sample Row ID,Question,Ground Truth,Difficulty,Category,Query Type,Source CSV,Dataset Type,New Pipeline Result,New Status,Old Status,Comparison / Comments,Started At,Elapsed Seconds,Scan Status,Scan Error,Validation Is Valid,Validation Reason,Answer Review Status,Failure Stage
aop-improvement3-v9,wealth_management_multi_step_comparative_125_questions:MC125-001,"Across risk tolerance, compare the average net cash flow, average signed cash-flow amount, and average cash-flow count of investors.","[{""risk_tolerance"": null, ""avg_net_cash_flow"": 7844.03, ""avg_cashflow_amount"": 1629.62, ""avg_cashflow_count"": 5.05, ""investor_count"": 77}, {""risk_tolerance"": ""Aggressive"", ""avg_net_cash_flow"": 1652919.38, ""avg_cashflow_amount"": 282637.82, ""avg_cashflow_count"": 5.05, ""investor_count"": 486}, {""risk_tolerance"": ""Conservative"", ""avg_net_cash_flow"": 1600495.38, ""avg_cashflow_amount"": 273687.31, ""avg_cashflow_count"": 5.05, ""investor_count"": 502}, {""risk_tolerance"": ""Moderate"", ""avg_net_cash_flow"": 1037620.49, ""avg_cashflow_amount"": 186955.64, ""avg_cashflow_count"": 5.05, ""investor_count"": 485}]",Hard,Cross-dimension metric comparison,Comparative,wealth_management_multi_step_comparative_125_questions.csv,Multi-Step Comparative,"[{""risk_tolerance"": ""Conservative"", ""avg_net_cash_flow"": 1600495.376494024, ""avg_signed_cash_flow_amount"": 273687.3101925631, ""avg_cash_flow_count"": 5.049800796812749}, {""risk_tolerance"": ""Moderate"", ""avg_net_cash_flow"": 1037620.4907216495, ""avg_signed_cash_flow_amount"": 186955.6391065292, ""avg_cash_flow_count"": 5.047422680412371}, {""risk_tolerance"": null, ""avg_net_cash_flow"": 7844.025974025974, ""avg_signed_cash_flow_amount"": 1629.6183982683983, ""avg_cash_flow_count"": 5.0519480519480515}, {""risk_tolerance"": ""Aggressive"", ""avg_net_cash_flow"": 1652919.378600823, ""avg_signed_cash_flow_amount"": 282637.81903292186, ""avg_cash_flow_count"": 5.053497942386831}]",PIPELINE_SUCCESS,NEW_BENCHMARK,Final result executed successfully; answer correctness is recorded separately by review/grading.,2026-10-01T12:02:31,27.64,success,,,Execution checks passed. Answer correctness has not been reviewed; use the separate grader.,not_requested,
aop-improvement3-v9,wealth_management_multi_step_comparative_125_questions:MC125-002,"Across risk tolerance, compare the average total holding value, average holding return and average holding gain (counting only holdings with a recorded cost and current value), and average dividends of investors.","[{""risk_tolerance"": null, ""avg_holding_value"": 10459250.55, ""avg_holding_return"": 89.82, ""avg_holding_gain"": 4829315.1, ""avg_dividends"": 205077.54, ""investor_count"": 77}, {""risk_tolerance"": ""Aggressive"", ""avg_holding_value"": 7772076.82, ""avg_holding_return"": 75.8, ""avg_holding_gain"": 2918381.42, ""avg_dividends"": 172729.88, ""investor_count"": 486}, {""risk_tolerance"": ""Conservative"", ""avg_holding_value"": 7365637.73, ""avg_holding_return"": 64.68, ""avg_holding_gain"": 2548172.89, ""avg_dividends"": 167570.62, ""investor_count"": 502}, {""risk_tolerance"": ""Moderate"", ""avg_holding_value"": 9186349.25, ""avg_holding_return"": 89.16, ""avg_holding_gain"": 4014556.51, ""avg_dividends"": 167933.58, ""investor_count"": 485}]",Hard,Cross-dimension metric comparison,Comparative,wealth_management_multi_step_comparative_125_questions.csv,Multi-Step Comparative,Query_Spec changed assigned source class ATOM_ENTITY_INVESTOR_PROFILE_001 to ATOM_ENTITY_PORTFOLIO_HOLDING_001.,QUERY_SPEC_ERROR,NEW_BENCHMARK,The pipeline stopped before completing an executable final result.,2026-10-01T12:03:04,109.118,,,,Query_Spec changed assigned source class ATOM_ENTITY_INVESTOR_PROFILE_001 to ATOM_ENTITY_PORTFOLIO_HOLDING_001.,not_reached,Query_Spec
aop-improvement3-v9,wealth_management_multi_step_comparative_125_questions:MC125-003,"Across risk tolerance, compare the average rebalance amount, average rebalance shift (target minus current allocation %), and average rebalance count (0 for investors with no rebalancing actions) of investors.","[{""risk_tolerance"": null, ""avg_rebalance_amount"": 415032.17, ""avg_rebalance_shift"": 0.43, ""avg_rebalance_count"": 3.55, ""investor_count"": 77}, {""risk_tolerance"": ""Aggressive"", ""avg_rebalance_amount"": 405853.84, ""avg_rebalance_shift"": -1.29, ""avg_rebalance_count"": 4.15, ""investor_count"": 486}, {""risk_tolerance"": ""Conservative"", ""avg_rebalance_amount"": 414995.35, ""avg_rebalance_shift"": 1.75, ""avg_rebalance_count"": 3.96, ""investor_count"": 502}, {""risk_tolerance"": ""Moderate"", ""avg_rebalance_amount"": 396592.36, ""avg_rebalance_shift"": -1.76, ""avg_rebalance_count"": 3.95, ""investor_count"": 485}]",Hard,Cross-dimension metric comparison,Comparative,wealth_management_multi_step_comparative_125_questions.csv,Multi-Step Comparative,"[{""risk_tolerance"": ""Conservative"", ""avg_rebalance_amount"": 95918.0459876543, ""avg_rebalance_shift"": 1.7532861531709456, ""avg_rebalance_count"": 3.958167330677291}, {""risk_tolerance"": ""Moderate"", ""avg_rebalance_amount"": 93208.38650144637, ""avg_rebalance_shift"": -1.7602685624012637, ""avg_rebalance_count"": 3.950515463917526}, {""risk_tolerance"": null, ""avg_rebalance_amount"": 110304.93280423277, ""avg_rebalance_shift"": 0.4267195767195766, ""avg_rebalance_count"": 3.5454545454545454}, {""risk_tolerance"": ""Aggressive"", ""avg_rebalance_amount"": 88654.69135454646, ""avg_rebalance_shift"": -1.2875320620051298, ""avg_rebalance_count"": 4.148148148148148}]",PIPELINE_SUCCESS,NEW_BENCHMARK,Final result executed successfully; answer correctness is recorded separately by review/grading.,2026-10-01T12:04:58,64.971,success,,,Execution checks passed. Answer correctness has not been reviewed; use the separate grader.,not_requested,
aop-improvement3-v9,wealth_management_multi_step_comparative_125_questions:MC125-004,"Across risk tolerance, compare the average total sector investment and average allocation percentage of investors.","[{""risk_tolerance"": null, ""avg_sector_investment"": 837086.46, ""avg_allocation_pct"": 15.32, ""investor_count"": 77}, {""risk_tolerance"": ""Aggressive"", ""avg_sector_investment"": 905299.45, ""avg_allocation_pct"": 14.91, ""investor_count"": 486}, {""risk_tolerance"": ""Conservative"", ""avg_sector_investment"": 897105.65, ""avg_allocation_pct"": 15.23, ""investor_count"": 502}, {""risk_tolerance"": ""Moderate"", ""avg_sector_investment"": 944870.24, ""avg_allocation_pct"": 15.54, ""investor_count"": 485}]",Hard,Cross-dimension metric comparison,Comparative,wealth_management_multi_step_comparative_125_questions.csv,Multi-Step Comparative,"[{""risk_tolerance"": ""Conservative"", ""avg_total_sector_investment"": 897105.6519337017, ""avg_allocation_pct"": 15.234281419573131}, {""risk_tolerance"": ""Moderate"", ""avg_total_sector_investment"": 944870.2383561644, ""avg_allocation_pct"": 15.542793800756613}, {""risk_tolerance"": null, ""avg_total_sector_investment"": 837086.46, ""avg_allocation_pct"": 15.31888393485641}, {""risk_tolerance"": ""Aggressive"", ""avg_total_sector_investment"": 905299.452722063, ""avg_allocation_pct"": 14.905509262994569}]",PIPELINE_SUCCESS,NEW_BENCHMARK,Final result executed successfully; answer correctness is recorded separately by review/grading.,2026-10-01T12:06:18,56.442,success,,,Execution checks passed. Answer correctness has not been reviewed; use the separate grader.,not_requested,
aop-improvement3-v9,wealth_management_multi_step_comparative_125_questions:MC125-005,"Across risk tolerance, compare the average scenario shift (new minus current allocation %) and average scenario count (0 for investors with no scenario records) of investors.","[{""risk_tolerance"": null, ""avg_scenario_shift"": -0.71, ""avg_scenario_count"": 1.14, ""investor_count"": 77}, {""risk_tolerance"": ""Aggressive"", ""avg_scenario_shift"": -1.85, ""avg_scenario_count"": 1.02, ""investor_count"": 486}, {""risk_tolerance"": ""Conservative"", ""avg_scenario_shift"": -2.22, ""avg_scenario_count"": 0.97, ""investor_count"": 502}, {""risk_tolerance"": ""Moderate"", ""avg_scenario_shift"": 0.07, ""avg_scenario_count"": 0.99, ""investor_count"": 485}]",Hard,Cross-dimension metric comparison,Comparative,wealth_management_multi_step_comparative_125_questions.csv,Multi-Step Comparative,"[{""risk_tolerance"": ""Conservative"", ""avg_scenario_shift"": -2.2234340044742726, ""avg_scenario_count"": 0.9681274900398407}, {""risk_tolerance"": ""Moderate"", ""avg_scenario_shift"": 0.06820877817319085, ""avg_scenario_count"": 0.9917525773195877}, {""risk_tolerance"": null, ""avg_scenario_shift"": -0.7110000000000002, ""avg_scenario_count"": 1.1428571428571428}, {""risk_tolerance"": ""Aggressive"", ""avg_scenario_shift"": -1.8488054607508535, ""avg_scenario_count"": 1.0164609053497942}]",PIPELINE_SUCCESS,NEW_BENCHMARK,Final result executed successfully; answer correctness is recorded separately by review/grading.,2026-10-01T12:07:15,21.27,success,,,Execution checks passed. Answer correctness has not been reviewed; use the separate grader.,not_requested,
aop-improvement3-v9,wealth_management_multi_step_comparative_125_questions:MC125-006,"Across risk tolerance, compare the average risk score, average liquidity score, average diversification score, and average goal-match percentage of investors.","[{""risk_tolerance"": null, ""avg_risk_score"": 55.31, ""avg_liquidity_score"": 55.9, ""avg_diversification_score"": 55.79, ""avg_goal_match_pct"": 50.7, ""investor_count"": 77}, {""risk_tolerance"": ""Aggressive"", ""avg_risk_score"": 49.12, ""avg_liquidity_score"": 47.17, ""avg_diversification_score"": 49.05, ""avg_goal_match_pct"": 47.73, ""investor_count"": 486}, {""risk_tolerance"": ""Conservative"", ""avg_risk_score"": 51.7, ""avg_liquidity_score"": 50.85, ""avg_diversification_score"": 49.91, ""avg_goal_match_pct"": 50.03, ""investor_count"": 502}, {""risk_tolerance"": ""Moderate"", ""avg_risk_score"": 49.29, ""avg_liquidity_score"": 49.69, ""avg_diversification_score"": 50.18, ""avg_goal_match_pct"": 46.62, ""investor_count"": 485}]",Hard,Cross-dimension metric comparison,Comparative,wealth_management_multi_step_comparative_125_questions.csv,Multi-Step Comparative,"[{""risk_tolerance"": ""Conservative"", ""avg_risk_score"": 51.69881238764889, ""avg_liquidity_score"": 50.84631625759878, ""avg_diversification_score"": 49.90689626603038, ""avg_goal_match_pct"": 50.03454588694951}, {""risk_tolerance"": ""Moderate"", ""avg_risk_score"": 49.29299804472841, ""avg_liquidity_score"": 49.69345492478925, ""avg_diversification_score"": 50.18404485319667, ""avg_goal_match_pct"": 46.61827516387279}, {""risk_tolerance"": null, ""avg_risk_score"": 55.31466608298088, ""avg_liquidity_score"": 55.896081990096434, ""avg_diversification_score"": 55.78778871681837, ""avg_goal_match_pct"": 50.69863247339661}, {""risk_tolerance"": ""Aggressive"", ""avg_risk_score"": 49.11514878672162, ""avg_liquidity_score"": 47.17262946628729, ""avg_diversification_score"": 49.05323609208046, ""avg_goal_match_pct"": 47.73225146308809}]",PIPELINE_SUCCESS,NEW_BENCHMARK,Final result executed successfully; answer correctness is recorded separately by review/grading.,2026-10-01T12:07:36,20.413,success,,,Execution checks passed. Answer correctness has not been reviewed; use the separate grader.,not_requested,
aop-improvement3-v9,wealth_management_multi_step_comparative_125_questions:MC125-007,"Across risk tolerance, compare the average goal progress, average goal shortfall, average annual return, and average goal volatility of investors.","[{""risk_tolerance"": null, ""avg_goal_progress"": 46.45, ""avg_goal_shortfall"": 18627483.33, ""avg_annual_return"": 11.47, ""avg_goal_volatility"": 13.94, ""investor_count"": 77}, {""risk_tolerance"": ""Aggressive"", ""avg_goal_progress"": 39.76, ""avg_goal_shortfall"": 23218312.17, ""avg_annual_return"": 10.27, ""avg_goal_volatility"": 14.38, ""investor_count"": 486}, {""risk_tolerance"": ""Conservative"", ""avg_goal_progress"": 38.25, ""avg_goal_shortfall"": 23686380.49, ""avg_annual_return"": 10.42, ""avg_goal_volatility"": 14.19, ""investor_count"": 502}, {""risk_tolerance"": ""Moderate"", ""avg_goal_progress"": 41.21, ""avg_goal_shortfall"": 22760174.64, ""avg_annual_return"": 10.61, ""avg_goal_volatility"": 14.46, ""investor_count"": 485}]",Hard,Cross-dimension metric comparison,Comparative,wealth_management_multi_step_comparative_125_questions.csv,Multi-Step Comparative,"[{""risk_tolerance"": ""Conservative"", ""avg_goal_progress_pct"": 38.25466267969879, ""avg_goal_shortfall"": 23686380.489253193, ""avg_annual_return_pct"": 10.417557651385087, ""avg_goal_volatility_pct"": 14.186114201863862}, {""risk_tolerance"": ""Moderate"", ""avg_goal_progress_pct"": 41.208436917228674, ""avg_goal_shortfall"": 22760174.63985274, ""avg_annual_return_pct"": 10.608696337650567, ""avg_goal_volatility_pct"": 14.457783280083117}, {""risk_tolerance"": null, ""avg_goal_progress_pct"": 46.44617225514613, ""avg_goal_shortfall"": 18627483.33259049, ""avg_annual_return_pct"": 11.470415441655883, ""avg_goal_volatility_pct"": 13.937717770041756}, {""risk_tolerance"": ""Aggressive"", ""avg_goal_progress_pct"": 39.75870500669318, ""avg_goal_shortfall"": 23218312.16893887, ""avg_annual_return_pct"": 10.270276166539894, ""avg_goal_volatility_pct"": 14.380517686499166}]",PIPELINE_SUCCESS,NEW_BENCHMARK,Final result executed successfully; answer correctness is recorded separately by review/grading.,2026-10-01T12:08:01,48.911,success,,,Execution checks passed. Answer correctness has not been reviewed; use the separate grader.,not_requested,
aop-improvement3-v9,wealth_management_multi_step_comparative_125_questions:MC125-008,"Across time horizon, compare the average net cash flow, average signed cash-flow amount, and average cash-flow count of investors.","[{""time_horizon"": null, ""avg_net_cash_flow"": 1305239.48, ""avg_cashflow_amount"": 217813.59, ""avg_cashflow_count"": 5.03, ""investor_count"": 77}, {""time_horizon"": ""Long-term"", ""avg_net_cash_flow"": 1029435.71, ""avg_cashflow_amount"": 178677.57, ""avg_cashflow_count"": 5.06, ""investor_count"": 489}, {""time_horizon"": ""Medium-term"", ""avg_net_cash_flow"": 1649318.64, ""avg_cashflow_amount"": 282019.74, ""avg_cashflow_count"": 5.05, ""investor_count"": 487}, {""time_horizon"": ""Short-term"", ""avg_net_cash_flow"": 1415496.47, ""avg_cashflow_amount"": 249624.52, ""avg_cashflow_count"": 5.05, ""investor_count"": 497}]",Hard,Cross-dimension metric comparison,Comparative,wealth_management_multi_step_comparative_125_questions.csv,Multi-Step Comparative,"[{""time_horizon"": ""Short-term"", ""avg_net_cash_flow"": 1415496.4708249497, ""avg_signed_cash_flow_amount"": 249624.5167002012, ""avg_cash_flow_count"": 5.050301810865191}, {""time_horizon"": ""Long-term"", ""avg_net_cash_flow"": 1029435.7075664622, ""avg_signed_cash_flow_amount"": 178677.57062031355, ""avg_cash_flow_count"": 5.0552147239263805}, {""time_horizon"": ""Medium-term"", ""avg_net_cash_flow"": 1649318.6406570843, ""avg_signed_cash_flow_amount"": 282019.7378507872, ""avg_cash_flow_count"": 5.049281314168378}, {""time_horizon"": null, ""avg_net_cash_flow"": 1305239.4805194805, ""avg_signed_cash_flow_amount"": 217813.58679653678, ""avg_cash_flow_count"": 5.025974025974026}]",PIPELINE_SUCCESS,NEW_BENCHMARK,Final result executed successfully; answer correctness is recorded separately by review/grading.,2026-10-01T12:08:50,22.849,success,,,Execution checks passed. Answer correctness has not been reviewed; use the separate grader.,not_requested,
aop-improvement3-v9,wealth_management_multi_step_comparative_125_questions:MC125-009,"Across time horizon, compare the average total holding value, average holding return and average holding gain (counting only holdings with a recorded cost and current value), and average dividends of investors.","[{""time_horizon"": null, ""avg_holding_value"": 9256000.18, ""avg_holding_return"": 130.35, ""avg_holding_gain"": 4499587.77, ""avg_dividends"": 175517.83, ""investor_count"": 77}, {""time_horizon"": ""Long-term"", ""avg_holding_value"": 8476172.69, ""avg_holding_return"": 78.08, ""avg_holding_gain"": 3325267.84, ""avg_dividends"": 173907.65, ""investor_count"": 489}, {""time_horizon"": ""Medium-term"", ""avg_holding_value"": 7810071.33, ""avg_holding_return"": 67.88, ""avg_holding_gain"": 2903124.24, ""avg_dividends"": 166676.96, ""investor_count"": 487}, {""time_horizon"": ""Short-term"", ""avg_holding_value"": 8197553.59, ""avg_holding_return"": 76.74, ""avg_holding_gain"": 3275569.2, ""avg_dividends"": 172201.17, ""investor_count"": 497}]",Hard,Cross-dimension metric comparison,Comparative,wealth_management_multi_step_comparative_125_questions.csv,Multi-Step Comparative,"[{""time_horizon"": ""Short-term"", ""avg_total_holding_value"": 7868175.9416499, ""avg_holding_return"": 72.4428089795293, ""avg_holding_gain"": 3621147.0241448693, ""avg_dividends"": 156029.80828629032}, {""time_horizon"": ""Long-term"", ""avg_total_holding_value"": 7872329.37654321, ""avg_holding_return"": 73.88028038491002, ""avg_holding_gain"": 3694674.327160494, ""avg_dividends"": 161738.20903092783}, {""time_horizon"": ""Medium-term"", ""avg_total_holding_value"": 7353757.625258799, ""avg_holding_return"": 65.57374561256549, ""avg_holding_gain"": 3182292.2525879918, ""avg_dividends"": 146805.6077846791}, {""time_horizon"": null, ""avg_total_holding_value"": 8969607.493506493, ""avg_holding_return"": 125.1185322613894, ""avg_holding_gain"": 4781952.935064935, ""avg_dividends"": 160353.34025974025}]",PIPELINE_SUCCESS,NEW_BENCHMARK,Final result executed successfully; answer correctness is recorded separately by review/grading.,2026-10-01T12:09:13,39.305,success,,,Execution checks passed. Answer correctness has not been reviewed; use the separate grader.,not_requested,
aop-improvement3-v9,wealth_management_multi_step_comparative_125_questions:MC125-010,"Across time horizon, compare the average rebalance amount, average rebalance shift (target minus current allocation %), and average rebalance count (0 for investors with no rebalancing actions) of investors.","[{""time_horizon"": null, ""avg_rebalance_amount"": 445694.88, ""avg_rebalance_shift"": -2.72, ""avg_rebalance_count"": 4.23, ""investor_count"": 77}, {""time_horizon"": ""Long-term"", ""avg_rebalance_amount"": 400132.54, ""avg_rebalance_shift"": -1.16, ""avg_rebalance_count"": 4.08, ""investor_count"": 489}, {""time_horizon"": ""Medium-term"", ""avg_rebalance_amount"": 386788.99, ""avg_rebalance_shift"": 0.12, ""avg_rebalance_count"": 3.83, ""investor_count"": 487}, {""time_horizon"": ""Short-term"", ""avg_rebalance_amount"": 425999.62, ""avg_rebalance_shift"": 0.3, ""avg_rebalance_count"": 4.04, ""investor_count"": 497}]",Hard,Cross-dimension metric comparison,Comparative,wealth_management_multi_step_comparative_125_questions.csv,Multi-Step Comparative,"[{""time_horizon"": ""Short-term"", ""avg_rebalance_amount"": 362571.10261569417, ""avg_rebalance_shift"": 0.25691769665612735, ""avg_rebalance_count"": 4.036217303822937}, {""time_horizon"": ""Long-term"", ""avg_rebalance_amount"": 358400.92433537834, ""avg_rebalance_shift"": -1.0278215989872432, ""avg_rebalance_count"": 4.075664621676892}, {""time_horizon"": ""Medium-term"", ""avg_rebalance_amount"": 338341.0841889117, ""avg_rebalance_shift"": 0.10206072161924305, ""avg_rebalance_count"": 3.833675564681725}, {""time_horizon"": null, ""avg_rebalance_amount"": 387812.4285714286, ""avg_rebalance_shift"": -2.3322974644403214, ""avg_rebalance_count"": 4.233766233766234}]",PIPELINE_SUCCESS,NEW_BENCHMARK,Final result executed successfully; answer correctness is recorded separately by review/grading.,2026-10-01T12:09:53,47.826,success,,,Execution checks passed. Answer correctness has not been reviewed; use the separate grader.,not_requested,
aop-improvement3-v9,wealth_management_multi_step_comparative_125_questions:MC125-011,"Across time horizon, compare the average total sector investment and average allocation percentage of investors.","[{""time_horizon"": null, ""avg_sector_investment"": 865681.58, ""avg_allocation_pct"": 14.6, ""investor_count"": 77}, {""time_horizon"": ""Long-term"", ""avg_sector_investment"": 861989.24, ""avg_allocation_pct"": 15.93, ""investor_count"": 489}, {""time_horizon"": ""Medium-term"", ""avg_sector_investment"": 970873.64, ""avg_allocation_pct"": 15.86, ""investor_count"": 487}, {""time_horizon"": ""Short-term"", ""avg_sector_investment"": 914355.96, ""avg_allocation_pct"": 14.05, ""investor_count"": 497}]",Hard,Cross-dimension metric comparison,Comparative,wealth_management_multi_step_comparative_125_questions.csv,Multi-Step Comparative,"[{""time_horizon"": ""Short-term"", ""avg_total_investment"": 914355.9585635359, ""avg_allocation_pct"": 14.046331959450734}, {""time_horizon"": ""Long-term"", ""avg_total_investment"": 861989.2369146006, ""avg_allocation_pct"": 15.928034190036046}, {""time_horizon"": ""Medium-term"", ""avg_total_investment"": 970873.6358381503, ""avg_allocation_pct"": 15.856898467515933}, {""time_horizon"": null, ""avg_total_investment"": 865681.5818181818, ""avg_allocation_pct"": 14.595656193178119}]",PIPELINE_SUCCESS,NEW_BENCHMARK,Final result executed successfully; answer correctness is recorded separately by review/grading.,2026-10-01T12:10:45,31.299,success,,,Execution checks passed. Answer correctness has not been reviewed; use the separate grader.,not_requested,
aop-improvement3-v9,wealth_management_multi_step_comparative_125_questions:MC125-012,"Across time horizon, compare the average scenario shift (new minus current allocation %) and average scenario count (0 for investors with no scenario records) of investors.","[{""time_horizon"": null, ""avg_scenario_shift"": 0.63, ""avg_scenario_count"": 0.99, ""investor_count"": 77}, {""time_horizon"": ""Long-term"", ""avg_scenario_shift"": -1.25, ""avg_scenario_count"": 1.02, ""investor_count"": 489}, {""time_horizon"": ""Medium-term"", ""avg_scenario_shift"": -0.81, ""avg_scenario_count"": 1.01, ""investor_count"": 487}, {""time_horizon"": ""Short-term"", ""avg_scenario_shift"": -2.29, ""avg_scenario_count"": 0.97, ""investor_count"": 497}]",Hard,Cross-dimension metric comparison,Comparative,wealth_management_multi_step_comparative_125_questions.csv,Multi-Step Comparative,"[{""time_horizon"": ""Short-term"", ""avg_scenario_shift"": -2.286904761904762, ""avg_scenario_count"": 0.9678068410462777}, {""time_horizon"": ""Long-term"", ""avg_scenario_shift"": -1.2456521739130437, ""avg_scenario_count"": 1.0224948875255624}, {""time_horizon"": ""Medium-term"", ""avg_scenario_shift"": -0.8113945578231291, ""avg_scenario_count"": 1.0102669404517455}, {""time_horizon"": null, ""avg_scenario_shift"": 0.6258503401360546, ""avg_scenario_count"": 0.987012987012987}]",PIPELINE_SUCCESS,NEW_BENCHMARK,Final result executed successfully; answer correctness is recorded separately by review/grading.,2026-10-01T12:11:17,20.138,success,,,Execution checks passed. Answer correctness has not been reviewed; use the separate grader.,not_requested,
aop-improvement3-v9,wealth_management_multi_step_comparative_125_questions:MC125-013,"Across time horizon, compare the average risk score, average liquidity score, average diversification score, and average goal-match percentage of investors.","[{""time_horizon"": null, ""avg_risk_score"": 46.33, ""avg_liquidity_score"": 44.52, ""avg_diversification_score"": 49.15, ""avg_goal_match_pct"": 42.76, ""investor_count"": 77}, {""time_horizon"": ""Long-term"", ""avg_risk_score"": 48.98, ""avg_liquidity_score"": 50.39, ""avg_diversification_score"": 49.47, ""avg_goal_match_pct"": 50.99, ""investor_count"": 489}, {""time_horizon"": ""Medium-term"", ""avg_risk_score"": 51.61, ""avg_liquidity_score"": 47.8, ""avg_diversification_score"": 47.54, ""avg_goal_match_pct"": 47.89, ""investor_count"": 487}, {""time_horizon"": ""Short-term"", ""avg_risk_score"": 51.08, ""avg_liquidity_score"": 51.32, ""avg_diversification_score"": 53.09, ""avg_goal_match_pct"": 46.84, ""investor_count"": 497}]",Hard,Cross-dimension metric comparison,Comparative,wealth_management_multi_step_comparative_125_questions.csv,Multi-Step Comparative,"[{""time_horizon"": ""Short-term"", ""avg_risk_score"": 51.07838070343024, ""avg_liquidity_score"": 51.31837638800651, ""avg_diversification_score"": 53.09149635771754, ""avg_goal_match_pct"": 46.84304973724045}, {""time_horizon"": ""Long-term"", ""avg_risk_score"": 48.975571721845135, ""avg_liquidity_score"": 50.39252533731994, ""avg_diversification_score"": 49.4715626241769, ""avg_goal_match_pct"": 50.98710564606303}, {""time_horizon"": ""Medium-term"", ""avg_risk_score"": 51.607458950335335, ""avg_liquidity_score"": 47.80492871035414, ""avg_diversification_score"": 47.53861714539371, ""avg_goal_match_pct"": 47.894572661631116}, {""time_horizon"": null, ""avg_risk_score"": 46.33234087838199, ""avg_liquidity_score"": 44.522514676303466, ""avg_diversification_score"": 49.151787794783615, ""avg_goal_match_pct"": 42.755770935157706}]",PIPELINE_SUCCESS,NEW_BENCHMARK,Final result executed successfully; answer correctness is recorded separately by review/grading.,2026-10-01T12:11:37,25.225,success,,,Execution checks passed. Answer correctness has not been reviewed; use the separate grader.,not_requested,
aop-improvement3-v9,wealth_management_multi_step_comparative_125_questions:MC125-014,"Across time horizon, compare the average goal progress, average goal shortfall, average annual return, and average goal volatility of investors.","[{""time_horizon"": null, ""avg_goal_progress"": 42.13, ""avg_goal_shortfall"": 26236751.87, ""avg_annual_return"": 10.46, ""avg_goal_volatility"": 14.9, ""investor_count"": 77}, {""time_horizon"": ""Long-term"", ""avg_goal_progress"": 40.22, ""avg_goal_shortfall"": 22738558.95, ""avg_annual_return"": 10.45, ""avg_goal_volatility"": 14.34, ""investor_count"": 489}, {""time_horizon"": ""Medium-term"", ""avg_goal_progress"": 39.98, ""avg_goal_shortfall"": 22984243.38, ""avg_annual_return"": 10.38, ""avg_goal_volatility"": 14.03, ""investor_count"": 487}, {""time_horizon"": ""Short-term"", ""avg_goal_progress"": 39.66, ""avg_goal_shortfall"": 22761746.7, ""avg_annual_return"": 10.63, ""avg_goal_volatility"": 14.5, ""investor_count"": 497}]",Hard,Cross-dimension metric comparison,Comparative,wealth_management_multi_step_comparative_125_questions.csv,Multi-Step Comparative,"[{""time_horizon"": ""Short-term"", ""mean_goal_progress"": 39.66017289799678, ""mean_goal_shortfall"": 22761746.70374078, ""mean_annual_return"": 10.628483288821595, ""mean_goal_volatility"": 14.498217971862921}, {""time_horizon"": ""Long-term"", ""mean_goal_progress"": 40.21635351841689, ""mean_goal_shortfall"": 22738558.947970282, ""mean_annual_return"": 10.445076239006537, ""mean_goal_volatility"": 14.33777699562851}, {""time_horizon"": ""Medium-term"", ""mean_goal_progress"": 39.975721417962184, ""mean_goal_shortfall"": 22984243.377683226, ""mean_annual_return"": 10.377743497435736, ""mean_goal_volatility"": 14.027710384990774}, {""time_horizon"": null, ""mean_goal_progress"": 42.12908228059735, ""mean_goal_shortfall"": 26236751.866675314, ""mean_annual_return"": 10.460367688727219, ""mean_goal_volatility"": 14.90010186674103}]",PIPELINE_SUCCESS,NEW_BENCHMARK,Final result executed successfully; answer correctness is recorded separately by review/grading.,2026-10-01T12:12:22,30.607,success,,,Execution checks passed. Answer correctness has not been reviewed; use the separate grader.,not_requested,
aop-improvement3-v9,wealth_management_multi_step_comparative_125_questions:MC125-015,"Across segment, compare the average net cash flow, average signed cash-flow amount, and average cash-flow count of investors.","[{""segment"": null, ""avg_net_cash_flow"": 6821.25, ""avg_cashflow_amount"": 1432.01, ""avg_cashflow_count"": 5.04, ""investor_count"": 77}, {""segment"": ""Diversified"", ""avg_net_cash_flow"": 1395897.51, ""avg_cashflow_amount"": 242194.95, ""avg_cashflow_count"": 5.04, ""investor_count"": 360}, {""segment"": ""Large Cap"", ""avg_net_cash_flow"": 1079159.28, ""avg_cashflow_amount"": 198020.05, ""avg_cashflow_count"": 5.08, ""investor_count"": 373}, {""segment"": ""Mid Cap"", ""avg_net_cash_flow"": 1668695.27, ""avg_cashflow_amount"": 278403.47, ""avg_cashflow_count"": 5.05, ""investor_count"": 361}, {""segment"": ""Small Cap"", ""avg_net_cash_flow"": 1590088.87, ""avg_cashflow_amount"": 274106.59, ""avg_cashflow_count"": 5.04, ""investor_count"": 379}]",Hard,Cross-dimension metric comparison,Comparative,wealth_management_multi_step_comparative_125_questions.csv,Multi-Step Comparative,"[{""segment"": ""Small Cap"", ""avg_net_cash_flow"": 1590088.870712401, ""avg_signed_amount"": 274106.59437115217, ""avg_cash_flow_count"": 5.036939313984169}, {""segment"": null, ""avg_net_cash_flow"": 6821.2467532467535, ""avg_signed_amount"": 1432.0054112554358, ""avg_cash_flow_count"": 5.038961038961039}, {""segment"": ""Large Cap"", ""avg_net_cash_flow"": 1079159.2761394102, ""avg_signed_amount"": 198020.04932975868, ""avg_cash_flow_count"": 5.075067024128686}, {""segment"": ""Mid Cap"", ""avg_net_cash_flow"": 1668695.268698061, ""avg_signed_amount"": 278403.4693905817, ""avg_cash_flow_count"": 5.0470914127423825}, {""segment"": ""Diversified"", ""avg_net_cash_flow"": 1395897.513888889, ""avg_signed_amount"": 242194.946712963, ""avg_cash_flow_count"": 5.044444444444444}]",PIPELINE_SUCCESS,NEW_BENCHMARK,Final result executed successfully; answer correctness is recorded separately by review/grading.,2026-10-01T12:13:58,62.605,success,,,Execution checks passed. Answer correctness has not been reviewed; use the separate grader.,not_requested,
aop-improvement3-v9,wealth_management_multi_step_comparative_125_questions:MC125-016,List the top 10 investors by total net cash flow.,"[{""investor_id"": ""INV-122"", ""investor_name"": ""Dipti Gupta"", ""net_cash_flow"": 100018438.0}, {""investor_id"": ""INV-202"", ""investor_name"": ""Chetan Patel"", ""net_cash_flow"": 100017961.0}, {""investor_id"": ""INV-642"", ""investor_name"": ""Priyanka Mishra"", ""net_cash_flow"": 100016395.0}, {""investor_id"": ""INV-482"", ""investor_name"": ""Deepak Mishra"", ""net_cash_flow"": 100015961.0}, {""investor_id"": ""INV-082"", ""investor_name"": ""Amit Chauhan"", ""net_cash_flow"": 100015142.0}, {""investor_id"": ""INV-1522"", ""investor_name"": ""Sunita Kulkarni"", ""net_cash_flow"": 100014834.0}, {""investor_id"": ""INV-1322"", ""investor_name"": ""Bhavna Gupta"", ""net_cash_flow"": 100013945.0}, {""investor_id"": ""INV-1042"", ""investor_name"": ""Rajesh Kulkarni"", ""net_cash_flow"": 100011994.0}, {""investor_id"": ""INV-522"", ""investor_name"": ""Siddharth Chauhan"", ""net_cash_flow"": 100009757.0}, {""investor_id"": ""INV-322"", ""investor_name"": ""Akshay Nair"", ""net_cash_flow"": 100009040.0}]",Hard,Investor composite ranking,Ranking,wealth_management_multi_step_comparative_125_questions.csv,Multi-Step Comparative,"[{""investor_id"": ""INV-122"", ""investor_name"": ""Dipti Gupta"", ""total_net_cash_flow"": 100018438.0}, {""investor_id"": ""INV-202"", ""investor_name"": ""Chetan Patel"", ""total_net_cash_flow"": 100017961.0}, {""investor_id"": ""INV-642"", ""investor_name"": ""Priyanka Mishra"", ""total_net_cash_flow"": 100016395.0}, {""investor_id"": ""INV-482"", ""investor_name"": ""Deepak Mishra"", ""total_net_cash_flow"": 100015961.0}, {""investor_id"": ""INV-082"", ""investor_name"": ""Amit Chauhan"", ""total_net_cash_flow"": 100015142.0}, {""investor_id"": ""INV-1522"", ""investor_name"": ""Sunita Kulkarni"", ""total_net_cash_flow"": 100014834.0}, {""investor_id"": ""INV-1322"", ""investor_name"": ""Bhavna Gupta"", ""total_net_cash_flow"": 100013945.0}, {""investor_id"": ""INV-1042"", ""investor_name"": ""Rajesh Kulkarni"", ""total_net_cash_flow"": 100011994.0}, {""investor_id"": ""INV-522"", ""investor_name"": ""Siddharth Chauhan"", ""total_net_cash_flow"": 100009757.0}, {""investor_id"": ""INV-322"", ""investor_name"": ""Akshay Nair"", ""total_net_cash_flow"": 100009040.0}]",PIPELINE_SUCCESS,NEW_BENCHMARK,Final result executed successfully; answer correctness is recorded separately by review/grading.,2026-10-01T12:15:01,20.552,success,,,Execution checks passed. Answer correctness has not been reviewed; use the separate grader.,not_requested,
aop-improvement3-v9,wealth_management_multi_step_comparative_125_questions:MC125-017,List the top 10 investors by total holding value.,"[{""investor_id"": ""INV-693"", ""investor_name"": ""Rohan Mehta"", ""holding_value"": 105692316.0}, {""investor_id"": ""INV-1023"", ""investor_name"": ""Priyanka Joshi"", ""holding_value"": 105107466.0}, {""investor_id"": ""INV-1323"", ""investor_name"": ""Bhavna Bhat"", ""holding_value"": 104735092.0}, {""investor_id"": ""INV-1233"", ""investor_name"": ""Suresh Rao"", ""holding_value"": 101908668.5}, {""investor_id"": ""INV-1263"", ""investor_name"": ""Sunita Gupta"", ""holding_value"": 97181987.5}, {""investor_id"": ""INV-663"", ""investor_name"": ""Siddharth Yadav"", ""holding_value"": 97097695.0}, {""investor_id"": ""INV-183"", ""investor_name"": ""Sneha Mishra"", ""holding_value"": 95960555.5}, {""investor_id"": ""INV-723"", ""investor_name"": ""Aishwarya Joshi"", ""holding_value"": 92720811.5}, {""investor_id"": ""INV-213"", ""investor_name"": ""Suresh Mishra"", ""holding_value"": 92198599.5}, {""investor_id"": ""INV-093"", ""investor_name"": ""Anand Gupta"", ""holding_value"": 92139392.0}]",Hard,Investor composite ranking,Ranking,wealth_management_multi_step_comparative_125_questions.csv,Multi-Step Comparative,"[{""investor_id"": ""INV-693"", ""investor_name"": ""Rohan Mehta"", ""total_holding_value"": 105692316.0}, {""investor_id"": ""INV-1023"", ""investor_name"": ""Priyanka Joshi"", ""total_holding_value"": 105107466.0}, {""investor_id"": ""INV-1323"", ""investor_name"": ""Bhavna Bhat"", ""total_holding_value"": 104735092.0}, {""investor_id"": ""INV-1233"", ""investor_name"": ""Suresh Rao"", ""total_holding_value"": 101908668.5}, {""investor_id"": ""INV-1263"", ""investor_name"": ""Sunita Gupta"", ""total_holding_value"": 97181987.5}, {""investor_id"": ""INV-663"", ""investor_name"": ""Siddharth Yadav"", ""total_holding_value"": 97097695.0}, {""investor_id"": ""INV-183"", ""investor_name"": ""Sneha Mishra"", ""total_holding_value"": 95960555.5}, {""investor_id"": ""INV-723"", ""investor_name"": ""Aishwarya Joshi"", ""total_holding_value"": 92720811.5}, {""investor_id"": ""INV-213"", ""investor_name"": ""Suresh Mishra"", ""total_holding_value"": 92198599.5}, {""investor_id"": ""INV-093"", ""investor_name"": ""Anand Gupta"", ""total_holding_value"": 92139392.0}]",PIPELINE_SUCCESS,NEW_BENCHMARK,Final result executed successfully; answer correctness is recorded separately by review/grading.,2026-10-01T12:15:21,16.646,success,,,Execution checks passed. Answer correctness has not been reviewed; use the separate grader.,not_requested,
aop-improvement3-v9,wealth_management_multi_step_comparative_125_questions:MC125-018,List the top 10 investors by total rebalance amount.,"[{""investor_id"": ""INV-1345"", ""investor_name"": ""Rajesh Verma"", ""rebalance_amount"": 1223864.0}, {""investor_id"": ""INV-1153"", ""investor_name"": ""Arvind Sharma"", ""rebalance_amount"": 1130071.0}, {""investor_id"": ""INV-1185"", ""investor_name"": ""Kavita Singh"", ""rebalance_amount"": 1111528.0}, {""investor_id"": ""INV-1393"", ""investor_name"": ""Rahul Iyer"", ""rebalance_amount"": 1077732.0}, {""investor_id"": ""INV-1378"", ""investor_name"": ""Anjali Joshi"", ""rebalance_amount"": 1059469.0}, {""investor_id"": ""INV-808"", ""investor_name"": ""Kavita Hegde"", ""rebalance_amount"": 1014571.0}, {""investor_id"": ""INV-754"", ""investor_name"": ""Ramesh Deshmukh"", ""rebalance_amount"": 1014148.0}, {""investor_id"": ""INV-259"", ""investor_name"": ""Sneha Yadav"", ""rebalance_amount"": 1002229.0}, {""investor_id"": ""INV-878"", ""investor_name"": ""Vikram Kulkarni"", ""rebalance_amount"": 994761.0}, {""investor_id"": ""INV-947"", ""investor_name"": ""Deepak Singh"", ""rebalance_amount"": 987507.0}]",Hard,Investor composite ranking,Ranking,wealth_management_multi_step_comparative_125_questions.csv,Multi-Step Comparative,"[{""investor_id"": ""INV-1345"", ""investor_name"": ""Rajesh Verma"", ""total_rebalance_amount"": 1223864.0}, {""investor_id"": ""INV-1153"", ""investor_name"": ""Arvind Sharma"", ""total_rebalance_amount"": 1130071.0}, {""investor_id"": ""INV-1185"", ""investor_name"": ""Kavita Singh"", ""total_rebalance_amount"": 1111528.0}, {""investor_id"": ""INV-1393"", ""investor_name"": ""Rahul Iyer"", ""total_rebalance_amount"": 1077732.0}, {""investor_id"": ""INV-1378"", ""investor_name"": ""Anjali Joshi"", ""total_rebalance_amount"": 1059469.0}, {""investor_id"": ""INV-808"", ""investor_name"": ""Kavita Hegde"", ""total_rebalance_amount"": 1014571.0}, {""investor_id"": ""INV-754"", ""investor_name"": ""Ramesh Deshmukh"", ""total_rebalance_amount"": 1014148.0}, {""investor_id"": ""INV-259"", ""investor_name"": ""Sneha Yadav"", ""total_rebalance_amount"": 1002229.0}, {""investor_id"": ""INV-878"", ""investor_name"": ""Vikram Kulkarni"", ""total_rebalance_amount"": 994761.0}, {""investor_id"": ""INV-947"", ""investor_name"": ""Deepak Singh"", ""total_rebalance_amount"": 987507.0}]",PIPELINE_SUCCESS,NEW_BENCHMARK,Final result executed successfully; answer correctness is recorded separately by review/grading.,2026-10-01T12:15:38,17.894,success,,,Execution checks passed. Answer correctness has not been reviewed; use the separate grader.,not_requested,
aop-improvement3-v9,wealth_management_multi_step_comparative_125_questions:MC125-019,List the top 10 investors by total sector investment.,"[{""investor_id"": ""INV-515"", ""investor_name"": ""Rahul Verma"", ""sector_investment"": 3918704.0}, {""investor_id"": ""INV-1315"", ""investor_name"": ""Priyanka Hegde"", ""sector_investment"": 3895040.0}, {""investor_id"": ""INV-1004"", ""investor_name"": ""Abhishek Hegde"", ""sector_investment"": 3682075.0}, {""investor_id"": ""INV-1125"", ""investor_name"": ""Vikram Joshi"", ""sector_investment"": 3621738.0}, {""investor_id"": ""INV-1096"", ""investor_name"": ""Amrita Sharma"", ""sector_investment"": 3596744.0}, {""investor_id"": ""INV-1304"", ""investor_name"": ""Aishwarya Chauhan"", ""sector_investment"": 3546684.0}, {""investor_id"": ""INV-250"", ""investor_name"": ""Vivek Chauhan"", ""sector_investment"": 3446611.0}, {""investor_id"": ""INV-886"", ""investor_name"": ""Rohan Pandey"", ""sector_investment"": 3110874.0}, {""investor_id"": ""INV-1312"", ""investor_name"": ""Amit Verma"", ""sector_investment"": 3090435.0}, {""investor_id"": ""INV-1481"", ""investor_name"": ""Amit Mishra"", ""sector_investment"": 3036561.0}]",Hard,Investor composite ranking,Ranking,wealth_management_multi_step_comparative_125_questions.csv,Multi-Step Comparative,"[{""investor_id"": ""INV-515"", ""investor_name"": ""Rahul Verma"", ""summed_total_investment"": 3918704.0}, {""investor_id"": ""INV-1315"", ""investor_name"": ""Priyanka Hegde"", ""summed_total_investment"": 3895040.0}, {""investor_id"": ""INV-1004"", ""investor_name"": ""Abhishek Hegde"", ""summed_total_investment"": 3682075.0}, {""investor_id"": ""INV-1125"", ""investor_name"": ""Vikram Joshi"", ""summed_total_investment"": 3621738.0}, {""investor_id"": ""INV-1096"", ""investor_name"": ""Amrita Sharma"", ""summed_total_investment"": 3596744.0}, {""investor_id"": ""INV-1304"", ""investor_name"": ""Aishwarya Chauhan"", ""summed_total_investment"": 3546684.0}, {""investor_id"": ""INV-250"", ""investor_name"": ""Vivek Chauhan"", ""summed_total_investment"": 3446611.0}, {""investor_id"": ""INV-886"", ""investor_name"": ""Rohan Pandey"", ""summed_total_investment"": 3110874.0}, {""investor_id"": ""INV-1312"", ""investor_name"": ""Amit Verma"", ""summed_total_investment"": 3090435.0}, {""investor_id"": ""INV-1481"", ""investor_name"": ""Amit Mishra"", ""summed_total_investment"": 3036561.0}]",PIPELINE_SUCCESS,NEW_BENCHMARK,Final result executed successfully; answer correctness is recorded separately by review/grading.,2026-10-01T12:15:56,19.566,success,,,Execution checks passed. Answer correctness has not been reviewed; use the separate grader.,not_requested,
aop-improvement3-v9,wealth_management_multi_step_comparative_125_questions:MC125-020,List the top 10 investors by scenario-rebalancing action count (ties broken by investor ID ascending).,"[{""investor_id"": ""INV-030"", ""investor_name"": ""Ramesh Rao"", ""scenario_count"": 5.0}, {""investor_id"": ""INV-033"", ""investor_name"": ""Aishwarya Sharma"", ""scenario_count"": 5.0}, {""investor_id"": ""INV-483"", ""investor_name"": ""Kavita Reddy"", ""scenario_count"": 5.0}, {""investor_id"": ""INV-501"", ""investor_name"": ""Aishwarya Deshmukh"", ""scenario_count"": 5.0}, {""investor_id"": ""INV-529"", ""investor_name"": ""Bhavna Yadav"", ""scenario_count"": 5.0}, {""investor_id"": ""INV-796"", ""investor_name"": ""Rohan Mishra"", ""scenario_count"": 5.0}, {""investor_id"": ""INV-001"", ""investor_name"": ""Arjun Iyer"", ""scenario_count"": 4.0}, {""investor_id"": ""INV-013"", ""investor_name"": ""Abhishek Singh"", ""scenario_count"": 4.0}, {""investor_id"": ""INV-014"", ""investor_name"": ""Rohan Chauhan"", ""scenario_count"": 4.0}, {""investor_id"": ""INV-045"", ""investor_name"": ""Aishwarya Deshmukh"", ""scenario_count"": 4.0}]",Hard,Investor composite ranking,Ranking,wealth_management_multi_step_comparative_125_questions.csv,Multi-Step Comparative,"[{""investor_id"": ""INV-030"", ""rebalance_count"": 5}, {""investor_id"": ""INV-033"", ""rebalance_count"": 5}, {""investor_id"": ""INV-483"", ""rebalance_count"": 5}, {""investor_id"": ""INV-501"", ""rebalance_count"": 5}, {""investor_id"": ""INV-529"", ""rebalance_count"": 5}, {""investor_id"": ""INV-796"", ""rebalance_count"": 5}, {""investor_id"": ""INV-001"", ""rebalance_count"": 4}, {""investor_id"": ""INV-013"", ""rebalance_count"": 4}, {""investor_id"": ""INV-014"", ""rebalance_count"": 4}, {""investor_id"": ""INV-045"", ""rebalance_count"": 4}]",PIPELINE_SUCCESS,NEW_BENCHMARK,Final result executed successfully; answer correctness is recorded separately by review/grading.,2026-10-01T12:16:16,14.209,success,,,Execution checks passed. Answer correctness has not been reviewed; use the separate grader.,not_requested,
aop-improvement3-v9,wealth_management_multi_step_comparative_125_questions:MC125-021,List the top 10 investors by risk score (ties broken by investor ID ascending).,"[{""investor_id"": ""INV-001"", ""investor_name"": ""Arjun Iyer"", ""risk_score"": 100.0}, {""investor_id"": ""INV-021"", ""investor_name"": ""Arvind Chauhan"", ""risk_score"": 100.0}, {""investor_id"": ""INV-041"", ""investor_name"": ""Sneha Nair"", ""risk_score"": 100.0}, {""investor_id"": ""INV-061"", ""investor_name"": ""Kavita Sharma"", ""risk_score"": 100.0}, {""investor_id"": ""INV-081"", ""investor_name"": ""Bhavna Pandey"", ""risk_score"": 100.0}, {""investor_id"": ""INV-1001"", ""investor_name"": ""Vikram Singh"", ""risk_score"": 100.0}, {""investor_id"": ""INV-101"", ""investor_name"": ""Aishwarya Patel"", ""risk_score"": 100.0}, {""investor_id"": ""INV-1021"", ""investor_name"": ""Amit Joshi"", ""risk_score"": 100.0}, {""investor_id"": ""INV-1041"", ""investor_name"": ""Deepak Kulkarni"", ""risk_score"": 100.0}, {""investor_id"": ""INV-1061"", ""investor_name"": ""Vikram Verma"", ""risk_score"": 100.0}]",Hard,Investor composite ranking,Ranking,wealth_management_multi_step_comparative_125_questions.csv,Multi-Step Comparative,"[{""investor_id"": ""INV-001"", ""investor_name"": ""Arjun Iyer"", ""risk_score"": 100.0}, {""investor_id"": ""INV-021"", ""investor_name"": ""Arvind Chauhan"", ""risk_score"": 100.0}, {""investor_id"": ""INV-041"", ""investor_name"": ""Sneha Nair"", ""risk_score"": 100.0}, {""investor_id"": ""INV-061"", ""investor_name"": ""Kavita Sharma"", ""risk_score"": 100.0}, {""investor_id"": ""INV-081"", ""investor_name"": ""Bhavna Pandey"", ""risk_score"": 100.0}, {""investor_id"": ""INV-1001"", ""investor_name"": ""Vikram Singh"", ""risk_score"": 100.0}, {""investor_id"": ""INV-101"", ""investor_name"": ""Aishwarya Patel"", ""risk_score"": 100.0}, {""investor_id"": ""INV-1021"", ""investor_name"": ""Amit Joshi"", ""risk_score"": 100.0}, {""investor_id"": ""INV-1041"", ""investor_name"": ""Deepak Kulkarni"", ""risk_score"": 100.0}, {""investor_id"": ""INV-1061"", ""investor_name"": ""Vikram Verma"", ""risk_score"": 100.0}]",PIPELINE_SUCCESS,NEW_BENCHMARK,Final result executed successfully; answer correctness is recorded separately by review/grading.,2026-10-01T12:16:30,24.051,success,,,Execution checks passed. Answer correctness has not been reviewed; use the separate grader.,not_requested,
aop-improvement3-v9,wealth_management_multi_step_comparative_125_questions:MC125-022,List the top 10 investors by average goal progress.,"[{""investor_id"": ""INV-483"", ""investor_name"": ""Kavita Reddy"", ""goal_progress"": 163.12}, {""investor_id"": ""INV-762"", ""investor_name"": ""Chetan Pandey"", ""goal_progress"": 160.64}, {""investor_id"": ""INV-1403"", ""investor_name"": ""Arjun Iyer"", ""goal_progress"": 142.79}, {""investor_id"": ""INV-1514"", ""investor_name"": ""Anjali Joshi"", ""goal_progress"": 135.08}, {""investor_id"": ""INV-427"", ""investor_name"": ""Meena Mishra"", ""goal_progress"": 134.54}, {""investor_id"": ""INV-1390"", ""investor_name"": ""Suresh Reddy"", ""goal_progress"": 132.71}, {""investor_id"": ""INV-1065"", ""investor_name"": ""Akshay Gupta"", ""goal_progress"": 131.58}, {""investor_id"": ""INV-792"", ""investor_name"": ""Amrita Arora"", ""goal_progress"": 124.58}, {""investor_id"": ""INV-416"", ""investor_name"": ""Akshay Reddy"", ""goal_progress"": 120.01}, {""investor_id"": ""INV-601"", ""investor_name"": ""Akshay Gupta"", ""goal_progress"": 119.97}]",Hard,Investor composite ranking,Ranking,wealth_management_multi_step_comparative_125_questions.csv,Multi-Step Comparative,"[{""investor_id"": ""INV-483"", ""investor_name"": ""Kavita Reddy"", ""avg_progress"": 163.12455151908281}, {""investor_id"": ""INV-762"", ""investor_name"": ""Chetan Pandey"", ""avg_progress"": 160.64011636835397}, {""investor_id"": ""INV-1403"", ""investor_name"": ""Arjun Iyer"", ""avg_progress"": 142.7904236504215}, {""investor_id"": ""INV-1514"", ""investor_name"": ""Anjali Joshi"", ""avg_progress"": 135.07886966975093}, {""investor_id"": ""INV-427"", ""investor_name"": ""Meena Mishra"", ""avg_progress"": 134.54214467274164}, {""investor_id"": ""INV-1390"", ""investor_name"": ""Suresh Reddy"", ""avg_progress"": 132.71221124245227}, {""investor_id"": ""INV-1065"", ""investor_name"": ""Akshay Gupta"", ""avg_progress"": 131.58225441794497}, {""investor_id"": ""INV-792"", ""investor_name"": ""Amrita Arora"", ""avg_progress"": 124.5804992007365}, {""investor_id"": ""INV-416"", ""investor_name"": ""Akshay Reddy"", ""avg_progress"": 120.01286572932753}, {""investor_id"": ""INV-601"", ""investor_name"": ""Akshay Gupta"", ""avg_progress"": 119.96632337208968}]",PIPELINE_SUCCESS,NEW_BENCHMARK,Final result executed successfully; answer correctness is recorded separately by review/grading.,2026-10-01T12:16:54,21.404,success,,,Execution checks passed. Answer correctness has not been reviewed; use the separate grader.,not_requested,
aop-improvement3-v9,wealth_management_multi_step_comparative_125_questions:MC125-023,List the top 20 investors by total net cash flow.,"[{""investor_id"": ""INV-122"", ""investor_name"": ""Dipti Gupta"", ""net_cash_flow"": 100018438.0}, {""investor_id"": ""INV-202"", ""investor_name"": ""Chetan Patel"", ""net_cash_flow"": 100017961.0}, {""investor_id"": ""INV-642"", ""investor_name"": ""Priyanka Mishra"", ""net_cash_flow"": 100016395.0}, {""investor_id"": ""INV-482"", ""investor_name"": ""Deepak Mishra"", ""net_cash_flow"": 100015961.0}, {""investor_id"": ""INV-082"", ""investor_name"": ""Amit Chauhan"", ""net_cash_flow"": 100015142.0}, {""investor_id"": ""INV-1522"", ""investor_name"": ""Sunita Kulkarni"", ""net_cash_flow"": 100014834.0}, {""investor_id"": ""INV-1322"", ""investor_name"": ""Bhavna Gupta"", ""net_cash_flow"": 100013945.0}, {""investor_id"": ""INV-1042"", ""investor_name"": ""Rajesh Kulkarni"", ""net_cash_flow"": 100011994.0}, {""investor_id"": ""INV-522"", ""investor_name"": ""Siddharth Chauhan"", ""net_cash_flow"": 100009757.0}, {""investor_id"": ""INV-322"", ""investor_name"": ""Akshay Nair"", ""net_cash_flow"": 100009040.0}, {""investor_id"": ""INV-802"", ""investor_name"": ""Sunita Arora"", ""net_cash_flow"": 100006527.0}, {""investor_id"": ""INV-1122"", ""investor_name"": ""Deepak Sharma"", ""net_cash_flow"": 100006313.0}, {""investor_id"": ""INV-282"", ""investor_name"": ""Anita Deshmukh"", ""net_cash_flow"": 100006303.0}, {""investor_id"": ""INV-1082"", ""investor_name"": ""Suresh Verma"", ""net_cash_flow"": 100006214.0}, {""investor_id"": ""INV-1482"", ""investor_name"": ""Aishwarya Joshi"", ""net_cash_flow"": 100005610.0}, {""investor_id"": ""INV-1362"", ""investor_name"": ""Rahul Bhat"", ""net_cash_flow"": 100005285.0}, {""investor_id"": ""INV-1202"", ""investor_name"": ""Sunita Sharma"", ""net_cash_flow"": 100004184.0}, {""investor_id"": ""INV-362"", ""investor_name"": ""Siddharth Kulkarni"", ""net_cash_flow"": 100003574.0}, {""investor_id"": ""INV-762"", ""investor_name"": ""Chetan Pandey"", ""net_cash_flow"": 100003558.0}, {""investor_id"": ""INV-1402"", ""investor_name"": ""Dipti Yadav"", ""net_cash_flow"": 100003452.0}]",Hard,Investor composite ranking,Ranking,wealth_management_multi_step_comparative_125_questions.csv,Multi-Step Comparative,"[{""investor_id"": ""INV-122"", ""investor_name"": ""Dipti Gupta"", ""total_net_cash_flow"": 100018438.0}, {""investor_id"": ""INV-202"", ""investor_name"": ""Chetan Patel"", ""total_net_cash_flow"": 100017961.0}, {""investor_id"": ""INV-642"", ""investor_name"": ""Priyanka Mishra"", ""total_net_cash_flow"": 100016395.0}, {""investor_id"": ""INV-482"", ""investor_name"": ""Deepak Mishra"", ""total_net_cash_flow"": 100015961.0}, {""investor_id"": ""INV-082"", ""investor_name"": ""Amit Chauhan"", ""total_net_cash_flow"": 100015142.0}, {""investor_id"": ""INV-1522"", ""investor_name"": ""Sunita Kulkarni"", ""total_net_cash_flow"": 100014834.0}, {""investor_id"": ""INV-1322"", ""investor_name"": ""Bhavna Gupta"", ""total_net_cash_flow"": 100013945.0}, {""investor_id"": ""INV-1042"", ""investor_name"": ""Rajesh Kulkarni"", ""total_net_cash_flow"": 100011994.0}, {""investor_id"": ""INV-522"", ""investor_name"": ""Siddharth Chauhan"", ""total_net_cash_flow"": 100009757.0}, {""investor_id"": ""INV-322"", ""investor_name"": ""Akshay Nair"", ""total_net_cash_flow"": 100009040.0}, {""investor_id"": ""INV-802"", ""investor_name"": ""Sunita Arora"", ""total_net_cash_flow"": 100006527.0}, {""investor_id"": ""INV-1122"", ""investor_name"": ""Deepak Sharma"", ""total_net_cash_flow"": 100006313.0}, {""investor_id"": ""INV-282"", ""investor_name"": ""Anita Deshmukh"", ""total_net_cash_flow"": 100006303.0}, {""investor_id"": ""INV-1082"", ""investor_name"": ""Suresh Verma"", ""total_net_cash_flow"": 100006214.0}, {""investor_id"": ""INV-1482"", ""investor_name"": ""Aishwarya Joshi"", ""total_net_cash_flow"": 100005610.0}, {""investor_id"": ""INV-1362"", ""investor_name"": ""Rahul Bhat"", ""total_net_cash_flow"": 100005285.0}, {""investor_id"": ""INV-1202"", ""investor_name"": ""Sunita Sharma"", ""total_net_cash_flow"": 100004184.0}, {""investor_id"": ""INV-362"", ""investor_name"": ""Siddharth Kulkarni"", ""total_net_cash_flow"": 100003574.0}, {""investor_id"": ""INV-762"", ""investor_name"": ""Chetan Pandey"", ""total_net_cash_flow"": 100003558.0}, {""investor_id"": ""INV-1402"", ""investor_name"": ""Dipti Yadav"", ""total_net_cash_flow"": 100003452.0}]",PIPELINE_SUCCESS,NEW_BENCHMARK,Final result executed successfully; answer correctness is recorded separately by review/grading.,2026-10-01T12:17:16,22.78,success,,,Execution checks passed. Answer correctness has not been reviewed; use the separate grader.,not_requested,
aop-improvement3-v9,wealth_management_multi_step_comparative_125_questions:MC125-024,List the top 20 investors by total holding value.,"[{""investor_id"": ""INV-693"", ""investor_name"": ""Rohan Mehta"", ""holding_value"": 105692316.0}, {""investor_id"": ""INV-1023"", ""investor_name"": ""Priyanka Joshi"", ""holding_value"": 105107466.0}, {""investor_id"": ""INV-1323"", ""investor_name"": ""Bhavna Bhat"", ""holding_value"": 104735092.0}, {""investor_id"": ""INV-1233"", ""investor_name"": ""Suresh Rao"", ""holding_value"": 101908668.5}, {""investor_id"": ""INV-1263"", ""investor_name"": ""Sunita Gupta"", ""holding_value"": 97181987.5}, {""investor_id"": ""INV-663"", ""investor_name"": ""Siddharth Yadav"", ""holding_value"": 97097695.0}, {""investor_id"": ""INV-183"", ""investor_name"": ""Sneha Mishra"", ""holding_value"": 95960555.5}, {""investor_id"": ""INV-723"", ""investor_name"": ""Aishwarya Joshi"", ""holding_value"": 92720811.5}, {""investor_id"": ""INV-213"", ""investor_name"": ""Suresh Mishra"", ""holding_value"": 92198599.5}, {""investor_id"": ""INV-093"", ""investor_name"": ""Anand Gupta"", ""holding_value"": 92139392.0}, {""investor_id"": ""INV-483"", ""investor_name"": ""Kavita Reddy"", ""holding_value"": 86644256.5}, {""investor_id"": ""INV-1473"", ""investor_name"": ""Rohan Patel"", ""holding_value"": 84517354.0}, {""investor_id"": ""INV-423"", ""investor_name"": ""Sunita Patel"", ""holding_value"": 80776282.0}, {""investor_id"": ""INV-363"", ""investor_name"": ""Chetan Singh"", ""holding_value"": 78818649.0}, {""investor_id"": ""INV-603"", ""investor_name"": ""Meena Yadav"", ""holding_value"": 77551005.0}, {""investor_id"": ""INV-783"", ""investor_name"": ""Dipti Mehta"", ""holding_value"": 77495150.5}, {""investor_id"": ""INV-1383"", ""investor_name"": ""Sunita Arora"", ""holding_value"": 76463880.0}, {""investor_id"": ""INV-1293"", ""investor_name"": ""Anjali Arora"", ""holding_value"": 72827780.5}, {""investor_id"": ""INV-003"", ""investor_name"": ""Siddharth Sharma"", ""holding_value"": 72016521.5}, {""investor_id"": ""INV-1443"", ""investor_name"": ""Akshay Patel"", ""holding_value"": 71160116.0}]",Hard,Investor composite ranking,Ranking,wealth_management_multi_step_comparative_125_questions.csv,Multi-Step Comparative,"[{""investor_id"": ""INV-693"", ""investor_name"": ""Rohan Mehta"", ""total_holding_value"": 105692316.0}, {""investor_id"": ""INV-1023"", ""investor_name"": ""Priyanka Joshi"", ""total_holding_value"": 105107466.0}, {""investor_id"": ""INV-1323"", ""investor_name"": ""Bhavna Bhat"", ""total_holding_value"": 104735092.0}, {""investor_id"": ""INV-1233"", ""investor_name"": ""Suresh Rao"", ""total_holding_value"": 101908668.5}, {""investor_id"": ""INV-1263"", ""investor_name"": ""Sunita Gupta"", ""total_holding_value"": 97181987.5}, {""investor_id"": ""INV-663"", ""investor_name"": ""Siddharth Yadav"", ""total_holding_value"": 97097695.0}, {""investor_id"": ""INV-183"", ""investor_name"": ""Sneha Mishra"", ""total_holding_value"": 95960555.5}, {""investor_id"": ""INV-723"", ""investor_name"": ""Aishwarya Joshi"", ""total_holding_value"": 92720811.5}, {""investor_id"": ""INV-213"", ""investor_name"": ""Suresh Mishra"", ""total_holding_value"": 92198599.5}, {""investor_id"": ""INV-093"", ""investor_name"": ""Anand Gupta"", ""total_holding_value"": 92139392.0}, {""investor_id"": ""INV-483"", ""investor_name"": ""Kavita Reddy"", ""total_holding_value"": 86644256.5}, {""investor_id"": ""INV-1473"", ""investor_name"": ""Rohan Patel"", ""total_holding_value"": 84517354.0}, {""investor_id"": ""INV-423"", ""investor_name"": ""Sunita Patel"", ""total_holding_value"": 80776282.0}, {""investor_id"": ""INV-363"", ""investor_name"": ""Chetan Singh"", ""total_holding_value"": 78818649.0}, {""investor_id"": ""INV-603"", ""investor_name"": ""Meena Yadav"", ""total_holding_value"": 77551005.0}, {""investor_id"": ""INV-783"", ""investor_name"": ""Dipti Mehta"", ""total_holding_value"": 77495150.5}, {""investor_id"": ""INV-1383"", ""investor_name"": ""Sunita Arora"", ""total_holding_value"": 76463880.0}, {""investor_id"": ""INV-1293"", ""investor_name"": ""Anjali Arora"", ""total_holding_value"": 72827780.5}, {""investor_id"": ""INV-003"", ""investor_name"": ""Siddharth Sharma"", ""total_holding_value"": 72016521.5}, {""investor_id"": ""INV-1443"", ""investor_name"": ""Akshay Patel"", ""total_holding_value"": 71160116.0}]",PIPELINE_SUCCESS,NEW_BENCHMARK,Final result executed successfully; answer correctness is recorded separately by review/grading.,2026-10-01T12:17:38,27.575,success,,,Execution checks passed. Answer correctness has not been reviewed; use the separate grader.,not_requested,
aop-improvement3-v9,wealth_management_multi_step_comparative_125_questions:MC125-025,List the top 20 investors by total rebalance amount.,"[{""investor_id"": ""INV-1345"", ""investor_name"": ""Rajesh Verma"", ""rebalance_amount"": 1223864.0}, {""investor_id"": ""INV-1153"", ""investor_name"": ""Arvind Sharma"", ""rebalance_amount"": 1130071.0}, {""investor_id"": ""INV-1185"", ""investor_name"": ""Kavita Singh"", ""rebalance_amount"": 1111528.0}, {""investor_id"": ""INV-1393"", ""investor_name"": ""Rahul Iyer"", ""rebalance_amount"": 1077732.0}, {""investor_id"": ""INV-1378"", ""investor_name"": ""Anjali Joshi"", ""rebalance_amount"": 1059469.0}, {""investor_id"": ""INV-808"", ""investor_name"": ""Kavita Hegde"", ""rebalance_amount"": 1014571.0}, {""investor_id"": ""INV-754"", ""investor_name"": ""Ramesh Deshmukh"", ""rebalance_amount"": 1014148.0}, {""investor_id"": ""INV-259"", ""investor_name"": ""Sneha Yadav"", ""rebalance_amount"": 1002229.0}, {""investor_id"": ""INV-878"", ""investor_name"": ""Vikram Kulkarni"", ""rebalance_amount"": 994761.0}, {""investor_id"": ""INV-947"", ""investor_name"": ""Deepak Singh"", ""rebalance_amount"": 987507.0}, {""investor_id"": ""INV-1028"", ""investor_name"": ""Amrita Deshmukh"", ""rebalance_amount"": 977854.0}, {""investor_id"": ""INV-1222"", ""investor_name"": ""Siddharth Arora"", ""rebalance_amount"": 976993.0}, {""investor_id"": ""INV-1125"", ""investor_name"": ""Vikram Joshi"", ""rebalance_amount"": 975863.0}, {""investor_id"": ""INV-1061"", ""investor_name"": ""Vikram Verma"", ""rebalance_amount"": 971160.0}, {""investor_id"": ""INV-1047"", ""investor_name"": ""Anjali Hegde"", ""rebalance_amount"": 960932.0}, {""investor_id"": ""INV-644"", ""investor_name"": ""Abhishek Reddy"", ""rebalance_amount"": 959163.0}, {""investor_id"": ""INV-989"", ""investor_name"": ""Amrita Rao"", ""rebalance_amount"": 951086.0}, {""investor_id"": ""INV-447"", ""investor_name"": ""Amrita Sharma"", ""rebalance_amount"": 944139.0}, {""investor_id"": ""INV-044"", ""investor_name"": ""Ishita Sharma"", ""rebalance_amount"": 941084.0}, {""investor_id"": ""INV-1387"", ""investor_name"": ""Ishita Mehta"", ""rebalance_amount"": 938454.0}]",Hard,Investor composite ranking,Ranking,wealth_management_multi_step_comparative_125_questions.csv,Multi-Step Comparative,"[{""investor_id"": ""INV-1345"", ""investor_name"": ""Rajesh Verma"", ""total_rebalance_amount"": 1223864.0}, {""investor_id"": ""INV-1153"", ""investor_name"": ""Arvind Sharma"", ""total_rebalance_amount"": 1130071.0}, {""investor_id"": ""INV-1185"", ""investor_name"": ""Kavita Singh"", ""total_rebalance_amount"": 1111528.0}, {""investor_id"": ""INV-1393"", ""investor_name"": ""Rahul Iyer"", ""total_rebalance_amount"": 1077732.0}, {""investor_id"": ""INV-1378"", ""investor_name"": ""Anjali Joshi"", ""total_rebalance_amount"": 1059469.0}, {""investor_id"": ""INV-808"", ""investor_name"": ""Kavita Hegde"", ""total_rebalance_amount"": 1014571.0}, {""investor_id"": ""INV-754"", ""investor_name"": ""Ramesh Deshmukh"", ""total_rebalance_amount"": 1014148.0}, {""investor_id"": ""INV-259"", ""investor_name"": ""Sneha Yadav"", ""total_rebalance_amount"": 1002229.0}, {""investor_id"": ""INV-878"", ""investor_name"": ""Vikram Kulkarni"", ""total_rebalance_amount"": 994761.0}, {""investor_id"": ""INV-947"", ""investor_name"": ""Deepak Singh"", ""total_rebalance_amount"": 987507.0}, {""investor_id"": ""INV-1028"", ""investor_name"": ""Amrita Deshmukh"", ""total_rebalance_amount"": 977854.0}, {""investor_id"": ""INV-1222"", ""investor_name"": ""Siddharth Arora"", ""total_rebalance_amount"": 976993.0}, {""investor_id"": ""INV-1125"", ""investor_name"": ""Vikram Joshi"", ""total_rebalance_amount"": 975863.0}, {""investor_id"": ""INV-1061"", ""investor_name"": ""Vikram Verma"", ""total_rebalance_amount"": 971160.0}, {""investor_id"": ""INV-1047"", ""investor_name"": ""Anjali Hegde"", ""total_rebalance_amount"": 960932.0}, {""investor_id"": ""INV-644"", ""investor_name"": ""Abhishek Reddy"", ""total_rebalance_amount"": 959163.0}, {""investor_id"": ""INV-989"", ""investor_name"": ""Amrita Rao"", ""total_rebalance_amount"": 951086.0}, {""investor_id"": ""INV-447"", ""investor_name"": ""Amrita Sharma"", ""total_rebalance_amount"": 944139.0}, {""investor_id"": ""INV-044"", ""investor_name"": ""Ishita Sharma"", ""total_rebalance_amount"": 941084.0}, {""investor_id"": ""INV-1387"", ""investor_name"": ""Ishita Mehta"", ""total_rebalance_amount"": 938454.0}]",PIPELINE_SUCCESS,NEW_BENCHMARK,Final result executed successfully; answer correctness is recorded separately by review/grading.,2026-10-01T12:18:06,23.451,success,,,Execution checks passed. Answer correctness has not been reviewed; use the separate grader.,not_requested,
aop-improvement3-v9,wealth_management_multi_step_comparative_125_questions:MC125-026,"Across risk tolerance, compare the average net cash flow, average signed cash-flow amount, and average total holding value of investors.","[{""risk_tolerance"": null, ""avg_net_cash_flow"": 7844.03, ""avg_cashflow_amount"": 1629.62, ""avg_holding_value"": 10459250.55, ""investor_count"": 77}, {""risk_tolerance"": ""Aggressive"", ""avg_net_cash_flow"": 1652919.38, ""avg_cashflow_amount"": 282637.82, ""avg_holding_value"": 7772076.82, ""investor_count"": 486}, {""risk_tolerance"": ""Conservative"", ""avg_net_cash_flow"": 1600495.38, ""avg_cashflow_amount"": 273687.31, ""avg_holding_value"": 7365637.73, ""investor_count"": 502}, {""risk_tolerance"": ""Moderate"", ""avg_net_cash_flow"": 1037620.49, ""avg_cashflow_amount"": 186955.64, ""avg_holding_value"": 9186349.25, ""investor_count"": 485}]",Hard,Cross-dimension metric comparison,Multi-step Comparative,wealth_management_multi_step_comparative_125_questions.csv,Multi-Step Comparative,"[{""risk_tolerance"": ""Conservative"", ""avg_net_cash_flow"": 1600495.376494024, ""avg_signed_cash_flow_amount"": 273687.3101925631, ""avg_total_holding_value"": 7365637.72754491}, {""risk_tolerance"": ""Moderate"", ""avg_net_cash_flow"": 1037620.4907216495, ""avg_signed_cash_flow_amount"": 186955.6391065292, ""avg_total_holding_value"": 9186349.253623188}, {""risk_tolerance"": null, ""avg_net_cash_flow"": 7844.025974025974, ""avg_signed_cash_flow_amount"": 1629.6183982683983, ""avg_total_holding_value"": 10459250.551948052}, {""risk_tolerance"": ""Aggressive"", ""avg_net_cash_flow"": 1652919.378600823, ""avg_signed_cash_flow_amount"": 282637.81903292186, ""avg_total_holding_value"": 7772076.822680413}]",PIPELINE_SUCCESS,NEW_BENCHMARK,Final result executed successfully; answer correctness is recorded separately by review/grading.,2026-10-01T12:20:15,31.204,success,,,Execution checks passed. Answer correctness has not been reviewed; use the separate grader.,not_requested,
aop-improvement3-v9,wealth_management_multi_step_comparative_125_questions:MC125-027,"Across risk tolerance, compare the average net cash flow, average signed cash-flow amount, and average rebalance amount of investors.","[{""risk_tolerance"": null, ""avg_net_cash_flow"": 7844.03, ""avg_cashflow_amount"": 1629.62, ""avg_rebalance_amount"": 415032.17, ""investor_count"": 77}, {""risk_tolerance"": ""Aggressive"", ""avg_net_cash_flow"": 1652919.38, ""avg_cashflow_amount"": 282637.82, ""avg_rebalance_amount"": 405853.84, ""investor_count"": 486}, {""risk_tolerance"": ""Conservative"", ""avg_net_cash_flow"": 1600495.38, ""avg_cashflow_amount"": 273687.31, ""avg_rebalance_amount"": 414995.35, ""investor_count"": 502}, {""risk_tolerance"": ""Moderate"", ""avg_net_cash_flow"": 1037620.49, ""avg_cashflow_amount"": 186955.64, ""avg_rebalance_amount"": 396592.36, ""investor_count"": 485}]",Hard,Cross-dimension metric comparison,Multi-step Comparative,wealth_management_multi_step_comparative_125_questions.csv,Multi-Step Comparative,"[{""risk_tolerance"": ""Conservative"", ""avg_net_cash_flow"": 1600495.376494024, ""avg_signed_cash_flow"": 335609.306182122, ""avg_rebalance_amount"": 95870.58395721925}, {""risk_tolerance"": ""Moderate"", ""avg_net_cash_flow"": 1037620.4907216495, ""avg_signed_cash_flow"": 214695.36604095562, ""avg_rebalance_amount"": 92754.9344262295}, {""risk_tolerance"": null, ""avg_net_cash_flow"": 7844.025974025974, ""avg_signed_cash_flow"": null, ""avg_rebalance_amount"": null}, {""risk_tolerance"": ""Aggressive"", ""avg_net_cash_flow"": 1652919.378600823, ""avg_signed_cash_flow"": 345513.47010752687, ""avg_rebalance_amount"": 90869.09402597403}]",PIPELINE_SUCCESS,NEW_BENCHMARK,Final result executed successfully; answer correctness is recorded separately by review/grading.,2026-10-01T12:20:46,60.793,success,,,Execution checks passed. Answer correctness has not been reviewed; use the separate grader.,not_requested,
aop-improvement3-v9,wealth_management_multi_step_comparative_125_questions:MC125-028,"Across risk tolerance, compare the average net cash flow, average signed cash-flow amount, and average total sector investment of investors.","[{""risk_tolerance"": null, ""avg_net_cash_flow"": 7844.03, ""avg_cashflow_amount"": 1629.62, ""avg_sector_investment"": 837086.46, ""investor_count"": 77}, {""risk_tolerance"": ""Aggressive"", ""avg_net_cash_flow"": 1652919.38, ""avg_cashflow_amount"": 282637.82, ""avg_sector_investment"": 905299.45, ""investor_count"": 486}, {""risk_tolerance"": ""Conservative"", ""avg_net_cash_flow"": 1600495.38, ""avg_cashflow_amount"": 273687.31, ""avg_sector_investment"": 897105.65, ""investor_count"": 502}, {""risk_tolerance"": ""Moderate"", ""avg_net_cash_flow"": 1037620.49, ""avg_cashflow_amount"": 186955.64, ""avg_sector_investment"": 944870.24, ""investor_count"": 485}]",Hard,Cross-dimension metric comparison,Multi-step Comparative,wealth_management_multi_step_comparative_125_questions.csv,Multi-Step Comparative,"[{""risk_tolerance"": ""Conservative"", ""avg_net_cash_flow"": 1600495.376494024, ""avg_signed_cash_flow_amount"": 273687.3101925631, ""avg_total_sector_investment"": 897105.6519337017}, {""risk_tolerance"": ""Moderate"", ""avg_net_cash_flow"": 1037620.4907216495, ""avg_signed_cash_flow_amount"": 186955.6391065292, ""avg_total_sector_investment"": 944870.2383561644}, {""risk_tolerance"": null, ""avg_net_cash_flow"": 7844.025974025974, ""avg_signed_cash_flow_amount"": 1629.6183982683983, ""avg_total_sector_investment"": 837086.46}, {""risk_tolerance"": ""Aggressive"", ""avg_net_cash_flow"": 1652919.378600823, ""avg_signed_cash_flow_amount"": 282637.81903292186, ""avg_total_sector_investment"": 905299.452722063}]",PIPELINE_SUCCESS,NEW_BENCHMARK,Final result executed successfully; answer correctness is recorded separately by review/grading.,2026-10-01T12:21:47,29.345,success,,,Execution checks passed. Answer correctness has not been reviewed; use the separate grader.,not_requested,
aop-improvement3-v9,wealth_management_multi_step_comparative_125_questions:MC125-029,"Across risk tolerance, compare the average net cash flow, average signed cash-flow amount, and average scenario shift (new minus current allocation %) of investors.","[{""risk_tolerance"": null, ""avg_net_cash_flow"": 7844.03, ""avg_cashflow_amount"": 1629.62, ""avg_scenario_shift"": -0.71, ""investor_count"": 77}, {""risk_tolerance"": ""Aggressive"", ""avg_net_cash_flow"": 1652919.38, ""avg_cashflow_amount"": 282637.82, ""avg_scenario_shift"": -1.85, ""investor_count"": 486}, {""risk_tolerance"": ""Conservative"", ""avg_net_cash_flow"": 1600495.38, ""avg_cashflow_amount"": 273687.31, ""avg_scenario_shift"": -2.22, ""investor_count"": 502}, {""risk_tolerance"": ""Moderate"", ""avg_net_cash_flow"": 1037620.49, ""avg_cashflow_amount"": 186955.64, ""avg_scenario_shift"": 0.07, ""investor_count"": 485}]",Hard,Cross-dimension metric comparison,Multi-step Comparative,wealth_management_multi_step_comparative_125_questions.csv,Multi-Step Comparative,"[{""risk_tolerance"": ""Conservative"", ""avg_net_cash_flow"": 1600495.376494024, ""avg_signed_amount"": 335609.306182122, ""avg_scenario_shift"": -2.223434004474273}, {""risk_tolerance"": ""Moderate"", ""avg_net_cash_flow"": 1037620.4907216495, ""avg_signed_amount"": 214695.36604095562, ""avg_scenario_shift"": 0.06820877817319065}, {""risk_tolerance"": ""Aggressive"", ""avg_net_cash_flow"": 1652919.378600823, ""avg_signed_amount"": 345513.47010752687, ""avg_scenario_shift"": -1.8488054607508535}]",PIPELINE_SUCCESS,NEW_BENCHMARK,Final result executed successfully; answer correctness is recorded separately by review/grading.,2026-10-01T12:22:16,104.88,success,,,Execution checks passed. Answer correctness has not been reviewed; use the separate grader.,not_requested,
aop-improvement3-v9,wealth_management_multi_step_comparative_125_questions:MC125-030,"Across risk tolerance, compare the average net cash flow, average signed cash-flow amount, and average risk score of investors.","[{""risk_tolerance"": null, ""avg_net_cash_flow"": 7844.03, ""avg_cashflow_amount"": 1629.62, ""avg_risk_score"": 55.31, ""investor_count"": 77}, {""risk_tolerance"": ""Aggressive"", ""avg_net_cash_flow"": 1652919.38, ""avg_cashflow_amount"": 282637.82, ""avg_risk_score"": 49.12, ""investor_count"": 486}, {""risk_tolerance"": ""Conservative"", ""avg_net_cash_flow"": 1600495.38, ""avg_cashflow_amount"": 273687.31, ""avg_risk_score"": 51.7, ""investor_count"": 502}, {""risk_tolerance"": ""Moderate"", ""avg_net_cash_flow"": 1037620.49, ""avg_cashflow_amount"": 186955.64, ""avg_risk_score"": 49.29, ""investor_count"": 485}]",Hard,Cross-dimension metric comparison,Multi-step Comparative,wealth_management_multi_step_comparative_125_questions.csv,Multi-Step Comparative,"[{""risk_tolerance"": ""Conservative"", ""avg_net_cash_flow"": 1600495.376494024, ""avg_signed_cash_flow_amount"": 273687.3101925631, ""avg_risk_score"": 51.69881238764889}, {""risk_tolerance"": ""Moderate"", ""avg_net_cash_flow"": 1037620.4907216495, ""avg_signed_cash_flow_amount"": 186955.6391065292, ""avg_risk_score"": 49.29299804472841}, {""risk_tolerance"": null, ""avg_net_cash_flow"": 7844.025974025974, ""avg_signed_cash_flow_amount"": 1629.6183982683983, ""avg_risk_score"": 55.31466608298088}, {""risk_tolerance"": ""Aggressive"", ""avg_net_cash_flow"": 1652919.378600823, ""avg_signed_cash_flow_amount"": 282637.81903292186, ""avg_risk_score"": 49.11514878672162}]",PIPELINE_SUCCESS,NEW_BENCHMARK,Final result executed successfully; answer correctness is recorded separately by review/grading.,2026-10-01T12:24:01,21.685,success,,,Execution checks passed. Answer correctness has not been reviewed; use the separate grader.,not_requested,
aop-improvement3-v9,wealth_management_multi_step_comparative_125_questions:MC125-031,"Across risk tolerance, compare the average net cash flow, average signed cash-flow amount, and average goal progress of investors.","[{""risk_tolerance"": null, ""avg_net_cash_flow"": 7844.03, ""avg_cashflow_amount"": 1629.62, ""avg_goal_progress"": 46.45, ""investor_count"": 77}, {""risk_tolerance"": ""Aggressive"", ""avg_net_cash_flow"": 1652919.38, ""avg_cashflow_amount"": 282637.82, ""avg_goal_progress"": 39.76, ""investor_count"": 486}, {""risk_tolerance"": ""Conservative"", ""avg_net_cash_flow"": 1600495.38, ""avg_cashflow_amount"": 273687.31, ""avg_goal_progress"": 38.25, ""investor_count"": 502}, {""risk_tolerance"": ""Moderate"", ""avg_net_cash_flow"": 1037620.49, ""avg_cashflow_amount"": 186955.64, ""avg_goal_progress"": 41.21, ""investor_count"": 485}]",Hard,Cross-dimension metric comparison,Multi-step Comparative,wealth_management_multi_step_comparative_125_questions.csv,Multi-Step Comparative,"[{""risk_tolerance"": ""Conservative"", ""avg_net_cash_flow"": 1600495.376494024, ""avg_signed_cash_flow_amount"": 273687.3101925631, ""avg_goal_progress"": 38.25466267969879}, {""risk_tolerance"": ""Moderate"", ""avg_net_cash_flow"": 1037620.4907216495, ""avg_signed_cash_flow_amount"": 186955.6391065292, ""avg_goal_progress"": 41.208436917228674}, {""risk_tolerance"": null, ""avg_net_cash_flow"": 7844.025974025974, ""avg_signed_cash_flow_amount"": 1629.6183982683983, ""avg_goal_progress"": 46.44617225514613}, {""risk_tolerance"": ""Aggressive"", ""avg_net_cash_flow"": 1652919.378600823, ""avg_signed_cash_flow_amount"": 282637.81903292186, ""avg_goal_progress"": 39.75870500669318}]",PIPELINE_SUCCESS,NEW_BENCHMARK,Final result executed successfully; answer correctness is recorded separately by review/grading.,2026-10-01T12:24:28,19.234,success,,,Execution checks passed. Answer correctness has not been reviewed; use the separate grader.,not_requested,
aop-improvement3-v9,wealth_management_multi_step_comparative_125_questions:MC125-032,"Across risk tolerance, compare the average total holding value, average holding return (counting only holdings with a recorded cost and current value), and average rebalance amount of investors.","[{""risk_tolerance"": null, ""avg_holding_value"": 10459250.55, ""avg_holding_return"": 89.82, ""avg_rebalance_amount"": 415032.17, ""investor_count"": 77}, {""risk_tolerance"": ""Aggressive"", ""avg_holding_value"": 7772076.82, ""avg_holding_return"": 75.8, ""avg_rebalance_amount"": 405853.84, ""investor_count"": 486}, {""risk_tolerance"": ""Conservative"", ""avg_holding_value"": 7365637.73, ""avg_holding_return"": 64.68, ""avg_rebalance_amount"": 414995.35, ""investor_count"": 502}, {""risk_tolerance"": ""Moderate"", ""avg_holding_value"": 9186349.25, ""avg_holding_return"": 89.16, ""avg_rebalance_amount"": 396592.36, ""investor_count"": 485}]",Hard,Cross-dimension metric comparison,Multi-step Comparative,wealth_management_multi_step_comparative_125_questions.csv,Multi-Step Comparative,Query_Spec changed assigned source class ATOM_ENTITY_INVESTOR_PROFILE_001 to ATOM_ENTITY_PORTFOLIO_HOLDING_001.,QUERY_SPEC_ERROR,NEW_BENCHMARK,The pipeline stopped before completing an executable final result.,2026-10-01T12:24:48,71.224,,,,Query_Spec changed assigned source class ATOM_ENTITY_INVESTOR_PROFILE_001 to ATOM_ENTITY_PORTFOLIO_HOLDING_001.,not_reached,Query_Spec
aop-improvement3-v9,wealth_management_multi_step_comparative_125_questions:MC125-033,"Across risk tolerance, compare the average total holding value, average holding return (counting only holdings with a recorded cost and current value), and average total sector investment of investors.","[{""risk_tolerance"": null, ""avg_holding_value"": 10459250.55, ""avg_holding_return"": 89.82, ""avg_sector_investment"": 837086.46, ""investor_count"": 77}, {""risk_tolerance"": ""Aggressive"", ""avg_holding_value"": 7772076.82, ""avg_holding_return"": 75.8, ""avg_sector_investment"": 905299.45, ""investor_count"": 486}, {""risk_tolerance"": ""Conservative"", ""avg_holding_value"": 7365637.73, ""avg_holding_return"": 64.68, ""avg_sector_investment"": 897105.65, ""investor_count"": 502}, {""risk_tolerance"": ""Moderate"", ""avg_holding_value"": 9186349.25, ""avg_holding_return"": 89.16, ""avg_sector_investment"": 944870.24, ""investor_count"": 485}]",Hard,Cross-dimension metric comparison,Multi-step Comparative,wealth_management_multi_step_comparative_125_questions.csv,Multi-Step Comparative,Query_Spec changed assigned source class ATOM_ENTITY_INVESTOR_PROFILE_001 to ATOM_ENTITY_PORTFOLIO_HOLDING_001.,QUERY_SPEC_ERROR,NEW_BENCHMARK,The pipeline stopped before completing an executable final result.,2026-10-01T12:25:59,60.682,,,,Query_Spec changed assigned source class ATOM_ENTITY_INVESTOR_PROFILE_001 to ATOM_ENTITY_PORTFOLIO_HOLDING_001.,not_reached,Query_Spec
aop-improvement3-v9,wealth_management_multi_step_comparative_125_questions:MC125-034,"Across risk tolerance, compare the average total holding value, average holding return (counting only holdings with a recorded cost and current value), and average scenario shift (new minus current allocation %) of investors.","[{""risk_tolerance"": null, ""avg_holding_value"": 10459250.55, ""avg_holding_return"": 89.82, ""avg_scenario_shift"": -0.71, ""investor_count"": 77}, {""risk_tolerance"": ""Aggressive"", ""avg_holding_value"": 7772076.82, ""avg_holding_return"": 75.8, ""avg_scenario_shift"": -1.85, ""investor_count"": 486}, {""risk_tolerance"": ""Conservative"", ""avg_holding_value"": 7365637.73, ""avg_holding_return"": 64.68, ""avg_scenario_shift"": -2.22, ""investor_count"": 502}, {""risk_tolerance"": ""Moderate"", ""avg_holding_value"": 9186349.25, ""avg_holding_return"": 89.16, ""avg_scenario_shift"": 0.07, ""investor_count"": 485}]",Hard,Cross-dimension metric comparison,Multi-step Comparative,wealth_management_multi_step_comparative_125_questions.csv,Multi-Step Comparative,"[{""risk_tolerance"": ""Conservative"", ""avg_total_holding_value"": 7054754.050100201, ""avg_holding_return"": 61.45040580661823, ""avg_scenario_shift"": -2.2234340044742726}, {""risk_tolerance"": ""Moderate"", ""avg_total_holding_value"": 8577006.447095435, ""avg_holding_return"": 84.58406796062398, ""avg_scenario_shift"": 0.06820877817319085}, {""risk_tolerance"": null, ""avg_total_holding_value"": 9057717.12987013, ""avg_holding_return"": 88.30677980028631, ""avg_scenario_shift"": -0.7110000000000002}, {""risk_tolerance"": ""Aggressive"", ""avg_total_holding_value"": 7478508.520618557, ""avg_holding_return"": 72.13039823864564, ""avg_scenario_shift"": -1.8488054607508535}]",PIPELINE_SUCCESS,NEW_BENCHMARK,Final result executed successfully; answer correctness is recorded separately by review/grading.,2026-10-01T12:27:00,93.694,success,,,Execution checks passed. Answer correctness has not been reviewed; use the separate grader.,not_requested,
aop-improvement3-v9,wealth_management_multi_step_comparative_125_questions:MC125-035,"Across risk tolerance, compare the average total holding value, average holding return (counting only holdings with a recorded cost and current value), and average risk score of investors.","[{""risk_tolerance"": null, ""avg_holding_value"": 10459250.55, ""avg_holding_return"": 89.82, ""avg_risk_score"": 55.31, ""investor_count"": 77}, {""risk_tolerance"": ""Aggressive"", ""avg_holding_value"": 7772076.82, ""avg_holding_return"": 75.8, ""avg_risk_score"": 49.12, ""investor_count"": 486}, {""risk_tolerance"": ""Conservative"", ""avg_holding_value"": 7365637.73, ""avg_holding_return"": 64.68, ""avg_risk_score"": 51.7, ""investor_count"": 502}, {""risk_tolerance"": ""Moderate"", ""avg_holding_value"": 9186349.25, ""avg_holding_return"": 89.16, ""avg_risk_score"": 49.29, ""investor_count"": 485}]",Hard,Cross-dimension metric comparison,Multi-step Comparative,wealth_management_multi_step_comparative_125_questions.csv,Multi-Step Comparative,"[{""risk_tolerance"": ""Conservative"", ""avg_total_holding_value"": 7365637.72754491, ""avg_holding_return"": 0.6467505523868249, ""avg_risk_score"": 51.69881238764889}, {""risk_tolerance"": ""Moderate"", ""avg_total_holding_value"": 9186349.253623188, ""avg_holding_return"": 0.891605117566656, ""avg_risk_score"": 49.29299804472841}, {""risk_tolerance"": null, ""avg_total_holding_value"": 10459250.551948052, ""avg_holding_return"": 0.898236395638993, ""avg_risk_score"": 55.31466608298088}, {""risk_tolerance"": ""Aggressive"", ""avg_total_holding_value"": 7772076.822680413, ""avg_holding_return"": 0.7579978040287318, ""avg_risk_score"": 49.11514878672162}]",PIPELINE_SUCCESS,NEW_BENCHMARK,Final result executed successfully; answer correctness is recorded separately by review/grading.,2026-10-01T12:28:33,90.007,success,,,Execution checks passed. Answer correctness has not been reviewed; use the separate grader.,not_requested,
aop-improvement3-v9,wealth_management_multi_step_comparative_125_questions:MC125-036,"Across risk tolerance, compare the average total holding value, average holding return (counting only holdings with a recorded cost and current value), and average goal progress of investors.","[{""risk_tolerance"": null, ""avg_holding_value"": 10459250.55, ""avg_holding_return"": 89.82, ""avg_goal_progress"": 46.45, ""investor_count"": 77}, {""risk_tolerance"": ""Aggressive"", ""avg_holding_value"": 7772076.82, ""avg_holding_return"": 75.8, ""avg_goal_progress"": 39.76, ""investor_count"": 486}, {""risk_tolerance"": ""Conservative"", ""avg_holding_value"": 7365637.73, ""avg_holding_return"": 64.68, ""avg_goal_progress"": 38.25, ""investor_count"": 502}, {""risk_tolerance"": ""Moderate"", ""avg_holding_value"": 9186349.25, ""avg_holding_return"": 89.16, ""avg_goal_progress"": 41.21, ""investor_count"": 485}]",Hard,Cross-dimension metric comparison,Multi-step Comparative,wealth_management_multi_step_comparative_125_questions.csv,Multi-Step Comparative,"[{""risk_tolerance"": ""Conservative"", ""avg_total_holding_value"": 7054754.050100201, ""avg_holding_return"": 61.45040580661823, ""avg_goal_progress"": 38.25466267969879}, {""risk_tolerance"": ""Moderate"", ""avg_total_holding_value"": 8577006.447095435, ""avg_holding_return"": 84.58406796062398, ""avg_goal_progress"": 41.208436917228674}, {""risk_tolerance"": null, ""avg_total_holding_value"": 9057717.12987013, ""avg_holding_return"": 88.30677980028631, ""avg_goal_progress"": 46.44617225514613}, {""risk_tolerance"": ""Aggressive"", ""avg_total_holding_value"": 7478508.520618557, ""avg_holding_return"": 72.13039823864564, ""avg_goal_progress"": 39.75870500669318}]",PIPELINE_SUCCESS,NEW_BENCHMARK,Final result executed successfully; answer correctness is recorded separately by review/grading.,2026-10-01T12:31:24,42.201,success,,,Execution checks passed. Answer correctness has not been reviewed; use the separate grader.,not_requested,
aop-improvement3-v9,wealth_management_multi_step_comparative_125_questions:MC125-037,"Across risk tolerance, compare the average rebalance amount, average rebalance shift (target minus current allocation %), and average total sector investment of investors.","[{""risk_tolerance"": null, ""avg_rebalance_amount"": 415032.17, ""avg_rebalance_shift"": 0.43, ""avg_sector_investment"": 837086.46, ""investor_count"": 77}, {""risk_tolerance"": ""Aggressive"", ""avg_rebalance_amount"": 405853.84, ""avg_rebalance_shift"": -1.29, ""avg_sector_investment"": 905299.45, ""investor_count"": 486}, {""risk_tolerance"": ""Conservative"", ""avg_rebalance_amount"": 414995.35, ""avg_rebalance_shift"": 1.75, ""avg_sector_investment"": 897105.65, ""investor_count"": 502}, {""risk_tolerance"": ""Moderate"", ""avg_rebalance_amount"": 396592.36, ""avg_rebalance_shift"": -1.76, ""avg_sector_investment"": 944870.24, ""investor_count"": 485}]",Hard,Cross-dimension metric comparison,Multi-step Comparative,wealth_management_multi_step_comparative_125_questions.csv,Multi-Step Comparative,"[{""risk_tolerance"": ""Conservative"", ""avg_rebalance_amount"": 95918.0459876543, ""avg_rebalance_shift"": 1.7532861531709456, ""avg_total_sector_investment"": 897105.6519337017}, {""risk_tolerance"": ""Moderate"", ""avg_rebalance_amount"": 93208.38650144637, ""avg_rebalance_shift"": -1.7602685624012637, ""avg_total_sector_investment"": 944870.2383561644}, {""risk_tolerance"": null, ""avg_rebalance_amount"": 110304.93280423277, ""avg_rebalance_shift"": 0.4267195767195766, ""avg_total_sector_investment"": 837086.46}, {""risk_tolerance"": ""Aggressive"", ""avg_rebalance_amount"": 88654.69135454646, ""avg_rebalance_shift"": -1.2875320620051298, ""avg_total_sector_investment"": 905299.452722063}]",PIPELINE_SUCCESS,NEW_BENCHMARK,Final result executed successfully; answer correctness is recorded separately by review/grading.,2026-10-01T12:32:06,51.498,success,,,Execution checks passed. Answer correctness has not been reviewed; use the separate grader.,not_requested,
aop-improvement3-v9,wealth_management_multi_step_comparative_125_questions:MC125-038,"Across risk tolerance, compare the average rebalance amount, average rebalance shift (target minus current allocation %), and average scenario shift (new minus current allocation %) of investors.","[{""risk_tolerance"": null, ""avg_rebalance_amount"": 415032.17, ""avg_rebalance_shift"": 0.43, ""avg_scenario_shift"": -0.71, ""investor_count"": 77}, {""risk_tolerance"": ""Aggressive"", ""avg_rebalance_amount"": 405853.84, ""avg_rebalance_shift"": -1.29, ""avg_scenario_shift"": -1.85, ""investor_count"": 486}, {""risk_tolerance"": ""Conservative"", ""avg_rebalance_amount"": 414995.35, ""avg_rebalance_shift"": 1.75, ""avg_scenario_shift"": -2.22, ""investor_count"": 502}, {""risk_tolerance"": ""Moderate"", ""avg_rebalance_amount"": 396592.36, ""avg_rebalance_shift"": -1.76, ""avg_scenario_shift"": 0.07, ""investor_count"": 485}]",Hard,Cross-dimension metric comparison,Multi-step Comparative,wealth_management_multi_step_comparative_125_questions.csv,Multi-Step Comparative,"[{""risk_tolerance"": ""Conservative"", ""avg_rebalance_amount"": 95918.0459876543, ""avg_rebalance_shift"": 1.7532861531709456, ""avg_scenario_shift"": -2.2234340044742726, ""investor_count"": 502}, {""risk_tolerance"": ""Moderate"", ""avg_rebalance_amount"": 93208.38650144637, ""avg_rebalance_shift"": -1.7602685624012637, ""avg_scenario_shift"": 0.06820877817319085, ""investor_count"": 485}, {""risk_tolerance"": null, ""avg_rebalance_amount"": 110304.93280423277, ""avg_rebalance_shift"": 0.4267195767195766, ""avg_scenario_shift"": -0.7110000000000002, ""investor_count"": 77}, {""risk_tolerance"": ""Aggressive"", ""avg_rebalance_amount"": 88654.69135454646, ""avg_rebalance_shift"": -1.2875320620051298, ""avg_scenario_shift"": -1.8488054607508535, ""investor_count"": 486}]",PIPELINE_SUCCESS,NEW_BENCHMARK,Final result executed successfully; answer correctness is recorded separately by review/grading.,2026-10-01T12:32:58,73.596,success,,,Execution checks passed. Answer correctness has not been reviewed; use the separate grader.,not_requested,
aop-improvement3-v9,wealth_management_multi_step_comparative_125_questions:MC125-039,"Across risk tolerance, compare the average rebalance amount, average rebalance shift (target minus current allocation %), and average risk score of investors.","[{""risk_tolerance"": null, ""avg_rebalance_amount"": 415032.17, ""avg_rebalance_shift"": 0.43, ""avg_risk_score"": 55.31, ""investor_count"": 77}, {""risk_tolerance"": ""Aggressive"", ""avg_rebalance_amount"": 405853.84, ""avg_rebalance_shift"": -1.29, ""avg_risk_score"": 49.12, ""investor_count"": 486}, {""risk_tolerance"": ""Conservative"", ""avg_rebalance_amount"": 414995.35, ""avg_rebalance_shift"": 1.75, ""avg_risk_score"": 51.7, ""investor_count"": 502}, {""risk_tolerance"": ""Moderate"", ""avg_rebalance_amount"": 396592.36, ""avg_rebalance_shift"": -1.76, ""avg_risk_score"": 49.29, ""investor_count"": 485}]",Hard,Cross-dimension metric comparison,Multi-step Comparative,wealth_management_multi_step_comparative_125_questions.csv,Multi-Step Comparative,"[{""risk_tolerance"": ""Conservative"", ""avg_rebalance_amount"": 95918.0459876543, ""avg_rebalance_shift"": 1.7532861531709456, ""avg_risk_score"": 51.69881238764889}, {""risk_tolerance"": ""Moderate"", ""avg_rebalance_amount"": 93208.38650144637, ""avg_rebalance_shift"": -1.7602685624012637, ""avg_risk_score"": 49.29299804472841}, {""risk_tolerance"": null, ""avg_rebalance_amount"": 110304.93280423277, ""avg_rebalance_shift"": 0.4267195767195766, ""avg_risk_score"": 55.31466608298088}, {""risk_tolerance"": ""Aggressive"", ""avg_rebalance_amount"": 88654.69135454646, ""avg_rebalance_shift"": -1.2875320620051298, ""avg_risk_score"": 49.11514878672162}]",PIPELINE_SUCCESS,NEW_BENCHMARK,Final result executed successfully; answer correctness is recorded separately by review/grading.,2026-10-01T12:34:11,82.049,success,,,Execution checks passed. Answer correctness has not been reviewed; use the separate grader.,not_requested,
aop-improvement3-v9,wealth_management_multi_step_comparative_125_questions:MC125-040,"Across risk tolerance, compare the average rebalance amount, average rebalance shift (target minus current allocation %), and average goal progress of investors.","[{""risk_tolerance"": null, ""avg_rebalance_amount"": 415032.17, ""avg_rebalance_shift"": 0.43, ""avg_goal_progress"": 46.45, ""investor_count"": 77}, {""risk_tolerance"": ""Aggressive"", ""avg_rebalance_amount"": 405853.84, ""avg_rebalance_shift"": -1.29, ""avg_goal_progress"": 39.76, ""investor_count"": 486}, {""risk_tolerance"": ""Conservative"", ""avg_rebalance_amount"": 414995.35, ""avg_rebalance_shift"": 1.75, ""avg_goal_progress"": 38.25, ""investor_count"": 502}, {""risk_tolerance"": ""Moderate"", ""avg_rebalance_amount"": 396592.36, ""avg_rebalance_shift"": -1.76, ""avg_goal_progress"": 41.21, ""investor_count"": 485}]",Hard,Cross-dimension metric comparison,Multi-step Comparative,wealth_management_multi_step_comparative_125_questions.csv,Multi-Step Comparative,"[{""risk_tolerance"": ""Conservative"", ""avg_rebalance_amount"": 82543.01965471446, ""avg_rebalance_shift"": 1.5157892240561561, ""avg_goal_progress"": 38.25466267969879}, {""risk_tolerance"": ""Moderate"", ""avg_rebalance_amount"": 82253.99880952381, ""avg_rebalance_shift"": -1.531615120274914, ""avg_goal_progress"": 41.208436917228674}, {""risk_tolerance"": null, ""avg_rebalance_amount"": 90249.49047619045, ""avg_rebalance_shift"": 0.349134199134199, ""avg_goal_progress"": 46.44617225514613}, {""risk_tolerance"": ""Aggressive"", ""avg_rebalance_amount"": 78621.75303252989, ""avg_rebalance_shift"": -1.1312267293748774, ""avg_goal_progress"": 39.75870500669318}]",PIPELINE_SUCCESS,NEW_BENCHMARK,Final result executed successfully; answer correctness is recorded separately by review/grading.,2026-10-01T12:35:34,55.119,success,,,Execution checks passed. Answer correctness has not been reviewed; use the separate grader.,not_requested,
aop-improvement3-v9,wealth_management_multi_step_comparative_125_questions:MC125-041,"Across risk tolerance, compare the average total sector investment, average allocation percentage, and average scenario shift (new minus current allocation %) of investors.","[{""risk_tolerance"": null, ""avg_sector_investment"": 837086.46, ""avg_allocation_pct"": 15.32, ""avg_scenario_shift"": -0.71, ""investor_count"": 77}, {""risk_tolerance"": ""Aggressive"", ""avg_sector_investment"": 905299.45, ""avg_allocation_pct"": 14.91, ""avg_scenario_shift"": -1.85, ""investor_count"": 486}, {""risk_tolerance"": ""Conservative"", ""avg_sector_investment"": 897105.65, ""avg_allocation_pct"": 15.23, ""avg_scenario_shift"": -2.22, ""investor_count"": 502}, {""risk_tolerance"": ""Moderate"", ""avg_sector_investment"": 944870.24, ""avg_allocation_pct"": 15.54, ""avg_scenario_shift"": 0.07, ""investor_count"": 485}]",Hard,Cross-dimension metric comparison,Multi-step Comparative,wealth_management_multi_step_comparative_125_questions.csv,Multi-Step Comparative,"[{""risk_tolerance"": ""Conservative"", ""avg_total_sector_investment"": 897105.6519337017, ""avg_allocation_percentage"": 15.234281419573131, ""avg_scenario_shift"": -2.2234340044742726}, {""risk_tolerance"": ""Moderate"", ""avg_total_sector_investment"": 944870.2383561644, ""avg_allocation_percentage"": 15.542793800756613, ""avg_scenario_shift"": 0.06820877817319085}, {""risk_tolerance"": null, ""avg_total_sector_investment"": 837086.46, ""avg_allocation_percentage"": 15.31888393485641, ""avg_scenario_shift"": -0.7110000000000002}, {""risk_tolerance"": ""Aggressive"", ""avg_total_sector_investment"": 905299.452722063, ""avg_allocation_percentage"": 14.905509262994569, ""avg_scenario_shift"": -1.8488054607508535}]",PIPELINE_SUCCESS,NEW_BENCHMARK,Final result executed successfully; answer correctness is recorded separately by review/grading.,2026-10-01T12:36:29,78.987,success,,,Execution checks passed. Answer correctness has not been reviewed; use the separate grader.,not_requested,
aop-improvement3-v9,wealth_management_multi_step_comparative_125_questions:MC125-042,"Across risk tolerance, compare the average total sector investment, average allocation percentage, and average risk score of investors.","[{""risk_tolerance"": null, ""avg_sector_investment"": 837086.46, ""avg_allocation_pct"": 15.32, ""avg_risk_score"": 55.31, ""investor_count"": 77}, {""risk_tolerance"": ""Aggressive"", ""avg_sector_investment"": 905299.45, ""avg_allocation_pct"": 14.91, ""avg_risk_score"": 49.12, ""investor_count"": 486}, {""risk_tolerance"": ""Conservative"", ""avg_sector_investment"": 897105.65, ""avg_allocation_pct"": 15.23, ""avg_risk_score"": 51.7, ""investor_count"": 502}, {""risk_tolerance"": ""Moderate"", ""avg_sector_investment"": 944870.24, ""avg_allocation_pct"": 15.54, ""avg_risk_score"": 49.29, ""investor_count"": 485}]",Hard,Cross-dimension metric comparison,Multi-step Comparative,wealth_management_multi_step_comparative_125_questions.csv,Multi-Step Comparative,"[{""risk_tolerance"": ""Conservative"", ""avg_total_sector_investment"": 897105.6519337017, ""avg_allocation_percentage"": 15.234281419573131, ""avg_risk_score"": 51.69881238764889}, {""risk_tolerance"": ""Moderate"", ""avg_total_sector_investment"": 944870.2383561644, ""avg_allocation_percentage"": 15.542793800756613, ""avg_risk_score"": 49.29299804472841}, {""risk_tolerance"": null, ""avg_total_sector_investment"": 837086.46, ""avg_allocation_percentage"": 15.31888393485641, ""avg_risk_score"": 55.31466608298088}, {""risk_tolerance"": ""Aggressive"", ""avg_total_sector_investment"": 905299.452722063, ""avg_allocation_percentage"": 14.905509262994569, ""avg_risk_score"": 49.11514878672162}]",PIPELINE_SUCCESS,NEW_BENCHMARK,Final result executed successfully; answer correctness is recorded separately by review/grading.,2026-10-01T12:37:48,19.707,success,,,Execution checks passed. Answer correctness has not been reviewed; use the separate grader.,not_requested,
aop-improvement3-v9,wealth_management_multi_step_comparative_125_questions:MC125-043,"Across risk tolerance, compare the average total sector investment, average allocation percentage, and average goal progress of investors.","[{""risk_tolerance"": null, ""avg_sector_investment"": 837086.46, ""avg_allocation_pct"": 15.32, ""avg_goal_progress"": 46.45, ""investor_count"": 77}, {""risk_tolerance"": ""Aggressive"", ""avg_sector_investment"": 905299.45, ""avg_allocation_pct"": 14.91, ""avg_goal_progress"": 39.76, ""investor_count"": 486}, {""risk_tolerance"": ""Conservative"", ""avg_sector_investment"": 897105.65, ""avg_allocation_pct"": 15.23, ""avg_goal_progress"": 38.25, ""investor_count"": 502}, {""risk_tolerance"": ""Moderate"", ""avg_sector_investment"": 944870.24, ""avg_allocation_pct"": 15.54, ""avg_goal_progress"": 41.21, ""investor_count"": 485}]",Hard,Cross-dimension metric comparison,Multi-step Comparative,wealth_management_multi_step_comparative_125_questions.csv,Multi-Step Comparative,"[{""risk_tolerance"": ""Conservative"", ""avg_total_sector_investment"": 897105.6519337017, ""avg_allocation_pct"": 15.234281419573131, ""avg_goal_progress"": 38.25466267969879}, {""risk_tolerance"": ""Moderate"", ""avg_total_sector_investment"": 944870.2383561644, ""avg_allocation_pct"": 15.542793800756613, ""avg_goal_progress"": 41.208436917228674}, {""risk_tolerance"": null, ""avg_total_sector_investment"": 837086.46, ""avg_allocation_pct"": 15.31888393485641, ""avg_goal_progress"": 46.44617225514613}, {""risk_tolerance"": ""Aggressive"", ""avg_total_sector_investment"": 905299.452722063, ""avg_allocation_pct"": 14.905509262994569, ""avg_goal_progress"": 39.75870500669318}]",PIPELINE_SUCCESS,NEW_BENCHMARK,Final result executed successfully; answer correctness is recorded separately by review/grading.,2026-10-01T12:38:18,69.202,success,,,Execution checks passed. Answer correctness has not been reviewed; use the separate grader.,not_requested,
aop-improvement3-v9,wealth_management_multi_step_comparative_125_questions:MC125-044,"Across risk tolerance, compare the average scenario shift (new minus current allocation %), average scenario count (0 for investors with no scenario records), and average risk score of investors.","[{""risk_tolerance"": null, ""avg_scenario_shift"": -0.71, ""avg_scenario_count"": 1.14, ""avg_risk_score"": 55.31, ""investor_count"": 77}, {""risk_tolerance"": ""Aggressive"", ""avg_scenario_shift"": -1.85, ""avg_scenario_count"": 1.02, ""avg_risk_score"": 49.12, ""investor_count"": 486}, {""risk_tolerance"": ""Conservative"", ""avg_scenario_shift"": -2.22, ""avg_scenario_count"": 0.97, ""avg_risk_score"": 51.7, ""investor_count"": 502}, {""risk_tolerance"": ""Moderate"", ""avg_scenario_shift"": 0.07, ""avg_scenario_count"": 0.99, ""avg_risk_score"": 49.29, ""investor_count"": 485}]",Hard,Cross-dimension metric comparison,Multi-step Comparative,wealth_management_multi_step_comparative_125_questions.csv,Multi-Step Comparative,"[{""risk_tolerance"": ""Conservative"", ""avg_scenario_shift"": -1.1354581673306774, ""avg_scenario_cnt"": 0.9681274900398407, ""avg_risk_score"": 51.69881238764889}, {""risk_tolerance"": ""Moderate"", ""avg_scenario_shift"": -0.465979381443299, ""avg_scenario_cnt"": 0.9917525773195877, ""avg_risk_score"": 49.29299804472841}, {""risk_tolerance"": null, ""avg_scenario_shift"": -1.7402597402597402, ""avg_scenario_cnt"": 1.1428571428571428, ""avg_risk_score"": 55.31466608298088}, {""risk_tolerance"": ""Aggressive"", ""avg_scenario_shift"": -1.4609053497942386, ""avg_scenario_cnt"": 1.0164609053497942, ""avg_risk_score"": 49.11514878672162}]",PIPELINE_SUCCESS,NEW_BENCHMARK,Final result executed successfully; answer correctness is recorded separately by review/grading.,2026-10-01T12:39:27,39.443,success,,,Execution checks passed. Answer correctness has not been reviewed; use the separate grader.,not_requested,
aop-improvement3-v9,wealth_management_multi_step_comparative_125_questions:MC125-045,"Across risk tolerance, compare the average scenario shift (new minus current allocation %), average scenario count (0 for investors with no scenario records), and average goal progress of investors.","[{""risk_tolerance"": null, ""avg_scenario_shift"": -0.71, ""avg_scenario_count"": 1.14, ""avg_goal_progress"": 46.45, ""investor_count"": 77}, {""risk_tolerance"": ""Aggressive"", ""avg_scenario_shift"": -1.85, ""avg_scenario_count"": 1.02, ""avg_goal_progress"": 39.76, ""investor_count"": 486}, {""risk_tolerance"": ""Conservative"", ""avg_scenario_shift"": -2.22, ""avg_scenario_count"": 0.97, ""avg_goal_progress"": 38.25, ""investor_count"": 502}, {""risk_tolerance"": ""Moderate"", ""avg_scenario_shift"": 0.07, ""avg_scenario_count"": 0.99, ""avg_goal_progress"": 41.21, ""investor_count"": 485}]",Hard,Cross-dimension metric comparison,Multi-step Comparative,wealth_management_multi_step_comparative_125_questions.csv,Multi-Step Comparative,"[{""risk_tolerance"": ""Conservative"", ""avg_scenario_shift"": -2.2234340044742726, ""avg_scenario_count"": 0.9681274900398407, ""avg_goal_progress"": 38.25466267969879}, {""risk_tolerance"": ""Moderate"", ""avg_scenario_shift"": 0.06820877817319085, ""avg_scenario_count"": 0.9917525773195877, ""avg_goal_progress"": 41.208436917228674}, {""risk_tolerance"": null, ""avg_scenario_shift"": -0.7110000000000002, ""avg_scenario_count"": 1.1428571428571428, ""avg_goal_progress"": 46.44617225514613}, {""risk_tolerance"": ""Aggressive"", ""avg_scenario_shift"": -1.8488054607508535, ""avg_scenario_count"": 1.0164609053497942, ""avg_goal_progress"": 39.75870500669318}]",PIPELINE_SUCCESS,NEW_BENCHMARK,Final result executed successfully; answer correctness is recorded separately by review/grading.,2026-10-01T12:40:07,88.679,success,,,Execution checks passed. Answer correctness has not been reviewed; use the separate grader.,not_requested,
aop-improvement3-v9,wealth_management_multi_step_comparative_125_questions:MC125-046,"Across risk tolerance, compare the average risk score, average liquidity score, and average goal progress of investors.","[{""risk_tolerance"": null, ""avg_risk_score"": 55.31, ""avg_liquidity_score"": 55.9, ""avg_goal_progress"": 46.45, ""investor_count"": 77}, {""risk_tolerance"": ""Aggressive"", ""avg_risk_score"": 49.12, ""avg_liquidity_score"": 47.17, ""avg_goal_progress"": 39.76, ""investor_count"": 486}, {""risk_tolerance"": ""Conservative"", ""avg_risk_score"": 51.7, ""avg_liquidity_score"": 50.85, ""avg_goal_progress"": 38.25, ""investor_count"": 502}, {""risk_tolerance"": ""Moderate"", ""avg_risk_score"": 49.29, ""avg_liquidity_score"": 49.69, ""avg_goal_progress"": 41.21, ""investor_count"": 485}]",Hard,Cross-dimension metric comparison,Multi-step Comparative,wealth_management_multi_step_comparative_125_questions.csv,Multi-Step Comparative,"[{""risk_tolerance"": ""Conservative"", ""avg_risk_score"": 51.69881238764889, ""avg_liquidity_score"": 50.84631625759878, ""avg_goal_progress"": 38.25466267969879}, {""risk_tolerance"": ""Moderate"", ""avg_risk_score"": 49.29299804472841, ""avg_liquidity_score"": 49.69345492478925, ""avg_goal_progress"": 41.208436917228674}, {""risk_tolerance"": null, ""avg_risk_score"": 55.31466608298088, ""avg_liquidity_score"": 55.896081990096434, ""avg_goal_progress"": 46.44617225514613}, {""risk_tolerance"": ""Aggressive"", ""avg_risk_score"": 49.11514878672162, ""avg_liquidity_score"": 47.17262946628729, ""avg_goal_progress"": 39.75870500669318}]",PIPELINE_SUCCESS,NEW_BENCHMARK,Final result executed successfully; answer correctness is recorded separately by review/grading.,2026-10-01T12:41:36,32.916,success,,,Execution checks passed. Answer correctness has not been reviewed; use the separate grader.,not_requested,
aop-improvement3-v9,wealth_management_multi_step_comparative_125_questions:MC125-047,"Across time horizon, compare the average net cash flow, average signed cash-flow amount, and average total holding value of investors.","[{""time_horizon"": null, ""avg_net_cash_flow"": 1305239.48, ""avg_cashflow_amount"": 217813.59, ""avg_holding_value"": 9256000.18, ""investor_count"": 77}, {""time_horizon"": ""Long-term"", ""avg_net_cash_flow"": 1029435.71, ""avg_cashflow_amount"": 178677.57, ""avg_holding_value"": 8476172.69, ""investor_count"": 489}, {""time_horizon"": ""Medium-term"", ""avg_net_cash_flow"": 1649318.64, ""avg_cashflow_amount"": 282019.74, ""avg_holding_value"": 7810071.33, ""investor_count"": 487}, {""time_horizon"": ""Short-term"", ""avg_net_cash_flow"": 1415496.47, ""avg_cashflow_amount"": 249624.52, ""avg_holding_value"": 8197553.59, ""investor_count"": 497}]",Hard,Cross-dimension metric comparison,Multi-step Comparative,wealth_management_multi_step_comparative_125_questions.csv,Multi-Step Comparative,"[{""time_horizon"": ""Short-term"", ""avg_net_cash_flow"": 1415496.4708249497, ""avg_signed_cash_flow"": 249624.5167002012, ""avg_total_holding_value"": 8197553.589537224, ""investor_count"": 497}, {""time_horizon"": ""Long-term"", ""avg_net_cash_flow"": 1029435.7075664622, ""avg_signed_cash_flow"": 178677.57062031355, ""avg_total_holding_value"": 8476172.694444444, ""investor_count"": 489}, {""time_horizon"": ""Medium-term"", ""avg_net_cash_flow"": 1649318.6406570843, ""avg_signed_cash_flow"": 282019.7378507872, ""avg_total_holding_value"": 7810071.3281893, ""investor_count"": 487}, {""time_horizon"": null, ""avg_net_cash_flow"": 1305239.4805194805, ""avg_signed_cash_flow"": 217813.58679653678, ""avg_total_holding_value"": 9256000.175324675, ""investor_count"": 77}]",PIPELINE_SUCCESS,NEW_BENCHMARK,Final result executed successfully; answer correctness is recorded separately by review/grading.,2026-10-01T12:42:09,44.985,success,,,Execution checks passed. Answer correctness has not been reviewed; use the separate grader.,not_requested,
aop-improvement3-v9,wealth_management_multi_step_comparative_125_questions:MC125-048,"Among investors with every component recorded, list the top 10 ranked by a composite score defined as net cash flow plus total holding gain (counting only holdings with a recorded cost and current value; all components in INR); break ties by investor_id.","[{""investor_id"": ""INV-282"", ""investor_name"": ""Anita Deshmukh"", ""composite_score"": 103216285.0, ""net_cash_flow"": 100006303.0, ""holding_gain"": 3209982.0}, {""investor_id"": ""INV-1482"", ""investor_name"": ""Aishwarya Joshi"", ""composite_score"": 103122463.5, ""net_cash_flow"": 100005610.0, ""holding_gain"": 3116853.5}, {""investor_id"": ""INV-482"", ""investor_name"": ""Deepak Mishra"", ""composite_score"": 102993205.5, ""net_cash_flow"": 100015961.0, ""holding_gain"": 2977244.5}, {""investor_id"": ""INV-1242"", ""investor_name"": ""Rajesh Arora"", ""composite_score"": 102966390.0, ""net_cash_flow"": 100000285.0, ""holding_gain"": 2966105.0}, {""investor_id"": ""INV-1122"", ""investor_name"": ""Deepak Sharma"", ""composite_score"": 102693814.0, ""net_cash_flow"": 100006313.0, ""holding_gain"": 2687501.0}, {""investor_id"": ""INV-162"", ""investor_name"": ""Suresh Joshi"", ""composite_score"": 102610651.5, ""net_cash_flow"": 100002561.0, ""holding_gain"": 2608090.5}, {""investor_id"": ""INV-1402"", ""investor_name"": ""Dipti Yadav"", ""composite_score"": 102539793.0, ""net_cash_flow"": 100003452.0, ""holding_gain"": 2536341.0}, {""investor_id"": ""INV-1042"", ""investor_name"": ""Rajesh Kulkarni"", ""composite_score"": 102122926.5, ""net_cash_flow"": 100011994.0, ""holding_gain"": 2110932.5}, {""investor_id"": ""INV-1322"", ""investor_name"": ""Bhavna Gupta"", ""composite_score"": 102116820.5, ""net_cash_flow"": 100013945.0, ""holding_gain"": 2102875.5}, {""investor_id"": ""INV-962"", ""investor_name"": ""Amit Mishra"", ""composite_score"": 102035257.0, ""net_cash_flow"": 99999486.0, ""holding_gain"": 2035771.0}]",Expert,Investor composite ranking,Composite Reasoning,wealth_management_multi_step_comparative_125_questions.csv,Multi-Step Comparative,"[{""investor_id"": ""INV-1242"", ""investor_name"": ""Rajesh Arora"", ""net_cash_flow"": 100000285.0, ""total_holding_gain"": 3884691.5, ""composite_score"": 103884976.5}, {""investor_id"": ""INV-282"", ""investor_name"": ""Anita Deshmukh"", ""net_cash_flow"": 100006303.0, ""total_holding_gain"": 3209982.0, ""composite_score"": 103216285.0}, {""investor_id"": ""INV-1482"", ""investor_name"": ""Aishwarya Joshi"", ""net_cash_flow"": 100005610.0, ""total_holding_gain"": 3116853.5, ""composite_score"": 103122463.5}, {""investor_id"": ""INV-482"", ""investor_name"": ""Deepak Mishra"", ""net_cash_flow"": 100015961.0, ""total_holding_gain"": 2977244.5, ""composite_score"": 102993205.5}, {""investor_id"": ""INV-1202"", ""investor_name"": ""Sunita Sharma"", ""net_cash_flow"": 100004184.0, ""total_holding_gain"": 2703016.5, ""composite_score"": 102707200.5}, {""investor_id"": ""INV-1122"", ""investor_name"": ""Deepak Sharma"", ""net_cash_flow"": 100006313.0, ""total_holding_gain"": 2687501.0, ""composite_score"": 102693814.0}, {""investor_id"": ""INV-162"", ""investor_name"": ""Suresh Joshi"", ""net_cash_flow"": 100002561.0, ""total_holding_gain"": 2608090.5, ""composite_score"": 102610651.5}, {""investor_id"": ""INV-1402"", ""investor_name"": ""Dipti Yadav"", ""net_cash_flow"": 100003452.0, ""total_holding_gain"": 2536341.0, ""composite_score"": 102539793.0}, {""investor_id"": ""INV-042"", ""investor_name"": ""Suresh Bhat"", ""net_cash_flow"": 99999255.0, ""total_holding_gain"": 2371014.5, ""composite_score"": 102370269.5}, {""investor_id"": ""INV-1042"", ""investor_name"": ""Rajesh Kulkarni"", ""net_cash_flow"": 100011994.0, ""total_holding_gain"": 2110932.5, ""composite_score"": 102122926.5}]",PIPELINE_SUCCESS,NEW_BENCHMARK,Final result executed successfully; answer correctness is recorded separately by review/grading.,2026-10-01T12:42:54,50.682,success,,,Execution checks passed. Answer correctness has not been reviewed; use the separate grader.,not_requested,
aop-improvement3-v9,wealth_management_multi_step_comparative_125_questions:MC125-049,"Among investors with every component recorded, list the top 10 ranked by a composite score defined as net cash flow plus total rebalance amount (all components in INR); break ties by investor_id.","[{""investor_id"": ""INV-1322"", ""investor_name"": ""Bhavna Gupta"", ""composite_score"": 100700368.0, ""net_cash_flow"": 100013945.0, ""rebalance_amount"": 686423.0}, {""investor_id"": ""INV-1522"", ""investor_name"": ""Sunita Kulkarni"", ""composite_score"": 100690036.0, ""net_cash_flow"": 100014834.0, ""rebalance_amount"": 675202.0}, {""investor_id"": ""INV-642"", ""investor_name"": ""Priyanka Mishra"", ""composite_score"": 100678219.0, ""net_cash_flow"": 100016395.0, ""rebalance_amount"": 661824.0}, {""investor_id"": ""INV-362"", ""investor_name"": ""Siddharth Kulkarni"", ""composite_score"": 100599071.0, ""net_cash_flow"": 100003574.0, ""rebalance_amount"": 595497.0}, {""investor_id"": ""INV-162"", ""investor_name"": ""Suresh Joshi"", ""composite_score"": 100558701.0, ""net_cash_flow"": 100002561.0, ""rebalance_amount"": 556140.0}, {""investor_id"": ""INV-202"", ""investor_name"": ""Chetan Patel"", ""composite_score"": 100557462.0, ""net_cash_flow"": 100017961.0, ""rebalance_amount"": 539501.0}, {""investor_id"": ""INV-402"", ""investor_name"": ""Anita Kulkarni"", ""composite_score"": 100541354.0, ""net_cash_flow"": 100000457.0, ""rebalance_amount"": 540897.0}, {""investor_id"": ""INV-1042"", ""investor_name"": ""Rajesh Kulkarni"", ""composite_score"": 100511876.0, ""net_cash_flow"": 100011994.0, ""rebalance_amount"": 499882.0}, {""investor_id"": ""INV-1122"", ""investor_name"": ""Deepak Sharma"", ""composite_score"": 100500342.0, ""net_cash_flow"": 100006313.0, ""rebalance_amount"": 494029.0}, {""investor_id"": ""INV-1082"", ""investor_name"": ""Suresh Verma"", ""composite_score"": 100471027.0, ""net_cash_flow"": 100006214.0, ""rebalance_amount"": 464813.0}]",Expert,Investor composite ranking,Composite Reasoning,wealth_management_multi_step_comparative_125_questions.csv,Multi-Step Comparative,"[{""investor_id"": ""INV-1322"", ""investor_name"": ""Bhavna Gupta"", ""net_cash_flow"": 100013945.0, ""total_rebalance_amount"": 686423.0, ""composite_score"": 100700368.0}, {""investor_id"": ""INV-1522"", ""investor_name"": ""Sunita Kulkarni"", ""net_cash_flow"": 100014834.0, ""total_rebalance_amount"": 675202.0, ""composite_score"": 100690036.0}, {""investor_id"": ""INV-642"", ""investor_name"": ""Priyanka Mishra"", ""net_cash_flow"": 100016395.0, ""total_rebalance_amount"": 661824.0, ""composite_score"": 100678219.0}, {""investor_id"": ""INV-362"", ""investor_name"": ""Siddharth Kulkarni"", ""net_cash_flow"": 100003574.0, ""total_rebalance_amount"": 595497.0, ""composite_score"": 100599071.0}, {""investor_id"": ""INV-162"", ""investor_name"": ""Suresh Joshi"", ""net_cash_flow"": 100002561.0, ""total_rebalance_amount"": 556140.0, ""composite_score"": 100558701.0}, {""investor_id"": ""INV-202"", ""investor_name"": ""Chetan Patel"", ""net_cash_flow"": 100017961.0, ""total_rebalance_amount"": 539501.0, ""composite_score"": 100557462.0}, {""investor_id"": ""INV-402"", ""investor_name"": ""Anita Kulkarni"", ""net_cash_flow"": 100000457.0, ""total_rebalance_amount"": 540897.0, ""composite_score"": 100541354.0}, {""investor_id"": ""INV-1042"", ""investor_name"": ""Rajesh Kulkarni"", ""net_cash_flow"": 100011994.0, ""total_rebalance_amount"": 499882.0, ""composite_score"": 100511876.0}, {""investor_id"": ""INV-1122"", ""investor_name"": ""Deepak Sharma"", ""net_cash_flow"": 100006313.0, ""total_rebalance_amount"": 494029.0, ""composite_score"": 100500342.0}, {""investor_id"": ""INV-1082"", ""investor_name"": ""Suresh Verma"", ""net_cash_flow"": 100006214.0, ""total_rebalance_amount"": 464813.0, ""composite_score"": 100471027.0}]",PIPELINE_SUCCESS,NEW_BENCHMARK,Final result executed successfully; answer correctness is recorded separately by review/grading.,2026-10-01T12:43:45,58.202,success,,,Execution checks passed. Answer correctness has not been reviewed; use the separate grader.,not_requested,
aop-improvement3-v9,wealth_management_multi_step_comparative_125_questions:MC125-050,"Among investors with every component recorded, list the top 10 ranked by a composite score defined as net cash flow plus total sector investment (all components in INR); break ties by investor_id.","[{""investor_id"": ""INV-282"", ""investor_name"": ""Anita Deshmukh"", ""composite_score"": 101632107.0, ""net_cash_flow"": 100006303.0, ""sector_investment"": 1625804.0}, {""investor_id"": ""INV-202"", ""investor_name"": ""Chetan Patel"", ""composite_score"": 101615249.0, ""net_cash_flow"": 100017961.0, ""sector_investment"": 1597288.0}, {""investor_id"": ""INV-802"", ""investor_name"": ""Sunita Arora"", ""composite_score"": 101448249.0, ""net_cash_flow"": 100006527.0, ""sector_investment"": 1441722.0}, {""investor_id"": ""INV-082"", ""investor_name"": ""Amit Chauhan"", ""composite_score"": 101399293.0, ""net_cash_flow"": 100015142.0, ""sector_investment"": 1384151.0}, {""investor_id"": ""INV-1122"", ""investor_name"": ""Deepak Sharma"", ""composite_score"": 101016744.0, ""net_cash_flow"": 100006313.0, ""sector_investment"": 1010431.0}, {""investor_id"": ""INV-482"", ""investor_name"": ""Deepak Mishra"", ""composite_score"": 100878120.0, ""net_cash_flow"": 100015961.0, ""sector_investment"": 862159.0}, {""investor_id"": ""INV-842"", ""investor_name"": ""Akshay Iyer"", ""composite_score"": 100799929.0, ""net_cash_flow"": 99994483.0, ""sector_investment"": 805446.0}, {""investor_id"": ""INV-1242"", ""investor_name"": ""Rajesh Arora"", ""composite_score"": 100747505.0, ""net_cash_flow"": 100000285.0, ""sector_investment"": 747220.0}, {""investor_id"": ""INV-762"", ""investor_name"": ""Chetan Pandey"", ""composite_score"": 100717155.0, ""net_cash_flow"": 100003558.0, ""sector_investment"": 713597.0}, {""investor_id"": ""INV-1322"", ""investor_name"": ""Bhavna Gupta"", ""composite_score"": 100591998.0, ""net_cash_flow"": 100013945.0, ""sector_investment"": 578053.0}]",Expert,Investor composite ranking,Composite Reasoning,wealth_management_multi_step_comparative_125_questions.csv,Multi-Step Comparative,"[{""investor_id"": ""INV-282"", ""net_cash_flow"": 100006303.0, ""total_sector_investment"": 1625804.0, ""composite_score"": 101632107.0}, {""investor_id"": ""INV-202"", ""net_cash_flow"": 100017961.0, ""total_sector_investment"": 1597288.0, ""composite_score"": 101615249.0}, {""investor_id"": ""INV-802"", ""net_cash_flow"": 100006527.0, ""total_sector_investment"": 1441722.0, ""composite_score"": 101448249.0}, {""investor_id"": ""INV-082"", ""net_cash_flow"": 100015142.0, ""total_sector_investment"": 1384151.0, ""composite_score"": 101399293.0}, {""investor_id"": ""INV-1122"", ""net_cash_flow"": 100006313.0, ""total_sector_investment"": 1010431.0, ""composite_score"": 101016744.0}, {""investor_id"": ""INV-482"", ""net_cash_flow"": 100015961.0, ""total_sector_investment"": 862159.0, ""composite_score"": 100878120.0}, {""investor_id"": ""INV-842"", ""net_cash_flow"": 99994483.0, ""total_sector_investment"": 805446.0, ""composite_score"": 100799929.0}, {""investor_id"": ""INV-1242"", ""net_cash_flow"": 100000285.0, ""total_sector_investment"": 747220.0, ""composite_score"": 100747505.0}, {""investor_id"": ""INV-762"", ""net_cash_flow"": 100003558.0, ""total_sector_investment"": 713597.0, ""composite_score"": 100717155.0}, {""investor_id"": ""INV-1322"", ""net_cash_flow"": 100013945.0, ""total_sector_investment"": 578053.0, ""composite_score"": 100591998.0}]",PIPELINE_SUCCESS,NEW_BENCHMARK,Final result executed successfully; answer correctness is recorded separately by review/grading.,2026-10-01T12:44:43,24.883,success,,,Execution checks passed. Answer correctness has not been reviewed; use the separate grader.,not_requested,
aop-improvement3-v9,wealth_management_multi_step_comparative_125_questions:MC125-051,"List the top 10 investors ranked by a composite score (0-100 index) combining net cash flow and total scenario allocation shift (sum of new minus current allocation %). Over investors that have both components, min-max normalise each component to 0-1, and take 100 times their equal-weighted mean; break ties by investor_id.","[{""investor_id"": ""INV-1322"", ""investor_name"": ""Bhavna Gupta"", ""composite_score"": 87.24, ""net_cash_flow"": 100013945.0, ""scenario_shift"": 84.0}, {""investor_id"": ""INV-202"", ""investor_name"": ""Chetan Patel"", ""composite_score"": 82.82, ""net_cash_flow"": 100017961.0, ""scenario_shift"": 58.0}, {""investor_id"": ""INV-842"", ""investor_name"": ""Akshay Iyer"", ""composite_score"": 82.82, ""net_cash_flow"": 99994483.0, ""scenario_shift"": 58.0}, {""investor_id"": ""INV-1082"", ""investor_name"": ""Suresh Verma"", ""composite_score"": 81.46, ""net_cash_flow"": 100006214.0, ""scenario_shift"": 50.0}, {""investor_id"": ""INV-1122"", ""investor_name"": ""Deepak Sharma"", ""composite_score"": 79.25, ""net_cash_flow"": 100006313.0, ""scenario_shift"": 37.0}, {""investor_id"": ""INV-042"", ""investor_name"": ""Suresh Bhat"", ""composite_score"": 75.51, ""net_cash_flow"": 99999255.0, ""scenario_shift"": 15.0}, {""investor_id"": ""INV-1335"", ""investor_name"": ""Anjali Gupta"", ""composite_score"": 75.0, ""net_cash_flow"": 3189.0, ""scenario_shift"": 159.0}, {""investor_id"": ""INV-482"", ""investor_name"": ""Deepak Mishra"", ""composite_score"": 74.66, ""net_cash_flow"": 100015961.0, ""scenario_shift"": 10.0}, {""investor_id"": ""INV-014"", ""investor_name"": ""Rohan Chauhan"", ""composite_score"": 72.28, ""net_cash_flow"": 2374.0, ""scenario_shift"": 143.0}, {""investor_id"": ""INV-1119"", ""investor_name"": ""Ishita Nair"", ""composite_score"": 71.77, ""net_cash_flow"": -413.0, ""scenario_shift"": 140.0}]",Expert,Investor composite ranking,Composite Reasoning,wealth_management_multi_step_comparative_125_questions.csv,Multi-Step Comparative,"[{""investor_id"": ""INV-1322"", ""composite_score"": 87.24377478181955}, {""investor_id"": ""INV-202"", ""composite_score"": 82.82301000941207}, {""investor_id"": ""INV-842"", ""composite_score"": 82.8171408889681}, {""investor_id"": ""INV-1082"", ""composite_score"": 81.45952923163236}, {""investor_id"": ""INV-1122"", ""composite_score"": 79.24866962629036}, {""investor_id"": ""INV-042"", ""composite_score"": 75.50540864175375}, {""investor_id"": ""INV-1335"", ""composite_score"": 74.99780464197381}, {""investor_id"": ""INV-482"", ""composite_score"": 74.65924473562254}, {""investor_id"": ""INV-014"", ""composite_score"": 72.27651246977531}, {""investor_id"": ""INV-1119"", ""composite_score"": 71.76561168319857}]",PIPELINE_SUCCESS,NEW_BENCHMARK,Final result executed successfully; answer correctness is recorded separately by review/grading.,2026-10-01T12:45:08,34.947,success,,,Execution checks passed. Answer correctness has not been reviewed; use the separate grader.,not_requested,
aop-improvement3-v9,wealth_management_multi_step_comparative_125_questions:MC125-052,"List the top 10 investors ranked by a composite score (0-100 index) combining net cash flow and risk score. Over investors that have both components, min-max normalise each component to 0-1, and take 100 times their equal-weighted mean; break ties by investor_id.","[{""investor_id"": ""INV-001"", ""investor_name"": ""Arjun Iyer"", ""composite_score"": 75.0, ""net_cash_flow"": 5598.0, ""risk_score"": 100.0}, {""investor_id"": ""INV-021"", ""investor_name"": ""Arvind Chauhan"", ""composite_score"": 75.0, ""net_cash_flow"": 6275.0, ""risk_score"": 100.0}, {""investor_id"": ""INV-041"", ""investor_name"": ""Sneha Nair"", ""composite_score"": 75.0, ""net_cash_flow"": 14459.0, ""risk_score"": 100.0}, {""investor_id"": ""INV-061"", ""investor_name"": ""Kavita Sharma"", ""composite_score"": 75.0, ""net_cash_flow"": 16534.0, ""risk_score"": 100.0}, {""investor_id"": ""INV-081"", ""investor_name"": ""Bhavna Pandey"", ""composite_score"": 75.0, ""net_cash_flow"": 6422.0, ""risk_score"": 100.0}, {""investor_id"": ""INV-1001"", ""investor_name"": ""Vikram Singh"", ""composite_score"": 75.0, ""net_cash_flow"": 8186.0, ""risk_score"": 100.0}, {""investor_id"": ""INV-101"", ""investor_name"": ""Aishwarya Patel"", ""composite_score"": 75.0, ""net_cash_flow"": 5237.0, ""risk_score"": 100.0}, {""investor_id"": ""INV-1021"", ""investor_name"": ""Amit Joshi"", ""composite_score"": 75.0, ""net_cash_flow"": -2016.0, ""risk_score"": 100.0}, {""investor_id"": ""INV-1041"", ""investor_name"": ""Deepak Kulkarni"", ""composite_score"": 75.0, ""net_cash_flow"": 10939.0, ""risk_score"": 100.0}, {""investor_id"": ""INV-1061"", ""investor_name"": ""Vikram Verma"", ""composite_score"": 75.0, ""net_cash_flow"": -4054.0, ""risk_score"": 100.0}]",Expert,Investor composite ranking,Composite Reasoning,wealth_management_multi_step_comparative_125_questions.csv,Multi-Step Comparative,"[{""investor_id"": ""INV-1161"", ""net_cash_flow"": 16926.0, ""risk_score"": 100.0, ""composite_score"": 75.00123866989522}, {""investor_id"": ""INV-061"", ""net_cash_flow"": 16534.0, ""risk_score"": 100.0, ""composite_score"": 75.00114067623247}, {""investor_id"": ""INV-1301"", ""net_cash_flow"": 16001.0, ""risk_score"": 100.0, ""composite_score"": 75.00100743484919}, {""investor_id"": ""INV-1181"", ""net_cash_flow"": 15983.0, ""risk_score"": 100.0, ""composite_score"": 75.00100293514018}, {""investor_id"": ""INV-681"", ""net_cash_flow"": 14819.0, ""risk_score"": 100.0, ""composite_score"": 75.00071195395795}, {""investor_id"": ""INV-201"", ""net_cash_flow"": 14603.0, ""risk_score"": 100.0, ""composite_score"": 75.00065795744989}, {""investor_id"": ""INV-041"", ""net_cash_flow"": 14459.0, ""risk_score"": 100.0, ""composite_score"": 75.00062195977786}, {""investor_id"": ""INV-441"", ""net_cash_flow"": 14238.0, ""risk_score"": 100.0, ""composite_score"": 75.00056671335065}, {""investor_id"": ""INV-561"", ""net_cash_flow"": 13576.0, ""risk_score"": 100.0, ""composite_score"": 75.00040122405285}, {""investor_id"": ""INV-821"", ""net_cash_flow"": 13224.0, ""risk_score"": 100.0, ""composite_score"": 75.00031322974343}]",PIPELINE_SUCCESS,NEW_BENCHMARK,Final result executed successfully; answer correctness is recorded separately by review/grading.,2026-10-01T12:45:43,49.527,success,,,Execution checks passed. Answer correctness has not been reviewed; use the separate grader.,not_requested,
aop-improvement3-v9,wealth_management_multi_step_comparative_125_questions:MC125-053,"Among investors with every component recorded, list the top 10 ranked by a composite score defined as net cash flow minus average goal shortfall (all components in INR); break ties by investor_id.","[{""investor_id"": ""INV-522"", ""investor_name"": ""Siddharth Chauhan"", ""composite_score"": 100724765.41, ""net_cash_flow"": 100009757.0, ""goal_shortfall"": -715008.41}, {""investor_id"": ""INV-762"", ""investor_name"": ""Chetan Pandey"", ""composite_score"": 100557090.72, ""net_cash_flow"": 100003558.0, ""goal_shortfall"": -553532.72}, {""investor_id"": ""INV-122"", ""investor_name"": ""Dipti Gupta"", ""composite_score"": 100420391.74, ""net_cash_flow"": 100018438.0, ""goal_shortfall"": -401953.74}, {""investor_id"": ""INV-642"", ""investor_name"": ""Priyanka Mishra"", ""composite_score"": 99986754.15, ""net_cash_flow"": 100016395.0, ""goal_shortfall"": 29640.85}, {""investor_id"": ""INV-1122"", ""investor_name"": ""Deepak Sharma"", ""composite_score"": 99689513.03, ""net_cash_flow"": 100006313.0, ""goal_shortfall"": 316799.97}, {""investor_id"": ""INV-042"", ""investor_name"": ""Suresh Bhat"", ""composite_score"": 99470649.1, ""net_cash_flow"": 99999255.0, ""goal_shortfall"": 528605.9}, {""investor_id"": ""INV-802"", ""investor_name"": ""Sunita Arora"", ""composite_score"": 99358538.33, ""net_cash_flow"": 100006527.0, ""goal_shortfall"": 647988.67}, {""investor_id"": ""INV-602"", ""investor_name"": ""Sneha Bhat"", ""composite_score"": 99000636.0, ""net_cash_flow"": 100000636.0, ""goal_shortfall"": 1000000.0}, {""investor_id"": ""INV-082"", ""investor_name"": ""Amit Chauhan"", ""composite_score"": 98893227.26, ""net_cash_flow"": 100015142.0, ""goal_shortfall"": 1121914.74}, {""investor_id"": ""INV-1202"", ""investor_name"": ""Sunita Sharma"", ""composite_score"": 98784848.35, ""net_cash_flow"": 100004184.0, ""goal_shortfall"": 1219335.65}]",Expert,Investor composite ranking,Composite Reasoning,wealth_management_multi_step_comparative_125_questions.csv,Multi-Step Comparative,"[{""investor_id"": ""INV-522"", ""net_cash_flow"": 100009757.0, ""avg_shortfall"": -715008.407036629, ""composite_score"": 100724765.40703663}, {""investor_id"": ""INV-762"", ""net_cash_flow"": 100003558.0, ""avg_shortfall"": -553532.719482898, ""composite_score"": 100557090.7194829}, {""investor_id"": ""INV-122"", ""net_cash_flow"": 100018438.0, ""avg_shortfall"": -401953.7385467787, ""composite_score"": 100420391.73854677}, {""investor_id"": ""INV-642"", ""net_cash_flow"": 100016395.0, ""avg_shortfall"": 29640.847943914745, ""composite_score"": 99986754.15205608}, {""investor_id"": ""INV-1122"", ""net_cash_flow"": 100006313.0, ""avg_shortfall"": 316799.96931229404, ""composite_score"": 99689513.0306877}, {""investor_id"": ""INV-042"", ""net_cash_flow"": 99999255.0, ""avg_shortfall"": 528605.9, ""composite_score"": 99470649.1}, {""investor_id"": ""INV-802"", ""net_cash_flow"": 100006527.0, ""avg_shortfall"": 647988.6666666666, ""composite_score"": 99358538.33333333}, {""investor_id"": ""INV-602"", ""net_cash_flow"": 100000636.0, ""avg_shortfall"": 1000000.0, ""composite_score"": 99000636.0}, {""investor_id"": ""INV-082"", ""net_cash_flow"": 100015142.0, ""avg_shortfall"": 1121914.7409628858, ""composite_score"": 98893227.2590371}, {""investor_id"": ""INV-1202"", ""net_cash_flow"": 100004184.0, ""avg_shortfall"": 1219335.6534403544, ""composite_score"": 98784848.34655964}]",PIPELINE_SUCCESS,NEW_BENCHMARK,Final result executed successfully; answer correctness is recorded separately by review/grading.,2026-10-01T12:46:33,35.142,success,,,Execution checks passed. Answer correctness has not been reviewed; use the separate grader.,not_requested,
aop-improvement3-v9,wealth_management_multi_step_comparative_125_questions:MC125-054,"Among investors with every component recorded, list the top 10 ranked by a composite score defined as total holding gain (counting only holdings with a recorded cost and current value) plus total rebalance amount (all components in INR); break ties by investor_id.","[{""investor_id"": ""INV-1323"", ""investor_name"": ""Bhavna Bhat"", ""composite_score"": 100337222.0, ""holding_gain"": 100332508.0, ""rebalance_amount"": 4714.0}, {""investor_id"": ""INV-1233"", ""investor_name"": ""Suresh Rao"", ""composite_score"": 99327876.5, ""holding_gain"": 98787218.5, ""rebalance_amount"": 540658.0}, {""investor_id"": ""INV-1023"", ""investor_name"": ""Priyanka Joshi"", ""composite_score"": 95851355.5, ""holding_gain"": 95466765.5, ""rebalance_amount"": 384590.0}, {""investor_id"": ""INV-1263"", ""investor_name"": ""Sunita Gupta"", ""composite_score"": 91380125.0, ""holding_gain"": 91171559.0, ""rebalance_amount"": 208566.0}, {""investor_id"": ""INV-213"", ""investor_name"": ""Suresh Mishra"", ""composite_score"": 88532229.5, ""holding_gain"": 87799432.5, ""rebalance_amount"": 732797.0}, {""investor_id"": ""INV-723"", ""investor_name"": ""Aishwarya Joshi"", ""composite_score"": 88458677.0, ""holding_gain"": 88293974.0, ""rebalance_amount"": 164703.0}, {""investor_id"": ""INV-483"", ""investor_name"": ""Kavita Reddy"", ""composite_score"": 83649308.5, ""holding_gain"": 83587020.5, ""rebalance_amount"": 62288.0}, {""investor_id"": ""INV-1473"", ""investor_name"": ""Rohan Patel"", ""composite_score"": 79174910.0, ""holding_gain"": 78771987.0, ""rebalance_amount"": 402923.0}, {""investor_id"": ""INV-423"", ""investor_name"": ""Sunita Patel"", ""composite_score"": 76689314.0, ""holding_gain"": 76518273.0, ""rebalance_amount"": 171041.0}, {""investor_id"": ""INV-783"", ""investor_name"": ""Dipti Mehta"", ""composite_score"": 74682958.5, ""holding_gain"": 74311709.5, ""rebalance_amount"": 371249.0}]",Expert,Investor composite ranking,Composite Reasoning,wealth_management_multi_step_comparative_125_questions.csv,Multi-Step Comparative,"[{""investor_id"": ""INV-1323"", ""composite_score"": 100337222.0}, {""investor_id"": ""INV-1233"", ""composite_score"": 99327876.5}, {""investor_id"": ""INV-1023"", ""composite_score"": 95878259.5}, {""investor_id"": ""INV-1263"", ""composite_score"": 91380125.0}, {""investor_id"": ""INV-213"", ""composite_score"": 88532229.5}, {""investor_id"": ""INV-723"", ""composite_score"": 88458677.0}, {""investor_id"": ""INV-483"", ""composite_score"": 84437066.5}, {""investor_id"": ""INV-1473"", ""composite_score"": 79174910.0}, {""investor_id"": ""INV-423"", ""composite_score"": 76689314.0}, {""investor_id"": ""INV-783"", ""composite_score"": 74682958.5}]",PIPELINE_SUCCESS,NEW_BENCHMARK,Final result executed successfully; answer correctness is recorded separately by review/grading.,2026-10-01T12:47:08,57.004,success,,,Execution checks passed. Answer correctness has not been reviewed; use the separate grader.,not_requested,
aop-improvement3-v9,wealth_management_multi_step_comparative_125_questions:MC125-055,"Among investors with every component recorded, list the top 10 ranked by a composite score defined as total holding gain (counting only holdings with a recorded cost and current value) plus total sector investment (all components in INR); break ties by investor_id.","[{""investor_id"": ""INV-1323"", ""investor_name"": ""Bhavna Bhat"", ""composite_score"": 101734303.0, ""holding_gain"": 100332508.0, ""sector_investment"": 1401795.0}, {""investor_id"": ""INV-693"", ""investor_name"": ""Rohan Mehta"", ""composite_score"": 100353250.5, ""holding_gain"": 99528443.5, ""sector_investment"": 824807.0}, {""investor_id"": ""INV-1023"", ""investor_name"": ""Priyanka Joshi"", ""composite_score"": 98333215.5, ""holding_gain"": 95466765.5, ""sector_investment"": 2866450.0}, {""investor_id"": ""INV-663"", ""investor_name"": ""Siddharth Yadav"", ""composite_score"": 92908995.5, ""holding_gain"": 91387689.5, ""sector_investment"": 1521306.0}, {""investor_id"": ""INV-1263"", ""investor_name"": ""Sunita Gupta"", ""composite_score"": 92487623.0, ""holding_gain"": 91171559.0, ""sector_investment"": 1316064.0}, {""investor_id"": ""INV-723"", ""investor_name"": ""Aishwarya Joshi"", ""composite_score"": 89275121.0, ""holding_gain"": 88293974.0, ""sector_investment"": 981147.0}, {""investor_id"": ""INV-213"", ""investor_name"": ""Suresh Mishra"", ""composite_score"": 88976055.5, ""holding_gain"": 87799432.5, ""sector_investment"": 1176623.0}, {""investor_id"": ""INV-183"", ""investor_name"": ""Sneha Mishra"", ""composite_score"": 88889037.5, ""holding_gain"": 87803540.5, ""sector_investment"": 1085497.0}, {""investor_id"": ""INV-1473"", ""investor_name"": ""Rohan Patel"", ""composite_score"": 78771987.0, ""holding_gain"": 78771987.0, ""sector_investment"": 0.0}, {""investor_id"": ""INV-423"", ""investor_name"": ""Sunita Patel"", ""composite_score"": 77470326.0, ""holding_gain"": 76518273.0, ""sector_investment"": 952053.0}]",Expert,Investor composite ranking,Composite Reasoning,wealth_management_multi_step_comparative_125_questions.csv,Multi-Step Comparative,"[{""investor_id"": ""INV-1323"", ""composite_score"": 101734303.0}, {""investor_id"": ""INV-693"", ""composite_score"": 100891581.0}, {""investor_id"": ""INV-1023"", ""composite_score"": 98360119.5}, {""investor_id"": ""INV-663"", ""composite_score"": 94263020.0}, {""investor_id"": ""INV-1263"", ""composite_score"": 92487623.0}, {""investor_id"": ""INV-723"", ""composite_score"": 89275121.0}, {""investor_id"": ""INV-213"", ""composite_score"": 88976055.5}, {""investor_id"": ""INV-183"", ""composite_score"": 88889037.5}, {""investor_id"": ""INV-1473"", ""composite_score"": 78771987.0}, {""investor_id"": ""INV-423"", ""composite_score"": 77470326.0}]",PIPELINE_SUCCESS,NEW_BENCHMARK,Final result executed successfully; answer correctness is recorded separately by review/grading.,2026-10-01T12:48:05,42.453,success,,,Execution checks passed. Answer correctness has not been reviewed; use the separate grader.,not_requested,
aop-improvement3-v9,wealth_management_multi_step_comparative_125_questions:MC125-056,"List the top 10 investors ranked by a composite score (0-100 index) combining total holding gain (counting only holdings with a recorded cost and current value) and total scenario allocation shift (sum of new minus current allocation %). Over investors that have both components, min-max normalise each component to 0-1, and take 100 times their equal-weighted mean; break ties by investor_id.","[{""investor_id"": ""INV-693"", ""investor_name"": ""Rohan Mehta"", ""composite_score"": 72.22, ""holding_gain"": 99528443.5, ""scenario_shift"": -2.0}, {""investor_id"": ""INV-1323"", ""investor_name"": ""Bhavna Bhat"", ""composite_score"": 68.54, ""holding_gain"": 100332508.0, ""scenario_shift"": -26.0}, {""investor_id"": ""INV-723"", ""investor_name"": ""Aishwarya Joshi"", ""composite_score"": 68.39, ""holding_gain"": 88293974.0, ""scenario_shift"": 8.0}, {""investor_id"": ""INV-1233"", ""investor_name"": ""Suresh Rao"", ""composite_score"": 68.29, ""holding_gain"": 98787218.5, ""scenario_shift"": -23.0}, {""investor_id"": ""INV-213"", ""investor_name"": ""Suresh Mishra"", ""composite_score"": 67.3, ""holding_gain"": 87799432.5, ""scenario_shift"": 3.0}, {""investor_id"": ""INV-393"", ""investor_name"": ""Amrita Pandey"", ""composite_score"": 64.44, ""holding_gain"": 54360917.5, ""scenario_shift"": 83.0}, {""investor_id"": ""INV-1263"", ""investor_name"": ""Sunita Gupta"", ""composite_score"": 64.37, ""holding_gain"": 91171559.0, ""scenario_shift"": -24.0}, {""investor_id"": ""INV-663"", ""investor_name"": ""Siddharth Yadav"", ""composite_score"": 63.79, ""holding_gain"": 91387689.5, ""scenario_shift"": -28.0}, {""investor_id"": ""INV-483"", ""investor_name"": ""Kavita Reddy"", ""composite_score"": 63.19, ""holding_gain"": 83587020.5, ""scenario_shift"": -9.0}, {""investor_id"": ""INV-1413"", ""investor_name"": ""Anjali Deshmukh"", ""composite_score"": 61.02, ""holding_gain"": 66409510.0, ""scenario_shift"": 28.0}]",Expert,Investor composite ranking,Composite Reasoning,wealth_management_multi_step_comparative_125_questions.csv,Multi-Step Comparative,"[{""investor_id"": ""INV-693"", ""investor_name"": ""Rohan Mehta"", ""composite_score"": 72.48823114890284}, {""investor_id"": ""INV-1323"", ""investor_name"": ""Bhavna Bhat"", ""composite_score"": 68.5374149659864}, {""investor_id"": ""INV-723"", ""investor_name"": ""Aishwarya Joshi"", ""composite_score"": 68.393355941771}, {""investor_id"": ""INV-1233"", ""investor_name"": ""Suresh Rao"", ""composite_score"": 68.28689848592275}, {""investor_id"": ""INV-213"", ""investor_name"": ""Suresh Mishra"", ""composite_score"": 67.29956117300075}, {""investor_id"": ""INV-663"", ""investor_name"": ""Siddharth Yadav"", ""composite_score"": 64.46045608619707}, {""investor_id"": ""INV-393"", ""investor_name"": ""Amrita Pandey"", ""composite_score"": 64.44377332592467}, {""investor_id"": ""INV-1263"", ""investor_name"": ""Sunita Gupta"", ""composite_score"": 64.36776675736162}, {""investor_id"": ""INV-483"", ""investor_name"": ""Kavita Reddy"", ""composite_score"": 63.57284410457328}, {""investor_id"": ""INV-1413"", ""investor_name"": ""Anjali Deshmukh"", ""composite_score"": 61.02135541254439}]",PIPELINE_SUCCESS,NEW_BENCHMARK,Final result executed successfully; answer correctness is recorded separately by review/grading.,2026-10-01T12:48:48,96.705,success,,,Execution checks passed. Answer correctness has not been reviewed; use the separate grader.,not_requested,
aop-improvement3-v9,wealth_management_multi_step_comparative_125_questions:MC125-057,"List the top 10 investors ranked by a composite score (0-100 index) combining total holding gain (counting only holdings with a recorded cost and current value) and risk score. Over investors that have both components, min-max normalise each component to 0-1, and take 100 times their equal-weighted mean; break ties by investor_id.","[{""investor_id"": ""INV-1233"", ""investor_name"": ""Suresh Rao"", ""composite_score"": 86.31, ""holding_gain"": 98787218.5, ""risk_score"": 74.13}, {""investor_id"": ""INV-693"", ""investor_name"": ""Rohan Mehta"", ""composite_score"": 83.46, ""holding_gain"": 99528443.5, ""risk_score"": 67.71}, {""investor_id"": ""INV-1323"", ""investor_name"": ""Bhavna Bhat"", ""composite_score"": 75.0, ""holding_gain"": 100332508.0, ""risk_score"": 50.0}, {""investor_id"": ""INV-1023"", ""investor_name"": ""Priyanka Joshi"", ""composite_score"": 72.6, ""holding_gain"": 95466765.5, ""risk_score"": 50.0}, {""investor_id"": ""INV-663"", ""investor_name"": ""Siddharth Yadav"", ""composite_score"": 70.6, ""holding_gain"": 91387689.5, ""risk_score"": 50.0}, {""investor_id"": ""INV-1263"", ""investor_name"": ""Sunita Gupta"", ""composite_score"": 70.49, ""holding_gain"": 91171559.0, ""risk_score"": 50.0}, {""investor_id"": ""INV-723"", ""investor_name"": ""Aishwarya Joshi"", ""composite_score"": 69.07, ""holding_gain"": 88293974.0, ""risk_score"": 50.0}, {""investor_id"": ""INV-183"", ""investor_name"": ""Sneha Mishra"", ""composite_score"": 68.83, ""holding_gain"": 87803540.5, ""risk_score"": 50.0}, {""investor_id"": ""INV-393"", ""investor_name"": ""Amrita Pandey"", ""composite_score"": 67.76, ""holding_gain"": 54360917.5, ""risk_score"": 80.79}, {""investor_id"": ""INV-213"", ""investor_name"": ""Suresh Mishra"", ""composite_score"": 67.03, ""holding_gain"": 87799432.5, ""risk_score"": 46.4}]",Expert,Investor composite ranking,Composite Reasoning,wealth_management_multi_step_comparative_125_questions.csv,Multi-Step Comparative,"[{""investor_id"": ""INV-1233"", ""total_gain"": 98787218.5, ""risk_score"": 74.13436912927801, ""composite_score"": 86.30646400294272}, {""investor_id"": ""INV-693"", ""total_gain"": 100066774.0, ""risk_score"": 67.70694633080191, ""composite_score"": 83.72265669525618}, {""investor_id"": ""INV-1323"", ""total_gain"": 100332508.0, ""risk_score"": 50.0, ""composite_score"": 75.0}, {""investor_id"": ""INV-1023"", ""total_gain"": 95493669.5, ""risk_score"": 50.0, ""composite_score"": 72.61791952790877}, {""investor_id"": ""INV-663"", ""total_gain"": 92741714.0, ""risk_score"": 50.0, ""composite_score"": 71.26317717463245}, {""investor_id"": ""INV-1263"", ""total_gain"": 91171559.0, ""risk_score"": 50.0, ""composite_score"": 70.49021573695346}, {""investor_id"": ""INV-723"", ""total_gain"": 88293974.0, ""risk_score"": 50.0, ""composite_score"": 69.07362805061454}, {""investor_id"": ""INV-183"", ""total_gain"": 87803540.5, ""risk_score"": 50.0, ""composite_score"": 68.83219571861807}, {""investor_id"": ""INV-393"", ""total_gain"": 54360917.5, ""risk_score"": 80.78806444254344, ""composite_score"": 67.7629756152236}, {""investor_id"": ""INV-483"", ""total_gain"": 84374778.5, ""risk_score"": 50.0, ""composite_score"": 67.14427267600185}]",PIPELINE_SUCCESS,NEW_BENCHMARK,Final result executed successfully; answer correctness is recorded separately by review/grading.,2026-10-01T12:50:35,53.234,success,,,Execution checks passed. Answer correctness has not been reviewed; use the separate grader.,not_requested,
aop-improvement3-v9,wealth_management_multi_step_comparative_125_questions:MC125-058,"Among investors with every component recorded, list the top 10 ranked by a composite score defined as total holding gain (counting only holdings with a recorded cost and current value) minus average goal shortfall (all components in INR); break ties by investor_id.","[{""investor_id"": ""INV-693"", ""investor_name"": ""Rohan Mehta"", ""composite_score"": 98086835.83, ""holding_gain"": 99528443.5, ""goal_shortfall"": 1441607.67}, {""investor_id"": ""INV-1233"", ""investor_name"": ""Suresh Rao"", ""composite_score"": 97941898.53, ""holding_gain"": 98787218.5, ""goal_shortfall"": 845319.97}, {""investor_id"": ""INV-1323"", ""investor_name"": ""Bhavna Bhat"", ""composite_score"": 97348906.19, ""holding_gain"": 100332508.0, ""goal_shortfall"": 2983601.81}, {""investor_id"": ""INV-1023"", ""investor_name"": ""Priyanka Joshi"", ""composite_score"": 94178389.5, ""holding_gain"": 95466765.5, ""goal_shortfall"": 1288376.0}, {""investor_id"": ""INV-663"", ""investor_name"": ""Siddharth Yadav"", ""composite_score"": 91546299.85, ""holding_gain"": 91387689.5, ""goal_shortfall"": -158610.35}, {""investor_id"": ""INV-1263"", ""investor_name"": ""Sunita Gupta"", ""composite_score"": 89902397.77, ""holding_gain"": 91171559.0, ""goal_shortfall"": 1269161.23}, {""investor_id"": ""INV-723"", ""investor_name"": ""Aishwarya Joshi"", ""composite_score"": 87398421.9, ""holding_gain"": 88293974.0, ""goal_shortfall"": 895552.1}, {""investor_id"": ""INV-183"", ""investor_name"": ""Sneha Mishra"", ""composite_score"": 87098290.76, ""holding_gain"": 87803540.5, ""goal_shortfall"": 705249.74}, {""investor_id"": ""INV-213"", ""investor_name"": ""Suresh Mishra"", ""composite_score"": 86673251.25, ""holding_gain"": 87799432.5, ""goal_shortfall"": 1126181.25}, {""investor_id"": ""INV-483"", ""investor_name"": ""Kavita Reddy"", ""composite_score"": 84218266.02, ""holding_gain"": 83587020.5, ""goal_shortfall"": -631245.52}]",Expert,Investor composite ranking,Composite Reasoning,wealth_management_multi_step_comparative_125_questions.csv,Multi-Step Comparative,"[{""investor_id"": ""INV-693"", ""total_holding_gain"": 100066774.0, ""avg_goal_shortfall"": 1441607.666938074, ""composite_score"": 98625166.33306193}, {""investor_id"": ""INV-1233"", ""total_holding_gain"": 98787218.5, ""avg_goal_shortfall"": 845319.975, ""composite_score"": 97941898.525}, {""investor_id"": ""INV-1323"", ""total_holding_gain"": 100332508.0, ""avg_goal_shortfall"": 2983601.8084462434, ""composite_score"": 97348906.19155376}, {""investor_id"": ""INV-1023"", ""total_holding_gain"": 95493669.5, ""avg_goal_shortfall"": 1288376.0026879453, ""composite_score"": 94205293.49731205}, {""investor_id"": ""INV-663"", ""total_holding_gain"": 92741714.0, ""avg_goal_shortfall"": -158610.3524097179, ""composite_score"": 92900324.35240972}, {""investor_id"": ""INV-1263"", ""total_holding_gain"": 91171559.0, ""avg_goal_shortfall"": 1269161.232879193, ""composite_score"": 89902397.76712081}, {""investor_id"": ""INV-723"", ""total_holding_gain"": 88293974.0, ""avg_goal_shortfall"": 895552.1022525778, ""composite_score"": 87398421.89774743}, {""investor_id"": ""INV-183"", ""total_holding_gain"": 87803540.5, ""avg_goal_shortfall"": 705249.7376263244, ""composite_score"": 87098290.76237367}, {""investor_id"": ""INV-213"", ""total_holding_gain"": 87799432.5, ""avg_goal_shortfall"": 1126181.25, ""composite_score"": 86673251.25}, {""investor_id"": ""INV-483"", ""total_holding_gain"": 84374778.5, ""avg_goal_shortfall"": -631245.515190828, ""composite_score"": 85006024.01519082}]",PIPELINE_SUCCESS,NEW_BENCHMARK,Final result executed successfully; answer correctness is recorded separately by review/grading.,2026-10-01T12:51:28,23.001,success,,,Execution checks passed. Answer correctness has not been reviewed; use the separate grader.,not_requested,
aop-improvement3-v9,wealth_management_multi_step_comparative_125_questions:MC125-059,"Among investors with every component recorded, list the top 10 ranked by a composite score defined as total rebalance amount plus total sector investment (all components in INR); break ties by investor_id.","[{""investor_id"": ""INV-1125"", ""investor_name"": ""Vikram Joshi"", ""composite_score"": 4597601.0, ""rebalance_amount"": 975863.0, ""sector_investment"": 3621738.0}, {""investor_id"": ""INV-1315"", ""investor_name"": ""Priyanka Hegde"", ""composite_score"": 4101050.0, ""rebalance_amount"": 206010.0, ""sector_investment"": 3895040.0}, {""investor_id"": ""INV-1004"", ""investor_name"": ""Abhishek Hegde"", ""composite_score"": 4087960.0, ""rebalance_amount"": 405885.0, ""sector_investment"": 3682075.0}, {""investor_id"": ""INV-515"", ""investor_name"": ""Rahul Verma"", ""composite_score"": 4086193.0, ""rebalance_amount"": 167489.0, ""sector_investment"": 3918704.0}, {""investor_id"": ""INV-1304"", ""investor_name"": ""Aishwarya Chauhan"", ""composite_score"": 3885147.0, ""rebalance_amount"": 338463.0, ""sector_investment"": 3546684.0}, {""investor_id"": ""INV-1096"", ""investor_name"": ""Amrita Sharma"", ""composite_score"": 3838711.0, ""rebalance_amount"": 241967.0, ""sector_investment"": 3596744.0}, {""investor_id"": ""INV-250"", ""investor_name"": ""Vivek Chauhan"", ""composite_score"": 3648026.0, ""rebalance_amount"": 201415.0, ""sector_investment"": 3446611.0}, {""investor_id"": ""INV-533"", ""investor_name"": ""Anita Iyer"", ""composite_score"": 3612170.0, ""rebalance_amount"": 625940.0, ""sector_investment"": 2986230.0}, {""investor_id"": ""INV-1481"", ""investor_name"": ""Amit Mishra"", ""composite_score"": 3538481.0, ""rebalance_amount"": 501920.0, ""sector_investment"": 3036561.0}, {""investor_id"": ""INV-1265"", ""investor_name"": ""Vivek Gupta"", ""composite_score"": 3388607.0, ""rebalance_amount"": 693375.0, ""sector_investment"": 2695232.0}]",Expert,Investor composite ranking,Composite Reasoning,wealth_management_multi_step_comparative_125_questions.csv,Multi-Step Comparative,"[{""investor_id"": ""INV-1125"", ""composite_score"": 4597601.0}, {""investor_id"": ""INV-1315"", ""composite_score"": 4101050.0}, {""investor_id"": ""INV-1004"", ""composite_score"": 4087960.0}, {""investor_id"": ""INV-515"", ""composite_score"": 4086193.0}, {""investor_id"": ""INV-1304"", ""composite_score"": 3885147.0}, {""investor_id"": ""INV-1096"", ""composite_score"": 3838711.0}, {""investor_id"": ""INV-250"", ""composite_score"": 3648026.0}, {""investor_id"": ""INV-533"", ""composite_score"": 3612170.0}, {""investor_id"": ""INV-1481"", ""composite_score"": 3538481.0}, {""investor_id"": ""INV-1265"", ""composite_score"": 3388607.0}]",PIPELINE_SUCCESS,NEW_BENCHMARK,Final result executed successfully; answer correctness is recorded separately by review/grading.,2026-10-01T12:52:16,44.904,success,,,Execution checks passed. Answer correctness has not been reviewed; use the separate grader.,not_requested,
aop-improvement3-v9,wealth_management_multi_step_comparative_125_questions:MC125-060,"List the top 10 investors ranked by a composite score (0-100 index) combining total rebalance amount and total scenario allocation shift (sum of new minus current allocation %). Over investors that have both components, min-max normalise each component to 0-1, and take 100 times their equal-weighted mean; break ties by investor_id.","[{""investor_id"": ""INV-1185"", ""investor_name"": ""Kavita Singh"", ""composite_score"": 76.36, ""rebalance_amount"": 1111528.0, ""scenario_shift"": 47.0}, {""investor_id"": ""INV-1222"", ""investor_name"": ""Siddharth Arora"", ""composite_score"": 74.61, ""rebalance_amount"": 976993.0, ""scenario_shift"": 69.0}, {""investor_id"": ""INV-044"", ""investor_name"": ""Ishita Sharma"", ""composite_score"": 71.78, ""rebalance_amount"": 941084.0, ""scenario_shift"": 61.0}, {""investor_id"": ""INV-350"", ""investor_name"": ""Rahul Verma"", ""composite_score"": 70.6, ""rebalance_amount"": 895558.0, ""scenario_shift"": 65.0}, {""investor_id"": ""INV-1345"", ""investor_name"": ""Rajesh Verma"", ""composite_score"": 70.58, ""rebalance_amount"": 1223864.0, ""scenario_shift"": -14.0}, {""investor_id"": ""INV-1393"", ""investor_name"": ""Rahul Iyer"", ""composite_score"": 69.2, ""rebalance_amount"": 1077732.0, ""scenario_shift"": 13.0}, {""investor_id"": ""INV-1276"", ""investor_name"": ""Anand Deshmukh"", ""composite_score"": 68.01, ""rebalance_amount"": 865349.0, ""scenario_shift"": 57.0}, {""investor_id"": ""INV-1000"", ""investor_name"": ""Dipti Gupta"", ""composite_score"": 66.67, ""rebalance_amount"": 865853.0, ""scenario_shift"": 49.0}, {""investor_id"": ""INV-1153"", ""investor_name"": ""Arvind Sharma"", ""composite_score"": 66.58, ""rebalance_amount"": 1130071.0, ""scenario_shift"": -15.0}, {""investor_id"": ""INV-882"", ""investor_name"": ""Ankita Mishra"", ""composite_score"": 65.6, ""rebalance_amount"": 798175.0, ""scenario_shift"": 59.0}]",Expert,Investor composite ranking,Composite Reasoning,wealth_management_multi_step_comparative_125_questions.csv,Multi-Step Comparative,"[{""investor_id"": ""INV-1185"", ""composite_score"": 76.36298213028961}, {""investor_id"": ""INV-1222"", ""composite_score"": 74.60815724222793}, {""investor_id"": ""INV-044"", ""composite_score"": 71.78057910573942}, {""investor_id"": ""INV-350"", ""composite_score"": 70.60092233359619}, {""investor_id"": ""INV-1345"", ""composite_score"": 70.57823129251702}, {""investor_id"": ""INV-1393"", ""composite_score"": 69.19996023745647}, {""investor_id"": ""INV-1276"", ""composite_score"": 68.0062132086972}, {""investor_id"": ""INV-1000"", ""composite_score"": 66.66625951414014}, {""investor_id"": ""INV-1153"", ""composite_score"": 66.57632410670679}, {""investor_id"": ""INV-882"", ""composite_score"": 65.6020083886427}]",PIPELINE_SUCCESS,NEW_BENCHMARK,Final result executed successfully; answer correctness is recorded separately by review/grading.,2026-10-01T12:53:01,36.888,success,,,Execution checks passed. Answer correctness has not been reviewed; use the separate grader.,not_requested,
aop-improvement3-v9,wealth_management_multi_step_comparative_125_questions:MC125-061,"Across risk tolerance, compare the average net cash flow, average signed cash-flow amount, average total holding value, and average rebalance amount of investors.","[{""risk_tolerance"": null, ""avg_net_cash_flow"": 7844.03, ""avg_cashflow_amount"": 1629.62, ""avg_holding_value"": 10459250.55, ""avg_rebalance_amount"": 415032.17, ""investor_count"": 77}, {""risk_tolerance"": ""Aggressive"", ""avg_net_cash_flow"": 1652919.38, ""avg_cashflow_amount"": 282637.82, ""avg_holding_value"": 7772076.82, ""avg_rebalance_amount"": 405853.84, ""investor_count"": 486}, {""risk_tolerance"": ""Conservative"", ""avg_net_cash_flow"": 1600495.38, ""avg_cashflow_amount"": 273687.31, ""avg_holding_value"": 7365637.73, ""avg_rebalance_amount"": 414995.35, ""investor_count"": 502}, {""risk_tolerance"": ""Moderate"", ""avg_net_cash_flow"": 1037620.49, ""avg_cashflow_amount"": 186955.64, ""avg_holding_value"": 9186349.25, ""avg_rebalance_amount"": 396592.36, ""investor_count"": 485}]",Expert,Cross-dimension metric comparison,Multi-step Comparative,wealth_management_multi_step_comparative_125_questions.csv,Multi-Step Comparative,"[{""risk_tolerance"": ""Conservative"", ""avg_net_cash_flow"": 1600495.376494024, ""avg_signed_cash_flow_amount"": 273687.3101925631, ""avg_total_holding_value"": 7365637.72754491, ""avg_rebalance_amount"": 414995.35185185185}, {""risk_tolerance"": ""Moderate"", ""avg_net_cash_flow"": 1037620.4907216495, ""avg_signed_cash_flow_amount"": 186955.6391065292, ""avg_total_holding_value"": 9186349.253623188, ""avg_rebalance_amount"": 396592.3598130841}, {""risk_tolerance"": null, ""avg_net_cash_flow"": 7844.025974025974, ""avg_signed_cash_flow_amount"": 1629.6183982683983, ""avg_total_holding_value"": 10459250.551948052, ""avg_rebalance_amount"": 415032.1746031746}, {""risk_tolerance"": ""Aggressive"", ""avg_net_cash_flow"": 1652919.378600823, ""avg_signed_cash_flow_amount"": 282637.81903292186, ""avg_total_holding_value"": 7772076.822680413, ""avg_rebalance_amount"": 405853.84222737816}]",PIPELINE_SUCCESS,NEW_BENCHMARK,Final result executed successfully; answer correctness is recorded separately by review/grading.,2026-10-01T12:53:38,25.428,success,,,Execution checks passed. Answer correctness has not been reviewed; use the separate grader.,not_requested,
aop-improvement3-v9,wealth_management_multi_step_comparative_125_questions:MC125-062,"Across risk tolerance, compare the average net cash flow, average signed cash-flow amount, average total holding value, and average total sector investment of investors.","[{""risk_tolerance"": null, ""avg_net_cash_flow"": 7844.03, ""avg_cashflow_amount"": 1629.62, ""avg_holding_value"": 10459250.55, ""avg_sector_investment"": 837086.46, ""investor_count"": 77}, {""risk_tolerance"": ""Aggressive"", ""avg_net_cash_flow"": 1652919.38, ""avg_cashflow_amount"": 282637.82, ""avg_holding_value"": 7772076.82, ""avg_sector_investment"": 905299.45, ""investor_count"": 486}, {""risk_tolerance"": ""Conservative"", ""avg_net_cash_flow"": 1600495.38, ""avg_cashflow_amount"": 273687.31, ""avg_holding_value"": 7365637.73, ""avg_sector_investment"": 897105.65, ""investor_count"": 502}, {""risk_tolerance"": ""Moderate"", ""avg_net_cash_flow"": 1037620.49, ""avg_cashflow_amount"": 186955.64, ""avg_holding_value"": 9186349.25, ""avg_sector_investment"": 944870.24, ""investor_count"": 485}]",Expert,Cross-dimension metric comparison,Multi-step Comparative,wealth_management_multi_step_comparative_125_questions.csv,Multi-Step Comparative,"[{""risk_tolerance"": ""Conservative"", ""avg_net_cash_flow"": 1600495.376494024, ""avg_signed_cash_flow_amount"": 335609.306182122, ""avg_total_holding_value"": 7365637.72754491, ""avg_total_sector_investment"": 897105.6519337017}, {""risk_tolerance"": ""Moderate"", ""avg_net_cash_flow"": 1037620.4907216495, ""avg_signed_cash_flow_amount"": 214695.36604095562, ""avg_total_holding_value"": 9186349.253623188, ""avg_total_sector_investment"": 944870.2383561644}, {""risk_tolerance"": ""Aggressive"", ""avg_net_cash_flow"": 1652919.378600823, ""avg_signed_cash_flow_amount"": 345513.47010752687, ""avg_total_holding_value"": 7772076.822680413, ""avg_total_sector_investment"": 905299.452722063}]",PIPELINE_SUCCESS,NEW_BENCHMARK,Final result executed successfully; answer correctness is recorded separately by review/grading.,2026-10-01T12:54:04,60.45,success,,,Execution checks passed. Answer correctness has not been reviewed; use the separate grader.,not_requested,
aop-improvement3-v9,wealth_management_multi_step_comparative_125_questions:MC125-063,"Across risk tolerance, compare the average net cash flow, average signed cash-flow amount, average total holding value, and average scenario shift (new minus current allocation %) of investors.","[{""risk_tolerance"": null, ""avg_net_cash_flow"": 7844.03, ""avg_cashflow_amount"": 1629.62, ""avg_holding_value"": 10459250.55, ""avg_scenario_shift"": -0.71, ""investor_count"": 77}, {""risk_tolerance"": ""Aggressive"", ""avg_net_cash_flow"": 1652919.38, ""avg_cashflow_amount"": 282637.82, ""avg_holding_value"": 7772076.82, ""avg_scenario_shift"": -1.85, ""investor_count"": 486}, {""risk_tolerance"": ""Conservative"", ""avg_net_cash_flow"": 1600495.38, ""avg_cashflow_amount"": 273687.31, ""avg_holding_value"": 7365637.73, ""avg_scenario_shift"": -2.22, ""investor_count"": 502}, {""risk_tolerance"": ""Moderate"", ""avg_net_cash_flow"": 1037620.49, ""avg_cashflow_amount"": 186955.64, ""avg_holding_value"": 9186349.25, ""avg_scenario_shift"": 0.07, ""investor_count"": 485}]",Expert,Cross-dimension metric comparison,Multi-step Comparative,wealth_management_multi_step_comparative_125_questions.csv,Multi-Step Comparative,"[{""risk_tolerance"": ""Conservative"", ""avg_net_cash_flow"": 1600495.376494024, ""avg_signed_cash_flow_amount"": 273687.3101925631, ""avg_total_holding_value"": 7365637.72754491, ""avg_scenario_shift"": -2.2234340044742726}, {""risk_tolerance"": ""Moderate"", ""avg_net_cash_flow"": 1037620.4907216495, ""avg_signed_cash_flow_amount"": 186955.6391065292, ""avg_total_holding_value"": 9186349.253623188, ""avg_scenario_shift"": 0.06820877817319085}, {""risk_tolerance"": null, ""avg_net_cash_flow"": 7844.025974025974, ""avg_signed_cash_flow_amount"": 1629.6183982683983, ""avg_total_holding_value"": 10459250.551948052, ""avg_scenario_shift"": -0.7110000000000002}, {""risk_tolerance"": ""Aggressive"", ""avg_net_cash_flow"": 1652919.378600823, ""avg_signed_cash_flow_amount"": 282637.81903292186, ""avg_total_holding_value"": 7772076.822680413, ""avg_scenario_shift"": -1.8488054607508535}]",PIPELINE_SUCCESS,NEW_BENCHMARK,Final result executed successfully; answer correctness is recorded separately by review/grading.,2026-10-01T12:55:05,69.179,success,,,Execution checks passed. Answer correctness has not been reviewed; use the separate grader.,not_requested,
aop-improvement3-v9,wealth_management_multi_step_comparative_125_questions:MC125-064,"Across risk tolerance, compare the average net cash flow, average cash-flow amount, average total holding value, and average risk score of investors.","[{""risk_tolerance"": null, ""avg_net_cash_flow"": 7844.03, ""avg_cashflow_amount"": 1629.62, ""avg_holding_value"": 10459250.55, ""avg_risk_score"": 55.31, ""investor_count"": 77}, {""risk_tolerance"": ""Aggressive"", ""avg_net_cash_flow"": 1652919.38, ""avg_cashflow_amount"": 282637.82, ""avg_holding_value"": 7772076.82, ""avg_risk_score"": 49.12, ""investor_count"": 486}, {""risk_tolerance"": ""Conservative"", ""avg_net_cash_flow"": 1600495.38, ""avg_cashflow_amount"": 273687.31, ""avg_holding_value"": 7365637.73, ""avg_risk_score"": 51.7, ""investor_count"": 502}, {""risk_tolerance"": ""Moderate"", ""avg_net_cash_flow"": 1037620.49, ""avg_cashflow_amount"": 186955.64, ""avg_holding_value"": 9186349.25, ""avg_risk_score"": 49.29, ""investor_count"": 485}]",Expert,Cross-dimension metric comparison,Multi-step Comparative,wealth_management_multi_step_comparative_125_questions.csv,Multi-Step Comparative,"[{""risk_tolerance"": ""Conservative"", ""avg_net_cash_flow"": 1600495.376494024, ""avg_cash_flow_amount"": 273687.3101925631, ""avg_total_holding_value"": 7365637.72754491, ""avg_risk_score"": 51.69881238764889}, {""risk_tolerance"": ""Moderate"", ""avg_net_cash_flow"": 1037620.4907216495, ""avg_cash_flow_amount"": 186955.6391065292, ""avg_total_holding_value"": 9186349.253623188, ""avg_risk_score"": 49.29299804472841}, {""risk_tolerance"": null, ""avg_net_cash_flow"": 7844.025974025974, ""avg_cash_flow_amount"": 1629.6183982683983, ""avg_total_holding_value"": 10459250.551948052, ""avg_risk_score"": 55.31466608298088}, {""risk_tolerance"": ""Aggressive"", ""avg_net_cash_flow"": 1652919.378600823, ""avg_cash_flow_amount"": 282637.81903292186, ""avg_total_holding_value"": 7772076.822680413, ""avg_risk_score"": 49.11514878672162}]",PIPELINE_SUCCESS,NEW_BENCHMARK,Final result executed successfully; answer correctness is recorded separately by review/grading.,2026-10-01T12:56:19,37.175,success,,,Execution checks passed. Answer correctness has not been reviewed; use the separate grader.,not_requested,
aop-improvement3-v9,wealth_management_multi_step_comparative_125_questions:MC125-065,"Across risk tolerance, compare the average net cash flow, average cash-flow amount, average total holding value, and average goal progress of investors.","[{""risk_tolerance"": null, ""avg_net_cash_flow"": 7844.03, ""avg_cashflow_amount"": 1629.62, ""avg_holding_value"": 10459250.55, ""avg_goal_progress"": 46.45, ""investor_count"": 77}, {""risk_tolerance"": ""Aggressive"", ""avg_net_cash_flow"": 1652919.38, ""avg_cashflow_amount"": 282637.82, ""avg_holding_value"": 7772076.82, ""avg_goal_progress"": 39.76, ""investor_count"": 486}, {""risk_tolerance"": ""Conservative"", ""avg_net_cash_flow"": 1600495.38, ""avg_cashflow_amount"": 273687.31, ""avg_holding_value"": 7365637.73, ""avg_goal_progress"": 38.25, ""investor_count"": 502}, {""risk_tolerance"": ""Moderate"", ""avg_net_cash_flow"": 1037620.49, ""avg_cashflow_amount"": 186955.64, ""avg_holding_value"": 9186349.25, ""avg_goal_progress"": 41.21, ""investor_count"": 485}]",Expert,Cross-dimension metric comparison,Multi-step Comparative,wealth_management_multi_step_comparative_125_questions.csv,Multi-Step Comparative,"[{""risk_tolerance"": ""Conservative"", ""avg_net_cash_flow"": 1600495.376494024, ""avg_cash_flow_amount"": 273687.3101925631, ""avg_total_holding_value"": 7365637.72754491, ""avg_goal_progress"": 38.25466267969879}, {""risk_tolerance"": ""Moderate"", ""avg_net_cash_flow"": 1037620.4907216495, ""avg_cash_flow_amount"": 186955.6391065292, ""avg_total_holding_value"": 9186349.253623188, ""avg_goal_progress"": 41.208436917228674}, {""risk_tolerance"": null, ""avg_net_cash_flow"": 7844.025974025974, ""avg_cash_flow_amount"": 1629.6183982683983, ""avg_total_holding_value"": 10459250.551948052, ""avg_goal_progress"": 46.44617225514613}, {""risk_tolerance"": ""Aggressive"", ""avg_net_cash_flow"": 1652919.378600823, ""avg_cash_flow_amount"": 282637.81903292186, ""avg_total_holding_value"": 7772076.822680413, ""avg_goal_progress"": 39.75870500669318}]",PIPELINE_SUCCESS,NEW_BENCHMARK,Final result executed successfully; answer correctness is recorded separately by review/grading.,2026-10-01T12:56:56,36.902,success,,,Execution checks passed. Answer correctness has not been reviewed; use the separate grader.,not_requested,
aop-improvement3-v9,wealth_management_multi_step_comparative_125_questions:MC125-066,"Across risk tolerance, compare the average net cash flow, average cash-flow amount, average total rebalance amount, and average total sector investment of investors.","[{""risk_tolerance"": null, ""avg_net_cash_flow"": 7844.03, ""avg_cashflow_amount"": 1629.62, ""avg_rebalance_amount"": 415032.17, ""avg_sector_investment"": 837086.46, ""investor_count"": 77}, {""risk_tolerance"": ""Aggressive"", ""avg_net_cash_flow"": 1652919.38, ""avg_cashflow_amount"": 282637.82, ""avg_rebalance_amount"": 405853.84, ""avg_sector_investment"": 905299.45, ""investor_count"": 486}, {""risk_tolerance"": ""Conservative"", ""avg_net_cash_flow"": 1600495.38, ""avg_cashflow_amount"": 273687.31, ""avg_rebalance_amount"": 414995.35, ""avg_sector_investment"": 897105.65, ""investor_count"": 502}, {""risk_tolerance"": ""Moderate"", ""avg_net_cash_flow"": 1037620.49, ""avg_cashflow_amount"": 186955.64, ""avg_rebalance_amount"": 396592.36, ""avg_sector_investment"": 944870.24, ""investor_count"": 485}]",Expert,Cross-dimension metric comparison,Multi-step Comparative,wealth_management_multi_step_comparative_125_questions.csv,Multi-Step Comparative,"[{""risk_tolerance"": ""Conservative"", ""avg_net_cash_flow"": 1600495.376494024, ""avg_cash_flow_amount"": 273687.3101925631, ""avg_total_rebalance_amount"": 414995.35185185185, ""avg_total_sector_investment"": 897105.6519337017}, {""risk_tolerance"": ""Moderate"", ""avg_net_cash_flow"": 1037620.4907216495, ""avg_cash_flow_amount"": 186955.6391065292, ""avg_total_rebalance_amount"": 396592.3598130841, ""avg_total_sector_investment"": 944870.2383561644}, {""risk_tolerance"": null, ""avg_net_cash_flow"": 7844.025974025974, ""avg_cash_flow_amount"": 1629.6183982683983, ""avg_total_rebalance_amount"": 415032.1746031746, ""avg_total_sector_investment"": 837086.46}, {""risk_tolerance"": ""Aggressive"", ""avg_net_cash_flow"": 1652919.378600823, ""avg_cash_flow_amount"": 282637.81903292186, ""avg_total_rebalance_amount"": 405853.84222737816, ""avg_total_sector_investment"": 905299.452722063}]",PIPELINE_SUCCESS,NEW_BENCHMARK,Final result executed successfully; answer correctness is recorded separately by review/grading.,2026-10-01T12:57:33,51.456,success,,,Execution checks passed. Answer correctness has not been reviewed; use the separate grader.,not_requested,
aop-improvement3-v9,wealth_management_multi_step_comparative_125_questions:MC125-067,"Across risk tolerance, compare the average net cash flow, average cash-flow amount, average total rebalance amount, and average scenario allocation shift (new minus current allocation %) of investors.","[{""risk_tolerance"": null, ""avg_net_cash_flow"": 7844.03, ""avg_cashflow_amount"": 1629.62, ""avg_rebalance_amount"": 415032.17, ""avg_scenario_shift"": -0.71, ""investor_count"": 77}, {""risk_tolerance"": ""Aggressive"", ""avg_net_cash_flow"": 1652919.38, ""avg_cashflow_amount"": 282637.82, ""avg_rebalance_amount"": 405853.84, ""avg_scenario_shift"": -1.85, ""investor_count"": 486}, {""risk_tolerance"": ""Conservative"", ""avg_net_cash_flow"": 1600495.38, ""avg_cashflow_amount"": 273687.31, ""avg_rebalance_amount"": 414995.35, ""avg_scenario_shift"": -2.22, ""investor_count"": 502}, {""risk_tolerance"": ""Moderate"", ""avg_net_cash_flow"": 1037620.49, ""avg_cashflow_amount"": 186955.64, ""avg_rebalance_amount"": 396592.36, ""avg_scenario_shift"": 0.07, ""investor_count"": 485}]",Expert,Cross-dimension metric comparison,Multi-step Comparative,wealth_management_multi_step_comparative_125_questions.csv,Multi-Step Comparative,"[{""risk_tolerance"": ""Conservative"", ""avg_net_cash_flow"": 1600495.376494024, ""avg_cash_flow_amount"": 273687.3101925631, ""avg_total_rebalance_amount"": 414995.35185185185, ""avg_scenario_shift"": -2.2234340044742726}, {""risk_tolerance"": ""Moderate"", ""avg_net_cash_flow"": 1037620.4907216495, ""avg_cash_flow_amount"": 186955.6391065292, ""avg_total_rebalance_amount"": 396592.3598130841, ""avg_scenario_shift"": 0.06820877817319085}, {""risk_tolerance"": null, ""avg_net_cash_flow"": 7844.025974025974, ""avg_cash_flow_amount"": 1629.6183982683983, ""avg_total_rebalance_amount"": 415032.1746031746, ""avg_scenario_shift"": -0.7110000000000002}, {""risk_tolerance"": ""Aggressive"", ""avg_net_cash_flow"": 1652919.378600823, ""avg_cash_flow_amount"": 282637.81903292186, ""avg_total_rebalance_amount"": 405853.84222737816, ""avg_scenario_shift"": -1.8488054607508535}]",PIPELINE_SUCCESS,NEW_BENCHMARK,Final result executed successfully; answer correctness is recorded separately by review/grading.,2026-10-01T12:58:25,23.654,success,,,Execution checks passed. Answer correctness has not been reviewed; use the separate grader.,not_requested,
aop-improvement3-v9,wealth_management_multi_step_comparative_125_questions:MC125-068,"Across risk tolerance, compare the average net cash flow, average cash-flow amount, average total rebalance amount, and average risk score of investors.","[{""risk_tolerance"": null, ""avg_net_cash_flow"": 7844.03, ""avg_cashflow_amount"": 1629.62, ""avg_rebalance_amount"": 415032.17, ""avg_risk_score"": 55.31, ""investor_count"": 77}, {""risk_tolerance"": ""Aggressive"", ""avg_net_cash_flow"": 1652919.38, ""avg_cashflow_amount"": 282637.82, ""avg_rebalance_amount"": 405853.84, ""avg_risk_score"": 49.12, ""investor_count"": 486}, {""risk_tolerance"": ""Conservative"", ""avg_net_cash_flow"": 1600495.38, ""avg_cashflow_amount"": 273687.31, ""avg_rebalance_amount"": 414995.35, ""avg_risk_score"": 51.7, ""investor_count"": 502}, {""risk_tolerance"": ""Moderate"", ""avg_net_cash_flow"": 1037620.49, ""avg_cashflow_amount"": 186955.64, ""avg_rebalance_amount"": 396592.36, ""avg_risk_score"": 49.29, ""investor_count"": 485}]",Expert,Cross-dimension metric comparison,Multi-step Comparative,wealth_management_multi_step_comparative_125_questions.csv,Multi-Step Comparative,"[{""risk_tolerance"": ""Conservative"", ""avg_net_cash_flow"": 1600495.376494024, ""avg_cash_flow_amount"": 273687.3101925631, ""avg_total_rebalance_amount"": 414995.35185185185, ""avg_risk_score"": 51.69881238764889}, {""risk_tolerance"": ""Moderate"", ""avg_net_cash_flow"": 1037620.4907216495, ""avg_cash_flow_amount"": 186955.6391065292, ""avg_total_rebalance_amount"": 396592.3598130841, ""avg_risk_score"": 49.29299804472841}, {""risk_tolerance"": null, ""avg_net_cash_flow"": 7844.025974025974, ""avg_cash_flow_amount"": 1629.6183982683983, ""avg_total_rebalance_amount"": 415032.1746031746, ""avg_risk_score"": 55.31466608298088}, {""risk_tolerance"": ""Aggressive"", ""avg_net_cash_flow"": 1652919.378600823, ""avg_cash_flow_amount"": 282637.81903292186, ""avg_total_rebalance_amount"": 405853.84222737816, ""avg_risk_score"": 49.11514878672162}]",PIPELINE_SUCCESS,NEW_BENCHMARK,Final result executed successfully; answer correctness is recorded separately by review/grading.,2026-10-01T12:58:49,56.846,success,,,Execution checks passed. Answer correctness has not been reviewed; use the separate grader.,not_requested,
aop-improvement3-v9,wealth_management_multi_step_comparative_125_questions:MC125-069,"Across risk tolerance, compare the average net cash flow, average cash-flow amount, average total rebalance amount, and average goal progress of investors.","[{""risk_tolerance"": null, ""avg_net_cash_flow"": 7844.03, ""avg_cashflow_amount"": 1629.62, ""avg_rebalance_amount"": 415032.17, ""avg_goal_progress"": 46.45, ""investor_count"": 77}, {""risk_tolerance"": ""Aggressive"", ""avg_net_cash_flow"": 1652919.38, ""avg_cashflow_amount"": 282637.82, ""avg_rebalance_amount"": 405853.84, ""avg_goal_progress"": 39.76, ""investor_count"": 486}, {""risk_tolerance"": ""Conservative"", ""avg_net_cash_flow"": 1600495.38, ""avg_cashflow_amount"": 273687.31, ""avg_rebalance_amount"": 414995.35, ""avg_goal_progress"": 38.25, ""investor_count"": 502}, {""risk_tolerance"": ""Moderate"", ""avg_net_cash_flow"": 1037620.49, ""avg_cashflow_amount"": 186955.64, ""avg_rebalance_amount"": 396592.36, ""avg_goal_progress"": 41.21, ""investor_count"": 485}]",Expert,Cross-dimension metric comparison,Multi-step Comparative,wealth_management_multi_step_comparative_125_questions.csv,Multi-Step Comparative,"[{""risk_tolerance"": ""Conservative"", ""avg_net_cash_flow"": 1600495.376494024, ""avg_cash_flow_amount"": 273687.3101925631, ""avg_total_rebalance_amount"": 414995.35185185185, ""avg_goal_progress"": 38.25466267969879}, {""risk_tolerance"": ""Moderate"", ""avg_net_cash_flow"": 1037620.4907216495, ""avg_cash_flow_amount"": 186955.6391065292, ""avg_total_rebalance_amount"": 396592.3598130841, ""avg_goal_progress"": 41.208436917228674}, {""risk_tolerance"": null, ""avg_net_cash_flow"": 7844.025974025974, ""avg_cash_flow_amount"": 1629.6183982683983, ""avg_total_rebalance_amount"": 415032.1746031746, ""avg_goal_progress"": 46.44617225514613}, {""risk_tolerance"": ""Aggressive"", ""avg_net_cash_flow"": 1652919.378600823, ""avg_cash_flow_amount"": 282637.81903292186, ""avg_total_rebalance_amount"": 405853.84222737816, ""avg_goal_progress"": 39.75870500669318}]",PIPELINE_SUCCESS,NEW_BENCHMARK,Final result executed successfully; answer correctness is recorded separately by review/grading.,2026-10-01T12:59:46,69.671,success,,,Execution checks passed. Answer correctness has not been reviewed; use the separate grader.,not_requested,
aop-improvement3-v9,wealth_management_multi_step_comparative_125_questions:MC125-070,"Across risk tolerance, compare the average net cash flow, average cash-flow amount, average total sector investment, and average scenario allocation shift (new minus current allocation %) of investors.","[{""risk_tolerance"": null, ""avg_net_cash_flow"": 7844.03, ""avg_cashflow_amount"": 1629.62, ""avg_sector_investment"": 837086.46, ""avg_scenario_shift"": -0.71, ""investor_count"": 77}, {""risk_tolerance"": ""Aggressive"", ""avg_net_cash_flow"": 1652919.38, ""avg_cashflow_amount"": 282637.82, ""avg_sector_investment"": 905299.45, ""avg_scenario_shift"": -1.85, ""investor_count"": 486}, {""risk_tolerance"": ""Conservative"", ""avg_net_cash_flow"": 1600495.38, ""avg_cashflow_amount"": 273687.31, ""avg_sector_investment"": 897105.65, ""avg_scenario_shift"": -2.22, ""investor_count"": 502}, {""risk_tolerance"": ""Moderate"", ""avg_net_cash_flow"": 1037620.49, ""avg_cashflow_amount"": 186955.64, ""avg_sector_investment"": 944870.24, ""avg_scenario_shift"": 0.07, ""investor_count"": 485}]",Expert,Cross-dimension metric comparison,Multi-step Comparative,wealth_management_multi_step_comparative_125_questions.csv,Multi-Step Comparative,"[{""risk_tolerance"": ""Conservative"", ""avg_net_cash_flow"": 1600495.376494024, ""avg_cash_flow_amount"": 273687.3101925631, ""avg_total_sector_investment"": 897105.6519337017, ""avg_scenario_allocation_shift"": -2.2234340044742726}, {""risk_tolerance"": ""Moderate"", ""avg_net_cash_flow"": 1037620.4907216495, ""avg_cash_flow_amount"": 186955.6391065292, ""avg_total_sector_investment"": 944870.2383561644, ""avg_scenario_allocation_shift"": 0.06820877817319085}, {""risk_tolerance"": null, ""avg_net_cash_flow"": 7844.025974025974, ""avg_cash_flow_amount"": 1629.6183982683983, ""avg_total_sector_investment"": 837086.46, ""avg_scenario_allocation_shift"": -0.7110000000000002}, {""risk_tolerance"": ""Aggressive"", ""avg_net_cash_flow"": 1652919.378600823, ""avg_cash_flow_amount"": 282637.81903292186, ""avg_total_sector_investment"": 905299.452722063, ""avg_scenario_allocation_shift"": -1.8488054607508535}]",PIPELINE_SUCCESS,NEW_BENCHMARK,Final result executed successfully; answer correctness is recorded separately by review/grading.,2026-10-01T13:00:56,35.859,success,,,Execution checks passed. Answer correctness has not been reviewed; use the separate grader.,not_requested,
aop-improvement3-v9,wealth_management_multi_step_comparative_125_questions:MC125-071,"Across risk tolerance, compare the average net cash flow, average cash-flow amount, average total sector investment, and average risk score of investors.","[{""risk_tolerance"": null, ""avg_net_cash_flow"": 7844.03, ""avg_cashflow_amount"": 1629.62, ""avg_sector_investment"": 837086.46, ""avg_risk_score"": 55.31, ""investor_count"": 77}, {""risk_tolerance"": ""Aggressive"", ""avg_net_cash_flow"": 1652919.38, ""avg_cashflow_amount"": 282637.82, ""avg_sector_investment"": 905299.45, ""avg_risk_score"": 49.12, ""investor_count"": 486}, {""risk_tolerance"": ""Conservative"", ""avg_net_cash_flow"": 1600495.38, ""avg_cashflow_amount"": 273687.31, ""avg_sector_investment"": 897105.65, ""avg_risk_score"": 51.7, ""investor_count"": 502}, {""risk_tolerance"": ""Moderate"", ""avg_net_cash_flow"": 1037620.49, ""avg_cashflow_amount"": 186955.64, ""avg_sector_investment"": 944870.24, ""avg_risk_score"": 49.29, ""investor_count"": 485}]",Expert,Cross-dimension metric comparison,Multi-step Comparative,wealth_management_multi_step_comparative_125_questions.csv,Multi-Step Comparative,"[{""risk_tolerance"": ""Conservative"", ""avg_net_cash_flow"": 1600495.376494024, ""avg_cash_flow_amount"": 273687.3101925631, ""avg_total_sector_investment"": 897105.6519337017, ""avg_risk_score"": 51.69881238764889}, {""risk_tolerance"": ""Moderate"", ""avg_net_cash_flow"": 1037620.4907216495, ""avg_cash_flow_amount"": 186955.6391065292, ""avg_total_sector_investment"": 944870.2383561644, ""avg_risk_score"": 49.29299804472841}, {""risk_tolerance"": null, ""avg_net_cash_flow"": 7844.025974025974, ""avg_cash_flow_amount"": 1629.6183982683983, ""avg_total_sector_investment"": 837086.46, ""avg_risk_score"": 55.31466608298088}, {""risk_tolerance"": ""Aggressive"", ""avg_net_cash_flow"": 1652919.378600823, ""avg_cash_flow_amount"": 282637.81903292186, ""avg_total_sector_investment"": 905299.452722063, ""avg_risk_score"": 49.11514878672162}]",PIPELINE_SUCCESS,NEW_BENCHMARK,Final result executed successfully; answer correctness is recorded separately by review/grading.,2026-10-01T13:01:32,32.178,success,,,Execution checks passed. Answer correctness has not been reviewed; use the separate grader.,not_requested,
aop-improvement3-v9,wealth_management_multi_step_comparative_125_questions:MC125-072,"Across risk tolerance, compare the average net cash flow, average cash-flow amount, average total sector investment, and average goal progress of investors.","[{""risk_tolerance"": null, ""avg_net_cash_flow"": 7844.03, ""avg_cashflow_amount"": 1629.62, ""avg_sector_investment"": 837086.46, ""avg_goal_progress"": 46.45, ""investor_count"": 77}, {""risk_tolerance"": ""Aggressive"", ""avg_net_cash_flow"": 1652919.38, ""avg_cashflow_amount"": 282637.82, ""avg_sector_investment"": 905299.45, ""avg_goal_progress"": 39.76, ""investor_count"": 486}, {""risk_tolerance"": ""Conservative"", ""avg_net_cash_flow"": 1600495.38, ""avg_cashflow_amount"": 273687.31, ""avg_sector_investment"": 897105.65, ""avg_goal_progress"": 38.25, ""investor_count"": 502}, {""risk_tolerance"": ""Moderate"", ""avg_net_cash_flow"": 1037620.49, ""avg_cashflow_amount"": 186955.64, ""avg_sector_investment"": 944870.24, ""avg_goal_progress"": 41.21, ""investor_count"": 485}]",Expert,Cross-dimension metric comparison,Multi-step Comparative,wealth_management_multi_step_comparative_125_questions.csv,Multi-Step Comparative,"[{""risk_tolerance"": ""Conservative"", ""avg_net_cash_flow"": 1600495.376494024, ""avg_cash_flow_amount"": 273687.3101925631, ""avg_total_sector_investment"": 897105.6519337017, ""avg_goal_progress"": 38.25466267969879}, {""risk_tolerance"": ""Moderate"", ""avg_net_cash_flow"": 1037620.4907216495, ""avg_cash_flow_amount"": 186955.6391065292, ""avg_total_sector_investment"": 944870.2383561644, ""avg_goal_progress"": 41.208436917228674}, {""risk_tolerance"": null, ""avg_net_cash_flow"": 7844.025974025974, ""avg_cash_flow_amount"": 1629.6183982683983, ""avg_total_sector_investment"": 837086.46, ""avg_goal_progress"": 46.44617225514613}, {""risk_tolerance"": ""Aggressive"", ""avg_net_cash_flow"": 1652919.378600823, ""avg_cash_flow_amount"": 282637.81903292186, ""avg_total_sector_investment"": 905299.452722063, ""avg_goal_progress"": 39.75870500669318}]",PIPELINE_SUCCESS,NEW_BENCHMARK,Final result executed successfully; answer correctness is recorded separately by review/grading.,2026-10-01T13:02:05,44.883,success,,,Execution checks passed. Answer correctness has not been reviewed; use the separate grader.,not_requested,
aop-improvement3-v9,wealth_management_multi_step_comparative_125_questions:MC125-073,"Across risk tolerance, compare the average net cash flow, average cash-flow amount, average scenario allocation shift (new minus current allocation %), and average risk score of investors.","[{""risk_tolerance"": null, ""avg_net_cash_flow"": 7844.03, ""avg_cashflow_amount"": 1629.62, ""avg_scenario_shift"": -0.71, ""avg_risk_score"": 55.31, ""investor_count"": 77}, {""risk_tolerance"": ""Aggressive"", ""avg_net_cash_flow"": 1652919.38, ""avg_cashflow_amount"": 282637.82, ""avg_scenario_shift"": -1.85, ""avg_risk_score"": 49.12, ""investor_count"": 486}, {""risk_tolerance"": ""Conservative"", ""avg_net_cash_flow"": 1600495.38, ""avg_cashflow_amount"": 273687.31, ""avg_scenario_shift"": -2.22, ""avg_risk_score"": 51.7, ""investor_count"": 502}, {""risk_tolerance"": ""Moderate"", ""avg_net_cash_flow"": 1037620.49, ""avg_cashflow_amount"": 186955.64, ""avg_scenario_shift"": 0.07, ""avg_risk_score"": 49.29, ""investor_count"": 485}]",Expert,Cross-dimension metric comparison,Multi-step Comparative,wealth_management_multi_step_comparative_125_questions.csv,Multi-Step Comparative,"[{""risk_tolerance"": ""Conservative"", ""avg_net_cash_flow"": 1600495.376494024, ""avg_cash_flow_amount"": 273687.3101925631, ""avg_allocation_shift"": -2.2234340044742726, ""avg_risk_score"": 51.69881238764889}, {""risk_tolerance"": ""Moderate"", ""avg_net_cash_flow"": 1037620.4907216495, ""avg_cash_flow_amount"": 186955.6391065292, ""avg_allocation_shift"": 0.06820877817319085, ""avg_risk_score"": 49.29299804472841}, {""risk_tolerance"": null, ""avg_net_cash_flow"": 7844.025974025974, ""avg_cash_flow_amount"": 1629.6183982683983, ""avg_allocation_shift"": -0.7110000000000002, ""avg_risk_score"": 55.31466608298088}, {""risk_tolerance"": ""Aggressive"", ""avg_net_cash_flow"": 1652919.378600823, ""avg_cash_flow_amount"": 282637.81903292186, ""avg_allocation_shift"": -1.8488054607508535, ""avg_risk_score"": 49.11514878672162}]",PIPELINE_SUCCESS,NEW_BENCHMARK,Final result executed successfully; answer correctness is recorded separately by review/grading.,2026-10-01T13:02:50,43.156,success,,,Execution checks passed. Answer correctness has not been reviewed; use the separate grader.,not_requested,
aop-improvement3-v9,wealth_management_multi_step_comparative_125_questions:MC125-074,"Across risk tolerance, compare the average net cash flow, average cash-flow amount, average scenario allocation shift (new minus current allocation %), and average goal progress of investors.","[{""risk_tolerance"": null, ""avg_net_cash_flow"": 7844.03, ""avg_cashflow_amount"": 1629.62, ""avg_scenario_shift"": -0.71, ""avg_goal_progress"": 46.45, ""investor_count"": 77}, {""risk_tolerance"": ""Aggressive"", ""avg_net_cash_flow"": 1652919.38, ""avg_cashflow_amount"": 282637.82, ""avg_scenario_shift"": -1.85, ""avg_goal_progress"": 39.76, ""investor_count"": 486}, {""risk_tolerance"": ""Conservative"", ""avg_net_cash_flow"": 1600495.38, ""avg_cashflow_amount"": 273687.31, ""avg_scenario_shift"": -2.22, ""avg_goal_progress"": 38.25, ""investor_count"": 502}, {""risk_tolerance"": ""Moderate"", ""avg_net_cash_flow"": 1037620.49, ""avg_cashflow_amount"": 186955.64, ""avg_scenario_shift"": 0.07, ""avg_goal_progress"": 41.21, ""investor_count"": 485}]",Expert,Cross-dimension metric comparison,Multi-step Comparative,wealth_management_multi_step_comparative_125_questions.csv,Multi-Step Comparative,"[{""risk_tolerance"": ""Conservative"", ""avg_net_cash_flow"": 1600495.376494024, ""avg_cash_flow_amount"": 273687.3101925631, ""avg_scenario_allocation_shift"": -2.2234340044742726, ""avg_goal_progress"": 38.25466267969879}, {""risk_tolerance"": ""Moderate"", ""avg_net_cash_flow"": 1037620.4907216495, ""avg_cash_flow_amount"": 186955.6391065292, ""avg_scenario_allocation_shift"": 0.06820877817319085, ""avg_goal_progress"": 41.208436917228674}, {""risk_tolerance"": null, ""avg_net_cash_flow"": 7844.025974025974, ""avg_cash_flow_amount"": 1629.6183982683983, ""avg_scenario_allocation_shift"": -0.7110000000000002, ""avg_goal_progress"": 46.44617225514613}, {""risk_tolerance"": ""Aggressive"", ""avg_net_cash_flow"": 1652919.378600823, ""avg_cash_flow_amount"": 282637.81903292186, ""avg_scenario_allocation_shift"": -1.8488054607508535, ""avg_goal_progress"": 39.75870500669318}]",PIPELINE_SUCCESS,NEW_BENCHMARK,Final result executed successfully; answer correctness is recorded separately by review/grading.,2026-10-01T13:03:33,24.548,success,,,Execution checks passed. Answer correctness has not been reviewed; use the separate grader.,not_requested,
aop-improvement3-v9,wealth_management_multi_step_comparative_125_questions:MC125-075,"Across risk tolerance, compare the average net cash flow, average cash-flow amount, average risk score, and average goal progress of investors.","[{""risk_tolerance"": null, ""avg_net_cash_flow"": 7844.03, ""avg_cashflow_amount"": 1629.62, ""avg_risk_score"": 55.31, ""avg_goal_progress"": 46.45, ""investor_count"": 77}, {""risk_tolerance"": ""Aggressive"", ""avg_net_cash_flow"": 1652919.38, ""avg_cashflow_amount"": 282637.82, ""avg_risk_score"": 49.12, ""avg_goal_progress"": 39.76, ""investor_count"": 486}, {""risk_tolerance"": ""Conservative"", ""avg_net_cash_flow"": 1600495.38, ""avg_cashflow_amount"": 273687.31, ""avg_risk_score"": 51.7, ""avg_goal_progress"": 38.25, ""investor_count"": 502}, {""risk_tolerance"": ""Moderate"", ""avg_net_cash_flow"": 1037620.49, ""avg_cashflow_amount"": 186955.64, ""avg_risk_score"": 49.29, ""avg_goal_progress"": 41.21, ""investor_count"": 485}]",Expert,Cross-dimension metric comparison,Multi-step Comparative,wealth_management_multi_step_comparative_125_questions.csv,Multi-Step Comparative,"[{""risk_tolerance"": ""Conservative"", ""avg_net_cash_flow"": 1600495.376494024, ""avg_cash_flow_amount"": 273687.3101925631, ""avg_risk_score"": 51.69881238764889, ""avg_goal_progress"": 38.25466267969879}, {""risk_tolerance"": ""Moderate"", ""avg_net_cash_flow"": 1037620.4907216495, ""avg_cash_flow_amount"": 186955.6391065292, ""avg_risk_score"": 49.29299804472841, ""avg_goal_progress"": 41.208436917228674}, {""risk_tolerance"": null, ""avg_net_cash_flow"": 7844.025974025974, ""avg_cash_flow_amount"": 1629.6183982683983, ""avg_risk_score"": 55.31466608298088, ""avg_goal_progress"": 46.44617225514613}, {""risk_tolerance"": ""Aggressive"", ""avg_net_cash_flow"": 1652919.378600823, ""avg_cash_flow_amount"": 282637.81903292186, ""avg_risk_score"": 49.11514878672162, ""avg_goal_progress"": 39.75870500669318}]",PIPELINE_SUCCESS,NEW_BENCHMARK,Final result executed successfully; answer correctness is recorded separately by review/grading.,2026-10-01T13:03:58,40.033,success,,,Execution checks passed. Answer correctness has not been reviewed; use the separate grader.,not_requested,
aop-improvement3-v9,wealth_management_multi_step_comparative_125_questions:MC125-076,"Across risk tolerance, compare the average total holding value, average holding return (counting only holdings with a recorded cost and current value), average total rebalance amount, and average total sector investment of investors.","[{""risk_tolerance"": null, ""avg_holding_value"": 10459250.55, ""avg_holding_return"": 89.82, ""avg_rebalance_amount"": 415032.17, ""avg_sector_investment"": 837086.46, ""investor_count"": 77}, {""risk_tolerance"": ""Aggressive"", ""avg_holding_value"": 7772076.82, ""avg_holding_return"": 75.8, ""avg_rebalance_amount"": 405853.84, ""avg_sector_investment"": 905299.45, ""investor_count"": 486}, {""risk_tolerance"": ""Conservative"", ""avg_holding_value"": 7365637.73, ""avg_holding_return"": 64.68, ""avg_rebalance_amount"": 414995.35, ""avg_sector_investment"": 897105.65, ""investor_count"": 502}, {""risk_tolerance"": ""Moderate"", ""avg_holding_value"": 9186349.25, ""avg_holding_return"": 89.16, ""avg_rebalance_amount"": 396592.36, ""avg_sector_investment"": 944870.24, ""investor_count"": 485}]",Expert,Cross-dimension metric comparison,Multi-step Comparative,wealth_management_multi_step_comparative_125_questions.csv,Multi-Step Comparative,"[{""risk_tolerance"": ""Conservative"", ""avg_total_holding_value"": 7012594.165338646, ""avg_holding_return"": 0.6428855092450709, ""avg_total_rebalance_amount"": 357127.47410358564, ""avg_total_sector_investment"": 646916.8247011952}, {""risk_tolerance"": ""Moderate"", ""avg_total_holding_value"": 8523952.798969071, ""avg_holding_return"": 0.8842516732980651, ""avg_total_rebalance_amount"": 349982.5360824742, ""avg_total_sector_investment"": 711087.9113402062}, {""risk_tolerance"": null, ""avg_total_holding_value"": 9057717.12987013, ""avg_holding_return"": 0.898236395638993, ""avg_total_rebalance_amount"": 339571.7792207792, ""avg_total_sector_investment"": 543562.6363636364}, {""risk_tolerance"": ""Aggressive"", ""avg_total_holding_value"": 7463120.643004116, ""avg_holding_return"": 0.7564381377652982, ""avg_total_rebalance_amount"": 359923.8806584362, ""avg_total_sector_investment"": 650101.8703703703}]",PIPELINE_SUCCESS,NEW_BENCHMARK,Final result executed successfully; answer correctness is recorded separately by review/grading.,2026-10-01T13:04:39,85.517,success,,,Execution checks passed. Answer correctness has not been reviewed; use the separate grader.,not_requested,
aop-improvement3-v9,wealth_management_multi_step_comparative_125_questions:MC125-077,"Across risk tolerance, compare the average total holding value, average holding return (counting only holdings with a recorded cost and current value), average total rebalance amount, and average scenario allocation shift (new minus current allocation %) of investors.","[{""risk_tolerance"": null, ""avg_holding_value"": 10459250.55, ""avg_holding_return"": 89.82, ""avg_rebalance_amount"": 415032.17, ""avg_scenario_shift"": -0.71, ""investor_count"": 77}, {""risk_tolerance"": ""Aggressive"", ""avg_holding_value"": 7772076.82, ""avg_holding_return"": 75.8, ""avg_rebalance_amount"": 405853.84, ""avg_scenario_shift"": -1.85, ""investor_count"": 486}, {""risk_tolerance"": ""Conservative"", ""avg_holding_value"": 7365637.73, ""avg_holding_return"": 64.68, ""avg_rebalance_amount"": 414995.35, ""avg_scenario_shift"": -2.22, ""investor_count"": 502}, {""risk_tolerance"": ""Moderate"", ""avg_holding_value"": 9186349.25, ""avg_holding_return"": 89.16, ""avg_rebalance_amount"": 396592.36, ""avg_scenario_shift"": 0.07, ""investor_count"": 485}]",Expert,Cross-dimension metric comparison,Multi-step Comparative,wealth_management_multi_step_comparative_125_questions.csv,Multi-Step Comparative,"[{""risk_tolerance"": ""Conservative"", ""avg_total_holding_value"": 7054754.050100201, ""avg_holding_return_pct"": 61.45040580661823, ""avg_total_rebalance_amount"": 414995.35185185185, ""avg_scenario_allocation_shift"": -1.912751677852349}, {""risk_tolerance"": ""Moderate"", ""avg_total_holding_value"": 8577006.447095435, ""avg_holding_return_pct"": 84.58406796062398, ""avg_total_rebalance_amount"": 396592.3598130841, ""avg_scenario_allocation_shift"": -0.8042704626334519}, {""risk_tolerance"": null, ""avg_total_holding_value"": 9057717.12987013, ""avg_holding_return_pct"": 88.30677980028631, ""avg_total_rebalance_amount"": 415032.1746031746, ""avg_scenario_allocation_shift"": -2.68}, {""risk_tolerance"": ""Aggressive"", ""avg_total_holding_value"": 7478508.520618557, ""avg_holding_return_pct"": 72.13039823864564, ""avg_total_rebalance_amount"": 405853.84222737816, ""avg_scenario_allocation_shift"": -2.42320819112628}]",PIPELINE_SUCCESS,NEW_BENCHMARK,Final result executed successfully; answer correctness is recorded separately by review/grading.,2026-10-01T13:06:05,54.175,success,,,Execution checks passed. Answer correctness has not been reviewed; use the separate grader.,not_requested,
aop-improvement3-v9,wealth_management_multi_step_comparative_125_questions:MC125-078,"Across risk tolerance, compare the average total holding value, average holding return (counting only holdings with a recorded cost and current value), average total rebalance amount, and average risk score of investors.","[{""risk_tolerance"": null, ""avg_holding_value"": 10459250.55, ""avg_holding_return"": 89.82, ""avg_rebalance_amount"": 415032.17, ""avg_risk_score"": 55.31, ""investor_count"": 77}, {""risk_tolerance"": ""Aggressive"", ""avg_holding_value"": 7772076.82, ""avg_holding_return"": 75.8, ""avg_rebalance_amount"": 405853.84, ""avg_risk_score"": 49.12, ""investor_count"": 486}, {""risk_tolerance"": ""Conservative"", ""avg_holding_value"": 7365637.73, ""avg_holding_return"": 64.68, ""avg_rebalance_amount"": 414995.35, ""avg_risk_score"": 51.7, ""investor_count"": 502}, {""risk_tolerance"": ""Moderate"", ""avg_holding_value"": 9186349.25, ""avg_holding_return"": 89.16, ""avg_rebalance_amount"": 396592.36, ""avg_risk_score"": 49.29, ""investor_count"": 485}]",Expert,Cross-dimension metric comparison,Multi-step Comparative,wealth_management_multi_step_comparative_125_questions.csv,Multi-Step Comparative,"[{""risk_tolerance"": ""Conservative"", ""avg_total_holding_value"": 7054754.050100201, ""avg_holding_return"": 61.45040580661823, ""avg_total_rebalance_amount"": 414995.35185185185, ""avg_risk_score"": 51.69881238764889}, {""risk_tolerance"": ""Moderate"", ""avg_total_holding_value"": 8577006.447095435, ""avg_holding_return"": 84.58406796062398, ""avg_total_rebalance_amount"": 396592.3598130841, ""avg_risk_score"": 49.29299804472841}, {""risk_tolerance"": null, ""avg_total_holding_value"": 9057717.12987013, ""avg_holding_return"": 88.30677980028631, ""avg_total_rebalance_amount"": 415032.1746031746, ""avg_risk_score"": 55.31466608298088}, {""risk_tolerance"": ""Aggressive"", ""avg_total_holding_value"": 7478508.520618557, ""avg_holding_return"": 72.13039823864564, ""avg_total_rebalance_amount"": 405853.84222737816, ""avg_risk_score"": 49.11514878672162}]",PIPELINE_SUCCESS,NEW_BENCHMARK,Final result executed successfully; answer correctness is recorded separately by review/grading.,2026-10-01T13:06:59,62.764,success,,,Execution checks passed. Answer correctness has not been reviewed; use the separate grader.,not_requested,
aop-improvement3-v9,wealth_management_multi_step_comparative_125_questions:MC125-079,"Across risk tolerance, compare the average total holding value, average holding return (counting only holdings with a recorded cost and current value), average total rebalance amount, and average goal progress of investors.","[{""risk_tolerance"": null, ""avg_holding_value"": 10459250.55, ""avg_holding_return"": 89.82, ""avg_rebalance_amount"": 415032.17, ""avg_goal_progress"": 46.45, ""investor_count"": 77}, {""risk_tolerance"": ""Aggressive"", ""avg_holding_value"": 7772076.82, ""avg_holding_return"": 75.8, ""avg_rebalance_amount"": 405853.84, ""avg_goal_progress"": 39.76, ""investor_count"": 486}, {""risk_tolerance"": ""Conservative"", ""avg_holding_value"": 7365637.73, ""avg_holding_return"": 64.68, ""avg_rebalance_amount"": 414995.35, ""avg_goal_progress"": 38.25, ""investor_count"": 502}, {""risk_tolerance"": ""Moderate"", ""avg_holding_value"": 9186349.25, ""avg_holding_return"": 89.16, ""avg_rebalance_amount"": 396592.36, ""avg_goal_progress"": 41.21, ""investor_count"": 485}]",Expert,Cross-dimension metric comparison,Multi-step Comparative,wealth_management_multi_step_comparative_125_questions.csv,Multi-Step Comparative,"[{""risk_tolerance"": ""Conservative"", ""avg_total_holding_value"": 7365637.72754491, ""avg_holding_return"": 0.6467505523868249, ""avg_total_rebalance_amount"": 414995.35185185185, ""avg_goal_progress"": 38.25466267969879}, {""risk_tolerance"": ""Moderate"", ""avg_total_holding_value"": 9186349.253623188, ""avg_holding_return"": 0.891605117566656, ""avg_total_rebalance_amount"": 396592.3598130841, ""avg_goal_progress"": 41.208436917228674}, {""risk_tolerance"": null, ""avg_total_holding_value"": 10459250.551948052, ""avg_holding_return"": 0.898236395638993, ""avg_total_rebalance_amount"": 415032.1746031746, ""avg_goal_progress"": 46.44617225514613}, {""risk_tolerance"": ""Aggressive"", ""avg_total_holding_value"": 7772076.822680413, ""avg_holding_return"": 0.7579978040287318, ""avg_total_rebalance_amount"": 405853.84222737816, ""avg_goal_progress"": 39.75870500669318}]",PIPELINE_SUCCESS,NEW_BENCHMARK,Final result executed successfully; answer correctness is recorded separately by review/grading.,2026-10-01T13:08:02,39.835,success,,,Execution checks passed. Answer correctness has not been reviewed; use the separate grader.,not_requested,
aop-improvement3-v9,wealth_management_multi_step_comparative_125_questions:MC125-080,"Across risk tolerance, compare the average total holding value, average holding return (counting only holdings with a recorded cost and current value), average total sector investment, and average scenario allocation shift (new minus current allocation %) of investors.","[{""risk_tolerance"": null, ""avg_holding_value"": 10459250.55, ""avg_holding_return"": 89.82, ""avg_sector_investment"": 837086.46, ""avg_scenario_shift"": -0.71, ""investor_count"": 77}, {""risk_tolerance"": ""Aggressive"", ""avg_holding_value"": 7772076.82, ""avg_holding_return"": 75.8, ""avg_sector_investment"": 905299.45, ""avg_scenario_shift"": -1.85, ""investor_count"": 486}, {""risk_tolerance"": ""Conservative"", ""avg_holding_value"": 7365637.73, ""avg_holding_return"": 64.68, ""avg_sector_investment"": 897105.65, ""avg_scenario_shift"": -2.22, ""investor_count"": 502}, {""risk_tolerance"": ""Moderate"", ""avg_holding_value"": 9186349.25, ""avg_holding_return"": 89.16, ""avg_sector_investment"": 944870.24, ""avg_scenario_shift"": 0.07, ""investor_count"": 485}]",Expert,Cross-dimension metric comparison,Multi-step Comparative,wealth_management_multi_step_comparative_125_questions.csv,Multi-Step Comparative,"[{""risk_tolerance"": ""Conservative"", ""avg_total_holding_value"": 7054754.050100201, ""avg_holding_return"": 61.45040580661823, ""avg_total_sector_investment"": 897105.6519337017, ""avg_scenario_allocation_shift"": -2.2234340044742726}, {""risk_tolerance"": ""Moderate"", ""avg_total_holding_value"": 8577006.447095435, ""avg_holding_return"": 84.58406796062398, ""avg_total_sector_investment"": 944870.2383561644, ""avg_scenario_allocation_shift"": 0.06820877817319085}, {""risk_tolerance"": null, ""avg_total_holding_value"": 9057717.12987013, ""avg_holding_return"": 88.30677980028631, ""avg_total_sector_investment"": 837086.46, ""avg_scenario_allocation_shift"": -0.7110000000000002}, {""risk_tolerance"": ""Aggressive"", ""avg_total_holding_value"": 7478508.520618557, ""avg_holding_return"": 72.13039823864564, ""avg_total_sector_investment"": 905299.452722063, ""avg_scenario_allocation_shift"": -1.8488054607508535}]",PIPELINE_SUCCESS,NEW_BENCHMARK,Final result executed successfully; answer correctness is recorded separately by review/grading.,2026-10-01T13:08:42,71.654,success,,,Execution checks passed. Answer correctness has not been reviewed; use the separate grader.,not_requested,
aop-improvement3-v9,wealth_management_multi_step_comparative_125_questions:MC125-081,"Among investors with every component recorded, list the top 10 ranked by a composite score defined as net cash flow plus total holding gain (counting only holdings with a recorded cost and current value) plus total rebalance amount (all components in INR); break ties by investor_id.","[{""investor_id"": ""INV-1482"", ""investor_name"": ""Aishwarya Joshi"", ""composite_score"": 103496975.5, ""net_cash_flow"": 100005610.0, ""holding_gain"": 3116853.5, ""rebalance_amount"": 374512.0}, {""investor_id"": ""INV-282"", ""investor_name"": ""Anita Deshmukh"", ""composite_score"": 103426297.0, ""net_cash_flow"": 100006303.0, ""holding_gain"": 3209982.0, ""rebalance_amount"": 210012.0}, {""investor_id"": ""INV-482"", ""investor_name"": ""Deepak Mishra"", ""composite_score"": 103405667.5, ""net_cash_flow"": 100015961.0, ""holding_gain"": 2977244.5, ""rebalance_amount"": 412462.0}, {""investor_id"": ""INV-1122"", ""investor_name"": ""Deepak Sharma"", ""composite_score"": 103187843.0, ""net_cash_flow"": 100006313.0, ""holding_gain"": 2687501.0, ""rebalance_amount"": 494029.0}, {""investor_id"": ""INV-162"", ""investor_name"": ""Suresh Joshi"", ""composite_score"": 103166791.5, ""net_cash_flow"": 100002561.0, ""holding_gain"": 2608090.5, ""rebalance_amount"": 556140.0}, {""investor_id"": ""INV-1242"", ""investor_name"": ""Rajesh Arora"", ""composite_score"": 103022138.0, ""net_cash_flow"": 100000285.0, ""holding_gain"": 2966105.0, ""rebalance_amount"": 55748.0}, {""investor_id"": ""INV-1322"", ""investor_name"": ""Bhavna Gupta"", ""composite_score"": 102803243.5, ""net_cash_flow"": 100013945.0, ""holding_gain"": 2102875.5, ""rebalance_amount"": 686423.0}, {""investor_id"": ""INV-1402"", ""investor_name"": ""Dipti Yadav"", ""composite_score"": 102658134.0, ""net_cash_flow"": 100003452.0, ""holding_gain"": 2536341.0, ""rebalance_amount"": 118341.0}, {""investor_id"": ""INV-1042"", ""investor_name"": ""Rajesh Kulkarni"", ""composite_score"": 102622808.5, ""net_cash_flow"": 100011994.0, ""holding_gain"": 2110932.5, ""rebalance_amount"": 499882.0}, {""investor_id"": ""INV-1522"", ""investor_name"": ""Sunita Kulkarni"", ""composite_score"": 102299592.5, ""net_cash_flow"": 100014834.0, ""holding_gain"": 1609556.5, ""rebalance_amount"": 675202.0}]",Expert,Investor composite ranking,Composite Reasoning,wealth_management_multi_step_comparative_125_questions.csv,Multi-Step Comparative,"[{""investor_id"": ""INV-1242"", ""composite_score"": 103940724.5}, {""investor_id"": ""INV-1482"", ""composite_score"": 103496975.5}, {""investor_id"": ""INV-282"", ""composite_score"": 103426297.0}, {""investor_id"": ""INV-482"", ""composite_score"": 103405667.5}, {""investor_id"": ""INV-1122"", ""composite_score"": 103187843.0}, {""investor_id"": ""INV-162"", ""composite_score"": 103166791.5}, {""investor_id"": ""INV-1322"", ""composite_score"": 102803243.5}, {""investor_id"": ""INV-1402"", ""composite_score"": 102658134.0}, {""investor_id"": ""INV-1042"", ""composite_score"": 102622808.5}, {""investor_id"": ""INV-202"", ""composite_score"": 102609146.5}]",PIPELINE_SUCCESS,NEW_BENCHMARK,Final result executed successfully; answer correctness is recorded separately by review/grading.,2026-10-01T13:09:54,39.489,success,,,Execution checks passed. Answer correctness has not been reviewed; use the separate grader.,not_requested,
aop-improvement3-v9,wealth_management_multi_step_comparative_125_questions:MC125-082,"Among investors with every component recorded, list the top 10 ranked by a composite score defined as net cash flow plus total holding gain (counting only holdings with a recorded cost and current value) plus total sector investment (all components in INR); break ties by investor_id.","[{""investor_id"": ""INV-282"", ""investor_name"": ""Anita Deshmukh"", ""composite_score"": 104842089.0, ""net_cash_flow"": 100006303.0, ""holding_gain"": 3209982.0, ""sector_investment"": 1625804.0}, {""investor_id"": ""INV-482"", ""investor_name"": ""Deepak Mishra"", ""composite_score"": 103855364.5, ""net_cash_flow"": 100015961.0, ""holding_gain"": 2977244.5, ""sector_investment"": 862159.0}, {""investor_id"": ""INV-1242"", ""investor_name"": ""Rajesh Arora"", ""composite_score"": 103713610.0, ""net_cash_flow"": 100000285.0, ""holding_gain"": 2966105.0, ""sector_investment"": 747220.0}, {""investor_id"": ""INV-1122"", ""investor_name"": ""Deepak Sharma"", ""composite_score"": 103704245.0, ""net_cash_flow"": 100006313.0, ""holding_gain"": 2687501.0, ""sector_investment"": 1010431.0}, {""investor_id"": ""INV-1482"", ""investor_name"": ""Aishwarya Joshi"", ""composite_score"": 103514913.5, ""net_cash_flow"": 100005610.0, ""holding_gain"": 3116853.5, ""sector_investment"": 392450.0}, {""investor_id"": ""INV-802"", ""investor_name"": ""Sunita Arora"", ""composite_score"": 103384715.0, ""net_cash_flow"": 100006527.0, ""holding_gain"": 1936466.0, ""sector_investment"": 1441722.0}, {""investor_id"": ""INV-162"", ""investor_name"": ""Suresh Joshi"", ""composite_score"": 102725300.5, ""net_cash_flow"": 100002561.0, ""holding_gain"": 2608090.5, ""sector_investment"": 114649.0}, {""investor_id"": ""INV-1322"", ""investor_name"": ""Bhavna Gupta"", ""composite_score"": 102694873.5, ""net_cash_flow"": 100013945.0, ""holding_gain"": 2102875.5, ""sector_investment"": 578053.0}, {""investor_id"": ""INV-082"", ""investor_name"": ""Amit Chauhan"", ""composite_score"": 102356043.0, ""net_cash_flow"": 100015142.0, ""holding_gain"": 956750.0, ""sector_investment"": 1384151.0}, {""investor_id"": ""INV-202"", ""investor_name"": ""Chetan Patel"", ""composite_score"": 102300690.0, ""net_cash_flow"": 100017961.0, ""holding_gain"": 685441.0, ""sector_investment"": 1597288.0}]",Expert,Investor composite ranking,Composite Reasoning,wealth_management_multi_step_comparative_125_questions.csv,Multi-Step Comparative,"[{""investor_id"": ""INV-282"", ""composite_score"": 104842089.0}, {""investor_id"": ""INV-1242"", ""composite_score"": 104632196.5}, {""investor_id"": ""INV-482"", ""composite_score"": 103855364.5}, {""investor_id"": ""INV-1122"", ""composite_score"": 103704245.0}, {""investor_id"": ""INV-202"", ""composite_score"": 103666933.5}, {""investor_id"": ""INV-1482"", ""composite_score"": 103514913.5}, {""investor_id"": ""INV-802"", ""composite_score"": 103384715.0}, {""investor_id"": ""INV-1202"", ""composite_score"": 103093027.5}, {""investor_id"": ""INV-042"", ""composite_score"": 102774975.5}, {""investor_id"": ""INV-162"", ""composite_score"": 102725300.5}]",PIPELINE_SUCCESS,NEW_BENCHMARK,Final result executed successfully; answer correctness is recorded separately by review/grading.,2026-10-01T13:10:34,52.735,success,,,Execution checks passed. Answer correctness has not been reviewed; use the separate grader.,not_requested,
aop-improvement3-v9,wealth_management_multi_step_comparative_125_questions:MC125-083,"List the top 10 investors ranked by a composite score (0-100 index) combining net cash flow, total holding gain (counting only holdings with a recorded cost and current value) and total scenario allocation shift (sum of new minus current allocation %). Over investors that have all 3 components, min-max normalise each component to 0-1, and take 100 times their equal-weighted mean; break ties by investor_id.","[{""investor_id"": ""INV-693"", ""investor_name"": ""Rohan Mehta"", ""composite_score"": 64.81, ""net_cash_flow"": -4722.0, ""holding_gain"": 99528443.5, ""scenario_shift"": -2.0}, {""investor_id"": ""INV-1323"", ""investor_name"": ""Bhavna Bhat"", ""composite_score"": 62.36, ""net_cash_flow"": 4544.0, ""holding_gain"": 100332508.0, ""scenario_shift"": -26.0}, {""investor_id"": ""INV-723"", ""investor_name"": ""Aishwarya Joshi"", ""composite_score"": 62.26, ""net_cash_flow"": -7447.0, ""holding_gain"": 88293974.0, ""scenario_shift"": 8.0}, {""investor_id"": ""INV-1233"", ""investor_name"": ""Suresh Rao"", ""composite_score"": 62.19, ""net_cash_flow"": 17085.0, ""holding_gain"": 98787218.5, ""scenario_shift"": -23.0}, {""investor_id"": ""INV-213"", ""investor_name"": ""Suresh Mishra"", ""composite_score"": 61.53, ""net_cash_flow"": -1649.0, ""holding_gain"": 87799432.5, ""scenario_shift"": 3.0}, {""investor_id"": ""INV-393"", ""investor_name"": ""Amrita Pandey"", ""composite_score"": 59.63, ""net_cash_flow"": -1898.0, ""holding_gain"": 54360917.5, ""scenario_shift"": 83.0}, {""investor_id"": ""INV-1263"", ""investor_name"": ""Sunita Gupta"", ""composite_score"": 59.58, ""net_cash_flow"": 1956.0, ""holding_gain"": 91171559.0, ""scenario_shift"": -24.0}, {""investor_id"": ""INV-1322"", ""investor_name"": ""Bhavna Gupta"", ""composite_score"": 59.26, ""net_cash_flow"": 100013945.0, ""holding_gain"": 2102875.5, ""scenario_shift"": 84.0}, {""investor_id"": ""INV-663"", ""investor_name"": ""Siddharth Yadav"", ""composite_score"": 59.19, ""net_cash_flow"": 2275.0, ""holding_gain"": 91387689.5, ""scenario_shift"": -28.0}, {""investor_id"": ""INV-483"", ""investor_name"": ""Kavita Reddy"", ""composite_score"": 58.79, ""net_cash_flow"": -1507.0, ""holding_gain"": 83587020.5, ""scenario_shift"": -9.0}]",Expert,Investor composite ranking,Composite Reasoning,wealth_management_multi_step_comparative_125_questions.csv,Multi-Step Comparative,"[{""investor_id"": ""INV-693"", ""composite_score"": 64.98937211251298}, {""investor_id"": ""INV-1323"", ""composite_score"": 62.35703889070311}, {""investor_id"": ""INV-723"", ""composite_score"": 62.25900117046081}, {""investor_id"": ""INV-1233"", ""composite_score"": 62.19211793549834}, {""investor_id"": ""INV-213"", ""composite_score"": 61.53077092879191}, {""investor_id"": ""INV-663"", ""composite_score"": 59.63868816196468}, {""investor_id"": ""INV-393"", ""composite_score"": 59.62687086675814}, {""investor_id"": ""INV-1263"", ""composite_score"": 59.57684211284578}, {""investor_id"": ""INV-1322"", ""composite_score"": 59.257963378422176}, {""investor_id"": ""INV-483"", ""composite_score"": 59.04631654830984}]",PIPELINE_SUCCESS,NEW_BENCHMARK,Final result executed successfully; answer correctness is recorded separately by review/grading.,2026-10-01T13:17:57,85.585,success,,,Execution checks passed. Answer correctness has not been reviewed; use the separate grader.,not_requested,
aop-improvement3-v9,wealth_management_multi_step_comparative_125_questions:MC125-084,"List the top 10 investors ranked by a composite score (0-100 index) combining net cash flow, total holding gain (counting only holdings with a recorded cost and current value) and risk score. Over investors that have all 3 components, min-max normalise each component to 0-1, and take 100 times their equal-weighted mean; break ties by investor_id.","[{""investor_id"": ""INV-1233"", ""investor_name"": ""Suresh Rao"", ""composite_score"": 74.21, ""net_cash_flow"": 17085.0, ""holding_gain"": 98787218.5, ""risk_score"": 74.13}, {""investor_id"": ""INV-693"", ""investor_name"": ""Rohan Mehta"", ""composite_score"": 72.3, ""net_cash_flow"": -4722.0, ""holding_gain"": 99528443.5, ""risk_score"": 67.71}, {""investor_id"": ""INV-1323"", ""investor_name"": ""Bhavna Bhat"", ""composite_score"": 66.67, ""net_cash_flow"": 4544.0, ""holding_gain"": 100332508.0, ""risk_score"": 50.0}, {""investor_id"": ""INV-1023"", ""investor_name"": ""Priyanka Joshi"", ""composite_score"": 65.07, ""net_cash_flow"": 11728.0, ""holding_gain"": 95466765.5, ""risk_score"": 50.0}, {""investor_id"": ""INV-663"", ""investor_name"": ""Siddharth Yadav"", ""composite_score"": 63.73, ""net_cash_flow"": 2275.0, ""holding_gain"": 91387689.5, ""risk_score"": 50.0}, {""investor_id"": ""INV-1263"", ""investor_name"": ""Sunita Gupta"", ""composite_score"": 63.66, ""net_cash_flow"": 1956.0, ""holding_gain"": 91171559.0, ""risk_score"": 50.0}, {""investor_id"": ""INV-723"", ""investor_name"": ""Aishwarya Joshi"", ""composite_score"": 62.71, ""net_cash_flow"": -7447.0, ""holding_gain"": 88293974.0, ""risk_score"": 50.0}, {""investor_id"": ""INV-183"", ""investor_name"": ""Sneha Mishra"", ""composite_score"": 62.55, ""net_cash_flow"": 4808.0, ""holding_gain"": 87803540.5, ""risk_score"": 50.0}, {""investor_id"": ""INV-393"", ""investor_name"": ""Amrita Pandey"", ""composite_score"": 61.84, ""net_cash_flow"": -1898.0, ""holding_gain"": 54360917.5, ""risk_score"": 80.79}, {""investor_id"": ""INV-213"", ""investor_name"": ""Suresh Mishra"", ""composite_score"": 61.35, ""net_cash_flow"": -1649.0, ""holding_gain"": 87799432.5, ""risk_score"": 46.4}]",Expert,Investor composite ranking,Composite Reasoning,wealth_management_multi_step_comparative_125_questions.csv,Multi-Step Comparative,"[{""investor_id"": ""INV-1233"", ""composite_score"": 74.20516161351163}, {""investor_id"": ""INV-693"", ""composite_score"": 72.4789891434152}, {""investor_id"": ""INV-1323"", ""composite_score"": 66.66542891337885}, {""investor_id"": ""INV-1023"", ""composite_score"": 65.07857252122481}, {""investor_id"": ""INV-663"", ""composite_score"": 64.17383555425492}, {""investor_id"": ""INV-1263"", ""composite_score"": 63.658474765907}, {""investor_id"": ""INV-723"", ""composite_score"": 62.712515909689834}, {""investor_id"": ""INV-183"", ""composite_score"": 62.553603389612256}, {""investor_id"": ""INV-393"", ""composite_score"": 61.83967239295743}, {""investor_id"": ""INV-483"", ""composite_score"": 61.42726892926221}]",PIPELINE_SUCCESS,NEW_BENCHMARK,Final result executed successfully; answer correctness is recorded separately by review/grading.,2026-10-01T13:19:37,53.082,success,,,Execution checks passed. Answer correctness has not been reviewed; use the separate grader.,not_requested,
aop-improvement3-v9,wealth_management_multi_step_comparative_125_questions:MC125-085,"Among investors with every component recorded, list the top 10 ranked by a composite score defined as net cash flow plus total holding gain (counting only holdings with a recorded cost and current value) minus average goal shortfall (all components in INR); break ties by investor_id.","[{""investor_id"": ""INV-1122"", ""investor_name"": ""Deepak Sharma"", ""composite_score"": 102377014.03, ""net_cash_flow"": 100006313.0, ""holding_gain"": 2687501.0, ""goal_shortfall"": 316799.97}, {""investor_id"": ""INV-522"", ""investor_name"": ""Siddharth Chauhan"", ""composite_score"": 101936833.91, ""net_cash_flow"": 100009757.0, ""holding_gain"": 1212068.5, ""goal_shortfall"": -715008.41}, {""investor_id"": ""INV-482"", ""investor_name"": ""Deepak Mishra"", ""composite_score"": 101692129.08, ""net_cash_flow"": 100015961.0, ""holding_gain"": 2977244.5, ""goal_shortfall"": 1301076.42}, {""investor_id"": ""INV-762"", ""investor_name"": ""Chetan Pandey"", ""composite_score"": 101391720.72, ""net_cash_flow"": 100003558.0, ""holding_gain"": 834630.0, ""goal_shortfall"": -553532.72}, {""investor_id"": ""INV-1402"", ""investor_name"": ""Dipti Yadav"", ""composite_score"": 101315218.5, ""net_cash_flow"": 100003452.0, ""holding_gain"": 2536341.0, ""goal_shortfall"": 1224574.5}, {""investor_id"": ""INV-802"", ""investor_name"": ""Sunita Arora"", ""composite_score"": 101295004.33, ""net_cash_flow"": 100006527.0, ""holding_gain"": 1936466.0, ""goal_shortfall"": 647988.67}, {""investor_id"": ""INV-602"", ""investor_name"": ""Sneha Bhat"", ""composite_score"": 101003762.0, ""net_cash_flow"": 100000636.0, ""holding_gain"": 2003126.0, ""goal_shortfall"": 1000000.0}, {""investor_id"": ""INV-642"", ""investor_name"": ""Priyanka Mishra"", ""composite_score"": 100845789.65, ""net_cash_flow"": 100016395.0, ""holding_gain"": 859035.5, ""goal_shortfall"": 29640.85}, {""investor_id"": ""INV-042"", ""investor_name"": ""Suresh Bhat"", ""composite_score"": 100774509.6, ""net_cash_flow"": 99999255.0, ""holding_gain"": 1303860.5, ""goal_shortfall"": 528605.9}, {""investor_id"": ""INV-162"", ""investor_name"": ""Suresh Joshi"", ""composite_score"": 100406960.58, ""net_cash_flow"": 100002561.0, ""holding_gain"": 2608090.5, ""goal_shortfall"": 2203690.92}]",Expert,Investor composite ranking,Composite Reasoning,wealth_management_multi_step_comparative_125_questions.csv,Multi-Step Comparative,"[{""investor_id"": ""INV-1122"", ""composite_score"": 102377014.0306877}, {""investor_id"": ""INV-522"", ""composite_score"": 101936833.90703663}, {""investor_id"": ""INV-042"", ""composite_score"": 101841663.6}, {""investor_id"": ""INV-482"", ""composite_score"": 101692129.08101512}, {""investor_id"": ""INV-1202"", ""composite_score"": 101487864.84655964}, {""investor_id"": ""INV-762"", ""composite_score"": 101391720.7194829}, {""investor_id"": ""INV-1402"", ""composite_score"": 101315218.4988217}, {""investor_id"": ""INV-802"", ""composite_score"": 101295004.33333333}, {""investor_id"": ""INV-602"", ""composite_score"": 101003762.0}, {""investor_id"": ""INV-642"", ""composite_score"": 100845789.65205608}]",PIPELINE_SUCCESS,NEW_BENCHMARK,Final result executed successfully; answer correctness is recorded separately by review/grading.,2026-10-01T13:20:31,31.095,success,,,Execution checks passed. Answer correctness has not been reviewed; use the separate grader.,not_requested,
aop-improvement3-v9,wealth_management_multi_step_comparative_125_questions:MC125-086,"Among investors with every component recorded, list the top 10 ranked by a composite score defined as net cash flow plus total rebalance amount plus total sector investment (all components in INR); break ties by investor_id.","[{""investor_id"": ""INV-202"", ""investor_name"": ""Chetan Patel"", ""composite_score"": 102154750.0, ""net_cash_flow"": 100017961.0, ""rebalance_amount"": 539501.0, ""sector_investment"": 1597288.0}, {""investor_id"": ""INV-282"", ""investor_name"": ""Anita Deshmukh"", ""composite_score"": 101842119.0, ""net_cash_flow"": 100006303.0, ""rebalance_amount"": 210012.0, ""sector_investment"": 1625804.0}, {""investor_id"": ""INV-802"", ""investor_name"": ""Sunita Arora"", ""composite_score"": 101576427.0, ""net_cash_flow"": 100006527.0, ""rebalance_amount"": 128178.0, ""sector_investment"": 1441722.0}, {""investor_id"": ""INV-1122"", ""investor_name"": ""Deepak Sharma"", ""composite_score"": 101510773.0, ""net_cash_flow"": 100006313.0, ""rebalance_amount"": 494029.0, ""sector_investment"": 1010431.0}, {""investor_id"": ""INV-082"", ""investor_name"": ""Amit Chauhan"", ""composite_score"": 101402650.0, ""net_cash_flow"": 100015142.0, ""rebalance_amount"": 3357.0, ""sector_investment"": 1384151.0}, {""investor_id"": ""INV-482"", ""investor_name"": ""Deepak Mishra"", ""composite_score"": 101290582.0, ""net_cash_flow"": 100015961.0, ""rebalance_amount"": 412462.0, ""sector_investment"": 862159.0}, {""investor_id"": ""INV-1322"", ""investor_name"": ""Bhavna Gupta"", ""composite_score"": 101278421.0, ""net_cash_flow"": 100013945.0, ""rebalance_amount"": 686423.0, ""sector_investment"": 578053.0}, {""investor_id"": ""INV-762"", ""investor_name"": ""Chetan Pandey"", ""composite_score"": 101045244.0, ""net_cash_flow"": 100003558.0, ""rebalance_amount"": 328089.0, ""sector_investment"": 713597.0}, {""investor_id"": ""INV-842"", ""investor_name"": ""Akshay Iyer"", ""composite_score"": 100983657.0, ""net_cash_flow"": 99994483.0, ""rebalance_amount"": 183728.0, ""sector_investment"": 805446.0}, {""investor_id"": ""INV-402"", ""investor_name"": ""Anita Kulkarni"", ""composite_score"": 100961489.0, ""net_cash_flow"": 100000457.0, ""rebalance_amount"": 540897.0, ""sector_investment"": 420135.0}]",Expert,Investor composite ranking,Composite Reasoning,wealth_management_multi_step_comparative_125_questions.csv,Multi-Step Comparative,"[{""investor_id"": ""INV-202"", ""net_cash_flow"": 100017961.0, ""total_rebalance"": 539501.0, ""total_sector_investment"": 1597288.0, ""composite_score"": 102154750.0}, {""investor_id"": ""INV-282"", ""net_cash_flow"": 100006303.0, ""total_rebalance"": 210012.0, ""total_sector_investment"": 1625804.0, ""composite_score"": 101842119.0}, {""investor_id"": ""INV-802"", ""net_cash_flow"": 100006527.0, ""total_rebalance"": 128178.0, ""total_sector_investment"": 1441722.0, ""composite_score"": 101576427.0}, {""investor_id"": ""INV-1122"", ""net_cash_flow"": 100006313.0, ""total_rebalance"": 494029.0, ""total_sector_investment"": 1010431.0, ""composite_score"": 101510773.0}, {""investor_id"": ""INV-082"", ""net_cash_flow"": 100015142.0, ""total_rebalance"": 3357.0, ""total_sector_investment"": 1384151.0, ""composite_score"": 101402650.0}, {""investor_id"": ""INV-482"", ""net_cash_flow"": 100015961.0, ""total_rebalance"": 412462.0, ""total_sector_investment"": 862159.0, ""composite_score"": 101290582.0}, {""investor_id"": ""INV-1322"", ""net_cash_flow"": 100013945.0, ""total_rebalance"": 686423.0, ""total_sector_investment"": 578053.0, ""composite_score"": 101278421.0}, {""investor_id"": ""INV-762"", ""net_cash_flow"": 100003558.0, ""total_rebalance"": 328089.0, ""total_sector_investment"": 713597.0, ""composite_score"": 101045244.0}, {""investor_id"": ""INV-842"", ""net_cash_flow"": 99994483.0, ""total_rebalance"": 183728.0, ""total_sector_investment"": 805446.0, ""composite_score"": 100983657.0}, {""investor_id"": ""INV-402"", ""net_cash_flow"": 100000457.0, ""total_rebalance"": 540897.0, ""total_sector_investment"": 420135.0, ""composite_score"": 100961489.0}]",PIPELINE_SUCCESS,NEW_BENCHMARK,Final result executed successfully; answer correctness is recorded separately by review/grading.,2026-10-01T13:21:02,58.131,success,,,Execution checks passed. Answer correctness has not been reviewed; use the separate grader.,not_requested,
aop-improvement3-v9,wealth_management_multi_step_comparative_125_questions:MC125-087,"List the top 10 investors ranked by the transaction_rebalance_index (a 0-100 composite index) combining net cash flow, total rebalance amount and total scenario allocation shift (sum of new minus current allocation %). Over investors that have all 3 components, min-max normalise each component to 0-1, and take 100 times their equal-weighted mean; break ties by investor_id.","[{""investor_id"": ""INV-1322"", ""investor_name"": ""Bhavna Gupta"", ""composite_score"": 76.86, ""net_cash_flow"": 100013945.0, ""rebalance_amount"": 686423.0, ""scenario_shift"": 84.0}, {""investor_id"": ""INV-202"", ""investor_name"": ""Chetan Patel"", ""composite_score"": 69.91, ""net_cash_flow"": 100017961.0, ""rebalance_amount"": 539501.0, ""scenario_shift"": 58.0}, {""investor_id"": ""INV-1185"", ""investor_name"": ""Kavita Singh"", ""composite_score"": 67.57, ""net_cash_flow"": -2786.0, ""rebalance_amount"": 1111528.0, ""scenario_shift"": 47.0}, {""investor_id"": ""INV-1082"", ""investor_name"": ""Suresh Verma"", ""composite_score"": 66.97, ""net_cash_flow"": 100006214.0, ""rebalance_amount"": 464813.0, ""scenario_shift"": 50.0}, {""investor_id"": ""INV-1222"", ""investor_name"": ""Siddharth Arora"", ""composite_score"": 66.41, ""net_cash_flow"": 16520.0, ""rebalance_amount"": 976993.0, ""scenario_shift"": 69.0}, {""investor_id"": ""INV-1122"", ""investor_name"": ""Deepak Sharma"", ""composite_score"": 66.29, ""net_cash_flow"": 100006313.0, ""rebalance_amount"": 494029.0, ""scenario_shift"": 37.0}, {""investor_id"": ""INV-044"", ""investor_name"": ""Ishita Sharma"", ""composite_score"": 64.52, ""net_cash_flow"": 2372.0, ""rebalance_amount"": 941084.0, ""scenario_shift"": 61.0}, {""investor_id"": ""INV-350"", ""investor_name"": ""Rahul Verma"", ""composite_score"": 63.73, ""net_cash_flow"": 11749.0, ""rebalance_amount"": 895558.0, ""scenario_shift"": 65.0}, {""investor_id"": ""INV-1345"", ""investor_name"": ""Rajesh Verma"", ""composite_score"": 63.72, ""net_cash_flow"": 1875.0, ""rebalance_amount"": 1223864.0, ""scenario_shift"": -14.0}, {""investor_id"": ""INV-1393"", ""investor_name"": ""Rahul Iyer"", ""composite_score"": 62.8, ""net_cash_flow"": -2628.0, ""rebalance_amount"": 1077732.0, ""scenario_shift"": 13.0}]",Expert,Investor composite ranking,Composite Reasoning,wealth_management_multi_step_comparative_125_questions.csv,Multi-Step Comparative,"[{""investor_id"": ""INV-1322"", ""transaction_rebalance_index"": 76.85803061972942}, {""investor_id"": ""INV-202"", ""transaction_rebalance_index"": 69.9092656930068}, {""investor_id"": ""INV-1185"", ""transaction_rebalance_index"": 67.57286207923863}, {""investor_id"": ""INV-1082"", ""transaction_rebalance_index"": 66.96606555605443}, {""investor_id"": ""INV-1222"", ""transaction_rebalance_index"": 66.40619627912449}, {""investor_id"": ""INV-1122"", ""transaction_rebalance_index"": 66.28789026858662}, {""investor_id"": ""INV-044"", ""transaction_rebalance_index"": 64.51878634061413}, {""investor_id"": ""INV-350"", ""transaction_rebalance_index"": 63.7339112247901}, {""investor_id"": ""INV-1345"", ""transaction_rebalance_index"": 63.71713830382236}, {""investor_id"": ""INV-1393"", ""transaction_rebalance_index"": 62.79754048231369}]",PIPELINE_SUCCESS,NEW_BENCHMARK,Final result executed successfully; answer correctness is recorded separately by review/grading.,2026-10-01T13:22:05,63.203,success,,,Execution checks passed. Answer correctness has not been reviewed; use the separate grader.,not_requested,
aop-improvement3-v9,wealth_management_multi_step_comparative_125_questions:MC125-088,"List the top 10 investors ranked by a composite score (0-100 index) combining net cash flow, total rebalance amount and risk score. Over investors that have all 3 components, min-max normalise each component to 0-1, and take 100 times their equal-weighted mean; break ties by investor_id.","[{""investor_id"": ""INV-1153"", ""investor_name"": ""Arvind Sharma"", ""composite_score"": 77.96, ""net_cash_flow"": 11997.0, ""rebalance_amount"": 1130071.0, ""risk_score"": 91.55}, {""investor_id"": ""INV-1061"", ""investor_name"": ""Vikram Verma"", ""composite_score"": 76.45, ""net_cash_flow"": -4054.0, ""rebalance_amount"": 971160.0, ""risk_score"": 100.0}, {""investor_id"": ""INV-878"", ""investor_name"": ""Vikram Kulkarni"", ""composite_score"": 74.91, ""net_cash_flow"": 8318.0, ""rebalance_amount"": 994761.0, ""risk_score"": 93.46}, {""investor_id"": ""INV-1047"", ""investor_name"": ""Anjali Hegde"", ""composite_score"": 73.77, ""net_cash_flow"": 8311.0, ""rebalance_amount"": 960932.0, ""risk_score"": 92.79}, {""investor_id"": ""INV-1378"", ""investor_name"": ""Anjali Joshi"", ""composite_score"": 73.53, ""net_cash_flow"": 6209.0, ""rebalance_amount"": 1059469.0, ""risk_score"": 84.01}, {""investor_id"": ""INV-644"", ""investor_name"": ""Abhishek Reddy"", ""composite_score"": 73.42, ""net_cash_flow"": 6142.0, ""rebalance_amount"": 959163.0, ""risk_score"": 91.9}, {""investor_id"": ""INV-1185"", ""investor_name"": ""Kavita Singh"", ""composite_score"": 73.17, ""net_cash_flow"": -2786.0, ""rebalance_amount"": 1111528.0, ""risk_score"": 78.68}, {""investor_id"": ""INV-601"", ""investor_name"": ""Akshay Gupta"", ""composite_score"": 72.58, ""net_cash_flow"": -3825.0, ""rebalance_amount"": 829053.0, ""risk_score"": 100.0}, {""investor_id"": ""INV-781"", ""investor_name"": ""Dipti Reddy"", ""composite_score"": 71.88, ""net_cash_flow"": -5768.0, ""rebalance_amount"": 803372.0, ""risk_score"": 100.0}, {""investor_id"": ""INV-490"", ""investor_name"": ""Dipti Yadav"", ""composite_score"": 71.62, ""net_cash_flow"": 3626.0, ""rebalance_amount"": 880727.0, ""risk_score"": 92.91}]",Expert,Investor composite ranking,Composite Reasoning,wealth_management_multi_step_comparative_125_questions.csv,Multi-Step Comparative,"[{""investor_id"": ""INV-1153"", ""net_cash_flow"": 11997.0, ""total_rebalance"": 1130071.0, ""risk_score"": 91.55123578174637, ""composite_score"": 77.96252348790236}, {""investor_id"": ""INV-1061"", ""net_cash_flow"": -4054.0, ""total_rebalance"": 971160.0, ""risk_score"": 100.0, ""composite_score"": 76.44798071894333}, {""investor_id"": ""INV-878"", ""net_cash_flow"": 8318.0, ""total_rebalance"": 994761.0, ""risk_score"": 93.4555221385956, ""composite_score"": 74.91135014554649}, {""investor_id"": ""INV-1047"", ""net_cash_flow"": 8311.0, ""total_rebalance"": 960932.0, ""risk_score"": 92.78877037864257, ""composite_score"": 73.76772695451925}, {""investor_id"": ""INV-1378"", ""net_cash_flow"": 6209.0, ""total_rebalance"": 1059469.0, ""risk_score"": 84.0108891051342, ""composite_score"": 73.52518391465895}, {""investor_id"": ""INV-644"", ""net_cash_flow"": 6142.0, ""total_rebalance"": 959163.0, ""risk_score"": 91.90435617505678, ""composite_score"": 73.42438000868874}, {""investor_id"": ""INV-1185"", ""net_cash_flow"": -2786.0, ""total_rebalance"": 1111528.0, ""risk_score"": 78.68217578675043, ""composite_score"": 73.16533337323482}, {""investor_id"": ""INV-601"", ""net_cash_flow"": -3825.0, ""total_rebalance"": 829053.0, ""risk_score"": 100.0, ""composite_score"": 72.57757249367381}, {""investor_id"": ""INV-781"", ""net_cash_flow"": -5768.0, ""total_rebalance"": 803372.0, ""risk_score"": 100.0, ""composite_score"": 71.87779732611995}, {""investor_id"": ""INV-490"", ""net_cash_flow"": 3626.0, ""total_rebalance"": 880727.0, ""risk_score"": 92.9117065897472, ""composite_score"": 71.62345016315403}]",PIPELINE_SUCCESS,NEW_BENCHMARK,Final result executed successfully; answer correctness is recorded separately by review/grading.,2026-10-01T13:23:08,49.343,success,,,Execution checks passed. Answer correctness has not been reviewed; use the separate grader.,not_requested,
aop-improvement3-v9,wealth_management_multi_step_comparative_125_questions:MC125-089,"Among investors with every component recorded, list the top 10 ranked by a composite score defined as net cash flow plus total rebalance amount minus average goal shortfall (all components in INR); break ties by investor_id.","[{""investor_id"": ""INV-762"", ""investor_name"": ""Chetan Pandey"", ""composite_score"": 100885179.72, ""net_cash_flow"": 100003558.0, ""rebalance_amount"": 328089.0, ""goal_shortfall"": -553532.72}, {""investor_id"": ""INV-122"", ""investor_name"": ""Dipti Gupta"", ""composite_score"": 100758133.74, ""net_cash_flow"": 100018438.0, ""rebalance_amount"": 337742.0, ""goal_shortfall"": -401953.74}, {""investor_id"": ""INV-522"", ""investor_name"": ""Siddharth Chauhan"", ""composite_score"": 100724765.41, ""net_cash_flow"": 100009757.0, ""rebalance_amount"": 0.0, ""goal_shortfall"": -715008.41}, {""investor_id"": ""INV-642"", ""investor_name"": ""Priyanka Mishra"", ""composite_score"": 100648578.15, ""net_cash_flow"": 100016395.0, ""rebalance_amount"": 661824.0, ""goal_shortfall"": 29640.85}, {""investor_id"": ""INV-1122"", ""investor_name"": ""Deepak Sharma"", ""composite_score"": 100183542.03, ""net_cash_flow"": 100006313.0, ""rebalance_amount"": 494029.0, ""goal_shortfall"": 316799.97}, {""investor_id"": ""INV-042"", ""investor_name"": ""Suresh Bhat"", ""composite_score"": 99540565.1, ""net_cash_flow"": 99999255.0, ""rebalance_amount"": 69916.0, ""goal_shortfall"": 528605.9}, {""investor_id"": ""INV-802"", ""investor_name"": ""Sunita Arora"", ""composite_score"": 99486716.33, ""net_cash_flow"": 100006527.0, ""rebalance_amount"": 128178.0, ""goal_shortfall"": 647988.67}, {""investor_id"": ""INV-482"", ""investor_name"": ""Deepak Mishra"", ""composite_score"": 99127346.58, ""net_cash_flow"": 100015961.0, ""rebalance_amount"": 412462.0, ""goal_shortfall"": 1301076.42}, {""investor_id"": ""INV-602"", ""investor_name"": ""Sneha Bhat"", ""composite_score"": 99071476.0, ""net_cash_flow"": 100000636.0, ""rebalance_amount"": 70840.0, ""goal_shortfall"": 1000000.0}, {""investor_id"": ""INV-1402"", ""investor_name"": ""Dipti Yadav"", ""composite_score"": 98897218.5, ""net_cash_flow"": 100003452.0, ""rebalance_amount"": 118341.0, ""goal_shortfall"": 1224574.5}]",Expert,Investor composite ranking,Composite Reasoning,wealth_management_multi_step_comparative_125_questions.csv,Multi-Step Comparative,"[{""investor_id"": ""INV-762"", ""net_cash_flow"": 100003558.0, ""total_rebalance"": 328089.0, ""avg_shortfall"": -553532.719482898, ""composite_score"": 100885179.7194829}, {""investor_id"": ""INV-122"", ""net_cash_flow"": 100018438.0, ""total_rebalance"": 337742.0, ""avg_shortfall"": -401953.7385467787, ""composite_score"": 100758133.73854677}, {""investor_id"": ""INV-522"", ""net_cash_flow"": 100009757.0, ""total_rebalance"": 0.0, ""avg_shortfall"": -715008.407036629, ""composite_score"": 100724765.40703663}, {""investor_id"": ""INV-642"", ""net_cash_flow"": 100016395.0, ""total_rebalance"": 661824.0, ""avg_shortfall"": 29640.847943914745, ""composite_score"": 100648578.15205608}, {""investor_id"": ""INV-1122"", ""net_cash_flow"": 100006313.0, ""total_rebalance"": 494029.0, ""avg_shortfall"": 316799.96931229404, ""composite_score"": 100183542.0306877}, {""investor_id"": ""INV-042"", ""net_cash_flow"": 99999255.0, ""total_rebalance"": 69916.0, ""avg_shortfall"": 528605.9, ""composite_score"": 99540565.1}, {""investor_id"": ""INV-802"", ""net_cash_flow"": 100006527.0, ""total_rebalance"": 128178.0, ""avg_shortfall"": 647988.6666666666, ""composite_score"": 99486716.33333333}, {""investor_id"": ""INV-482"", ""net_cash_flow"": 100015961.0, ""total_rebalance"": 412462.0, ""avg_shortfall"": 1301076.4189848786, ""composite_score"": 99127346.58101512}, {""investor_id"": ""INV-602"", ""net_cash_flow"": 100000636.0, ""total_rebalance"": 70840.0, ""avg_shortfall"": 1000000.0, ""composite_score"": 99071476.0}, {""investor_id"": ""INV-1402"", ""net_cash_flow"": 100003452.0, ""total_rebalance"": 118341.0, ""avg_shortfall"": 1224574.501178295, ""composite_score"": 98897218.4988217}]",PIPELINE_SUCCESS,NEW_BENCHMARK,Final result executed successfully; answer correctness is recorded separately by review/grading.,2026-10-01T13:23:58,42.261,success,,,Execution checks passed. Answer correctness has not been reviewed; use the separate grader.,not_requested,
aop-improvement3-v9,wealth_management_multi_step_comparative_125_questions:MC125-090,"List the top 10 investors ranked by a composite score (0-100 index) combining net cash flow, total sector investment and total scenario allocation shift (sum of new minus current allocation %). Over investors that have all 3 components, min-max normalise each component to 0-1, and take 100 times their equal-weighted mean; break ties by investor_id.","[{""investor_id"": ""INV-202"", ""investor_name"": ""Chetan Patel"", ""composite_score"": 68.76, ""net_cash_flow"": 100017961.0, ""sector_investment"": 1597288.0, ""scenario_shift"": 58.0}, {""investor_id"": ""INV-1304"", ""investor_name"": ""Aishwarya Chauhan"", ""composite_score"": 68.56, ""net_cash_flow"": 9104.0, ""sector_investment"": 3546684.0, ""scenario_shift"": 57.0}, {""investor_id"": ""INV-1025"", ""investor_name"": ""Rohan Arora"", ""composite_score"": 65.46, ""net_cash_flow"": 14119.0, ""sector_investment"": 3034583.0, ""scenario_shift"": 68.0}, {""investor_id"": ""INV-515"", ""investor_name"": ""Rahul Verma"", ""composite_score"": 64.11, ""net_cash_flow"": 2474.0, ""sector_investment"": 3918704.0, ""scenario_shift"": -10.0}, {""investor_id"": ""INV-1322"", ""investor_name"": ""Bhavna Gupta"", ""composite_score"": 63.05, ""net_cash_flow"": 100013945.0, ""sector_investment"": 578053.0, ""scenario_shift"": 84.0}, {""investor_id"": ""INV-393"", ""investor_name"": ""Amrita Pandey"", ""composite_score"": 62.47, ""net_cash_flow"": -1898.0, ""sector_investment"": 2482952.0, ""scenario_shift"": 83.0}, {""investor_id"": ""INV-842"", ""investor_name"": ""Akshay Iyer"", ""composite_score"": 62.02, ""net_cash_flow"": 99994483.0, ""sector_investment"": 805446.0, ""scenario_shift"": 58.0}, {""investor_id"": ""INV-1096"", ""investor_name"": ""Amrita Sharma"", ""composite_score"": 61.93, ""net_cash_flow"": -3688.0, ""sector_investment"": 3596744.0, ""scenario_shift"": -5.0}, {""investor_id"": ""INV-1315"", ""investor_name"": ""Priyanka Hegde"", ""composite_score"": 61.52, ""net_cash_flow"": 12930.0, ""sector_investment"": 3895040.0, ""scenario_shift"": -31.0}, {""investor_id"": ""INV-1122"", ""investor_name"": ""Deepak Sharma"", ""composite_score"": 61.38, ""net_cash_flow"": 100006313.0, ""sector_investment"": 1010431.0, ""scenario_shift"": 37.0}]",Expert,Investor composite ranking,Composite Reasoning,wealth_management_multi_step_comparative_125_questions.csv,Multi-Step Comparative,"[{""investor_id"": ""INV-202"", ""composite_score"": 68.76320968524706}, {""investor_id"": ""INV-1304"", ""composite_score"": 68.56425954220188}, {""investor_id"": ""INV-1025"", ""composite_score"": 65.4604768964861}, {""investor_id"": ""INV-515"", ""composite_score"": 64.10533813166708}, {""investor_id"": ""INV-1322"", ""composite_score"": 63.05061646553669}, {""investor_id"": ""INV-393"", ""composite_score"": 62.47200107018075}, {""investor_id"": ""INV-842"", ""composite_score"": 62.023719710764254}, {""investor_id"": ""INV-1096"", ""composite_score"": 61.934478869150844}, {""investor_id"": ""INV-1315"", ""composite_score"": 61.51671115855151}, {""investor_id"": ""INV-1122"", ""composite_score"": 61.38025896194458}]",PIPELINE_SUCCESS,NEW_BENCHMARK,Final result executed successfully; answer correctness is recorded separately by review/grading.,2026-10-01T13:24:40,33.475,success,,,Execution checks passed. Answer correctness has not been reviewed; use the separate grader.,not_requested,
aop-improvement3-v9,wealth_management_multi_step_comparative_125_questions:MC125-091,"List the top 10 investors ranked by a composite score (0-100 index) combining net cash flow, total sector investment and risk score. Over investors that have all 3 components, min-max normalise each component to 0-1, and take 100 times their equal-weighted mean; break ties by investor_id.","[{""investor_id"": ""INV-250"", ""investor_name"": ""Vivek Chauhan"", ""composite_score"": 77.62, ""net_cash_flow"": 1684.0, ""sector_investment"": 3446611.0, ""risk_score"": 94.91}, {""investor_id"": ""INV-1481"", ""investor_name"": ""Amit Mishra"", ""composite_score"": 75.83, ""net_cash_flow"": -3782.0, ""sector_investment"": 3036561.0, ""risk_score"": 100.0}, {""investor_id"": ""INV-921"", ""investor_name"": ""Vikram Sharma"", ""composite_score"": 72.04, ""net_cash_flow"": 11572.0, ""sector_investment"": 2590636.0, ""risk_score"": 100.0}, {""investor_id"": ""INV-1141"", ""investor_name"": ""Ankita Iyer"", ""composite_score"": 71.74, ""net_cash_flow"": 2889.0, ""sector_investment"": 2555552.0, ""risk_score"": 100.0}, {""investor_id"": ""INV-1025"", ""investor_name"": ""Rohan Arora"", ""composite_score"": 70.16, ""net_cash_flow"": 14119.0, ""sector_investment"": 3034583.0, ""risk_score"": 83.05}, {""investor_id"": ""INV-886"", ""investor_name"": ""Rohan Pandey"", ""composite_score"": 69.67, ""net_cash_flow"": 1649.0, ""sector_investment"": 3110874.0, ""risk_score"": 79.62}, {""investor_id"": ""INV-1312"", ""investor_name"": ""Amit Verma"", ""composite_score"": 69.09, ""net_cash_flow"": 7941.0, ""sector_investment"": 3090435.0, ""risk_score"": 78.41}, {""investor_id"": ""INV-960"", ""investor_name"": ""Arvind Patel"", ""composite_score"": 67.7, ""net_cash_flow"": 13420.0, ""sector_investment"": 2945816.0, ""risk_score"": 77.93}, {""investor_id"": ""INV-1369"", ""investor_name"": ""Anand Bhat"", ""composite_score"": 66.36, ""net_cash_flow"": 6669.0, ""sector_investment"": 2915878.0, ""risk_score"": 74.68}, {""investor_id"": ""INV-1348"", ""investor_name"": ""Anand Deshmukh"", ""composite_score"": 66.31, ""net_cash_flow"": 10141.0, ""sector_investment"": 2115979.0, ""risk_score"": 94.94}]",Expert,Investor composite ranking,Composite Reasoning,wealth_management_multi_step_comparative_125_questions.csv,Multi-Step Comparative,"[{""investor_id"": ""INV-250"", ""composite_score"": 77.62059163949971}, {""investor_id"": ""INV-1481"", ""composite_score"": 75.82699235495954}, {""investor_id"": ""INV-921"", ""composite_score"": 72.03641789655713}, {""investor_id"": ""INV-1141"", ""composite_score"": 71.7365388163291}, {""investor_id"": ""INV-1025"", ""composite_score"": 70.1647509119226}, {""investor_id"": ""INV-886"", ""composite_score"": 69.66727513917542}, {""investor_id"": ""INV-1312"", ""composite_score"": 69.09042573360858}, {""investor_id"": ""INV-960"", ""composite_score"": 67.70021185503349}, {""investor_id"": ""INV-1369"", ""composite_score"": 66.36362156171852}, {""investor_id"": ""INV-1348"", ""composite_score"": 66.31071806767994}]",PIPELINE_SUCCESS,NEW_BENCHMARK,Final result executed successfully; answer correctness is recorded separately by review/grading.,2026-10-01T13:25:14,55.842,success,,,Execution checks passed. Answer correctness has not been reviewed; use the separate grader.,not_requested,
aop-improvement3-v9,wealth_management_multi_step_comparative_125_questions:MC125-092,"Among investors with every component recorded, list the top 10 ranked by a composite score defined as net cash flow plus total sector investment minus average goal shortfall (all components in INR); break ties by investor_id.","[{""investor_id"": ""INV-762"", ""investor_name"": ""Chetan Pandey"", ""composite_score"": 101270687.72, ""net_cash_flow"": 100003558.0, ""sector_investment"": 713597.0, ""goal_shortfall"": -553532.72}, {""investor_id"": ""INV-802"", ""investor_name"": ""Sunita Arora"", ""composite_score"": 100800260.33, ""net_cash_flow"": 100006527.0, ""sector_investment"": 1441722.0, ""goal_shortfall"": 647988.67}, {""investor_id"": ""INV-1122"", ""investor_name"": ""Deepak Sharma"", ""composite_score"": 100699944.03, ""net_cash_flow"": 100006313.0, ""sector_investment"": 1010431.0, ""goal_shortfall"": 316799.97}, {""investor_id"": ""INV-082"", ""investor_name"": ""Amit Chauhan"", ""composite_score"": 100277378.26, ""net_cash_flow"": 100015142.0, ""sector_investment"": 1384151.0, ""goal_shortfall"": 1121914.74}, {""investor_id"": ""INV-202"", ""investor_name"": ""Chetan Patel"", ""composite_score"": 99944068.67, ""net_cash_flow"": 100017961.0, ""sector_investment"": 1597288.0, ""goal_shortfall"": 1671180.33}, {""investor_id"": ""INV-042"", ""investor_name"": ""Suresh Bhat"", ""composite_score"": 99875355.1, ""net_cash_flow"": 99999255.0, ""sector_investment"": 404706.0, ""goal_shortfall"": 528605.9}, {""investor_id"": ""INV-482"", ""investor_name"": ""Deepak Mishra"", ""composite_score"": 99577043.58, ""net_cash_flow"": 100015961.0, ""sector_investment"": 862159.0, ""goal_shortfall"": 1301076.42}, {""investor_id"": ""INV-1202"", ""investor_name"": ""Sunita Sharma"", ""composite_score"": 99170675.35, ""net_cash_flow"": 100004184.0, ""sector_investment"": 385827.0, ""goal_shortfall"": 1219335.65}, {""investor_id"": ""INV-602"", ""investor_name"": ""Sneha Bhat"", ""composite_score"": 99124026.0, ""net_cash_flow"": 100000636.0, ""sector_investment"": 123390.0, ""goal_shortfall"": 1000000.0}, {""investor_id"": ""INV-402"", ""investor_name"": ""Anita Kulkarni"", ""composite_score"": 98622600.08, ""net_cash_flow"": 100000457.0, ""sector_investment"": 420135.0, ""goal_shortfall"": 1797991.92}]",Expert,Investor composite ranking,Composite Reasoning,wealth_management_multi_step_comparative_125_questions.csv,Multi-Step Comparative,"[{""investor_id"": ""INV-762"", ""net_cash_flow"": 100003558.0, ""total_sector_investment"": 713597.0, ""avg_shortfall"": -553532.719482898, ""composite_score"": 101270687.7194829}, {""investor_id"": ""INV-802"", ""net_cash_flow"": 100006527.0, ""total_sector_investment"": 1441722.0, ""avg_shortfall"": 647988.6666666666, ""composite_score"": 100800260.33333333}, {""investor_id"": ""INV-1122"", ""net_cash_flow"": 100006313.0, ""total_sector_investment"": 1010431.0, ""avg_shortfall"": 316799.96931229404, ""composite_score"": 100699944.0306877}, {""investor_id"": ""INV-082"", ""net_cash_flow"": 100015142.0, ""total_sector_investment"": 1384151.0, ""avg_shortfall"": 1121914.7409628858, ""composite_score"": 100277378.2590371}, {""investor_id"": ""INV-202"", ""net_cash_flow"": 100017961.0, ""total_sector_investment"": 1597288.0, ""avg_shortfall"": 1671180.3333333333, ""composite_score"": 99944068.66666667}, {""investor_id"": ""INV-042"", ""net_cash_flow"": 99999255.0, ""total_sector_investment"": 404706.0, ""avg_shortfall"": 528605.9, ""composite_score"": 99875355.1}, {""investor_id"": ""INV-482"", ""net_cash_flow"": 100015961.0, ""total_sector_investment"": 862159.0, ""avg_shortfall"": 1301076.4189848786, ""composite_score"": 99577043.58101512}, {""investor_id"": ""INV-1202"", ""net_cash_flow"": 100004184.0, ""total_sector_investment"": 385827.0, ""avg_shortfall"": 1219335.6534403544, ""composite_score"": 99170675.34655964}, {""investor_id"": ""INV-602"", ""net_cash_flow"": 100000636.0, ""total_sector_investment"": 123390.0, ""avg_shortfall"": 1000000.0, ""composite_score"": 99124026.0}, {""investor_id"": ""INV-402"", ""net_cash_flow"": 100000457.0, ""total_sector_investment"": 420135.0, ""avg_shortfall"": 1797991.9233624113, ""composite_score"": 98622600.0766376}]",PIPELINE_SUCCESS,NEW_BENCHMARK,Final result executed successfully; answer correctness is recorded separately by review/grading.,2026-10-01T13:26:10,28.004,success,,,Execution checks passed. Answer correctness has not been reviewed; use the separate grader.,not_requested,
aop-improvement3-v9,wealth_management_multi_step_comparative_125_questions:MC125-093,"List the top 10 investors ranked by a composite score (0-100 index) combining net cash flow, total scenario allocation shift (sum of new minus current allocation %) and risk score. Over investors that have all 3 components, min-max normalise each component to 0-1, and take 100 times their equal-weighted mean; break ties by investor_id.","[{""investor_id"": ""INV-881"", ""investor_name"": ""Aishwarya Rao"", ""composite_score"": 73.92, ""net_cash_flow"": -9122.0, ""scenario_shift"": 76.0, ""risk_score"": 100.0}, {""investor_id"": ""INV-1121"", ""investor_name"": ""Rajesh Arora"", ""composite_score"": 73.02, ""net_cash_flow"": 10777.0, ""scenario_shift"": 68.0, ""risk_score"": 100.0}, {""investor_id"": ""INV-796"", ""investor_name"": ""Rohan Mishra"", ""composite_score"": 72.63, ""net_cash_flow"": 16671.0, ""scenario_shift"": 119.0, ""risk_score"": 81.5}, {""investor_id"": ""INV-121"", ""investor_name"": ""Anita Hegde"", ""composite_score"": 71.09, ""net_cash_flow"": -1254.0, ""scenario_shift"": 51.0, ""risk_score"": 100.0}, {""investor_id"": ""INV-053"", ""investor_name"": ""Anita Iyer"", ""composite_score"": 71.07, ""net_cash_flow"": 7248.0, ""scenario_shift"": 69.0, ""risk_score"": 93.84}, {""investor_id"": ""INV-1450"", ""investor_name"": ""Anand Patel"", ""composite_score"": 70.9, ""net_cash_flow"": 5362.0, ""scenario_shift"": 86.0, ""risk_score"": 87.55}, {""investor_id"": ""INV-133"", ""investor_name"": ""Rohan Arora"", ""composite_score"": 70.86, ""net_cash_flow"": -1348.0, ""scenario_shift"": 81.0, ""risk_score"": 89.1}, {""investor_id"": ""INV-841"", ""investor_name"": ""Priyanka Reddy"", ""composite_score"": 70.52, ""net_cash_flow"": 5061.0, ""scenario_shift"": 46.0, ""risk_score"": 100.0}, {""investor_id"": ""INV-068"", ""investor_name"": ""Vikram Yadav"", ""composite_score"": 70.4, ""net_cash_flow"": 6467.0, ""scenario_shift"": 72.0, ""risk_score"": 90.79}, {""investor_id"": ""INV-794"", ""investor_name"": ""Sneha Singh"", ""composite_score"": 69.99, ""net_cash_flow"": 10838.0, ""scenario_shift"": 56.0, ""risk_score"": 94.99}]",Expert,Investor composite ranking,Composite Reasoning,wealth_management_multi_step_comparative_125_questions.csv,Multi-Step Comparative,"[{""investor_id"": ""INV-881"", ""composite_score"": 73.91938722166374}, {""investor_id"": ""INV-1121"", ""composite_score"": 73.0156740287415}, {""investor_id"": ""INV-796"", ""composite_score"": 72.63307325536367}, {""investor_id"": ""INV-121"", ""composite_score"": 71.08623135001724}, {""investor_id"": ""INV-053"", ""composite_score"": 71.0740951861562}, {""investor_id"": ""INV-1450"", ""composite_score"": 70.90443506648637}, {""investor_id"": ""INV-133"", ""composite_score"": 70.85560882027112}, {""investor_id"": ""INV-841"", ""composite_score"": 70.52039035792018}, {""investor_id"": ""INV-068"", ""composite_score"": 70.39889555766926}, {""investor_id"": ""INV-794"", ""composite_score"": 69.98548961737926}]",PIPELINE_SUCCESS,NEW_BENCHMARK,Final result executed successfully; answer correctness is recorded separately by review/grading.,2026-10-01T13:26:38,72.778,success,,,Execution checks passed. Answer correctness has not been reviewed; use the separate grader.,not_requested,
aop-improvement3-v9,wealth_management_multi_step_comparative_125_questions:MC125-094,"List the top 10 investors ranked by a composite score (0-100 index) combining net cash flow and total scenario allocation shift (sum of new minus current allocation %), with average goal shortfall counting against the score. Over investors that have all 3 components, min-max normalise each component to 0-1 (use 1 minus the normalised value for average goal shortfall), and take 100 times their equal-weighted mean; break ties by investor_id.","[{""investor_id"": ""INV-202"", ""investor_name"": ""Chetan Patel"", ""composite_score"": 87.14, ""net_cash_flow"": 100017961.0, ""scenario_shift"": 58.0, ""goal_shortfall"": 1671180.33}, {""investor_id"": ""INV-1322"", ""investor_name"": ""Bhavna Gupta"", ""composite_score"": 86.65, ""net_cash_flow"": 100013945.0, ""scenario_shift"": 84.0, ""goal_shortfall"": 40743669.92}, {""investor_id"": ""INV-1082"", ""investor_name"": ""Suresh Verma"", ""composite_score"": 86.23, ""net_cash_flow"": 100006214.0, ""scenario_shift"": 50.0, ""goal_shortfall"": 1677793.09}, {""investor_id"": ""INV-1122"", ""investor_name"": ""Deepak Sharma"", ""composite_score"": 84.88, ""net_cash_flow"": 100006313.0, ""scenario_shift"": 37.0, ""goal_shortfall"": 316799.97}, {""investor_id"": ""INV-042"", ""investor_name"": ""Suresh Bhat"", ""composite_score"": 82.36, ""net_cash_flow"": 99999255.0, ""scenario_shift"": 15.0, ""goal_shortfall"": 528605.9}, {""investor_id"": ""INV-1335"", ""investor_name"": ""Anjali Gupta"", ""composite_score"": 81.8, ""net_cash_flow"": 3189.0, ""scenario_shift"": 159.0, ""goal_shortfall"": 3025194.9}, {""investor_id"": ""INV-482"", ""investor_name"": ""Deepak Mishra"", ""composite_score"": 81.73, ""net_cash_flow"": 100015961.0, ""scenario_shift"": 10.0, ""goal_shortfall"": 1301076.42}, {""investor_id"": ""INV-842"", ""investor_name"": ""Akshay Iyer"", ""composite_score"": 81.5, ""net_cash_flow"": 99994483.0, ""scenario_shift"": 58.0, ""goal_shortfall"": 65783243.9}, {""investor_id"": ""INV-1119"", ""investor_name"": ""Ishita Nair"", ""composite_score"": 79.84, ""net_cash_flow"": -413.0, ""scenario_shift"": 140.0, ""goal_shortfall"": 809050.78}, {""investor_id"": ""INV-1482"", ""investor_name"": ""Aishwarya Joshi"", ""composite_score"": 79.29, ""net_cash_flow"": 100005610.0, ""scenario_shift"": -9.0, ""goal_shortfall"": 4523891.7}]",Expert,Investor composite ranking,Composite Reasoning,wealth_management_multi_step_comparative_125_questions.csv,Multi-Step Comparative,"[{""investor_id"": ""INV-202"", ""composite_score"": 87.14053908021259}, {""investor_id"": ""INV-1322"", ""composite_score"": 86.65194750882362}, {""investor_id"": ""INV-1082"", ""composite_score"": 86.23097041410544}, {""investor_id"": ""INV-1122"", ""composite_score"": 84.876740457783}, {""investor_id"": ""INV-042"", ""composite_score"": 82.36260836667174}, {""investor_id"": ""INV-1335"", ""composite_score"": 81.80467270138048}, {""investor_id"": ""INV-482"", ""composite_score"": 81.73057331016037}, {""investor_id"": ""INV-842"", ""composite_score"": 81.49904899226593}, {""investor_id"": ""INV-1119"", ""composite_score"": 79.84474998539679}, {""investor_id"": ""INV-1482"", ""composite_score"": 79.2912608617188}]",PIPELINE_SUCCESS,NEW_BENCHMARK,Final result executed successfully; answer correctness is recorded separately by review/grading.,2026-10-01T13:27:51,76.703,success,,,Execution checks passed. Answer correctness has not been reviewed; use the separate grader.,not_requested,
aop-improvement3-v9,wealth_management_multi_step_comparative_125_questions:MC125-095,"List the top 10 investors ranked by a composite score (0-100 index) combining net cash flow and risk score, with average goal shortfall counting against the score. Over investors that have all 3 components, min-max normalise each component to 0-1 (use 1 minus the normalised value for average goal shortfall), and take 100 times their equal-weighted mean; break ties by investor_id.","[{""investor_id"": ""INV-921"", ""investor_name"": ""Vikram Sharma"", ""composite_score"": 82.17, ""net_cash_flow"": 11572.0, ""risk_score"": 100.0, ""goal_shortfall"": -1100070.8}, {""investor_id"": ""INV-601"", ""investor_name"": ""Akshay Gupta"", ""composite_score"": 82.13, ""net_cash_flow"": -3825.0, ""risk_score"": 100.0, ""goal_shortfall"": -699663.23}, {""investor_id"": ""INV-721"", ""investor_name"": ""Amrita Reddy"", ""composite_score"": 82.06, ""net_cash_flow"": 10886.0, ""risk_score"": 100.0, ""goal_shortfall"": 95264.41}, {""investor_id"": ""INV-1541"", ""investor_name"": ""Geeta Rao"", ""composite_score"": 82.05, ""net_cash_flow"": 12027.0, ""risk_score"": 100.0, ""goal_shortfall"": 289773.45}, {""investor_id"": ""INV-541"", ""investor_name"": ""Priyanka Rao"", ""composite_score"": 82.05, ""net_cash_flow"": 10810.0, ""risk_score"": 100.0, ""goal_shortfall"": 285466.83}, {""investor_id"": ""INV-661"", ""investor_name"": ""Geeta Gupta"", ""composite_score"": 82.05, ""net_cash_flow"": 9910.0, ""risk_score"": 100.0, ""goal_shortfall"": 257164.07}, {""investor_id"": ""INV-961"", ""investor_name"": ""Amrita Yadav"", ""composite_score"": 82.04, ""net_cash_flow"": 1218.0, ""risk_score"": 100.0, ""goal_shortfall"": 333169.1}, {""investor_id"": ""INV-101"", ""investor_name"": ""Aishwarya Patel"", ""composite_score"": 82.03, ""net_cash_flow"": 5237.0, ""risk_score"": 100.0, ""goal_shortfall"": 499984.09}, {""investor_id"": ""INV-1441"", ""investor_name"": ""Rahul Chauhan"", ""composite_score"": 82.03, ""net_cash_flow"": 8915.0, ""risk_score"": 100.0, ""goal_shortfall"": 511582.53}, {""investor_id"": ""INV-161"", ""investor_name"": ""Rahul Mishra"", ""composite_score"": 82.02, ""net_cash_flow"": 11896.0, ""risk_score"": 100.0, ""goal_shortfall"": 626408.67}]",Expert,Investor composite ranking,Composite Reasoning,wealth_management_multi_step_comparative_125_questions.csv,Multi-Step Comparative,"[{""investor_id"": ""INV-921"", ""composite_score"": 82.1688174908803}, {""investor_id"": ""INV-601"", ""composite_score"": 82.13104238111084}, {""investor_id"": ""INV-721"", ""composite_score"": 82.0635935436742}, {""investor_id"": ""INV-661"", ""composite_score"": 82.04919453618406}, {""investor_id"": ""INV-541"", ""composite_score"": 82.04685577544429}, {""investor_id"": ""INV-1541"", ""composite_score"": 82.0466799006879}, {""investor_id"": ""INV-961"", ""composite_score"": 82.04106259986158}, {""investor_id"": ""INV-101"", ""composite_score"": 82.02706381844139}, {""investor_id"": ""INV-1441"", ""composite_score"": 82.02665689058993}, {""investor_id"": ""INV-161"", ""composite_score"": 82.01705666512646}]",PIPELINE_SUCCESS,NEW_BENCHMARK,Final result executed successfully; answer correctness is recorded separately by review/grading.,2026-10-01T13:29:08,81.371,success,,,Execution checks passed. Answer correctness has not been reviewed; use the separate grader.,not_requested,
aop-improvement3-v9,wealth_management_multi_step_comparative_125_questions:MC125-096,"Across risk tolerance, compare the average net cash flow, average cash-flow amount, average total holding value, average total rebalance amount, and average total sector investment of investors.","[{""risk_tolerance"": null, ""avg_net_cash_flow"": 7844.03, ""avg_cashflow_amount"": 1629.62, ""avg_holding_value"": 10459250.55, ""avg_rebalance_amount"": 415032.17, ""avg_sector_investment"": 837086.46, ""investor_count"": 77}, {""risk_tolerance"": ""Aggressive"", ""avg_net_cash_flow"": 1652919.38, ""avg_cashflow_amount"": 282637.82, ""avg_holding_value"": 7772076.82, ""avg_rebalance_amount"": 405853.84, ""avg_sector_investment"": 905299.45, ""investor_count"": 486}, {""risk_tolerance"": ""Conservative"", ""avg_net_cash_flow"": 1600495.38, ""avg_cashflow_amount"": 273687.31, ""avg_holding_value"": 7365637.73, ""avg_rebalance_amount"": 414995.35, ""avg_sector_investment"": 897105.65, ""investor_count"": 502}, {""risk_tolerance"": ""Moderate"", ""avg_net_cash_flow"": 1037620.49, ""avg_cashflow_amount"": 186955.64, ""avg_holding_value"": 9186349.25, ""avg_rebalance_amount"": 396592.36, ""avg_sector_investment"": 944870.24, ""investor_count"": 485}]",Expert,Cross-dimension metric comparison,Multi-step Comparative,wealth_management_multi_step_comparative_125_questions.csv,Multi-Step Comparative,"[{""risk_tolerance"": ""Conservative"", ""avg_net_cash_flow"": 1600495.376494024, ""avg_cash_flow_amount"": 273687.3101925631, ""avg_total_holding_value"": 7365637.72754491, ""avg_total_rebalance_amount"": 414995.35185185185, ""avg_total_sector_investment"": 897105.6519337017}, {""risk_tolerance"": ""Moderate"", ""avg_net_cash_flow"": 1037620.4907216495, ""avg_cash_flow_amount"": 186955.6391065292, ""avg_total_holding_value"": 9186349.253623188, ""avg_total_rebalance_amount"": 396592.3598130841, ""avg_total_sector_investment"": 944870.2383561644}, {""risk_tolerance"": null, ""avg_net_cash_flow"": 7844.025974025974, ""avg_cash_flow_amount"": 1629.6183982683983, ""avg_total_holding_value"": 10459250.551948052, ""avg_total_rebalance_amount"": 415032.1746031746, ""avg_total_sector_investment"": 837086.46}, {""risk_tolerance"": ""Aggressive"", ""avg_net_cash_flow"": 1652919.378600823, ""avg_cash_flow_amount"": 282637.81903292186, ""avg_total_holding_value"": 7772076.822680413, ""avg_total_rebalance_amount"": 405853.84222737816, ""avg_total_sector_investment"": 905299.452722063}]",PIPELINE_SUCCESS,NEW_BENCHMARK,Final result executed successfully; answer correctness is recorded separately by review/grading.,2026-10-01T13:30:34,41.117,success,,,Execution checks passed. Answer correctness has not been reviewed; use the separate grader.,not_requested,
aop-improvement3-v9,wealth_management_multi_step_comparative_125_questions:MC125-097,"Across risk tolerance, compare the average net cash flow, average cash-flow amount, average total holding value, average total rebalance amount, and average scenario allocation shift (new minus current allocation %) of investors.","[{""risk_tolerance"": null, ""avg_net_cash_flow"": 7844.03, ""avg_cashflow_amount"": 1629.62, ""avg_holding_value"": 10459250.55, ""avg_rebalance_amount"": 415032.17, ""avg_scenario_shift"": -0.71, ""investor_count"": 77}, {""risk_tolerance"": ""Aggressive"", ""avg_net_cash_flow"": 1652919.38, ""avg_cashflow_amount"": 282637.82, ""avg_holding_value"": 7772076.82, ""avg_rebalance_amount"": 405853.84, ""avg_scenario_shift"": -1.85, ""investor_count"": 486}, {""risk_tolerance"": ""Conservative"", ""avg_net_cash_flow"": 1600495.38, ""avg_cashflow_amount"": 273687.31, ""avg_holding_value"": 7365637.73, ""avg_rebalance_amount"": 414995.35, ""avg_scenario_shift"": -2.22, ""investor_count"": 502}, {""risk_tolerance"": ""Moderate"", ""avg_net_cash_flow"": 1037620.49, ""avg_cashflow_amount"": 186955.64, ""avg_holding_value"": 9186349.25, ""avg_rebalance_amount"": 396592.36, ""avg_scenario_shift"": 0.07, ""investor_count"": 485}]",Expert,Cross-dimension metric comparison,Multi-step Comparative,wealth_management_multi_step_comparative_125_questions.csv,Multi-Step Comparative,"[{""risk_tolerance"": ""Conservative"", ""avg_net_cash_flow"": 1600495.376494024, ""avg_cash_flow_amount"": 273687.3101925631, ""avg_total_holding_value"": 7365637.72754491, ""avg_total_rebalance_amount"": 414995.35185185185, ""avg_scenario_allocation_shift"": -2.2234340044742726}, {""risk_tolerance"": ""Moderate"", ""avg_net_cash_flow"": 1037620.4907216495, ""avg_cash_flow_amount"": 186955.6391065292, ""avg_total_holding_value"": 9186349.253623188, ""avg_total_rebalance_amount"": 396592.3598130841, ""avg_scenario_allocation_shift"": 0.06820877817319085}, {""risk_tolerance"": null, ""avg_net_cash_flow"": 7844.025974025974, ""avg_cash_flow_amount"": 1629.6183982683983, ""avg_total_holding_value"": 10459250.551948052, ""avg_total_rebalance_amount"": 415032.1746031746, ""avg_scenario_allocation_shift"": -0.7110000000000002}, {""risk_tolerance"": ""Aggressive"", ""avg_net_cash_flow"": 1652919.378600823, ""avg_cash_flow_amount"": 282637.81903292186, ""avg_total_holding_value"": 7772076.822680413, ""avg_total_rebalance_amount"": 405853.84222737816, ""avg_scenario_allocation_shift"": -1.8488054607508535}]",PIPELINE_SUCCESS,NEW_BENCHMARK,Final result executed successfully; answer correctness is recorded separately by review/grading.,2026-10-01T13:31:16,90.915,success,,,Execution checks passed. Answer correctness has not been reviewed; use the separate grader.,not_requested,
aop-improvement3-v9,wealth_management_multi_step_comparative_125_questions:MC125-098,"Across risk tolerance, compare the average net cash flow, average cash-flow amount, average total holding value, average total rebalance amount, and average risk score of investors.","[{""risk_tolerance"": null, ""avg_net_cash_flow"": 7844.03, ""avg_cashflow_amount"": 1629.62, ""avg_holding_value"": 10459250.55, ""avg_rebalance_amount"": 415032.17, ""avg_risk_score"": 55.31, ""investor_count"": 77}, {""risk_tolerance"": ""Aggressive"", ""avg_net_cash_flow"": 1652919.38, ""avg_cashflow_amount"": 282637.82, ""avg_holding_value"": 7772076.82, ""avg_rebalance_amount"": 405853.84, ""avg_risk_score"": 49.12, ""investor_count"": 486}, {""risk_tolerance"": ""Conservative"", ""avg_net_cash_flow"": 1600495.38, ""avg_cashflow_amount"": 273687.31, ""avg_holding_value"": 7365637.73, ""avg_rebalance_amount"": 414995.35, ""avg_risk_score"": 51.7, ""investor_count"": 502}, {""risk_tolerance"": ""Moderate"", ""avg_net_cash_flow"": 1037620.49, ""avg_cashflow_amount"": 186955.64, ""avg_holding_value"": 9186349.25, ""avg_rebalance_amount"": 396592.36, ""avg_risk_score"": 49.29, ""investor_count"": 485}]",Expert,Cross-dimension metric comparison,Multi-step Comparative,wealth_management_multi_step_comparative_125_questions.csv,Multi-Step Comparative,"[{""risk_tolerance"": ""Conservative"", ""avg_net_cash_flow"": 1600495.376494024, ""avg_cash_flow_amount"": 273687.3101925631, ""avg_total_holding_value"": 7365637.72754491, ""avg_total_rebalance_amount"": 414995.35185185185, ""avg_risk_score"": 51.69881238764889}, {""risk_tolerance"": ""Moderate"", ""avg_net_cash_flow"": 1037620.4907216495, ""avg_cash_flow_amount"": 186955.6391065292, ""avg_total_holding_value"": 9186349.253623188, ""avg_total_rebalance_amount"": 396592.3598130841, ""avg_risk_score"": 49.29299804472841}, {""risk_tolerance"": null, ""avg_net_cash_flow"": 7844.025974025974, ""avg_cash_flow_amount"": 1629.6183982683983, ""avg_total_holding_value"": 10459250.551948052, ""avg_total_rebalance_amount"": 415032.1746031746, ""avg_risk_score"": 55.31466608298088}, {""risk_tolerance"": ""Aggressive"", ""avg_net_cash_flow"": 1652919.378600823, ""avg_cash_flow_amount"": 282637.81903292186, ""avg_total_holding_value"": 7772076.822680413, ""avg_total_rebalance_amount"": 405853.84222737816, ""avg_risk_score"": 49.11514878672162}]",PIPELINE_SUCCESS,NEW_BENCHMARK,Final result executed successfully; answer correctness is recorded separately by review/grading.,2026-10-01T13:32:47,28.477,success,,,Execution checks passed. Answer correctness has not been reviewed; use the separate grader.,not_requested,
aop-improvement3-v9,wealth_management_multi_step_comparative_125_questions:MC125-099,"Across risk tolerance, compare the average net cash flow, average cash-flow amount, average total holding value, average total rebalance amount, and average goal progress of investors.","[{""risk_tolerance"": null, ""avg_net_cash_flow"": 7844.03, ""avg_cashflow_amount"": 1629.62, ""avg_holding_value"": 10459250.55, ""avg_rebalance_amount"": 415032.17, ""avg_goal_progress"": 46.45, ""investor_count"": 77}, {""risk_tolerance"": ""Aggressive"", ""avg_net_cash_flow"": 1652919.38, ""avg_cashflow_amount"": 282637.82, ""avg_holding_value"": 7772076.82, ""avg_rebalance_amount"": 405853.84, ""avg_goal_progress"": 39.76, ""investor_count"": 486}, {""risk_tolerance"": ""Conservative"", ""avg_net_cash_flow"": 1600495.38, ""avg_cashflow_amount"": 273687.31, ""avg_holding_value"": 7365637.73, ""avg_rebalance_amount"": 414995.35, ""avg_goal_progress"": 38.25, ""investor_count"": 502}, {""risk_tolerance"": ""Moderate"", ""avg_net_cash_flow"": 1037620.49, ""avg_cashflow_amount"": 186955.64, ""avg_holding_value"": 9186349.25, ""avg_rebalance_amount"": 396592.36, ""avg_goal_progress"": 41.21, ""investor_count"": 485}]",Expert,Cross-dimension metric comparison,Multi-step Comparative,wealth_management_multi_step_comparative_125_questions.csv,Multi-Step Comparative,"[{""risk_tolerance"": ""Conservative"", ""avg_net_cash_flow"": 1600495.376494024, ""avg_cash_flow_amount"": 273687.3101925631, ""avg_total_holding_value"": 7365637.72754491, ""avg_total_rebalance_amount"": 414995.35185185185, ""avg_goal_progress"": 38.25466267969879}, {""risk_tolerance"": ""Moderate"", ""avg_net_cash_flow"": 1037620.4907216495, ""avg_cash_flow_amount"": 186955.6391065292, ""avg_total_holding_value"": 9186349.253623188, ""avg_total_rebalance_amount"": 396592.3598130841, ""avg_goal_progress"": 41.208436917228674}, {""risk_tolerance"": null, ""avg_net_cash_flow"": 7844.025974025974, ""avg_cash_flow_amount"": 1629.6183982683983, ""avg_total_holding_value"": 10459250.551948052, ""avg_total_rebalance_amount"": 415032.1746031746, ""avg_goal_progress"": 46.44617225514613}, {""risk_tolerance"": ""Aggressive"", ""avg_net_cash_flow"": 1652919.378600823, ""avg_cash_flow_amount"": 282637.81903292186, ""avg_total_holding_value"": 7772076.822680413, ""avg_total_rebalance_amount"": 405853.84222737816, ""avg_goal_progress"": 39.75870500669318}]",PIPELINE_SUCCESS,NEW_BENCHMARK,Final result executed successfully; answer correctness is recorded separately by review/grading.,2026-10-01T13:33:15,31.946,success,,,Execution checks passed. Answer correctness has not been reviewed; use the separate grader.,not_requested,
