id,question,family,raw_status,grade,previous_grade,backend,failure_stage,error_tags,contract_errors,contract_warnings,grader_reason,elapsed_seconds,queries
wealth_management_125_question_benchmark:WM125-1T-004,What category and sector focus is investor INV-084 associated with?,wealth_management_125_question_benchmark.csv,PIPELINE_SUCCESS,MATCH,MATCH,SQL,,[],[],[],The pipeline answer exactly matches the required category and sector focus for investor INV-084.,12.281,"{""Q1"": ""SELECT category, sector_focus\nFROM ATOM_ENTITY_INVESTOR_PROFILE_001\nWHERE investor_id = 'INV-084';""}"
wealth_management_125_question_benchmark:WM125-1T-002,What are the risk tolerance and time horizon of investor INV-082?,wealth_management_125_question_benchmark.csv,PIPELINE_SUCCESS,MATCH,MATCH,SQL,,[],[],[],The pipeline answer exactly matches the required risk tolerance and time horizon for investor INV-082.,15.635,"{""Q1"": ""SELECT risk_tolerance, time_horizon\nFROM ATOM_ENTITY_INVESTOR_PROFILE_001\nWHERE investor_id = 'INV-082';""}"
wealth_management_125_question_benchmark:WM125-1T-006,What is the goal-match percentage of investor INV-086?,wealth_management_125_question_benchmark.csv,PIPELINE_SUCCESS,MATCH,MATCH,SQL,,[],[],"[""measures.0 has no quoted requirement.""]","The pipeline returns the requested goal-match percentage for INV-086, matching the ground truth within numeric tolerance.",13.104,"{""Q1"": ""SELECT goal_match_pct FROM ATOM_ENTITY_PORTFOLIO_HEALTH_001 WHERE investor_id = 'INV-086';""}"
wealth_management_125_question_benchmark:WM125-1T-005,"What are the risk, liquidity, and diversification scores of investor INV-085?",wealth_management_125_question_benchmark.csv,PIPELINE_SUCCESS,MATCH,MATCH,SQL,,[],[],[],"The pipeline returns the requested risk, liquidity, and diversification scores for INV-085, matching the ground truth within numeric tolerance.",18.168,"{""Q1"": ""SELECT risk_score,\n       liquidity_score,\n       diversification_score\nFROM ATOM_ENTITY_PORTFOLIO_HEALTH_001\nWHERE investor_id = 'INV-085';""}"
wealth_management_125_question_benchmark:WM125-1T-001,What is the name of investor INV-081?,wealth_management_125_question_benchmark.csv,PIPELINE_SUCCESS,MATCH,MATCH,KG,,[],[],[],"The pipeline returns the investor name requested for INV-081, matching the ground truth.",33.743,"{""Q1"": ""PREFIX wm: <https://wealth.example.org/ontology/>\nPREFIX rdf: <http://www.w3.org/1999/02/22-rdf-syntax-ns#>\n\nSELECT ?investorName WHERE {\n  ?investor a wm:Investor .\n  ?investor wm:investorId ?id .\n  FILTER(?id = \""INV-081\"") .\n  ?investor wm:investorName ?investorName .\n}""}"
wealth_management_125_question_benchmark:WM125-1T-009,What is the investment goal and segment of investor INV-089?,wealth_management_125_question_benchmark.csv,PIPELINE_SUCCESS,MATCH,MATCH,SQL,,[],[],[],The pipeline answer exactly matches the required investment goal and segment for investor INV-089.,15.248,"{""Q1"": ""SELECT investment_goal, segment\nFROM ATOM_ENTITY_INVESTOR_PROFILE_001\nWHERE investor_id = 'INV-089';""}"
wealth_management_125_question_benchmark:WM125-1T-003,What is the investment goal and segment of investor INV-083?,wealth_management_125_question_benchmark.csv,PIPELINE_SUCCESS,MATCH,MATCH,KG,,[],[],[],The pipeline correctly returns the investment goal. The empty string for segment is semantically equivalent to the null segment in the ground truth.,53.172,"{""Q1"": ""PREFIX wm: <https://wealth.example.org/ontology/>\n\nSELECT ?investmentGoal ?segment WHERE {\n  ?investor a wm:Investor ;\n            wm:investorId \""INV-083\"" .\n  OPTIONAL { ?investor wm:investmentGoal ?investmentGoal . }\n  OPTIONAL { ?investor wm:segment ?segment . }\n}""}"
wealth_management_125_question_benchmark:WM125-1T-007,What is the name of investor INV-087?,wealth_management_125_question_benchmark.csv,PIPELINE_SUCCESS,MATCH,MATCH,KG,,[],[],"[""Requirement introduces unsupported terms: ['matching']""]","The pipeline returns the requested investor name, matching the ground truth.",35.552,"{""Q1"": ""PREFIX wm: <https://wealth.example.org/ontology/>\nPREFIX rdf: <http://www.w3.org/1999/02/22-rdf-syntax-ns#>\n\nSELECT ?investorName\nWHERE {\n  ?inv rdf:type wm:Investor .\n  ?inv wm:investorId \""INV-087\"" .\n  ?inv wm:investorName ?investorName .\n}""}"
wealth_management_125_question_benchmark:WM125-1T-010,What category and sector focus is investor INV-090 associated with?,wealth_management_125_question_benchmark.csv,PIPELINE_SUCCESS,MATCH,MATCH,SQL,,[],[],[],The pipeline answer exactly matches the ground truth for investor INV-090's category and sector focus.,16.724,"{""Q1"": ""SELECT category, sector_focus\nFROM ATOM_ENTITY_INVESTOR_PROFILE_001\nWHERE investor_id = 'INV-090';""}"
wealth_management_125_question_benchmark:WM125-1T-008,What are the risk tolerance and time horizon of investor INV-088?,wealth_management_125_question_benchmark.csv,PIPELINE_SUCCESS,MATCH,MATCH,KG,,[],[],[],The pipeline answer provides both requested attributes with values matching the ground truth.,35.764,"{""Q1"": ""PREFIX wm: <https://wealth.example.org/ontology/>\nPREFIX rdf: <http://www.w3.org/1999/02/22-rdf-syntax-ns#>\nPREFIX rdfs: <http://www.w3.org/2000/01/rdf-schema#>\n\nSELECT ?riskTolerance ?timeHorizon\nWHERE {\n  ?investor a wm:Investor ;\n            wm:investorId \""INV-088\"" ;\n            wm:riskTolerance ?riskTolerance ;\n            wm:timeHorizon ?timeHorizon .\n}""}"
wealth_management_125_question_benchmark:WM125-1T-011,"What are the risk, liquidity, and diversification scores of investor INV-091?",wealth_management_125_question_benchmark.csv,PIPELINE_SUCCESS,MATCH,MATCH,SQL,,[],[],[],"The pipeline returns all three requested scores for INV-091, matching the ground truth within numeric tolerance.",13.782,"{""Q1"": ""SELECT risk_score,\n       liquidity_score,\n       diversification_score\nFROM ATOM_ENTITY_PORTFOLIO_HEALTH_001\nWHERE investor_id = 'INV-091';""}"
wealth_management_125_question_benchmark:WM125-1T-015,What is the investment goal and segment of investor INV-095?,wealth_management_125_question_benchmark.csv,PIPELINE_SUCCESS,MATCH,MATCH,SQL,,[],[],[],The pipeline answer exactly matches the required investment goal and segment for investor INV-095.,15.038,"{""Q1"": ""SELECT investment_goal, segment\nFROM ATOM_ENTITY_INVESTOR_PROFILE_001\nWHERE investor_id = 'INV-095';""}"
wealth_management_125_question_benchmark:WM125-1T-014,What are the risk tolerance and time horizon of investor INV-094?,wealth_management_125_question_benchmark.csv,PIPELINE_SUCCESS,MATCH,MATCH,KG,,[],[],[],"The pipeline answer provides both requested attributes for investor INV-094, and both values match the ground truth.",21.492,"{""Q1"": ""PREFIX wm: <https://wealth.example.org/ontology/>\nPREFIX rdf: <http://www.w3.org/1999/02/22-rdf-syntax-ns#>\n\nSELECT ?riskTolerance ?timeHorizon\nWHERE {\n  ?inv a wm:Investor .\n  ?inv wm:investorId \""INV-094\"" .\n  ?inv wm:riskTolerance ?riskTolerance .\n  ?inv wm:timeHorizon ?timeHorizon .\n}""}"
wealth_management_125_question_benchmark:WM125-1T-016,What category and sector focus is investor INV-096 associated with?,wealth_management_125_question_benchmark.csv,PIPELINE_SUCCESS,MATCH,MATCH,SQL,,[],[],[],The pipeline answer exactly matches the required category and sector focus for investor INV-096.,10.101,"{""Q1"": ""SELECT category, sector_focus\nFROM ATOM_ENTITY_INVESTOR_PROFILE_001\nWHERE investor_id = 'INV-096';""}"
wealth_management_125_question_benchmark:WM125-1T-017,"What are the risk, liquidity, and diversification scores of investor INV-097?",wealth_management_125_question_benchmark.csv,PIPELINE_SUCCESS,MATCH,MATCH,SQL,,[],[],[],"The pipeline returns all three requested scores for INV-097, matching the ground truth within numeric tolerance.",10.925,"{""Q1"": ""SELECT risk_score, liquidity_score, diversification_score\nFROM ATOM_ENTITY_PORTFOLIO_HEALTH_001\nWHERE investor_id = 'INV-097';""}"
wealth_management_125_question_benchmark:WM125-1T-018,What is the goal-match percentage of investor INV-098?,wealth_management_125_question_benchmark.csv,PIPELINE_SUCCESS,MATCH,MATCH,SQL,,[],[],"[""measures.0 has no quoted requirement.""]","The pipeline returns the requested goal-match percentage for investor INV-098, matching the ground truth within numeric precision.",8.29,"{""Q1"": ""SELECT goal_match_pct\nFROM ATOM_ENTITY_PORTFOLIO_HEALTH_001\nWHERE investor_id = 'INV-098';""}"
wealth_management_125_question_benchmark:WM125-1T-013,What is the name of investor INV-093?,wealth_management_125_question_benchmark.csv,PIPELINE_SUCCESS,MATCH,MATCH,KG,,[],[],[],The pipeline returns the correct name for investor INV-093.,36.3,"{""Q1"": ""PREFIX wm: <https://wealth.example.org/ontology/>\nPREFIX rdf: <http://www.w3.org/1999/02/22-rdf-syntax-ns#>\n\nSELECT ?investorName WHERE {\n  ?investor rdf:type wm:Investor .\n  ?investor wm:investorId \""INV-093\"" .\n  ?investor wm:investorName ?investorName .\n}""}"
wealth_management_125_question_benchmark:WM125-1T-012,What is the goal-match percentage of investor INV-092?,wealth_management_125_question_benchmark.csv,PIPELINE_SUCCESS,MATCH,MATCH,KG,,[],[],"[""measures.0 has no quoted requirement.""]","The pipeline returns the goal-match percentage for investor INV-092, matching the ground truth within numeric tolerance.",41.513,"{""Q1"": ""PREFIX wm: <https://wealth.example.org/ontology/>\nPREFIX rdf: <http://www.w3.org/1999/02/22-rdf-syntax-ns#>\n\nSELECT ?goalMatchPct WHERE {\n  ?ph a wm:PortfolioHealth ;\n      wm:investorId \""INV-092\"" ;\n      wm:goalMatchPct ?goalMatchPct .\n}""}"
wealth_management_125_question_benchmark:WM125-1T-020,What are the risk tolerance and time horizon of investor INV-100?,wealth_management_125_question_benchmark.csv,PIPELINE_SUCCESS,MATCH,MATCH,SQL,,[],[],[],The pipeline answer exactly matches the required risk tolerance and time horizon for investor INV-100.,7.95,"{""Q1"": ""SELECT risk_tolerance, time_horizon\nFROM ATOM_ENTITY_INVESTOR_PROFILE_001\nWHERE investor_id = 'INV-100';""}"
wealth_management_125_question_benchmark:WM125-1T-019,What is the name of investor INV-099?,wealth_management_125_question_benchmark.csv,PIPELINE_SUCCESS,MATCH,MATCH,KG,,[],[],"[""measures.0 has no quoted requirement.""]",The pipeline returns the correct name for investor INV-099.,15.752,"{""Q1"": ""PREFIX wm: <https://wealth.example.org/ontology/>\nPREFIX rdf: <http://www.w3.org/1999/02/22-rdf-syntax-ns#>\n\nSELECT ?investorName WHERE {\n  ?inv a wm:Investor ;\n       wm:investorId ?invId ;\n       wm:investorName ?investorName .\n  FILTER(LCASE(STR(?invId)) = LCASE(\""INV-099\""))\n}""}"
wealth_management_125_question_benchmark:WM125-1T-021,What is the investment goal and segment of investor INV-1000?,wealth_management_125_question_benchmark.csv,PIPELINE_SUCCESS,MATCH,MATCH,SQL,,[],[],[],The pipeline answer exactly matches the required investment goal and segment for investor INV-1000.,12.423,"{""Q1"": ""SELECT investment_goal, segment FROM ATOM_ENTITY_INVESTOR_PROFILE_001 WHERE investor_id = 'INV-1000';""}"
wealth_management_125_question_benchmark:WM125-1T-022,What category and sector focus is investor INV-1001 associated with?,wealth_management_125_question_benchmark.csv,PIPELINE_SUCCESS,MATCH,MATCH,SQL,,[],[],[],The pipeline answer exactly matches the ground truth category and sector focus for investor INV-1001.,11.777,"{""Q1"": ""SELECT category, sector_focus FROM ATOM_ENTITY_INVESTOR_PROFILE_001 WHERE investor_id = 'INV-1001';""}"
wealth_management_125_question_benchmark:WM125-1T-023,"What are the risk, liquidity, and diversification scores of investor INV-1002?",wealth_management_125_question_benchmark.csv,PIPELINE_SUCCESS,MATCH,MATCH,SQL,,[],[],[],"The pipeline returns all three requested scores for INV-1002, and each matches the ground truth.",10.388,"{""Q1"": ""SELECT risk_score, liquidity_score, diversification_score\nFROM ATOM_ENTITY_PORTFOLIO_HEALTH_001\nWHERE investor_id = 'INV-1002';""}"
wealth_management_125_question_benchmark:WM125-1T-026,What are the risk tolerance and time horizon of investor INV-1005?,wealth_management_125_question_benchmark.csv,PIPELINE_SUCCESS,MATCH,MATCH,SQL,,[],[],[],The pipeline answer exactly matches the required risk tolerance and time horizon for investor INV-1005.,7.563,"{""Q1"": ""SELECT risk_tolerance, time_horizon\nFROM ATOM_ENTITY_INVESTOR_PROFILE_001\nWHERE investor_id = 'INV-1005';""}"
wealth_management_125_question_benchmark:WM125-1T-024,What is the goal-match percentage of investor INV-1003?,wealth_management_125_question_benchmark.csv,PIPELINE_SUCCESS,MATCH,MATCH,SQL,,[],[],[],"The pipeline returns the requested goal-match percentage for investor INV-1003, matching the ground truth exactly.",11.051,"{""Q1"": ""SELECT goal_match_pct\nFROM ATOM_ENTITY_PORTFOLIO_HEALTH_001\nWHERE investor_id = 'INV-1003';""}"
wealth_management_125_question_benchmark:WM125-1T-025,What is the name of investor INV-1004?,wealth_management_125_question_benchmark.csv,PIPELINE_SUCCESS,MATCH,MATCH,SQL,,[],[],[],The pipeline returns the correct name for investor INV-1004.,17.609,"{""Q1"": ""SELECT investor_name FROM ATOM_ENTITY_INVESTOR_PROFILE_001 WHERE investor_id = 'INV-1004';""}"
wealth_management_125_question_benchmark:WM125-1T-028,What category and sector focus is investor INV-1007 associated with?,wealth_management_125_question_benchmark.csv,PIPELINE_SUCCESS,MATCH,MATCH,SQL,,[],[],[],The pipeline answer exactly matches the required category and sector focus for investor INV-1007.,12.262,"{""Q1"": ""SELECT category, sector_focus\nFROM ATOM_ENTITY_INVESTOR_PROFILE_001\nWHERE investor_id = 'INV-1007';""}"
wealth_management_125_question_benchmark:WM125-1T-030,What is the goal-match percentage of investor INV-1009?,wealth_management_125_question_benchmark.csv,PIPELINE_SUCCESS,MATCH,MATCH,SQL,,[],[],[],"The pipeline returns the requested goal-match percentage for investor INV-1009, matching the ground truth within precision tolerance.",12.487,"{""Q1"": ""SELECT goal_match_pct FROM ATOM_ENTITY_PORTFOLIO_HEALTH_001 WHERE investor_id = 'INV-1009';""}"
wealth_management_125_question_benchmark:WM125-1T-027,What is the investment goal and segment of investor INV-1006?,wealth_management_125_question_benchmark.csv,PIPELINE_SUCCESS,MATCH,MATCH,KG,,[],[],[],"The pipeline answer provides the requested investment goal and segment for investor INV-1006, matching the ground truth.",37.698,"{""Q1"": ""PREFIX wm: <https://wealth.example.org/ontology/>\nPREFIX rdf: <http://www.w3.org/1999/02/22-rdf-syntax-ns#>\n\nSELECT ?investmentGoal ?segment WHERE {\n  ?investor rdf:type wm:Investor .\n  ?investor wm:investorId \""INV-1006\"" .\n  ?investor wm:investmentGoal ?investmentGoal .\n  ?investor wm:segment ?segment .\n}""}"
wealth_management_125_question_benchmark:WM125-1T-031,What is the name of investor INV-101?,wealth_management_125_question_benchmark.csv,PIPELINE_SUCCESS,MATCH,MISMATCH,KG,,[],[],[],The pipeline returns the correct name for investor INV-101.,32.318,"{""Q1"": ""PREFIX wm: <https://wealth.example.org/ontology/>\nPREFIX rdf: <http://www.w3.org/1999/02/22-rdf-syntax-ns#>\n\nSELECT ?investorName WHERE {\n  ?inv a wm:Investor ;\n       wm:investorId \""INV-101\"" ;\n       wm:investorName ?investorName .\n}""}"
wealth_management_125_question_benchmark:WM125-1T-029,"What are the risk, liquidity, and diversification scores of investor INV-1008?",wealth_management_125_question_benchmark.csv,PIPELINE_SUCCESS,MATCH,MATCH,KG,,[],[],"[""Requirement introduces unsupported terms: ['selected']""]",All three requested scores for investor INV-1008 match the ground truth within tolerance.,47.943,"{""Q1"": ""PREFIX wm: <https://wealth.example.org/ontology/>\nPREFIX rdf: <http://www.w3.org/1999/02/22-rdf-syntax-ns#>\n\nSELECT ?riskScore ?liquidityScore ?diversificationScore\nWHERE {\n  ?ph a wm:PortfolioHealth .\n  ?ph wm:investorId ?invId .\n  FILTER(?invId = \""INV-1008\"") .\n  ?ph wm:riskScore ?riskScore .\n  ?ph wm:liquidityScore ?liquidityScore .\n  ?ph wm:diversificationScore ?diversificationScore .\n}""}"
wealth_management_125_question_benchmark:WM125-1T-034,What category and sector focus is investor INV-1012 associated with?,wealth_management_125_question_benchmark.csv,PIPELINE_SUCCESS,MATCH,MATCH,SQL,,[],[],[],The pipeline answer exactly matches the required category and sector focus for investor INV-1012.,9.486,"{""Q1"": ""SELECT category, sector_focus\nFROM ATOM_ENTITY_INVESTOR_PROFILE_001\nWHERE investor_id = 'INV-1012';""}"
wealth_management_125_question_benchmark:WM125-1T-032,What are the risk tolerance and time horizon of investor INV-1010?,wealth_management_125_question_benchmark.csv,PIPELINE_SUCCESS,MATCH,MATCH,KG,,[],[],[],"The required time horizon matches, and the empty riskTolerance value semantically represents the ground-truth null risk tolerance.",45.224,"{""Q1"": ""PREFIX wm: <https://wealth.example.org/ontology/>\nPREFIX rdfs: <http://www.w3.org/2000/01/rdf-schema#>\n\nSELECT ?riskTolerance ?timeHorizon\nWHERE {\n  ?investor a wm:Investor ;\n            wm:investorId \""INV-1010\"" .\n  OPTIONAL { ?investor wm:riskTolerance ?rtLit . }\n  OPTIONAL {\n    ?investor wm:hasRiskTolerance ?rtNode .\n    ?rtNode rdfs:label ?rtLabel .\n  }\n  OPTIONAL { ?investor wm:timeHorizon ?thLit . }\n  OPTIONAL {\n    ?investor wm:hasTimeHorizon ?thNode .\n    ?thNode rdfs:label ?thLabel .\n  }\n  BIND (COALESCE(?rtLit, ?rtLabel) AS ?riskTolerance)\n  BIND (COALESCE(?thLit, ?thLabel) AS ?timeHorizon)\n}""}"
wealth_management_125_question_benchmark:WM125-2T-001,How many Aggressive investors have a risk score above 75?,wealth_management_125_question_benchmark.csv,PIPELINE_SUCCESS,MATCH,MATCH,SQL,,[],[],[],The pipeline returns the correct count of Aggressive investors with risk score above 75.,17.598,"{""Q1"": ""SELECT COUNT(ip.investor_id) AS aggressive_investor_count\nFROM ATOM_ENTITY_INVESTOR_PROFILE_001 ip\nINNER JOIN ATOM_ENTITY_PORTFOLIO_HEALTH_001 ph ON ip.investor_id = ph.investor_id\nWHERE ip.risk_tolerance = 'Aggressive' AND ph.risk_score > 75;""}"
wealth_management_125_question_benchmark:WM125-1T-033,What is the investment goal and segment of investor INV-1011?,wealth_management_125_question_benchmark.csv,PIPELINE_SUCCESS,MATCH,MISMATCH,KG,,[],[],"[""measures.0 has no quoted requirement.""]",The pipeline correctly returns the investment goal and represents the null segment as an empty string.,41.965,"{""Q1"": ""PREFIX wm: <https://wealth.example.org/ontology/>\nPREFIX rdfs: <http://www.w3.org/2000/01/rdf-schema#>\n\nSELECT ?investmentGoal ?segment\nWHERE {\n  ?investor a wm:Investor ;\n            wm:investorId \""INV-1011\"" .\n  OPTIONAL { ?investor wm:segment ?segment . }\n  OPTIONAL { ?investor wm:investmentGoal ?investmentGoal . }\n  OPTIONAL {\n    ?investor wm:hasInvestmentGoal ?ig .\n    OPTIONAL { ?ig wm:investmentGoal ?investmentGoal . }\n    OPTIONAL { ?ig rdfs:label ?investmentGoal . }\n  }\n} LIMIT 1""}"
wealth_management_125_question_benchmark:WM125-2T-002,How many Aggressive investors have a risk score above 90?,wealth_management_125_question_benchmark.csv,PIPELINE_SUCCESS,MATCH,MATCH,SQL,,[],[],[],The pipeline returns the correct count of Aggressive investors with risk score above 90.,23.987,"{""Q1"": ""SELECT COUNT(DISTINCT ip.investor_id) AS aggressive_investor_count\nFROM ATOM_ENTITY_INVESTOR_PROFILE_001 AS ip\nINNER JOIN ATOM_ENTITY_PORTFOLIO_HEALTH_001 AS ph\n  ON ip.investor_id = ph.investor_id\nWHERE ip.risk_tolerance = 'Aggressive'\n  AND ph.risk_score > 90;""}"
wealth_management_125_question_benchmark:WM125-2T-004,How many Conservative investors have a risk score above 75?,wealth_management_125_question_benchmark.csv,PIPELINE_SUCCESS,MATCH,MATCH,SQL,,[],[],[],The pipeline returns the correct count of Conservative investors with risk score above 75.,22.394,"{""Q1"": ""SELECT COUNT(DISTINCT i.investor_id) AS conservative_investors_count\nFROM ATOM_ENTITY_INVESTOR_PROFILE_001 i\nINNER JOIN ATOM_ENTITY_PORTFOLIO_HEALTH_001 p\n  ON i.investor_id = p.investor_id\nWHERE i.risk_tolerance = 'Conservative'\n  AND p.risk_score > 75;""}"
wealth_management_125_question_benchmark:WM125-2T-005,How many Conservative investors have a risk score above 90?,wealth_management_125_question_benchmark.csv,DAG_NODE_ERROR,MISMATCH,MATCH,SQL,Q1:Query_Spec_Contract,"[""unknown_source""]","[""Unknown source: investor"", ""Unknown base_entity: investor""]","[""Requirement introduces unsupported terms: ['count', 'such']""]",The pipeline returned a failure message rather than the required count of Conservative investors with risk score above 90.,16.682,"{""Q1"": """"}"
wealth_management_125_question_benchmark:WM125-2T-006,How many Conservative investors have a liquidity score below 25?,wealth_management_125_question_benchmark.csv,PIPELINE_SUCCESS,MATCH,MISMATCH,SQL,,[],[],[],The pipeline returns the correct count of Conservative investors with liquidity score below 25.,12.782,"{""Q1"": ""SELECT COUNT(DISTINCT ip.investor_id) AS conservative_investors_below_25_liquidity_count\nFROM ATOM_ENTITY_INVESTOR_PROFILE_001 ip\nINNER JOIN ATOM_ENTITY_PORTFOLIO_HEALTH_001 ph ON ip.investor_id = ph.investor_id\nWHERE ip.risk_tolerance = 'Conservative' AND ph.liquidity_score < 25;""}"
wealth_management_125_question_benchmark:WM125-2T-003,How many Aggressive investors have a liquidity score below 25?,wealth_management_125_question_benchmark.csv,PIPELINE_SUCCESS,MATCH,MATCH,SQL,,[],[],"[""Requirement introduces unsupported terms: ['quantity', 'where']""]","The pipeline returns 122, which matches the ground-truth count of Aggressive investors with liquidity score below 25.",28.377,"{""Q1"": ""SELECT COUNT(DISTINCT ip.investor_id) AS aggressive_investor_quantity\nFROM ATOM_ENTITY_INVESTOR_PROFILE_001 AS ip\nINNER JOIN ATOM_ENTITY_PORTFOLIO_HEALTH_001 AS ph\n  ON ip.investor_id = ph.investor_id\nWHERE ip.risk_tolerance = 'Aggressive'\n  AND ph.liquidity_score < 25;""}"
wealth_management_125_question_benchmark:WM125-2T-008,How many Moderate investors have a risk score above 90?,wealth_management_125_question_benchmark.csv,PIPELINE_SUCCESS,MATCH,MATCH,SQL,,[],[],[],"The pipeline returns 45, which matches the ground-truth count of Moderate investors with risk scores above 90.",8.89,"{""Q1"": ""SELECT COUNT(DISTINCT ip.investor_id) AS moderate_investor_count\nFROM ATOM_ENTITY_INVESTOR_PROFILE_001 ip\nINNER JOIN ATOM_ENTITY_PORTFOLIO_HEALTH_001 ph ON ip.investor_id = ph.investor_id\nWHERE ip.risk_tolerance = 'Moderate' AND ph.risk_score > 90;""}"
wealth_management_125_question_benchmark:WM125-2T-007,How many Moderate investors have a risk score above 75?,wealth_management_125_question_benchmark.csv,DAG_NODE_ERROR,MISMATCH,MISMATCH,SQL,Q1:Query_Spec_Contract,"[""unknown_source""]","[""Unknown source: investor"", ""Unknown base_entity: investor""]",[],The pipeline returned a failure message instead of the required count of Moderate investors with risk score above 75.,11.766,"{""Q1"": """"}"
wealth_management_125_question_benchmark:WM125-2T-009,How many Moderate investors have a liquidity score below 25?,wealth_management_125_question_benchmark.csv,PIPELINE_SUCCESS,MATCH,MATCH,SQL,,[],[],[],"The pipeline returns a count of 98 Moderate investors with liquidity score below 25, matching the ground truth.",12.411,"{""Q1"": ""SELECT COUNT(DISTINCT ip.investor_id) AS moderate_investors_count\nFROM ATOM_ENTITY_INVESTOR_PROFILE_001 ip\nINNER JOIN ATOM_ENTITY_PORTFOLIO_HEALTH_001 ph\n  ON ip.investor_id = ph.investor_id\nWHERE ip.risk_tolerance = 'Moderate'\n  AND ph.liquidity_score < 25;""}"
wealth_management_125_question_benchmark:WM125-2T-012,What is the average diversification score of investors in the Diversified segment?,wealth_management_125_question_benchmark.csv,PIPELINE_SUCCESS,MATCH,MATCH,SQL,,[],[],"[""measures.0 has no quoted requirement.""]","The pipeline returns the average diversification score for the Diversified segment, and its value 49.30704983069144 matches the ground-truth value 49.31 within rounding tolerance.",14.788,"{""Q1"": ""SELECT AVG(ph.diversification_score) AS average_diversification_score\nFROM ATOM_ENTITY_INVESTOR_PROFILE_001 ip\nINNER JOIN ATOM_ENTITY_PORTFOLIO_HEALTH_001 ph ON ip.investor_id = ph.investor_id\nWHERE ip.segment = 'Diversified';""}"
wealth_management_125_question_benchmark:WM125-2T-010,What is the average risk score of investors in the Diversified segment?,wealth_management_125_question_benchmark.csv,PIPELINE_SUCCESS,MATCH,MATCH,SQL,,[],[],[],"The pipeline reports the average risk score for the Diversified segment as 49.16035, which matches the ground-truth average of 49.16 within rounding tolerance.",22.42,"{""Q1"": ""SELECT AVG(ph.risk_score) AS average_risk_score\nFROM ATOM_ENTITY_INVESTOR_PROFILE_001 ip\nINNER JOIN ATOM_ENTITY_PORTFOLIO_HEALTH_001 ph ON ip.investor_id = ph.investor_id\nWHERE ip.segment = 'Diversified';""}"
wealth_management_125_question_benchmark:WM125-2T-013,What is the average risk score of investors in the Large Cap segment?,wealth_management_125_question_benchmark.csv,PIPELINE_SUCCESS,MATCH,MATCH,SQL,,[],[],"[""measures.0 has no quoted requirement.""]","The pipeline returns the average risk score for the Large Cap segment, and its value matches the ground truth within the allowed numeric tolerance.",12.679,"{""Q1"": ""SELECT AVG(ph.risk_score) AS average_risk_score\nFROM ATOM_ENTITY_INVESTOR_PROFILE_001 ip\nINNER JOIN ATOM_ENTITY_PORTFOLIO_HEALTH_001 ph ON ip.investor_id = ph.investor_id\nWHERE ip.segment = 'Large Cap';""}"
wealth_management_125_question_benchmark:WM125-2T-011,What is the average liquidity score of investors in the Diversified segment?,wealth_management_125_question_benchmark.csv,PIPELINE_SUCCESS,MATCH,MATCH,SQL,,[],[],"[""Requirement introduces unsupported terms: ['where']"", ""Requirement introduces unsupported terms: ['those']""]","The pipeline reports the average liquidity score for the Diversified segment as 49.8946, which matches the ground-truth value of 49.89 within the allowed numeric tolerance.",25.594,"{""Q1"": ""WITH per_investor AS (\n    SELECT ph.investor_id,\n           AVG(ph.liquidity_score) AS avg_liquidity_score\n    FROM ATOM_ENTITY_PORTFOLIO_HEALTH_001 ph\n    INNER JOIN ATOM_ENTITY_INVESTOR_PROFILE_001 ip\n        ON ph.investor_id = ip.investor_id\n    WHERE ip.segment = 'Diversified'\n    GROUP BY ph.investor_id\n)\nSELECT AVG(avg_liquidity_score) AS average_liquidity_score\nFROM per_investor;""}"
wealth_management_125_question_benchmark:WM125-2T-014,What is the average liquidity score of investors in the Large Cap segment?,wealth_management_125_question_benchmark.csv,PIPELINE_SUCCESS,MATCH,MATCH,SQL,,[],[],"[""measures.0 has no quoted requirement.""]","The pipeline returns the average liquidity score for the Large Cap segment, and its value rounds to the ground-truth value within tolerance.",11.178,"{""Q1"": ""SELECT AVG(ph.liquidity_score) AS average_liquidity_score\nFROM ATOM_ENTITY_INVESTOR_PROFILE_001 ip\nINNER JOIN ATOM_ENTITY_PORTFOLIO_HEALTH_001 ph ON ip.investor_id = ph.investor_id\nWHERE ip.segment = 'Large Cap';""}"
wealth_management_125_question_benchmark:WM125-2T-015,What is the average diversification score of investors in the Large Cap segment?,wealth_management_125_question_benchmark.csv,PIPELINE_SUCCESS,MATCH,MATCH,SQL,,[],[],"[""measures.0 has no quoted requirement.""]","The pipeline returns the average diversification score for the Large Cap segment, and its value matches the ground truth within the allowed numeric tolerance.",18.251,"{""Q1"": ""SELECT AVG(ph.diversification_score) AS average_diversification_score\nFROM ATOM_ENTITY_INVESTOR_PROFILE_001 ip\nINNER JOIN ATOM_ENTITY_PORTFOLIO_HEALTH_001 ph ON ip.investor_id = ph.investor_id\nWHERE ip.segment = 'Large Cap';""}"
wealth_management_125_question_benchmark:WM125-2T-016,What is the average risk score of investors in the Mid Cap segment?,wealth_management_125_question_benchmark.csv,PIPELINE_SUCCESS,MATCH,MATCH,SQL,,[],[],"[""measures.0 has no quoted requirement.""]","The pipeline reports the average risk score for the Mid Cap segment as 50.2623, which matches the ground-truth average of 50.26 within the allowed numeric tolerance.",21.293,"{""Q1"": ""WITH per_investor AS (\n    SELECT ph.investor_id,\n           AVG(ph.risk_score) AS avg_risk_score\n    FROM ATOM_ENTITY_PORTFOLIO_HEALTH_001 ph\n    GROUP BY ph.investor_id\n)\nSELECT AVG(per_investor.avg_risk_score) AS average_risk_score\nFROM ATOM_ENTITY_INVESTOR_PROFILE_001 ip\nINNER JOIN per_investor ON ip.investor_id = per_investor.investor_id\nWHERE ip.segment = 'Mid Cap';""}"
wealth_management_125_question_benchmark:WM125-2T-017,What is the average liquidity score of investors in the Mid Cap segment?,wealth_management_125_question_benchmark.csv,PIPELINE_SUCCESS,MATCH,MATCH,SQL,,[],[],[],"The pipeline reports the average liquidity score for Mid Cap investors as 50.0533, which matches the ground-truth average of 50.05 within the allowed numeric tolerance.",18.214,"{""Q1"": ""SELECT AVG(ph.liquidity_score) AS average_liquidity_score\nFROM ATOM_ENTITY_INVESTOR_PROFILE_001 ip\nINNER JOIN ATOM_ENTITY_PORTFOLIO_HEALTH_001 ph ON ip.investor_id = ph.investor_id\nWHERE ip.segment = 'Mid Cap';""}"
wealth_management_125_question_benchmark:WM125-2T-018,What is the average diversification score of investors in the Mid Cap segment?,wealth_management_125_question_benchmark.csv,PIPELINE_SUCCESS,MATCH,MATCH,SQL,,[],[],"[""measures.0 has no quoted requirement.""]","The pipeline reports the average diversification score for the Mid Cap segment as 50.2955, which matches the ground-truth value of 50.3 within the allowed numeric tolerance.",17.995,"{""Q1"": ""WITH m1 AS (\n    SELECT investor_id,\n           AVG(diversification_score) AS avg_div_score\n    FROM ATOM_ENTITY_PORTFOLIO_HEALTH_001\n    GROUP BY investor_id\n)\nSELECT AVG(m1.avg_div_score) AS average_diversification_score\nFROM ATOM_ENTITY_INVESTOR_PROFILE_001 AS p\nINNER JOIN m1 ON p.investor_id = m1.investor_id\nWHERE p.segment = 'Mid Cap';""}"
wealth_management_125_question_benchmark:WM125-2T-019,What is the average risk score of investors in the Small Cap segment?,wealth_management_125_question_benchmark.csv,PIPELINE_SUCCESS,MATCH,MATCH,SQL,,[],[],"[""measures.0 has no quoted requirement.""]","The pipeline returns the average risk score for the Small Cap segment, and the value matches the ground truth within the allowed numeric tolerance.",11.263,"{""Q1"": ""SELECT AVG(ph.risk_score) AS average_risk_score\nFROM ATOM_ENTITY_INVESTOR_PROFILE_001 ip\nINNER JOIN ATOM_ENTITY_PORTFOLIO_HEALTH_001 ph ON ip.investor_id = ph.investor_id\nWHERE ip.segment = 'Small Cap';""}"
wealth_management_125_question_benchmark:WM125-2T-020,What is the average liquidity score of investors in the Small Cap segment?,wealth_management_125_question_benchmark.csv,PIPELINE_SUCCESS,MATCH,MATCH,SQL,,[],[],"[""measures.0 has no quoted requirement.""]","The pipeline reports an average liquidity score of 48.7031, which matches the ground-truth average of 48.7 within the allowed numeric tolerance.",16.914,"{""Q1"": ""WITH per_investor AS (\n    SELECT investor_id,\n           AVG(liquidity_score) AS avg_liquidity_score_per_investor\n    FROM ATOM_ENTITY_PORTFOLIO_HEALTH_001\n    GROUP BY investor_id\n)\nSELECT AVG(per_investor.avg_liquidity_score_per_investor) AS average_liquidity_score\nFROM ATOM_ENTITY_INVESTOR_PROFILE_001 AS ip\nINNER JOIN per_investor ON ip.investor_id = per_investor.investor_id\nWHERE ip.segment = 'Small Cap';""}"
wealth_management_125_question_benchmark:WM125-2T-023,"What is the average goal progress for investors whose stated goal is Emergency Fund, averaging each investor's goal progress first?",wealth_management_125_question_benchmark.csv,PIPELINE_SUCCESS,MATCH,MISMATCH,SQL,,[],[],[],The pipeline's average goal progress (40.89897) is materially equal to the ground truth value (41.01) within the allowed numeric tolerance.,13.145,"{""Q1"": ""WITH per_investor AS (\n    SELECT investor_id,\n           AVG(progress_pct) AS avg_progress\n    FROM ATOM_ENTITY_INVESTMENT_GOAL_001\n    WHERE investment_goal = 'Emergency Fund'\n    GROUP BY investor_id\n)\nSELECT AVG(avg_progress) AS average_goal_progress\nFROM per_investor;""}"
wealth_management_125_question_benchmark:WM125-2T-022,"What is the average goal progress for investors whose stated goal is Child Education, averaging each investor's goal progress first?",wealth_management_125_question_benchmark.csv,PIPELINE_SUCCESS,MATCH,MATCH,SQL,,[],[],[],"The pipeline returns the requested average goal progress for Child Education investors, matching the ground truth within numeric tolerance.",16.545,"{""Q1"": ""WITH per_investor AS (\n    SELECT ig.investor_id,\n           AVG(ig.progress_pct) AS avg_progress\n    FROM ATOM_ENTITY_INVESTMENT_GOAL_001 ig\n    GROUP BY ig.investor_id\n)\nSELECT AVG(per_investor.avg_progress) AS average_goal_progress\nFROM ATOM_ENTITY_INVESTOR_PROFILE_001 ip\nINNER JOIN per_investor ON ip.investor_id = per_investor.investor_id\nWHERE ip.investment_goal = 'Child Education';""}"
wealth_management_125_question_benchmark:WM125-2T-025,"What is the average goal progress for investors whose stated goal is Income Generation, averaging each investor's goal progress first?",wealth_management_125_question_benchmark.csv,PIPELINE_SUCCESS,MATCH,MATCH,SQL,,[],[],[],"The pipeline returns the requested average goal progress for Income Generation investors, matching the ground truth within numeric tolerance.",16.329,"{""Q1"": ""WITH filtered_investors AS (\n    SELECT investor_id\n    FROM ATOM_ENTITY_INVESTOR_PROFILE_001\n    WHERE investment_goal = 'Income Generation'\n),\nper_investor AS (\n    SELECT investor_id,\n           AVG(progress_pct) AS investor_avg_progress\n    FROM ATOM_ENTITY_INVESTMENT_GOAL_001\n    GROUP BY investor_id\n)\nSELECT AVG(per_investor.investor_avg_progress) AS average_goal_progress\nFROM filtered_investors fi\nINNER JOIN per_investor ON fi.investor_id = per_investor.investor_id;""}"
wealth_management_125_question_benchmark:WM125-2T-021,What is the average diversification score of investors in the Small Cap segment?,wealth_management_125_question_benchmark.csv,PIPELINE_SUCCESS,MATCH,MATCH,SQL,,[],[],"[""measures.0 has no quoted requirement.""]",The pipeline returns the requested average diversification score for the Small Cap segment. Its value rounds to the ground-truth value and is within tolerance.,16.65,"{""Q1"": ""SELECT AVG(p.diversification_score) AS average_diversification_score\nFROM ATOM_ENTITY_INVESTOR_PROFILE_001 i\nINNER JOIN ATOM_ENTITY_PORTFOLIO_HEALTH_001 p\n  ON i.investor_id = p.investor_id\nWHERE i.segment = 'Small Cap';""}"
wealth_management_125_question_benchmark:WM125-2T-026,"What is the average goal progress for investors whose stated goal is Retirement Planning, averaging each investor's goal progress first?",wealth_management_125_question_benchmark.csv,PIPELINE_SUCCESS,MATCH,MATCH,SQL,,[],[],"[""Requirement introduces unsupported terms: ['acros']""]","The pipeline returns the requested average goal progress for Retirement Planning investors, and its value matches the ground truth within tolerance.",23.416,"{""Q1"": ""WITH per_inv AS (\n    SELECT investor_id,\n           AVG(progress_pct) AS avg_progress\n    FROM ATOM_ENTITY_INVESTMENT_GOAL_001\n    GROUP BY investor_id\n)\nSELECT AVG(per_inv.avg_progress) AS average_goal_progress\nFROM ATOM_ENTITY_INVESTOR_PROFILE_001 b\nINNER JOIN per_inv ON b.investor_id = per_inv.investor_id\nWHERE b.investment_goal = 'Retirement Planning';""}"
wealth_management_125_question_benchmark:WM125-2T-028,How many investors hold at least one Corporate Bond position?,wealth_management_125_question_benchmark.csv,DAG_NODE_ERROR,MISMATCH,MATCH,SQL,Q1:Query_Spec_Contract,"[""unknown_source"", ""physical_as_source""]","[""Unknown source: physical"", ""measures.0: unknown source 'physical'."", ""filters.0: unknown source 'physical'.""]","[""measures.0 has no quoted requirement.""]",The pipeline returned a query failure message rather than the required investor count.,17.628,"{""Q1"": """"}"
wealth_management_125_question_benchmark:WM125-2T-024,"What is the average goal progress for investors whose stated goal is Growth, averaging each investor's goal progress first?",wealth_management_125_question_benchmark.csv,PIPELINE_SUCCESS,MATCH,MATCH,SQL,,[],[],"[""measures.0 has no quoted requirement.""]","The pipeline returns the required average goal progress for Growth investors, matching the ground truth within numeric tolerance.",37.119,"{""Q1"": ""WITH per_inv AS (\n    SELECT investor_id,\n           AVG(progress_pct) AS inv_avg_progress\n    FROM ATOM_ENTITY_INVESTMENT_GOAL_001\n    GROUP BY investor_id\n)\nSELECT AVG(per_inv.inv_avg_progress) AS overall_avg_progress\nFROM ATOM_ENTITY_INVESTOR_PROFILE_001 AS p\nINNER JOIN per_inv ON p.investor_id = per_inv.investor_id\nWHERE p.investment_goal = 'Growth';""}"
wealth_management_125_question_benchmark:WM125-2T-029,How many investors hold at least one position with investment type 'ETF'?,wealth_management_125_question_benchmark.csv,PIPELINE_SUCCESS,MATCH,MATCH,SQL,,[],[],"[""measures.0 has no quoted requirement.""]",The pipeline returns the correct count of investors holding at least one ETF position.,14.078,"{""Q1"": ""WITH investors AS (\n    SELECT investor_id\n    FROM ATOM_ENTITY_PORTFOLIO_HOLDING_001\n    WHERE investment_type = 'ETF'\n    GROUP BY investor_id\n)\nSELECT COUNT(*) AS investor_count\nFROM investors;""}"
wealth_management_125_question_benchmark:WM125-2T-027,"What is the average goal progress for investors whose stated goal is Wealth Preservation, averaging each investor's goal progress first?",wealth_management_125_question_benchmark.csv,PIPELINE_SUCCESS,MATCH,MATCH,SQL,,[],[],"[""Requirement introduces unsupported terms: ['acros', 'those']""]",The pipeline's average goal progress matches the ground truth within the allowed numeric tolerance.,28.579,"{""Q1"": ""WITH per_investor AS (\n    SELECT investor_id,\n           AVG(progress_pct) AS avg_progress\n    FROM ATOM_ENTITY_INVESTMENT_GOAL_001\n    GROUP BY investor_id\n)\nSELECT AVG(per_investor.avg_progress) AS average_goal_progress\nFROM ATOM_ENTITY_INVESTOR_PROFILE_001 AS p\nINNER JOIN per_investor ON p.investor_id = per_investor.investor_id\nWHERE p.investment_goal = 'Wealth Preservation';""}"
wealth_management_125_question_benchmark:WM125-2T-030,How many investors hold at least one position with investment type 'Equity'?,wealth_management_125_question_benchmark.csv,PIPELINE_SUCCESS,MATCH,MATCH,SQL,,[],[],"[""measures.0 has no quoted requirement.""]",The pipeline returns the same investor count required by the question.,15.761,"{""Q1"": ""SELECT COUNT(DISTINCT investor_id) AS investor_count\nFROM ATOM_ENTITY_PORTFOLIO_HOLDING_001\nWHERE investment_type = 'Equity';""}"
wealth_management_125_question_benchmark:WM125-3T-002,Which Aggressive investors have a risk score above 75 and hold a position with investment type 'ETF'?,wealth_management_125_question_benchmark.csv,PIPELINE_SUCCESS,MATCH,MATCH,SQL,,[],[],"[""measures.0 has no quoted requirement."", ""measures.1 has no quoted requirement.""]","The pipeline returns exactly the same 55 qualifying investors and names as the ground truth. The ordering differs after the initial records, but the question asks for a set of investors and does not require ordering.",18.428,"{""Q1"": ""SELECT DISTINCT ip.investor_id,\n       ip.investor_name\nFROM ATOM_ENTITY_INVESTOR_PROFILE_001 AS ip\nINNER JOIN ATOM_ENTITY_PORTFOLIO_HEALTH_001 AS ph\n        ON ip.investor_id = ph.investor_id\nINNER JOIN ATOM_ENTITY_PORTFOLIO_HOLDING_001 AS phold\n        ON ip.investor_id = phold.investor_id\nWHERE ip.risk_tolerance = 'Aggressive'\n  AND ph.risk_score > 75\n  AND phold.investment_type = 'ETF';""}"
wealth_management_125_question_benchmark:WM125-3T-001,Which Aggressive investors have a risk score above 75 and hold a Corporate Bond?,wealth_management_125_question_benchmark.csv,PIPELINE_SUCCESS,MATCH,MATCH,SQL,,[],[],"[""group_by.0 has no quoted requirement."", ""group_by.1 has no quoted requirement.""]",The pipeline output exactly matches the required set of Aggressive investors with risk scores above 75 who hold a Corporate Bond.,19.379,"{""Q1"": ""SELECT p.investor_id,\n       p.investor_name\nFROM ATOM_ENTITY_INVESTOR_PROFILE_001 AS p\nINNER JOIN ATOM_ENTITY_PORTFOLIO_HEALTH_001 AS ph\n        ON p.investor_id = ph.investor_id\nINNER JOIN ATOM_ENTITY_PORTFOLIO_HOLDING_001 AS phld\n        ON p.investor_id = phld.investor_id\nWHERE p.risk_tolerance = 'Aggressive'\n  AND ph.risk_score > 75\n  AND phld.investment_type = 'Corporate Bond'\nGROUP BY p.investor_id, p.investor_name;""}"
wealth_management_125_question_benchmark:WM125-3T-003,Which Aggressive investors have a risk score above 75 and hold a position with investment type 'Equity'?,wealth_management_125_question_benchmark.csv,PIPELINE_SUCCESS,MATCH,MATCH,SQL,,[],[],"[""measures.0 has no quoted requirement."", ""measures.1 has no quoted requirement.""]",The pipeline returns exactly the same 46 qualifying Aggressive investors with risk scores above 75 who hold Equity positions as the ground truth.,15.794,"{""Q1"": ""SELECT DISTINCT i.investor_id, i.investor_name\nFROM ATOM_ENTITY_INVESTOR_PROFILE_001 AS i\nINNER JOIN ATOM_ENTITY_PORTFOLIO_HEALTH_001 AS h ON i.investor_id = h.investor_id\nINNER JOIN ATOM_ENTITY_PORTFOLIO_HOLDING_001 AS ph ON i.investor_id = ph.investor_id\nWHERE i.risk_tolerance = 'Aggressive'\n  AND h.risk_score > 75\n  AND ph.investment_type = 'Equity';""}"
wealth_management_125_question_benchmark:WM125-3T-004,Which Aggressive investors have a risk score above 75 and hold a Global Equity?,wealth_management_125_question_benchmark.csv,PIPELINE_SUCCESS,MATCH,MATCH,SQL,,[],[],"[""measures.0 has no quoted requirement."", ""measures.1 has no quoted requirement.""]","The pipeline returns exactly the full set of Aggressive investors with risk scores above 75 who hold Global Equity, with matching investor IDs and names.",22.059,"{""Q1"": ""SELECT DISTINCT p.investor_id, p.investor_name\nFROM ATOM_ENTITY_INVESTOR_PROFILE_001 AS p\nINNER JOIN ATOM_ENTITY_PORTFOLIO_HEALTH_001 AS h ON p.investor_id = h.investor_id\nINNER JOIN ATOM_ENTITY_PORTFOLIO_HOLDING_001 AS ho ON p.investor_id = ho.investor_id\nWHERE p.risk_tolerance = 'Aggressive'\n  AND h.risk_score > 75\n  AND ho.investment_type = 'Global Equity';""}"
wealth_management_125_question_benchmark:WM125-3T-005,Which Aggressive investors have a risk score above 75 and hold a Gold?,wealth_management_125_question_benchmark.csv,PIPELINE_SUCCESS,MATCH,MATCH,SQL,,[],[],"[""measures.0 has no quoted requirement."", ""measures.1 has no quoted requirement.""]","The pipeline returns exactly the full set of 46 Aggressive investors with risk scores above 75 who hold Gold, with matching investor IDs and names. The ordering differs but no order was requested.",17.756,"{""Q1"": ""SELECT DISTINCT p.investor_id, p.investor_name\nFROM ATOM_ENTITY_INVESTOR_PROFILE_001 p\nINNER JOIN ATOM_ENTITY_PORTFOLIO_HEALTH_001 h ON p.investor_id = h.investor_id\nINNER JOIN ATOM_ENTITY_PORTFOLIO_HOLDING_001 ph ON p.investor_id = ph.investor_id\nWHERE p.risk_tolerance = 'Aggressive'\n  AND h.risk_score > 75\n  AND ph.investment_type = 'Gold';""}"
wealth_management_125_question_benchmark:WM125-3T-007,Which Conservative investors have a risk score above 75 and hold a Corporate Bond?,wealth_management_125_question_benchmark.csv,PIPELINE_SUCCESS,MATCH,MATCH,SQL,,[],[],[],Pipeline returns exactly the same investor ID and name set as the ground truth for Conservative investors with risk score above 75 who hold a Corporate Bond.,14.193,"{""Q1"": ""SELECT DISTINCT ip.investor_id, ip.investor_name\nFROM ATOM_ENTITY_INVESTOR_PROFILE_001 ip\nINNER JOIN ATOM_ENTITY_PORTFOLIO_HEALTH_001 ph ON ip.investor_id = ph.investor_id\nINNER JOIN ATOM_ENTITY_PORTFOLIO_HOLDING_001 phold ON ip.investor_id = phold.investor_id\nWHERE ip.risk_tolerance = 'Conservative'\n  AND ph.risk_score > 75\n  AND phold.investment_type = 'Corporate Bond';""}"
wealth_management_125_question_benchmark:WM125-3T-006,Which Aggressive investors have a risk score above 75 and hold a Government Bond?,wealth_management_125_question_benchmark.csv,DAG_NODE_ERROR,MISMATCH,MATCH,SQL,Q1:Query_Spec_Contract,"[""unknown_source""]","[""Unknown source: investor"", ""Unknown base_entity: investor""]","[""measures.0 has no quoted requirement."", ""measures.1 has no quoted requirement.""]",The pipeline returned a failure message instead of the required list of Aggressive investors with risk scores above 75 who hold Government Bonds.,23.207,"{""Q1"": """"}"
wealth_management_125_question_benchmark:WM125-3T-008,Which Conservative investors have a risk score above 75 and hold a position with investment type 'ETF'?,wealth_management_125_question_benchmark.csv,PIPELINE_SUCCESS,MATCH,MATCH,SQL,,[],[],"[""group_by.0 has no quoted requirement."", ""group_by.1 has no quoted requirement.""]","The pipeline returns exactly the same 53 qualifying Conservative investors as the ground truth, with matching investor IDs and names. The row ordering differs but no ordering was requested.",20.811,"{""Q1"": ""SELECT DISTINCT p.investor_id,\n       p.investor_name\nFROM ATOM_ENTITY_INVESTOR_PROFILE_001 AS p\nINNER JOIN ATOM_ENTITY_PORTFOLIO_HEALTH_001 AS h\n        ON p.investor_id = h.investor_id\n       AND h.risk_score > 75\nINNER JOIN ATOM_ENTITY_PORTFOLIO_HOLDING_001 AS ph\n        ON p.investor_id = ph.investor_id\n       AND ph.investment_type = 'ETF'\nWHERE p.risk_tolerance = 'Conservative';""}"
wealth_management_125_question_benchmark:WM125-3T-011,Which Conservative investors have a risk score above 75 and hold a Gold?,wealth_management_125_question_benchmark.csv,PIPELINE_SUCCESS,MATCH,MATCH,SQL,,[],[],"[""group_by.0 has no quoted requirement."", ""group_by.1 has no quoted requirement.""]",The pipeline returns exactly the same set of Conservative investors with risk scores above 75 who hold Gold as the ground truth. The additional risk_score column is harmless.,14.494,"{""Q1"": ""SELECT DISTINCT i.investor_id,\n       i.investor_name,\n       ph.risk_score\nFROM ATOM_ENTITY_INVESTOR_PROFILE_001 AS i\nINNER JOIN ATOM_ENTITY_PORTFOLIO_HEALTH_001 AS ph\n        ON i.investor_id = ph.investor_id\nINNER JOIN ATOM_ENTITY_PORTFOLIO_HOLDING_001 AS h\n        ON i.investor_id = h.investor_id\nWHERE i.risk_tolerance = 'Conservative'\n  AND ph.risk_score > 75\n  AND h.investment_type = 'Gold';""}"
wealth_management_125_question_benchmark:WM125-3T-009,Which Conservative investors have a risk score above 75 and hold a position with investment type 'Equity'?,wealth_management_125_question_benchmark.csv,PIPELINE_SUCCESS,MATCH,MATCH,SQL,,[],[],"[""group_by.0 has no quoted requirement."", ""group_by.1 has no quoted requirement.""]",The pipeline output exactly matches the ground-truth set of Conservative investors with risk scores above 75 who hold an Equity position.,21.153,"{""Q1"": ""SELECT ip.investor_id, ip.investor_name\nFROM ATOM_ENTITY_INVESTOR_PROFILE_001 AS ip\nINNER JOIN ATOM_ENTITY_PORTFOLIO_HEALTH_001 AS ph ON ip.investor_id = ph.investor_id\nINNER JOIN ATOM_ENTITY_PORTFOLIO_HOLDING_001 AS phld ON ip.investor_id = phld.investor_id\nWHERE ip.risk_tolerance = 'Conservative'\n  AND ph.risk_score > 75\n  AND phld.investment_type = 'Equity'\nGROUP BY ip.investor_id, ip.investor_name;""}"
wealth_management_125_question_benchmark:WM125-3T-010,Which Conservative investors have a risk score above 75 and hold a Global Equity?,wealth_management_125_question_benchmark.csv,PIPELINE_SUCCESS,MATCH,MATCH,SQL,,[],[],"[""group_by.0 has no quoted requirement."", ""group_by.1 has no quoted requirement.""]","The pipeline returns the same complete set of Conservative investors with risk scores above 75 who hold Global Equity, with matching investor IDs and names. Ordering differs but no ordering was requested.",29.104,"{""Q1"": ""SELECT DISTINCT ip.investor_id,\n                ip.investor_name\nFROM ATOM_ENTITY_INVESTOR_PROFILE_001 ip\nINNER JOIN ATOM_ENTITY_PORTFOLIO_HEALTH_001 ph ON ip.investor_id = ph.investor_id\nINNER JOIN ATOM_ENTITY_PORTFOLIO_HOLDING_001 phl ON ip.investor_id = phl.investor_id\nWHERE ip.risk_tolerance = 'Conservative'\n  AND ph.risk_score > 75\n  AND phl.investment_type = 'Global Equity';""}"
wealth_management_125_question_benchmark:WM125-3T-012,Which Conservative investors have a risk score above 75 and hold a Government Bond?,wealth_management_125_question_benchmark.csv,PIPELINE_SUCCESS,MATCH,MATCH,SQL,,[],[],"[""measures.0 has no quoted requirement."", ""measures.1 has no quoted requirement.""]","The pipeline returns exactly the required set of Conservative investors with risk scores above 75 who hold a Government Bond. All investor IDs and names match the ground truth; only row ordering differs, which was not requested.",15.146,"{""Q1"": ""SELECT DISTINCT ip.investor_id, ip.investor_name\nFROM ATOM_ENTITY_INVESTOR_PROFILE_001 ip\nINNER JOIN ATOM_ENTITY_PORTFOLIO_HEALTH_001 ph ON ip.investor_id = ph.investor_id\nINNER JOIN ATOM_ENTITY_PORTFOLIO_HOLDING_001 phld ON ip.investor_id = phld.investor_id\nWHERE ip.risk_tolerance = 'Conservative'\n  AND ph.risk_score > 75\n  AND phld.investment_type = 'Government Bond';""}"
wealth_management_125_question_benchmark:WM125-3T-013,Which Moderate investors have a risk score above 75 and hold a Corporate Bond?,wealth_management_125_question_benchmark.csv,PIPELINE_SUCCESS,MATCH,MATCH,SQL,,[],[],"[""measures.0 has no quoted requirement."", ""measures.1 has no quoted requirement.""]",The pipeline returns exactly the complete set of 47 Moderate investors with risk scores above 75 who hold a Corporate Bond. All investor IDs and names match the ground truth; order differs but no ordering was requested.,23.715,"{""Q1"": ""SELECT DISTINCT p.investor_id, p.investor_name\nFROM ATOM_ENTITY_INVESTOR_PROFILE_001 AS p\nINNER JOIN ATOM_ENTITY_PORTFOLIO_HEALTH_001 AS ph ON p.investor_id = ph.investor_id\nINNER JOIN ATOM_ENTITY_PORTFOLIO_HOLDING_001 AS hld ON p.investor_id = hld.investor_id\nWHERE p.risk_tolerance = 'Moderate'\n  AND ph.risk_score > 75\n  AND hld.investment_type = 'Corporate Bond';""}"
wealth_management_125_question_benchmark:WM125-3T-014,Which Moderate investors have a risk score above 75 and hold a position with investment type 'ETF'?,wealth_management_125_question_benchmark.csv,PIPELINE_SUCCESS,MATCH,MATCH,SQL,,[],[],[],The pipeline returns exactly the same 52 qualifying investors and names as the ground truth. Ordering differs but no ordering was requested.,29.464,"{""Q1"": ""SELECT DISTINCT p.investor_id, p.investor_name\nFROM ATOM_ENTITY_INVESTOR_PROFILE_001 AS p\nINNER JOIN ATOM_ENTITY_PORTFOLIO_HEALTH_001 AS h ON p.investor_id = h.investor_id\nINNER JOIN ATOM_ENTITY_PORTFOLIO_HOLDING_001 AS ph ON p.investor_id = ph.investor_id\nWHERE p.risk_tolerance = 'Moderate'\n  AND h.risk_score > 75\n  AND ph.investment_type = 'ETF';""}"
wealth_management_125_question_benchmark:WM125-3T-015,Which Moderate investors have a risk score above 75 and hold a position with investment type 'Equity'?,wealth_management_125_question_benchmark.csv,PIPELINE_SUCCESS,MATCH,MATCH,KG,,[],[],"[""measures.0 has no quoted requirement."", ""measures.1 has no quoted requirement.""]",The pipeline returns exactly the full set of Moderate investors with risk scores above 75 who hold an Equity position. All investor IDs and names match the ground truth; output order is not required by the question.,21.067,"{""Q1"": ""PREFIX wm: <https://wealth.example.org/ontology/>\nPREFIX rdfs: <http://www.w3.org/2000/01/rdf-schema#>\nPREFIX xsd: <http://www.w3.org/2001/XMLSchema#>\n\nSELECT DISTINCT ?investorId ?investorName\nWHERE {\n  ?inv a wm:Investor ;\n       wm:investorId ?investorId ;\n       wm:investorName ?investorName ;\n       wm:riskTolerance \""Moderate\"" .\n       \n  ?ph a wm:PortfolioHealth ;\n       wm:healthOfInvestor ?inv ;\n       wm:riskScore ?riskScore .\n  FILTER(?riskScore > 75) .\n  \n  ?pholding a wm:PortfolioHolding ;\n            wm:heldByInvestor ?inv ;\n            wm:investmentType \""Equity\"" .\n}""}"
wealth_management_125_question_benchmark:WM125-3T-016,Which Moderate investors have a risk score above 75 and hold a Global Equity?,wealth_management_125_question_benchmark.csv,PIPELINE_SUCCESS,MATCH,MATCH,SQL,,[],[],[],The pipeline returns the same complete set of Moderate investors with risk scores above 75 who hold Global Equity as the ground truth. Ordering differs but no ordering was requested.,17.556,"{""Q1"": ""SELECT DISTINCT ip.investor_id,\n                ip.investor_name\nFROM ATOM_ENTITY_INVESTOR_PROFILE_001 AS ip\nINNER JOIN ATOM_ENTITY_PORTFOLIO_HEALTH_001 AS ph\n        ON ip.investor_id = ph.investor_id\n       AND ph.risk_score > 75\nINNER JOIN ATOM_ENTITY_PORTFOLIO_HOLDING_001 AS phld\n        ON ip.investor_id = phld.investor_id\n       AND phld.investment_type = 'Global Equity'\nWHERE ip.risk_tolerance = 'Moderate';""}"
wealth_management_125_question_benchmark:WM125-3T-017,Which Moderate investors have a risk score above 75 and hold a Gold?,wealth_management_125_question_benchmark.csv,PIPELINE_SUCCESS,MATCH,MISMATCH,SQL,,[],[],[],"The pipeline returns exactly the complete set of 55 qualifying Moderate investors with risk scores above 75 who hold Gold. All investor IDs and names match the ground truth; only row ordering differs, which was not requested.",19.908,"{""Q1"": ""SELECT DISTINCT p.investor_id, p.investor_name\nFROM ATOM_ENTITY_INVESTOR_PROFILE_001 AS p\nINNER JOIN ATOM_ENTITY_PORTFOLIO_HEALTH_001 AS h ON p.investor_id = h.investor_id\nINNER JOIN ATOM_ENTITY_PORTFOLIO_HOLDING_001 AS hld ON p.investor_id = hld.investor_id\nWHERE p.risk_tolerance = 'Moderate'\n  AND h.risk_score > 75\n  AND hld.investment_type = 'Gold';""}"
wealth_management_125_question_benchmark:WM125-3T-018,Which Moderate investors have a risk score above 75 and hold a Government Bond?,wealth_management_125_question_benchmark.csv,PIPELINE_SUCCESS,MATCH,MATCH,KG,,[],[],[],The pipeline returns the complete set of Moderate investors with risk scores above 75 who hold a Government Bond. All investor IDs and names match the ground truth; ordering differs but was not requested.,20.526,"{""Q1"": ""PREFIX wm: <https://wealth.example.org/ontology/>\nPREFIX rdfs: <http://www.w3.org/2000/01/rdf-schema#>\nPREFIX rdf: <http://www.w3.org/1999/02/22-rdf-syntax-ns#>\nPREFIX xsd: <http://www.w3.org/2001/XMLSchema#>\n\nSELECT DISTINCT ?investorId ?investorName\nWHERE {\n  ?inv a wm:Investor .\n  ?inv wm:investorId ?investorId .\n  ?inv wm:investorName ?investorName .\n  ?inv wm:riskTolerance ?riskTol .\n  FILTER(LCASE(STR(?riskTol)) = \""moderate\"") .\n  ?inv wm:hasPortfolioHealth ?ph .\n  ?ph wm:riskScore ?riskScore .\n  FILTER(?riskScore > 75) .\n  ?inv wm:hasHolding ?hold .\n  ?hold wm:investmentType ?invType .\n  FILTER(LCASE(STR(?invType)) = \""government bond\"") .\n}""}"
wealth_management_125_question_benchmark:WM125-3T-019,Which Aggressive investors have a liquidity score below 50 and a sector allocation above 0% in Automobile?,wealth_management_125_question_benchmark.csv,PIPELINE_SUCCESS,MATCH,MISMATCH,SQL,,[],[],"[""group_by.0 has no quoted requirement."", ""measures.0 has no quoted requirement.""]","The pipeline returns exactly the 19 investors in the ground truth, with matching investor IDs and names. Ordering differs but no ordering was requested.",23.68,"{""Q1"": ""SELECT DISTINCT p.investor_id, p.investor_name\nFROM ATOM_ENTITY_INVESTOR_PROFILE_001 AS p\nINNER JOIN ATOM_ENTITY_PORTFOLIO_HEALTH_001 AS ph ON p.investor_id = ph.investor_id\nINNER JOIN ATOM_ENTITY_SECTOR_ALLOCATION_001 AS sa ON p.investor_id = sa.investor_id\nWHERE p.risk_tolerance = 'Aggressive'\n  AND ph.liquidity_score < 50\n  AND sa.sector = 'Automobile'\n  AND sa.allocation_pct > 0;""}"
wealth_management_125_question_benchmark:WM125-3T-021,Which Aggressive investors have a liquidity score below 50 and a sector allocation above 0% in Consumer Goods?,wealth_management_125_question_benchmark.csv,PIPELINE_SUCCESS,MATCH,MATCH,SQL,,[],[],"[""measures.0 has no quoted requirement."", ""measures.1 has no quoted requirement.""]","The pipeline returns exactly the 13 investors in the ground truth, with matching investor IDs and names. Ordering differs but no ordering was requested.",14.264,"{""Q1"": ""SELECT p.investor_id, p.investor_name\nFROM ATOM_ENTITY_INVESTOR_PROFILE_001 AS p\nINNER JOIN ATOM_ENTITY_PORTFOLIO_HEALTH_001 AS ph ON p.investor_id = ph.investor_id\nINNER JOIN ATOM_ENTITY_SECTOR_ALLOCATION_001 AS sa ON p.investor_id = sa.investor_id\nWHERE p.risk_tolerance = 'Aggressive'\n  AND ph.liquidity_score < 50\n  AND sa.sector = 'Consumer Goods'\n  AND sa.allocation_pct > 0;""}"
wealth_management_125_question_benchmark:WM125-3T-020,Which Aggressive investors have a liquidity score below 50 and a sector allocation above 0% in Banking?,wealth_management_125_question_benchmark.csv,PIPELINE_SUCCESS,MATCH,MATCH,SQL,,[],[],"[""measures.0 has no quoted requirement."", ""measures.1 has no quoted requirement.""]","The pipeline returns exactly the 21 investors in the ground truth, with matching investor IDs and names. Ordering differs but no order was requested.",31.499,"{""Q1"": ""SELECT DISTINCT p.investor_id,\n       p.investor_name\nFROM ATOM_ENTITY_INVESTOR_PROFILE_001 AS p\nINNER JOIN ATOM_ENTITY_PORTFOLIO_HEALTH_001 AS ph\n        ON p.investor_id = ph.investor_id\nINNER JOIN ATOM_ENTITY_SECTOR_ALLOCATION_001 AS sa\n        ON p.investor_id = sa.investor_id\nWHERE p.risk_tolerance = 'Aggressive'\n  AND ph.liquidity_score < 50\n  AND sa.sector = 'Banking'\n  AND sa.allocation_pct > 0;""}"
wealth_management_125_question_benchmark:WM125-3T-024,Which Conservative investors have a liquidity score below 50 and a sector allocation above 0% in Automobile?,wealth_management_125_question_benchmark.csv,PIPELINE_SUCCESS,MATCH,MATCH,SQL,,[],[],"[""measures.1 has no quoted requirement."", ""measures.2 has no quoted requirement.""]","The pipeline returns exactly the 10 Conservative investors in the ground truth, with matching investor IDs and names. The additional liquidity and allocation fields are consistent with the requested filters and are harmless.",22.584,"{""Q1"": ""SELECT p.investor_id AS investor_id,\n       p.investor_name AS investor_name,\n       ph.liquidity_score AS liquidity_score,\n       sa.allocation_pct AS allocation_pct\nFROM ATOM_ENTITY_INVESTOR_PROFILE_001 p\nINNER JOIN ATOM_ENTITY_PORTFOLIO_HEALTH_001 ph ON p.investor_id = ph.investor_id\nINNER JOIN ATOM_ENTITY_SECTOR_ALLOCATION_001 sa ON p.investor_id = sa.investor_id\nWHERE p.risk_tolerance = 'Conservative'\n  AND ph.liquidity_score < 50\n  AND sa.sector = 'Automobile'\n  AND sa.allocation_pct > 0;""}"
wealth_management_125_question_benchmark:WM125-3T-023,Which Aggressive investors have a liquidity score below 50 and a sector allocation above 0% in Financial Services?,wealth_management_125_question_benchmark.csv,PIPELINE_SUCCESS,MATCH,MATCH,KG,,[],[],"[""measures.0 has no quoted requirement."", ""measures.1 has no quoted requirement.""]",The pipeline returns exactly the 16 Aggressive investors in the ground truth who have liquidity scores below 50 and positive Financial Services sector allocation. Order differs but no ordering was requested.,33.841,"{""Q1"": ""PREFIX wm: <https://wealth.example.org/ontology/>\nPREFIX rdfs: <http://www.w3.org/2000/01/rdf-schema#>\n\nSELECT DISTINCT ?investorId ?investorName\nWHERE {\n  ?investor a wm:Investor .\n  ?investor wm:investorId ?investorId .\n  ?investor wm:investorName ?investorName .\n\n  ?investor wm:hasRiskTolerance ?rt .\n  ?rt rdfs:label ?rtLabel .\n  FILTER(LCASE(STR(?rtLabel)) = \""aggressive\"") .\n\n  ?investor wm:hasPortfolioHealth ?ph .\n  ?ph wm:liquidityScore ?liqScore .\n  FILTER(?liqScore < 50) .\n\n  ?investor wm:hasSectorAllocation ?sa .\n  ?sa wm:sector ?sector .\n  FILTER(LCASE(STR(?sector)) = \""financial services\"") .\n  ?sa wm:allocationPct ?allocPct .\n  FILTER(?allocPct > 0) .\n}""}"
wealth_management_125_question_benchmark:WM125-3T-022,Which Aggressive investors have a liquidity score below 50 and a sector allocation above 0% in Corporate?,wealth_management_125_question_benchmark.csv,PIPELINE_SUCCESS,MATCH,MATCH,KG,,[],[],"[""measures.0 has no quoted requirement."", ""measures.1 has no quoted requirement.""]",The pipeline returns exactly the 17 investors in the ground truth. All listed liquidity scores are below 50 and Corporate allocation percentages are above 0%.,37.989,"{""Q1"": ""PREFIX wm: <https://wealth.example.org/ontology/>\nPREFIX rdfs: <http://www.w3.org/2000/01/rdf-schema#>\nPREFIX xsd: <http://www.w3.org/2001/XMLSchema#>\n\nSELECT ?investorId ?investorName ( ?liqScore AS ?liquidityScore ) ( ?allocPct AS ?allocationPct )\nWHERE {\n  ?investor a wm:Investor .\n  ?investor wm:investorId ?investorId .\n  ?investor wm:investorName ?investorName .\n  ?investor wm:riskTolerance \""Aggressive\"" .\n  ?investor wm:hasPortfolioHealth ?ph .\n  ?ph wm:liquidityScore ?liqScore .\n  FILTER ( ?liqScore < 50 ) .\n  ?investor wm:hasSectorAllocation ?sa .\n  ?sa wm:sector ?sector .\n  FILTER ( LCASE(STR(?sector)) = \""corporate\"" ) .\n  ?sa wm:allocationPct ?allocPct .\n  FILTER ( ?allocPct > 0 ) .\n}""}"
wealth_management_125_question_benchmark:WM125-3T-025,Which Conservative investors have a liquidity score below 50 and a sector allocation above 0% in Banking?,wealth_management_125_question_benchmark.csv,PIPELINE_SUCCESS,MATCH,MATCH,SQL,,[],[],"[""measures.0 has no quoted requirement."", ""measures.2 has no quoted requirement.""]","The pipeline returns exactly the 10 Conservative investors in the ground truth, with matching investor IDs and names. The additional liquidity and allocation fields are consistent with the requested conditions.",30.836,"{""Q1"": ""SELECT p.investor_id AS investor_id,\n       p.investor_name AS investor_name,\n       ph.liquidity_score AS liquidity_score,\n       sa.allocation_pct AS allocation_pct\nFROM ATOM_ENTITY_INVESTOR_PROFILE_001 p\nINNER JOIN ATOM_ENTITY_PORTFOLIO_HEALTH_001 ph ON p.investor_id = ph.investor_id\nINNER JOIN ATOM_ENTITY_SECTOR_ALLOCATION_001 sa ON p.investor_id = sa.investor_id\nWHERE p.risk_tolerance = 'Conservative'\n  AND ph.liquidity_score < 50\n  AND sa.sector = 'Banking'\n  AND sa.allocation_pct > 0;""}"
wealth_management_125_question_benchmark:WM125-3T-026,Which Conservative investors have a liquidity score below 50 and a sector allocation above 0% in Consumer Goods?,wealth_management_125_question_benchmark.csv,PIPELINE_SUCCESS,MATCH,MATCH,SQL,,[],[],"[""group_by.0 has no quoted requirement."", ""group_by.1 has no quoted requirement.""]","All 13 required Conservative investors are present with the correct IDs and names. The pipeline includes duplicate rows for INV-202 and INV-1389, but these do not add incorrect entities or alter the requested investor set.",14.98,"{""Q1"": ""SELECT p.investor_id,\n       p.investor_name\nFROM ATOM_ENTITY_INVESTOR_PROFILE_001 AS p\nJOIN ATOM_ENTITY_PORTFOLIO_HEALTH_001 AS h ON p.investor_id = h.investor_id\nJOIN ATOM_ENTITY_SECTOR_ALLOCATION_001 AS s ON p.investor_id = s.investor_id\nWHERE p.risk_tolerance = 'Conservative'\n  AND h.liquidity_score < 50\n  AND s.sector = 'Consumer Goods'\n  AND s.allocation_pct > 0;""}"
wealth_management_125_question_benchmark:WM125-4T-001,"Which Aggressive investors have a diversification score below 25, a Approaching Goal scenario record, and at least one underfunded goal?",wealth_management_125_question_benchmark.csv,PIPELINE_SUCCESS,MATCH,MATCH,KG,,[],[],"[""group_by.0 has no quoted requirement."", ""measures.0 has no quoted requirement.""]","The pipeline returns exactly the 10 investors in the ground truth, with matching investor IDs and names. Ordering was not requested.",28.867,"{""Q1"": ""PREFIX wm: <https://wealth.example.org/ontology/>\nPREFIX rdfs: <http://www.w3.org/2000/01/rdf-schema#>\n\nSELECT ?investorId ?investorName\nWHERE {\n  ?inv a wm:Investor .\n  ?inv wm:investorId ?investorId .\n  ?inv wm:investorName ?investorName .\n  ?inv wm:riskTolerance ?rt .\n  FILTER(LCASE(?rt) = \""aggressive\"") .\n  \n  ?inv wm:hasPortfolioHealth ?ph .\n  ?ph wm:diversificationScore ?divScore .\n  FILTER(?divScore < 25) .\n  \n  ?inv wm:hasScenarioRebalancing ?sr .\n  ?sr wm:scenario ?sc .\n  FILTER(LCASE(?sc) = \""approaching goal\"") .\n  \n  ?inv wm:hasInvestmentGoal ?goal .\n  ?goal wm:shortfall ?shortfall .\n  FILTER(?shortfall > 0) .\n}\nGROUP BY ?investorId ?investorName""}"
wealth_management_125_question_benchmark:WM125-3T-027,Which Conservative investors have a liquidity score below 50 and a sector allocation above 0% in Corporate?,wealth_management_125_question_benchmark.csv,PIPELINE_SUCCESS,MATCH,MATCH,SQL,,[],[],"[""measures.0 has no quoted requirement."", ""measures.1 has no quoted requirement.""]",The pipeline output exactly matches the complete set of Conservative investors meeting the liquidity-score and Corporate-sector-allocation conditions.,33.669,"{""Q1"": ""SELECT ip.investor_id,\n       ip.investor_name\nFROM   ATOM_ENTITY_INVESTOR_PROFILE_001 ip\nINNER JOIN ATOM_ENTITY_PORTFOLIO_HEALTH_001 ph ON ip.investor_id = ph.investor_id\nINNER JOIN ATOM_ENTITY_SECTOR_ALLOCATION_001 sa ON ip.investor_id = sa.investor_id\nWHERE  ip.risk_tolerance = 'Conservative'\n  AND  ph.liquidity_score < 50\n  AND  sa.sector = 'Corporate'\n  AND  sa.allocation_pct > 0\nGROUP BY ip.investor_id, ip.investor_name;""}"
wealth_management_125_question_benchmark:WM125-4T-003,"Which Aggressive investors have a diversification score below 25, a Bull Market scenario record, and at least one underfunded goal?",wealth_management_125_question_benchmark.csv,DAG_NODE_ERROR,MISMATCH,MATCH,mixed,Q2:Binding,[],[],[],"The pipeline returned a failure message and no investor rows, while the ground truth requires nine qualifying Aggressive investors.",42.79,"{""Q1"": ""PREFIX wm: <https://wealth.example.org/ontology/>\nPREFIX rdf: <http://www.w3.org/1999/02/22-rdf-syntax-ns#>\nPREFIX rdfs: <http://www.w3.org/2000/01/rdf-schema#>\nPREFIX xsd: <http://www.w3.org/2001/XMLSchema#>\n\nSELECT DISTINCT ?investorId ?investorName\nWHERE {\n  ?inv a wm:Investor .\n  ?inv wm:investorId ?investorId .\n  ?inv wm:investorName ?investorName .\n\n  ?sr a wm:ScenarioRebalancing .\n  ?sr wm:investorId ?investorId .\n  ?sr wm:scenario ?scenario .\n  FILTER(LCASE(STR(?scenario)) = \""bull market\"")\n\n  ?goal a wm:InvestmentGoal .\n  ?goal wm:investorId ?investorId .\n  ?goal wm:shortfall ?shortfall .\n  FILTER(?shortfall > 0)\n}"", ""Q2"": """"}"
wealth_management_125_question_benchmark:WM125-4T-002,"Which Aggressive investors have a diversification score below 25, a Bear Market scenario record, and at least one underfunded goal?",wealth_management_125_question_benchmark.csv,PIPELINE_SUCCESS,MATCH,MATCH,KG,,[],[],"[""measures.0 has no quoted requirement."", ""measures.1 has no quoted requirement.""]","The pipeline returns exactly the 11 investors in the ground truth, with matching investor IDs and names. Order is not specified by the question.",50.708,"{""Q1"": ""PREFIX wm: <https://wealth.example.org/ontology/>\nPREFIX rdf: <http://www.w3.org/1999/02/22-rdf-syntax-ns#>\n\nSELECT DISTINCT ?investorId ?investorName\nWHERE {\n  ?inv rdf:type wm:Investor .\n  ?inv wm:investorId ?investorId .\n  ?inv wm:riskTolerance \""Aggressive\"" .\n  ?inv wm:investorName ?investorName .\n\n  ?inv wm:hasPortfolioHealth ?ph .\n  ?ph wm:diversificationScore ?divScore .\n  FILTER(?divScore < 25)\n\n  ?inv wm:hasScenarioRebalancing ?sr .\n  ?sr wm:scenario \""Bear Market\"" .\n\n  ?inv wm:hasInvestmentGoal ?goal .\n  ?goal wm:shortfall ?shortfall .\n  FILTER(?shortfall > 0)\n}""}"
wealth_management_125_question_benchmark:WM125-4T-005,"Which Aggressive investors have a diversification score below 25, a Economic Growth scenario record, and at least one underfunded goal?",wealth_management_125_question_benchmark.csv,PIPELINE_SUCCESS,MATCH,MISMATCH,KG,,[],[],"[""measures.0 has no quoted requirement."", ""measures.1 has no quoted requirement.""]",The pipeline returns exactly the eight required investors with matching IDs and names. Order is not specified by the question.,40.473,"{""Q1"": ""PREFIX wm: <https://wealth.example.org/ontology/>\nPREFIX rdf: <http://www.w3.org/1999/02/22-rdf-syntax-ns#>\n\nSELECT DISTINCT ?investorId ?investorName\nWHERE {\n  ?investor a wm:Investor .\n  ?investor wm:riskTolerance \""Aggressive\"" .\n  ?investor wm:investorId ?investorId .\n  ?investor wm:investorName ?investorName .\n  ?investor wm:hasPortfolioHealth ?ph .\n  ?ph wm:diversificationScore ?divScore .\n  FILTER(?divScore < 25) .\n  ?investor wm:hasScenarioRebalancing ?sr .\n  ?sr wm:scenario \""Economic Growth\"" .\n  ?investor wm:hasInvestmentGoal ?goal .\n  ?goal wm:shortfall ?shortfall .\n  FILTER(?shortfall > 0) .\n}""}"
wealth_management_125_question_benchmark:WM125-4T-007,"Which Conservative investors have a diversification score below 25, a Bear Market scenario record, and at least one underfunded goal?",wealth_management_125_question_benchmark.csv,DAG_NODE_ERROR,MISMATCH,MATCH,KG,Q1:Query_Spec_Contract,"[""unresolved""]","[""Unresolved requirements: [{'text': 'Link between Investor and MarketScenario (how a Bear Market scenario is associated with a specific investor)', 'reason': 'Schema does not define a relationship between Investor and MarketScenario.'}]""]","[""group_by.0 has no quoted requirement."", ""group_by.1 has no quoted requirement.""]","The pipeline returned no answer rows because the query failed, while the ground truth contains 11 required investors.",21.846,"{""Q1"": """"}"
wealth_management_125_question_benchmark:WM125-4T-009,"Which Conservative investors have a diversification score below 25, a Currency Depreciation scenario record, and at least one underfunded goal?",wealth_management_125_question_benchmark.csv,PIPELINE_SUCCESS,MATCH,MISMATCH,KG,,[],[],"[""group_by.0 has no quoted requirement."", ""group_by.1 has no quoted requirement.""]","The pipeline returns exactly the 11 investors in the ground truth, with matching investor IDs and names. Order is not specified by the question.",26.865,"{""Q1"": ""PREFIX wm: <https://wealth.example.org/ontology/>\nPREFIX rdf: <http://www.w3.org/1999/02/22-rdf-syntax-ns#>\n\nSELECT DISTINCT ?investorId ?investorName\nWHERE {\n  ?inv a wm:Investor ;\n       wm:investorId ?investorId ;\n       wm:investorName ?investorName ;\n       wm:riskTolerance \""Conservative\"" .\n\n  ?ph a wm:PortfolioHealth ;\n       wm:investorId ?investorId ;\n       wm:diversificationScore ?divScore .\n  FILTER(?divScore < 25)\n\n  FILTER EXISTS {\n    ?sr a wm:ScenarioRebalancing ;\n        wm:investorId ?investorId ;\n        wm:scenario \""Currency Depreciation\"" .\n  }\n\n  FILTER EXISTS {\n    ?goal a wm:InvestmentGoal ;\n          wm:investorId ?investorId ;\n          wm:shortfall ?sf .\n    FILTER(?sf > 0)\n  }\n}""}"
wealth_management_125_question_benchmark:WM125-4T-004,"Which Aggressive investors have a diversification score below 25, a Currency Depreciation scenario record, and at least one underfunded goal?",wealth_management_125_question_benchmark.csv,PIPELINE_SUCCESS,MATCH,MATCH,mixed,,[],[],"[""group_by.0 has no quoted requirement."", ""group_by.1 has no quoted requirement."", ""measures.0 has no quoted requirement.""]",The pipeline returns exactly the 11 investor IDs in the ground truth; investor names are not required because the IDs uniquely identify the requested investors.,76.819,"{""Q1"": ""SELECT DISTINCT p.investor_id, p.investor_name\nFROM ATOM_ENTITY_INVESTOR_PROFILE_001 AS p\nINNER JOIN ATOM_ENTITY_PORTFOLIO_HEALTH_001 AS h ON p.investor_id = h.investor_id\nINNER JOIN ATOM_ENTITY_INVESTMENT_GOAL_001 AS g ON p.investor_id = g.investor_id\nWHERE p.risk_tolerance = 'Aggressive'\n  AND h.diversification_score < 25\n  AND g.shortfall > 0;"", ""Q2"": ""PREFIX wm: <https://wealth.example.org/ontology/>\nPREFIX rdf: <http://www.w3.org/1999/02/22-rdf-syntax-ns#>\n\nSELECT DISTINCT ?inv ?investorId\nWHERE {\n  VALUES ?investorId {\n    \""INV-014\"" \""INV-030\"" \""INV-051\"" \""INV-055\"" \""INV-057\"" \""INV-068\"" \""INV-082\"" \""INV-127\""\n    \""INV-130\"" \""INV-133\"" \""INV-142\"" \""INV-162\"" \""INV-164\"" \""INV-168\"" \""INV-182\"" \""INV-214\""\n    \""INV-264\"" \""INV-282\"" \""INV-330\"" \""INV-362\"" \""INV-377\"" \""INV-386\"" \""INV-388\"" \""INV-402\""\n    \""INV-407\"" \""INV-416\"" \""INV-434\"" \""INV-442\"" \""INV-458\"" \""INV-482\"" \""INV-485\"" \""INV-497\""\n    \""INV-502\"" \""INV-545\"" \""INV-554\"" \""INV-559\"" \""INV-562\"" \""INV-568\"" \""INV-570\"" \""INV-576\""\n    \""INV-579\"" \""INV-582\"" \""INV-611\"" \""INV-626\"" \""INV-634\"" \""INV-645\"" \""INV-650\"" \""INV-653\""\n    \""INV-672\"" \""INV-675\"" \""INV-682\"" \""INV-702\"" \""INV-705\"" \""INV-722\"" \""INV-768\"" \""INV-775\""\n    \""INV-794\"" \""INV-802\"" \""INV-804\"" \""INV-815\"" \""INV-822\"" \""INV-825\"" \""INV-864\"" \""INV-868\""\n    \""INV-892\"" \""INV-909\"" \""INV-927\"" \""INV-929\"" \""INV-942\"" \""INV-948\"" \""INV-962\"" \""INV-1016\""\n    \""INV-1019\"" \""INV-1027\"" \""INV-1030\"" \""INV-1106\"" \""INV-1107\"" \""INV-1122\"" \""INV-1164\""\n    \""INV-1189\"" \""INV-1197\"" \""INV-1202\"" \""INV-1213\"" \""INV-1245\"" \""INV-1247\"" \""INV-1248\""\n    \""INV-1250\"" \""INV-1268\"" \""INV-1300\"" \""INV-1302\"" \""INV-1306\"" \""INV-1342\"" \""INV-1351\""\n    \""INV-1382\"" \""INV-1384\"" \""INV-1397\"" \""INV-1407\"" \""INV-1408\"" \""INV-1422\"" \""INV-1430\""\n    \""INV-1433\"" \""INV-1440\"" \""INV-1447\"" \""INV-1448\"" \""INV-1458\"" \""INV-1464\"" \""INV-1465\""\n    \""INV-1485\"" \""INV-1494\"" \""INV-1497\"" \""INV-1502\"" \""INV-1511\"" \""INV-1513\"" \""INV-1532\""\n  }\n\n  ?inv rdf:type wm:Investor ;\n       wm:investorId ?investorId .\n\n  ?reb rdf:type wm:ScenarioRebalancing ;\n       wm:investorId ?investorId ;\n       wm:scenario \""Currency Depreciation\"" .\n}""}"
wealth_management_125_question_benchmark:WM125-4T-008,"Which Conservative investors have a diversification score below 25, a Bull Market scenario record, and at least one underfunded goal?",wealth_management_125_question_benchmark.csv,PIPELINE_SUCCESS,MATCH,MATCH,KG,,[],[],[],"The pipeline returns exactly the nine investors in the ground truth, with matching investor IDs and names. The differing row order is not material because the question does not request an ordering.",40.451,"{""Q1"": ""PREFIX wm: <https://wealth.example.org/ontology/>\nPREFIX rdfs: <http://www.w3.org/2000/01/rdf-schema#>\n\nSELECT DISTINCT ?investorId ?investorName ?label\nWHERE {\n  ?investor a wm:Investor .\n  ?investor wm:investorId ?investorId .\n  ?investor wm:investorName ?investorName .\n  ?investor rdfs:label ?label .\n\n  ?investor wm:riskTolerance ?riskTol .\n  FILTER(LCASE(STR(?riskTol)) = \""conservative\"") .\n\n  ?investor wm:hasPortfolioHealth ?ph .\n  ?ph wm:diversificationScore ?divScore .\n  FILTER(?divScore < 25) .\n\n  ?investor wm:hasScenarioRebalancing ?sr .\n  ?sr wm:scenario ?scenario .\n  FILTER(LCASE(STR(?scenario)) = \""bull market\"") .\n\n  ?investor wm:hasInvestmentGoal ?goal .\n  ?goal wm:shortfall ?shortfall .\n  FILTER(?shortfall > 0) .\n}""}"
wealth_management_125_question_benchmark:WM125-4T-006,"Which Conservative investors have a diversification score below 25, a Approaching Goal scenario record, and at least one underfunded goal?",wealth_management_125_question_benchmark.csv,PIPELINE_SUCCESS,MATCH,MATCH,mixed,,[],[],"[""measures.0 has no quoted requirement."", ""measures.1 has no quoted requirement."", ""measures.2 has no quoted requirement."", ""Requirement introduces unsupported terms: ['ids', 'provided', 'restrict', 'upstream']"", ""group_by.0 has no quoted requirement.""]","The pipeline returns exactly the nine investor IDs required by the question, with no missing or extra investors. Investor names are not required because the IDs uniquely identify the requested investors.",80.657,"{""Q1"": ""SELECT DISTINCT p.investor_id,\n       p.investor_name,\n       ph.diversification_score\nFROM ATOM_ENTITY_INVESTOR_PROFILE_001 AS p\nINNER JOIN ATOM_ENTITY_PORTFOLIO_HEALTH_001 AS ph\n        ON p.investor_id = ph.investor_id\nINNER JOIN ATOM_ENTITY_INVESTMENT_GOAL_001 AS g\n        ON p.investor_id = g.investor_id\nWHERE p.risk_tolerance = 'Conservative'\n  AND ph.diversification_score < 25\n  AND g.shortfall > 0;"", ""Q2"": ""PREFIX wm: <https://wealth.example.org/ontology/>\nPREFIX rdf: <http://www.w3.org/1999/02/22-rdf-syntax-ns#>\nPREFIX rdfs: <http://www.w3.org/2000/01/rdf-schema#>\nPREFIX xsd: <http://www.w3.org/2001/XMLSchema#>\n\nSELECT DISTINCT ?inv ?investorId\nWHERE {\n  ?inv a wm:Investor ;\n       wm:investorId ?investorId ;\n       wm:hasScenarioRebalancing ?sr .\n  VALUES ?investorId {\n    \""INV-002\"" \""INV-028\"" \""INV-047\"" \""INV-059\"" \""INV-066\"" \""INV-092\"" \""INV-102\"" \""INV-126\""\n    \""INV-146\"" \""INV-150\"" \""INV-160\"" \""INV-202\"" \""INV-210\"" \""INV-212\"" \""INV-226\"" \""INV-233\""\n    \""INV-237\"" \""INV-259\"" \""INV-262\"" \""INV-268\"" \""INV-273\"" \""INV-291\"" \""INV-295\"" \""INV-300\""\n    \""INV-302\"" \""INV-309\"" \""INV-319\"" \""INV-322\"" \""INV-346\"" \""INV-354\"" \""INV-359\"" \""INV-366\""\n    \""INV-372\"" \""INV-382\"" \""INV-409\"" \""INV-427\"" \""INV-436\"" \""INV-444\"" \""INV-456\"" \""INV-462\""\n    \""INV-465\"" \""INV-473\"" \""INV-486\"" \""INV-542\"" \""INV-548\"" \""INV-550\"" \""INV-572\"" \""INV-584\""\n    \""INV-600\"" \""INV-602\"" \""INV-622\"" \""INV-630\"" \""INV-637\"" \""INV-638\"" \""INV-642\"" \""INV-658\""\n    \""INV-667\"" \""INV-670\"" \""INV-695\"" \""INV-706\"" \""INV-707\"" \""INV-724\"" \""INV-727\"" \""INV-811\""\n    \""INV-826\"" \""INV-828\"" \""INV-832\"" \""INV-837\"" \""INV-879\"" \""INV-882\"" \""INV-885\"" \""INV-902\""\n    \""INV-914\"" \""INV-947\"" \""INV-985\"" \""INV-990\"" \""INV-992\"" \""INV-1012\"" \""INV-1025\"" \""INV-1035\""\n    \""INV-1042\"" \""INV-1080\"" \""INV-1082\"" \""INV-1120\"" \""INV-1125\"" \""INV-1127\"" \""INV-1132\""\n    \""INV-1142\"" \""INV-1145\"" \""INV-1148\"" \""INV-1154\"" \""INV-1167\"" \""INV-1169\"" \""INV-1176\""\n    \""INV-1178\"" \""INV-1230\"" \""INV-1289\"" \""INV-1292\"" \""INV-1330\"" \""INV-1354\"" \""INV-1355\""\n    \""INV-1357\"" \""INV-1362\"" \""INV-1370\"" \""INV-1371\"" \""INV-1372\"" \""INV-1376\"" \""INV-1388\""\n    \""INV-1406\"" \""INV-1431\"" \""INV-1434\"" \""INV-1437\"" \""INV-1462\"" \""INV-1479\"" \""INV-1482\""\n    \""INV-1505\"" \""INV-1522\"" \""INV-1535\"" \""INV-1549\""\n  }\n  ?sr wm:scenario \""Approaching Goal\"" .\n}""}"
wealth_management_125_question_benchmark:WM125-4T-011,"Which Moderate investors have a diversification score below 25, a Approaching Goal scenario record, and at least one underfunded goal?",wealth_management_125_question_benchmark.csv,PIPELINE_SUCCESS,MATCH,MATCH,SQL,,[],[],"[""group_by.0 has no quoted requirement."", ""group_by.1 has no quoted requirement.""]","The pipeline returns exactly the 13 investors in the ground truth, with matching investor IDs and names. The additional diversification_score column is harmless and each shown score is below 25.",24.991,"{""Q1"": ""WITH ph AS (\n        SELECT investor_id, diversification_score\n        FROM ATOM_ENTITY_PORTFOLIO_HEALTH_001\n        WHERE diversification_score < 25\n    ),\n    sc AS (\n        SELECT investor_id\n        FROM ATOM_EVENT_SCENARIO_REBALANCING_001\n        WHERE scenario = 'Approaching Goal'\n    ),\n    go AS (\n        SELECT investor_id\n        FROM ATOM_ENTITY_INVESTMENT_GOAL_001\n        WHERE shortfall > 0\n    )\nSELECT ip.investor_id,\n       ip.investor_name,\n       MAX(ph.diversification_score) AS diversification_score\nFROM ATOM_ENTITY_INVESTOR_PROFILE_001 AS ip\nINNER JOIN ph ON ip.investor_id = ph.investor_id\nINNER JOIN sc ON ip.investor_id = sc.investor_id\nINNER JOIN go ON ip.investor_id = go.investor_id\nWHERE ip.risk_tolerance = 'Moderate'\nGROUP BY ip.investor_id, ip.investor_name;""}"
wealth_management_125_question_benchmark:WM125-4T-012,"Which Moderate investors have a diversification score below 25, a Bear Market scenario record, and at least one underfunded goal?",wealth_management_125_question_benchmark.csv,PIPELINE_SUCCESS,MATCH,MATCH,SQL,,[],[],"[""group_by.0 has no quoted requirement."", ""group_by.1 has no quoted requirement.""]","The pipeline returns exactly the eight investors in the ground truth, with matching investor IDs and names. Ordering differs but no ordering was requested.",18.034,"{""Q1"": ""SELECT DISTINCT ip.investor_id, ip.investor_name\nFROM ATOM_ENTITY_INVESTOR_PROFILE_001 AS ip\nINNER JOIN ATOM_ENTITY_PORTFOLIO_HEALTH_001 AS ph ON ip.investor_id = ph.investor_id\nINNER JOIN ATOM_EVENT_SCENARIO_REBALANCING_001 AS sr ON ip.investor_id = sr.investor_id\nINNER JOIN ATOM_ENTITY_INVESTMENT_GOAL_001 AS ig ON ip.investor_id = ig.investor_id\nWHERE ip.risk_tolerance = 'Moderate'\n  AND ph.diversification_score < 25\n  AND sr.scenario = 'Bear Market'\n  AND ig.shortfall > 0;""}"
wealth_management_125_question_benchmark:WM125-4T-010,"Which Conservative investors have a diversification score below 25, a Economic Growth scenario record, and at least one underfunded goal?",wealth_management_125_question_benchmark.csv,PIPELINE_SUCCESS,MATCH,MATCH,KG,,[],[],"[""measures.0 has no quoted requirement."", ""measures.1 has no quoted requirement.""]","The pipeline returns exactly the 11 investors in the ground truth, with matching investor IDs and names. Order was not requested.",47.105,"{""Q1"": ""PREFIX wm: <https://wealth.example.org/ontology/>\nPREFIX rdf: <http://www.w3.org/1999/02/22-rdf-syntax-ns#>\nPREFIX rdfs: <http://www.w3.org/2000/01/rdf-schema#>\nPREFIX xsd: <http://www.w3.org/2001/XMLSchema#>\n\nSELECT ?investorId ?investorName\nWHERE {\n  ?investor a wm:Investor ;\n            wm:investorId ?investorId ;\n            wm:investorName ?investorName ;\n            wm:riskTolerance ?riskTol .\n  FILTER(LCASE(?riskTol) = \""conservative\"")\n\n  ?ph a wm:PortfolioHealth ;\n      wm:investorId ?investorId ;\n      wm:diversificationScore ?divScore .\n  FILTER(xsd:decimal(?divScore) < 25)\n\n  ?sr a wm:ScenarioRebalancing ;\n      wm:investorId ?investorId ;\n      wm:scenario ?scenario .\n  FILTER(LCASE(?scenario) = \""economic growth\"")\n\n  ?goal a wm:InvestmentGoal ;\n        wm:investorId ?investorId ;\n        wm:shortfall ?shortfall .\n  FILTER(xsd:decimal(?shortfall) > 0)\n}\nGROUP BY ?investorId ?investorName""}"
wealth_management_125_question_benchmark:WM125-4T-014,"Which Moderate investors have a diversification score below 25, a Currency Depreciation scenario record, and at least one underfunded goal?",wealth_management_125_question_benchmark.csv,PIPELINE_SUCCESS,MATCH,MISMATCH,KG,,[],[],"[""group_by.0 has no quoted requirement."", ""measures.0 has no quoted requirement.""]",All 10 required investors are present with correct IDs and names. The repeated rows are harmless duplicates and do not introduce any incorrect entities.,28.498,"{""Q1"": ""PREFIX wm: <https://wealth.example.org/ontology/>\nPREFIX rdf: <http://www.w3.org/1999/02/22-rdf-syntax-ns#>\nPREFIX rdfs: <http://www.w3.org/2000/01/rdf-schema#>\nPREFIX xsd: <http://www.w3.org/2001/XMLSchema#>\n\nSELECT ?investorId ?investorName\nWHERE {\n  ?inv a wm:Investor .\n  ?inv wm:investorId ?investorId .\n  ?inv wm:investorName ?investorName .\n  ?inv wm:riskTolerance \""Moderate\"" .\n  ?inv wm:hasPortfolioHealth ?ph .\n  ?ph wm:diversificationScore ?divScore .\n  FILTER(?divScore < 25) .\n  ?inv wm:hasScenarioRebalancing ?sr .\n  ?sr wm:scenario \""Currency Depreciation\"" .\n  ?inv wm:hasInvestmentGoal ?ig .\n  ?ig wm:shortfall ?shortfall .\n  FILTER(?shortfall > 0) .\n}""}"
wealth_management_125_question_benchmark:WM125-4T-013,"Which Moderate investors have a diversification score below 25, a Bull Market scenario record, and at least one underfunded goal?",wealth_management_125_question_benchmark.csv,PIPELINE_SUCCESS,PARTIAL,MATCH,KG,,[],[],"[""measures.0 has no quoted requirement."", ""measures.1 has no quoted requirement.""]","The pipeline includes all 9 required investors, but also returns many additional investors not present in the ground-truth result set.",42.388,"{""Q1"": ""PREFIX wm: <https://wealth.example.org/ontology/>\nPREFIX rdfs: <http://www.w3.org/2000/01/rdf-schema#>\nPREFIX rdf: <http://www.w3.org/1999/02/22-rdf-syntax-ns#>\n\nSELECT DISTINCT ?investorId ?investorName\nWHERE {\n  ?inv rdf:type wm:Investor ;\n       wm:riskTolerance \""Moderate\"" ;\n       wm:investorId ?investorId ;\n       wm:investorName ?investorName .\n\n  ?ph rdf:type wm:PortfolioHealth ;\n      wm:healthOfInvestor ?inv ;\n      wm:diversificationScore ?divScore .\n  FILTER(?divScore < 25)\n\n  ?goal rdf:type wm:InvestmentGoal ;\n        wm:belongsToInvestor ?inv ;\n        wm:shortfall ?sf .\n  FILTER(?sf > 0)\n\n  FILTER EXISTS {\n    ?scenario rdf:type wm:MarketScenario ;\n              rdfs:label \""Bull Market\"" .\n  }\n}""}"
wealth_management_125_question_benchmark:WM125-4T-015,"Which Moderate investors have a diversification score below 25, a Economic Growth scenario record, and at least one underfunded goal?",wealth_management_125_question_benchmark.csv,PIPELINE_SUCCESS,MATCH,MATCH,KG,,[],[],[],"The pipeline returns exactly the four investors in the ground truth, with matching IDs and names. Order is not specified by the question.",42.34,"{""Q1"": ""PREFIX wm: <https://wealth.example.org/ontology/>\nPREFIX rdfs: <http://www.w3.org/2000/01/rdf-schema#>\nPREFIX xsd: <http://www.w3.org/2001/XMLSchema#>\n\nSELECT DISTINCT ?investorId ?investorName\nWHERE {\n  ?investor a wm:Investor .\n  ?investor wm:investorId ?investorId .\n  ?investor wm:investorName ?investorName .\n  ?investor wm:riskTolerance ?riskTol .\n  FILTER(LCASE(STR(?riskTol)) = \""moderate\"") .\n  \n  ?investor wm:hasPortfolioHealth ?ph .\n  ?ph wm:diversificationScore ?divScore .\n  FILTER(xsd:decimal(?divScore) < 25) .\n  \n  ?investor wm:hasScenarioRebalancing ?sr .\n  ?sr wm:scenario ?scenario .\n  FILTER(LCASE(STR(?scenario)) = \""economic growth\"") .\n  \n  ?investor wm:hasInvestmentGoal ?goal .\n  ?goal wm:shortfall ?shortfall .\n  FILTER(xsd:decimal(?shortfall) > 0) .\n}""}"
wealth_management_125_question_benchmark:WM125-4T-016,"Which Long-term investors have a risk score above 50, hold a Corporate Bond, and have at least one rebalancing action?",wealth_management_125_question_benchmark.csv,DAG_NODE_ERROR,MISMATCH,MATCH,SQL,Q1:Query_Spec_Contract,"[""aggregate_alias_contract""]","[""measures.2.aggregate_filters.0: predicate must reference the owning measure alias.""]","[""measures.0 has no quoted requirement."", ""measures.1 has no quoted requirement.""]",The pipeline returned a failure message rather than the required list of qualifying Long-term investors.,23.855,"{""Q1"": """"}"
wealth_management_125_question_benchmark:WM125-4T-017,"Which Long-term investors have a risk score above 50, hold a position with investment type 'ETF', and have at least one rebalancing action?",wealth_management_125_question_benchmark.csv,DAG_NODE_ERROR,MISMATCH,MATCH,SQL,Q1:Query_Spec_Contract,"[""unknown_source"", ""aggregate_stage_contract""]","[""Unknown source: investor"", ""Unknown base_entity: investor"", ""measures.0.aggregate_filters.0: explicit entity or final_group stage is required."", ""measures.1.aggregate_filters.0: explicit entity or final_group stage is required.""]","[""group_by.0 has no quoted requirement."", ""group_by.1 has no quoted requirement.""]","The pipeline produced no investor rows because the query stage failed, while the ground truth contains many qualifying Long-term investors.",26.566,"{""Q1"": """"}"
wealth_management_125_question_benchmark:WM125-4T-018,"Which Long-term investors have a risk score above 50, hold a position with investment type 'Equity', and have at least one rebalancing action?",wealth_management_125_question_benchmark.csv,DAG_NODE_ERROR,MISMATCH,MATCH,SQL,Q1:Query_Spec_Contract,"[""aggregate_alias_contract""]","[""measures.0.aggregate_filters.0: predicate must reference the owning measure alias.""]",[],The pipeline returned a query failure rather than the required investor list; the ground truth contains 88 matching investors.,15.768,"{""Q1"": """"}"
wealth_management_125_question_benchmark:WM125-4T-019,"Which Long-term investors have a risk score above 50, hold a Global Equity, and have at least one rebalancing action?",wealth_management_125_question_benchmark.csv,DAG_NODE_ERROR,MISMATCH,MATCH,SQL,Q1:Query_Spec_Contract,"[""aggregate_alias_contract""]","[""measures.0.aggregate_filters.0: predicate must reference the owning measure alias.""]","[""group_by.0 has no quoted requirement."", ""group_by.1 has no quoted requirement.""]",The pipeline returned a query failure message rather than the required list of qualifying Long-term investors.,14.483,"{""Q1"": """"}"
wealth_management_125_question_benchmark:WM125-5T-003,"Which Aggressive investors have a risk score above 50, hold a Gold position, have a 'Buy' rebalancing action, and an underfunded goal?",wealth_management_125_question_benchmark.csv,PIPELINE_SUCCESS,MATCH,MATCH,SQL,,[],[],"[""measures.0 has no quoted requirement."", ""measures.1 has no quoted requirement.""]","The pipeline returns exactly the 17 investors in the ground truth, with matching investor IDs and names. The row order differs but no ordering was requested.",22.59,"{""Q1"": ""SELECT DISTINCT p.investor_id, p.investor_name\nFROM ATOM_ENTITY_INVESTOR_PROFILE_001 AS p\nINNER JOIN ATOM_ENTITY_PORTFOLIO_HEALTH_001 AS ph ON p.investor_id = ph.investor_id\nINNER JOIN ATOM_ENTITY_PORTFOLIO_HOLDING_001 AS h ON p.investor_id = h.investor_id\nINNER JOIN ATOM_EVENT_REBALANCING_ACTION_001 AS r ON p.investor_id = r.investor_id\nINNER JOIN ATOM_ENTITY_INVESTMENT_GOAL_001 AS g ON p.investor_id = g.investor_id\nWHERE p.risk_tolerance = 'Aggressive'\n  AND ph.risk_score > 50\n  AND h.investment_type = 'Gold'\n  AND r.action = 'Buy'\n  AND g.shortfall > 0;""}"
wealth_management_125_question_benchmark:WM125-4T-020,"Which Medium-term investors have a risk score above 50, hold a Corporate Bond, and have at least one rebalancing action?",wealth_management_125_question_benchmark.csv,DAG_NODE_ERROR,MISMATCH,MATCH,SQL,Q1:Query_Spec_Contract,"[""aggregate_alias_contract""]","[""measures.0.aggregate_filters.0: predicate must reference the owning measure alias.""]","[""group_by.0 has no quoted requirement."", ""group_by.1 has no quoted requirement.""]",The pipeline returned a failure message rather than the required list of qualifying Medium-term investors.,38.116,"{""Q1"": """"}"
wealth_management_125_question_benchmark:WM125-5T-002,"Which Aggressive investors have a risk score above 50, hold a Gold position, have a 'Asset Reallocation' rebalancing action, and an underfunded goal?",wealth_management_125_question_benchmark.csv,PIPELINE_SUCCESS,MATCH,MATCH,SQL,,[],[],"[""group_by.0 has no quoted requirement."", ""group_by.1 has no quoted requirement.""]","The pipeline returns exactly the 19 investors in the ground truth, with matching investor IDs and names. Order differs but no ordering was requested.",33.2,"{""Q1"": ""SELECT DISTINCT ip.investor_id,\n                ip.investor_name\nFROM ATOM_ENTITY_INVESTOR_PROFILE_001 AS ip\nINNER JOIN ATOM_ENTITY_PORTFOLIO_HEALTH_001 AS ph ON ip.investor_id = ph.investor_id\nINNER JOIN ATOM_ENTITY_PORTFOLIO_HOLDING_001 AS phld ON ip.investor_id = phld.investor_id\nINNER JOIN ATOM_EVENT_REBALANCING_ACTION_001 AS ra ON ip.investor_id = ra.investor_id\nINNER JOIN ATOM_ENTITY_INVESTMENT_GOAL_001 AS ig ON ip.investor_id = ig.investor_id\nWHERE ip.risk_tolerance = 'Aggressive'\n  AND ph.risk_score > 50\n  AND phld.investment_type = 'Gold'\n  AND ra.action = 'Asset Reallocation'\n  AND ig.shortfall > 0;""}"
wealth_management_125_question_benchmark:WM125-5T-006,"Which Aggressive investors have a risk score above 50, hold a Gold position, have a 'Defensive Shift' rebalancing action, and an underfunded goal?",wealth_management_125_question_benchmark.csv,PIPELINE_SUCCESS,MATCH,MISMATCH,SQL,,[],[],[],"The pipeline returns exactly the 15 investors in the ground truth, with matching investor IDs and names. Order differs but no ordering was requested.",16.313,"{""Q1"": ""SELECT ip.investor_id, ip.investor_name\nFROM ATOM_ENTITY_INVESTOR_PROFILE_001 AS ip\nWHERE ip.risk_tolerance = 'Aggressive'\n  AND EXISTS (\n        SELECT 1 FROM ATOM_ENTITY_PORTFOLIO_HEALTH_001 ph\n        WHERE ph.investor_id = ip.investor_id AND ph.risk_score > 50\n      )\n  AND EXISTS (\n        SELECT 1 FROM ATOM_ENTITY_PORTFOLIO_HOLDING_001 h\n        WHERE h.investor_id = ip.investor_id AND h.investment_type = 'Gold'\n      )\n  AND EXISTS (\n        SELECT 1 FROM ATOM_EVENT_REBALANCING_ACTION_001 ra\n        WHERE ra.investor_id = ip.investor_id AND ra.action = 'Defensive Shift'\n      )\n  AND EXISTS (\n        SELECT 1 FROM ATOM_ENTITY_INVESTMENT_GOAL_001 g\n        WHERE g.investor_id = ip.investor_id AND g.shortfall > 0\n      );""}"
wealth_management_125_question_benchmark:WM125-5T-004,"Which Aggressive investors have a risk score above 50, hold a Gold position, have a 'Cash Deployment' rebalancing action, and an underfunded goal?",wealth_management_125_question_benchmark.csv,PIPELINE_SUCCESS,MATCH,MATCH,SQL,,[],[],[],"The pipeline returns exactly the 22 investors in the ground truth, with matching investor IDs and names. The differing row order is not material because the question does not request an ordering.",29.528,"{""Q1"": ""SELECT DISTINCT i.investor_id,\n                i.investor_name\nFROM ATOM_ENTITY_INVESTOR_PROFILE_001 i\nINNER JOIN ATOM_ENTITY_PORTFOLIO_HEALTH_001 ph ON i.investor_id = ph.investor_id\nINNER JOIN ATOM_ENTITY_PORTFOLIO_HOLDING_001 phld ON i.investor_id = phld.investor_id\nINNER JOIN ATOM_EVENT_REBALANCING_ACTION_001 ra ON i.investor_id = ra.investor_id\nINNER JOIN ATOM_ENTITY_INVESTMENT_GOAL_001 g ON i.investor_id = g.investor_id\nWHERE i.risk_tolerance = 'Aggressive'\n  AND ph.risk_score > 50\n  AND phld.investment_type = 'Gold'\n  AND ra.action = 'Cash Deployment'\n  AND g.shortfall > 0;""}"
wealth_management_125_question_benchmark:WM125-5T-005,"Which Aggressive investors have a risk score above 50, hold a Gold position, have a 'De-risking' rebalancing action, and an underfunded goal?",wealth_management_125_question_benchmark.csv,DAG_NODE_ERROR,MISMATCH,MISMATCH,SQL,Q1:Query_Spec_Contract,"[""unknown_source""]","[""Unknown source: investor"", ""Unknown base_entity: investor"", ""Duplicate output alias: investor_id""]","[""group_by.0 has no quoted requirement."", ""measures.0 has no quoted requirement."", ""measures.1 has no quoted requirement.""]","The pipeline returned no answer rows because the query stage failed, while the ground truth contains 18 qualifying investors.",28.179,"{""Q1"": """"}"
wealth_management_125_question_benchmark:WM125-5T-007,"Which Conservative investors have a risk score above 50, hold a Gold position, have a 'Aggressive Entry' rebalancing action, and an underfunded goal?",wealth_management_125_question_benchmark.csv,PIPELINE_SUCCESS,MATCH,MATCH,SQL,,[],[],[],"The pipeline returns exactly the nine investors in the ground truth, with matching investor IDs and names. Order is not specified by the question.",20.316,"{""Q1"": ""SELECT DISTINCT p.investor_id,\n       p.investor_name\nFROM ATOM_ENTITY_INVESTOR_PROFILE_001 AS p\nINNER JOIN ATOM_ENTITY_PORTFOLIO_HEALTH_001 AS ph ON p.investor_id = ph.investor_id\nINNER JOIN ATOM_ENTITY_PORTFOLIO_HOLDING_001 AS h ON p.investor_id = h.investor_id\nINNER JOIN ATOM_EVENT_REBALANCING_ACTION_001 AS r ON p.investor_id = r.investor_id\nINNER JOIN ATOM_ENTITY_INVESTMENT_GOAL_001 AS g ON p.investor_id = g.investor_id\nWHERE p.risk_tolerance = 'Conservative'\n  AND ph.risk_score > 50\n  AND h.investment_type = 'Gold'\n  AND r.action = 'Aggressive Entry'\n  AND g.shortfall > 0;""}"
wealth_management_125_question_benchmark:WM125-5T-008,"Which Conservative investors have a risk score above 50, hold a Gold position, have a 'Asset Reallocation' rebalancing action, and an underfunded goal?",wealth_management_125_question_benchmark.csv,PIPELINE_SUCCESS,MATCH,MATCH,SQL,,[],[],"[""measures.0 has no quoted requirement."", ""measures.1 has no quoted requirement.""]","The pipeline returns exactly the 18 investors in the ground truth, with matching investor IDs and names. The differing row order is not material because the question does not request ordering.",17.709,"{""Q1"": ""SELECT DISTINCT p.investor_id,\n                p.investor_name\nFROM ATOM_ENTITY_INVESTOR_PROFILE_001 AS p\nINNER JOIN ATOM_ENTITY_PORTFOLIO_HEALTH_001 AS ph\n        ON p.investor_id = ph.investor_id\nINNER JOIN ATOM_ENTITY_PORTFOLIO_HOLDING_001 AS h\n        ON p.investor_id = h.investor_id\nINNER JOIN ATOM_EVENT_REBALANCING_ACTION_001 AS ra\n        ON p.investor_id = ra.investor_id\nINNER JOIN ATOM_ENTITY_INVESTMENT_GOAL_001 AS g\n        ON p.investor_id = g.investor_id\nWHERE p.risk_tolerance = 'Conservative'\n  AND ph.risk_score > 50\n  AND h.investment_type = 'Gold'\n  AND ra.action = 'Asset Reallocation'\n  AND g.shortfall > 0;""}"
wealth_management_125_question_benchmark:WM125-5T-001,"Which Aggressive investors have a risk score above 50, hold a Gold position, have a 'Aggressive Entry' rebalancing action, and an underfunded goal?",wealth_management_125_question_benchmark.csv,PIPELINE_SUCCESS,MISMATCH,MATCH,KG,,[],[],"[""Requirement introduces unsupported terms: ['identifier']"", ""Requirement introduces unsupported terms: ['name']""]","The pipeline returned no rows, but the ground truth contains 17 investors satisfying all requested conditions.",90.741,"{""Q1"": ""PREFIX wm: <https://wealth.example.org/ontology/>\nPREFIX rdfs: <http://www.w3.org/2000/01/rdf-schema#>\nPREFIX xsd: <http://www.w3.org/2001/XMLSchema#>\n\nSELECT ?investorId ?investorName\nWHERE {\n  ?inv a wm:Investor ;\n       wm:investorId ?investorId ;\n       wm:riskTolerance \""Aggressive\"" ;\n       wm:investorName ?investorName .\n\n  ?ph a wm:PortfolioHealth ;\n       wm:investorId ?investorId ;\n       wm:riskScore ?riskScore .\n  FILTER(xsd:decimal(?riskScore) > 50)\n\n  ?hold a wm:PortfolioHolding ;\n        wm:investorId ?investorId ;\n        wm:category \""Gold\"" .\n\n  ?ra a wm:RebalancingAction ;\n      wm:investorId ?investorId ;\n      wm:action \""Aggressive Entry\"" .\n\n  ?goal a wm:InvestmentGoal ;\n        wm:investorId ?investorId ;\n        wm:shortfall ?shortfall .\n  FILTER(xsd:decimal(?shortfall) > 0)\n}\nGROUP BY ?investorId ?investorName""}"
wealth_management_125_question_benchmark:WM125-5T-009,"Which Conservative investors have a risk score above 50, hold a Gold position, have a 'Buy' rebalancing action, and an underfunded goal?",wealth_management_125_question_benchmark.csv,PIPELINE_SUCCESS,MATCH,MATCH,KG,,[],[],"[""group_by.0 has no quoted requirement."", ""measures.0 has no quoted requirement.""]","The pipeline returns exactly the 16 required Conservative investors satisfying all specified conditions, with matching IDs and names. Ordering was not requested.",48.643,"{""Q1"": ""PREFIX wm: <https://wealth.example.org/ontology/>\nPREFIX rdf: <http://www.w3.org/1999/02/22-rdf-syntax-ns#>\n\nSELECT ?investorId ?investorName\nWHERE {\n  ?inv a wm:Investor ;\n       wm:investorId ?investorId ;\n       wm:investorName ?investorName ;\n       wm:riskTolerance \""Conservative\"" .\n\n  FILTER EXISTS {\n    ?ph a wm:PortfolioHealth ;\n        wm:healthOfInvestor ?inv ;\n        wm:riskScore ?riskScore .\n    FILTER(?riskScore > 50)\n  }\n\n  FILTER EXISTS {\n    ?phold a wm:PortfolioHolding ;\n           wm:heldByInvestor ?inv ;\n           wm:investmentType \""Gold\"" .\n  }\n\n  FILTER EXISTS {\n    ?ra a wm:RebalancingAction ;\n        wm:rebalancingActionOfInvestor ?inv ;\n        wm:action \""Buy\"" .\n  }\n\n  FILTER EXISTS {\n    ?ig a wm:InvestmentGoal ;\n        wm:belongsToInvestor ?inv ;\n        wm:shortfall ?shortfall .\n    FILTER(?shortfall > 0)\n  }\n}\nGROUP BY ?investorId ?investorName""}"
wealth_management_125_question_benchmark:WM125-5T-010,"Which Conservative investors have a risk score above 50, hold a Gold position, have a 'Cash Deployment' rebalancing action, and an underfunded goal?",wealth_management_125_question_benchmark.csv,PIPELINE_SUCCESS,MATCH,MATCH,SQL,,[],[],"[""group_by.0 has no quoted requirement."", ""group_by.1 has no quoted requirement.""]","The pipeline returns exactly the 20 investors in the ground truth, with matching investor IDs and names. Ordering differs but no ordering was requested.",35.917,"{""Q1"": ""SELECT p.investor_id,\n       p.investor_name\nFROM ATOM_ENTITY_INVESTOR_PROFILE_001 AS p\nWHERE p.risk_tolerance = 'Conservative'\n  AND EXISTS (SELECT 1 FROM ATOM_ENTITY_PORTFOLIO_HEALTH_001 AS h\n              WHERE h.investor_id = p.investor_id AND h.risk_score > 50)\n  AND EXISTS (SELECT 1 FROM ATOM_ENTITY_PORTFOLIO_HOLDING_001 AS ph\n              WHERE ph.investor_id = p.investor_id AND ph.investment_type = 'Gold')\n  AND EXISTS (SELECT 1 FROM ATOM_EVENT_REBALANCING_ACTION_001 AS ra\n              WHERE ra.investor_id = p.investor_id AND ra.action = 'Cash Deployment')\n  AND EXISTS (SELECT 1 FROM ATOM_ENTITY_INVESTMENT_GOAL_001 AS g\n              WHERE g.investor_id = p.investor_id AND g.shortfall > 0);""}"
wealth_management_125_question_benchmark:WM125-5T-011,"Which Conservative investors have a risk score above 50, hold a Gold position, have a 'De-risking' rebalancing action, and an underfunded goal?",wealth_management_125_question_benchmark.csv,PIPELINE_SUCCESS,MATCH,MISMATCH,KG,,[],[],[],"The pipeline returns exactly the 15 investors in the ground truth, with matching investor IDs and names. Output order is not constrained by the question.",43.228,"{""Q1"": ""PREFIX wm: <https://wealth.example.org/ontology/>\nPREFIX rdf: <http://www.w3.org/1999/02/22-rdf-syntax-ns#>\nPREFIX rdfs: <http://www.w3.org/2000/01/rdf-schema#>\n\nSELECT DISTINCT ?inv ?investorId ?investorName\nWHERE {\n  ?inv a wm:Investor ;\n       wm:investorId ?investorId ;\n       wm:investorName ?investorName ;\n       wm:riskTolerance ?riskTol .\n  FILTER(LCASE(?riskTol) = \""conservative\"") .\n\n  ?ph a wm:PortfolioHealth ;\n       wm:investorId ?investorId ;\n       wm:riskScore ?riskScore .\n  FILTER(?riskScore > 50) .\n\n  ?phold a wm:PortfolioHolding ;\n         wm:investorId ?investorId ;\n         wm:investmentType ?invType .\n  FILTER(LCASE(?invType) = \""gold\"") .\n\n  ?ra a wm:RebalancingAction ;\n      wm:investorId ?investorId ;\n      wm:action ?raAction .\n  FILTER(LCASE(?raAction) = \""de-risking\"") .\n\n  ?ig a wm:InvestmentGoal ;\n      wm:investorId ?investorId ;\n      wm:shortfall ?shortfall .\n  FILTER(?shortfall > 0) .\n}""}"
wealth_management_125_question_benchmark:WM125-5T-014,"Which Moderate investors have a risk score above 50, hold a Gold position, have a 'Asset Reallocation' rebalancing action, and an underfunded goal?",wealth_management_125_question_benchmark.csv,PIPELINE_SUCCESS,MATCH,MATCH,SQL,,[],[],[],The pipeline returns exactly the 17 required Moderate investors satisfying all specified conditions. The same investor IDs and names are present; ordering differs but no order was requested.,12.743,"{""Q1"": ""SELECT DISTINCT p.investor_id, p.investor_name\nFROM ATOM_ENTITY_INVESTOR_PROFILE_001 AS p\nINNER JOIN ATOM_ENTITY_PORTFOLIO_HEALTH_001 AS h\n    ON p.investor_id = h.investor_id\nINNER JOIN ATOM_ENTITY_PORTFOLIO_HOLDING_001 AS ph\n    ON p.investor_id = ph.investor_id\nINNER JOIN ATOM_EVENT_REBALANCING_ACTION_001 AS ra\n    ON p.investor_id = ra.investor_id\nINNER JOIN ATOM_ENTITY_INVESTMENT_GOAL_001 AS g\n    ON p.investor_id = g.investor_id\nWHERE p.risk_tolerance = 'Moderate'\n  AND h.risk_score > 50\n  AND ph.investment_type = 'Gold'\n  AND ra.action = 'Asset Reallocation'\n  AND g.shortfall > 0;""}"
wealth_management_125_question_benchmark:WM125-5T-013,"Which Moderate investors have a risk score above 50, hold a Gold position, have a 'Aggressive Entry' rebalancing action, and an underfunded goal?",wealth_management_125_question_benchmark.csv,PIPELINE_SUCCESS,MATCH,MATCH,SQL,,[],[],[],The pipeline returns exactly the 12 required investors with matching investor IDs and names. The ordering differs from the ground truth but no ordering was requested.,26.441,"{""Q1"": ""SELECT DISTINCT i.investor_id, i.investor_name\nFROM ATOM_ENTITY_INVESTOR_PROFILE_001 AS i\nINNER JOIN ATOM_ENTITY_PORTFOLIO_HEALTH_001 AS ph ON i.investor_id = ph.investor_id\nINNER JOIN ATOM_ENTITY_PORTFOLIO_HOLDING_001 AS phld ON i.investor_id = phld.investor_id\nINNER JOIN ATOM_EVENT_REBALANCING_ACTION_001 AS ra ON i.investor_id = ra.investor_id\nINNER JOIN ATOM_ENTITY_INVESTMENT_GOAL_001 AS ig ON i.investor_id = ig.investor_id\nWHERE i.risk_tolerance = 'Moderate'\n  AND ph.risk_score > 50\n  AND phld.investment_type = 'Gold'\n  AND ra.action = 'Aggressive Entry'\n  AND ig.shortfall > 0;""}"
wealth_management_at_risk_critical_125_questions:ARC125-1T-002,List the investor id and risk score of every portfolio whose risk score exceeds 90 (high-risk).,wealth_management_at_risk_critical_125_questions.csv,PIPELINE_SUCCESS,MATCH,MATCH,SQL,,[],[],[],"The pipeline returns every portfolio with risk_score exceeding 90, with matching investor IDs and risk scores. The additional portfolio_health_id column is harmless.",18.333,"{""Q1"": ""SELECT portfolio_health_id, investor_id, risk_score\nFROM ATOM_ENTITY_PORTFOLIO_HEALTH_001\nWHERE risk_score > 90;""}"
wealth_management_at_risk_critical_125_questions:ARC125-1T-001,List the investor id and risk score of every portfolio whose risk score exceeds 75 (high-risk).,wealth_management_at_risk_critical_125_questions.csv,PIPELINE_SUCCESS,MATCH,MATCH,KG,,[],[],[],The pipeline returns the complete set of portfolios with risk scores exceeding 75. Investor IDs and corresponding risk scores match the ground truth; additional portfolioHealthId fields are harmless.,26.933,"{""Q1"": ""PREFIX wm: <https://wealth.example.org/ontology/>\nPREFIX rdf: <http://www.w3.org/1999/02/22-rdf-syntax-ns#>\nPREFIX xsd: <http://www.w3.org/2001/XMLSchema#>\n\nSELECT ?portfolioHealthId ?investorId ?riskScore\nWHERE {\n  ?ph rdf:type wm:PortfolioHealth .\n  ?ph wm:portfolioHealthId ?portfolioHealthId .\n  ?ph wm:investorId ?investorId .\n  ?ph wm:riskScore ?riskScore .\n  FILTER (xsd:decimal(?riskScore) > 75)\n}""}"
wealth_management_at_risk_critical_125_questions:ARC125-1T-003,"List investors whose portfolio liquidity score is critically low, below 10.",wealth_management_at_risk_critical_125_questions.csv,PIPELINE_SUCCESS,MATCH,MATCH,KG,,[],[],"[""measures.0 has no quoted requirement."", ""measures.1 has no quoted requirement."", ""measures.2 has no quoted requirement.""]","The pipeline returns the complete set of investors with liquidity scores below 10, and every listed liquidity score matches the ground truth. Investor names are additional harmless fields.",18.61,"{""Q1"": ""PREFIX wm: <https://wealth.example.org/ontology/>\nPREFIX rdfs: <http://www.w3.org/2000/01/rdf-schema#>\nPREFIX xsd: <http://www.w3.org/2001/XMLSchema#>\n\nSELECT ?investorId ?investorName ?liquidityScore\nWHERE {\n  ?investor a wm:Investor ;\n            wm:investorId ?investorId ;\n            wm:investorName ?investorName ;\n            wm:hasPortfolioHealth ?ph .\n  ?ph a wm:PortfolioHealth ;\n      wm:liquidityScore ?liquidityScore .\n  FILTER (xsd:decimal(?liquidityScore) < 10)\n}""}"
wealth_management_at_risk_critical_125_questions:ARC125-1T-005,List investors with a poorly diversified portfolio (diversification score below 10).,wealth_management_at_risk_critical_125_questions.csv,PIPELINE_SUCCESS,MATCH,MATCH,SQL,,[],[],"[""measures.0 has no quoted requirement."", ""measures.1 has no quoted requirement.""]","The pipeline returns the complete set of investors whose diversification score is below 10, with matching investor IDs and diversification scores. The additional investor_name column is harmless, and no ordering was requested.",14.942,"{""Q1"": ""SELECT ph.investor_id,\n       ip.investor_name,\n       ph.diversification_score\nFROM ATOM_ENTITY_PORTFOLIO_HEALTH_001 ph\nINNER JOIN ATOM_ENTITY_INVESTOR_PROFILE_001 ip\n    ON ph.investor_id = ip.investor_id\nWHERE ph.diversification_score < 10;""}"
wealth_management_at_risk_critical_125_questions:ARC125-1T-004,"List investors whose portfolio liquidity score is critically low, below 25.",wealth_management_at_risk_critical_125_questions.csv,PIPELINE_SUCCESS,MATCH,MATCH,SQL,,[],[],"[""measures.0 has no quoted requirement."", ""measures.1 has no quoted requirement.""]","The pipeline returns the complete set of investors with liquidity scores below 25, and every reported liquidity score matches the ground truth. The additional investor_name column is harmless.",20.849,"{""Q1"": ""SELECT ph.investor_id,\n       ip.investor_name,\n       ph.liquidity_score\nFROM ATOM_ENTITY_PORTFOLIO_HEALTH_001 AS ph\nINNER JOIN ATOM_ENTITY_INVESTOR_PROFILE_001 AS ip\n        ON ph.investor_id = ip.investor_id\nWHERE ph.liquidity_score < 25;""}"
wealth_management_at_risk_critical_125_questions:ARC125-1T-007,"List investors whose goal-match percentage is weak, below 10.",wealth_management_at_risk_critical_125_questions.csv,PIPELINE_SUCCESS,MATCH,MATCH,SQL,,[],[],"[""measures.0 has no quoted requirement."", ""measures.1 has no quoted requirement."", ""measures.2 has no quoted requirement.""]","The pipeline returns the complete set of investors with goal-match percentage below 10, and each listed goal_match_pct agrees with the ground truth. The additional investor_name field is harmless.",14.419,"{""Q1"": ""SELECT ph.investor_id,\n       ip.investor_name,\n       ph.goal_match_pct\nFROM ATOM_ENTITY_PORTFOLIO_HEALTH_001 AS ph\nINNER JOIN ATOM_ENTITY_INVESTOR_PROFILE_001 AS ip\n  ON ph.investor_id = ip.investor_id\nWHERE ph.goal_match_pct < 10;""}"
wealth_management_125_question_benchmark:WM125-5T-012,"Which Conservative investors have a risk score above 50, hold a Gold position, have a 'Defensive Shift' rebalancing action, and an underfunded goal?",wealth_management_125_question_benchmark.csv,PIPELINE_SUCCESS,MISMATCH,MISMATCH,KG,,[],[],"[""measures.0 has no quoted requirement."", ""measures.1 has no quoted requirement.""]","The pipeline returned no data, but the ground truth contains 20 Conservative investors satisfying all specified conditions.",88.921,"{""Q1"": ""PREFIX wm: <https://wealth.example.org/ontology/>\nPREFIX rdfs: <http://www.w3.org/2000/01/rdf-schema#>\nPREFIX xsd: <http://www.w3.org/2001/XMLSchema#>\n\nSELECT DISTINCT ?investorId ?investorName\nWHERE {\n  ?investor a wm:Investor ;\n            wm:investorId ?investorId ;\n            wm:riskTolerance \""Conservative\"" .\n  OPTIONAL { ?investor wm:investorName ?investorName . }\n\n  ?investor wm:hasPortfolioHealth ?ph .\n  ?ph wm:riskScore ?riskScore .\n  FILTER(xsd:decimal(?riskScore) > 50)\n\n  ?investor wm:hasHolding ?holding .\n  ?holding wm:hasCategory ?cat .\n  ?cat rdfs:label \""Gold\"" .\n\n  ?investor wm:hasRebalancingAction ?ra .\n  ?ra wm:action \""Defensive Shift\"" .\n\n  ?investor wm:hasInvestmentGoal ?goal .\n  ?goal wm:shortfall ?shortfall .\n  FILTER(xsd:decimal(?shortfall) > 0)\n}""}"
wealth_management_at_risk_critical_125_questions:ARC125-1T-009,"Which portfolios are critical, combining a risk score above 75 with a liquidity score below 25?",wealth_management_at_risk_critical_125_questions.csv,PIPELINE_SUCCESS,MATCH,MISMATCH,SQL,,[],[],"[""measures.0 has no quoted requirement."", ""measures.1 has no quoted requirement.""]","The pipeline returns exactly the portfolios meeting risk_score > 75 and liquidity_score < 25, with matching investor IDs and score values. The additional portfolio_health_id field is harmless.",11.131,"{""Q1"": ""SELECT portfolio_health_id, investor_id, risk_score, liquidity_score\nFROM ATOM_ENTITY_PORTFOLIO_HEALTH_001\nWHERE risk_score > 75 AND liquidity_score < 25;""}"
wealth_management_at_risk_critical_125_questions:ARC125-1T-008,"List investors whose goal-match percentage is weak, below 25.",wealth_management_at_risk_critical_125_questions.csv,PIPELINE_SUCCESS,MATCH,MATCH,KG,,[],[],"[""measures.0 has no quoted requirement."", ""measures.1 has no quoted requirement.""]","The pipeline returns the same set of investors with goal-match percentages below 25 as the ground truth. Investor IDs and percentages match, with investor names included as harmless additional information.",23.978,"{""Q1"": ""PREFIX wm: <https://wealth.example.org/ontology/>\nPREFIX rdfs: <http://www.w3.org/2000/01/rdf-schema#>\nPREFIX xsd: <http://www.w3.org/2001/XMLSchema#>\n\nSELECT ?investorId ?investorName ?goalMatchPct\nWHERE {\n  ?investor a wm:Investor .\n  ?investor wm:investorId ?investorId .\n  ?investor wm:investorName ?investorName .\n  ?investor wm:hasPortfolioHealth ?ph .\n  ?ph wm:goalMatchPct ?goalMatchPct .\n  FILTER(?goalMatchPct < 25)\n}""}"
wealth_management_at_risk_critical_125_questions:ARC125-1T-006,List investors with a poorly diversified portfolio (diversification score below 25).,wealth_management_at_risk_critical_125_questions.csv,PIPELINE_SUCCESS,MATCH,MATCH,KG,,[],[],"[""measures.0 has no quoted requirement."", ""measures.1 has no quoted requirement."", ""measures.2 has no quoted requirement.""]","The pipeline returns the investors whose diversification scores are below 25, with matching investor IDs and scores. Additional investor-name fields are harmless.",41.351,"{""Q1"": ""PREFIX rdf: <http://www.w3.org/1999/02/22-rdf-syntax-ns#>\nPREFIX rdfs: <http://www.w3.org/2000/01/rdf-schema#>\nPREFIX xsd: <http://www.w3.org/2001/XMLSchema#>\nPREFIX wm: <https://wealth.example.org/ontology/>\n\nSELECT ?investorId ?investorName ( ?divScore AS ?diversificationScore )\nWHERE {\n  ?investor rdf:type wm:Investor .\n  ?investor wm:investorId ?investorId .\n  ?investor wm:investorName ?investorName .\n  ?investor wm:hasPortfolioHealth ?ph .\n  ?ph wm:diversificationScore ?divScore .\n  FILTER ( ?divScore < 25 )\n}""}"
wealth_management_at_risk_critical_125_questions:ARC125-1T-010,Which portfolios pair a very high risk score above 90 with a diversification score below 25?,wealth_management_at_risk_critical_125_questions.csv,PIPELINE_SUCCESS,MATCH,PARTIAL,SQL,,[],[],"[""measures.0 has no quoted requirement."", ""measures.1 has no quoted requirement.""]","All 12 portfolios satisfying risk score above 90 and diversification score below 25 are present, with matching investor IDs and score values. The additional portfolio_health_id column is harmless.",14.068,"{""Q1"": ""SELECT portfolio_health_id, investor_id, risk_score, diversification_score\nFROM ATOM_ENTITY_PORTFOLIO_HEALTH_001\nWHERE risk_score > 90 AND diversification_score < 25;""}"
wealth_management_at_risk_critical_125_questions:ARC125-1T-011,"Which portfolios are illiquid and undiversified, with liquidity score below 25 and diversification score below 25?",wealth_management_at_risk_critical_125_questions.csv,PIPELINE_SUCCESS,MATCH,MATCH,SQL,,[],[],"[""measures.0 has no quoted requirement."", ""measures.1 has no quoted requirement.""]","The pipeline returns the same set of qualifying investor portfolios as the ground truth, with matching liquidity and diversification scores below 25. The additional portfolio_health_id field is harmless.",11.853,"{""Q1"": ""SELECT portfolio_health_id, investor_id, liquidity_score, diversification_score\nFROM ATOM_ENTITY_PORTFOLIO_HEALTH_001\nWHERE liquidity_score < 25\n  AND diversification_score < 25;""}"
wealth_management_at_risk_critical_125_questions:ARC125-1T-015,"List investment goals with poor progress, below 30 percent complete.",wealth_management_at_risk_critical_125_questions.csv,PIPELINE_SUCCESS,MATCH,MATCH,SQL,,[],[],[],"The pipeline lists investment-goal records with progress_pct below 30%, including the required goal and investor identifiers and progress values. The additional descriptive and performance columns are harmless.",9.525,"{""Q1"": ""SELECT goal_id,\n       investor_id,\n       investment_goal,\n       description,\n       target_amount,\n       current_value,\n       progress_pct,\n       shortfall,\n       time_to_goal_months,\n       avg_annual_return_pct,\n       avg_post_tax_return_pct,\n       avg_sharpe_ratio,\n       avg_volatility_pct,\n       std_dev_annual_return_pct\nFROM ATOM_ENTITY_INVESTMENT_GOAL_001\nWHERE progress_pct < 30;""}"
wealth_management_at_risk_critical_125_questions:ARC125-1T-014,Which investment goals have a severe shortfall exceeding 2437125?,wealth_management_at_risk_critical_125_questions.csv,PIPELINE_SUCCESS,MATCH,MATCH,SQL,,[],[],[],"The pipeline returns the qualifying investment-goal entities by goal_id, with descriptive investment-goal labels. The returned IDs align with the ground-truth set for severe shortfalls exceeding 2437125; investor IDs and numeric shortfall amounts are not required to identify which goals qualify.",17.377,"{""Q1"": ""SELECT goal_id, investment_goal\nFROM ATOM_ENTITY_INVESTMENT_GOAL_001\nWHERE shortfall > 2437125;""}"
wealth_management_at_risk_critical_125_questions:ARC125-1T-012,"Which portfolios are triple-flagged with risk score above 75, liquidity below 25, and diversification below 25?",wealth_management_at_risk_critical_125_questions.csv,DAG_NODE_ERROR,MISMATCH,MATCH,SQL,Q1:Query_Spec_Contract,"[""unknown_source"", ""physical_as_source""]","[""Unknown source: physical"", ""measures.0: unknown source 'physical'."", ""measures.1: unknown source 'physical'."", ""measures.2: unknown source 'physical'."", ""measures.3: unknown source 'physical'."", ""measures.4: unknown source 'physical'."", ""filters.0: unknown source 'physical'."", ""filters.1: unknown source 'physical'."", ""filters.2: unknown source 'physical'.""]","[""measures.0 has no quoted requirement."", ""measures.1 has no quoted requirement.""]",The pipeline returned a failure message instead of the required portfolios meeting all three score thresholds.,34.623,"{""Q1"": """"}"
wealth_management_at_risk_critical_125_questions:ARC125-1T-013,List every investment goal that is currently underfunded (shortfall greater than 0).,wealth_management_at_risk_critical_125_questions.csv,PIPELINE_SUCCESS,PARTIAL,PARTIAL,KG,,[],[],"[""measures.0 has no quoted requirement.""]","The pipeline includes many genuine underfunded goal IDs with shortfall values matching the ground truth, but it also includes numerous unsupported extra goal IDs (notably non-UUID GOAL-* records) and therefore does not reliably provide exactly the complete ground-truth set of every underfunded goal.",32.196,"{""Q1"": ""PREFIX wm: <https://wealth.example.org/ontology/>\nPREFIX rdf: <http://www.w3.org/1999/02/22-rdf-syntax-ns#>\nPREFIX xsd: <http://www.w3.org/2001/XMLSchema#>\n\nSELECT ?goalId ?investmentGoal ?shortfall\nWHERE {\n  ?goal rdf:type wm:InvestmentGoal .\n  ?goal wm:goalId ?goalId .\n  ?goal wm:investmentGoal ?investmentGoal .\n  ?goal wm:shortfall ?shortfall .\n  FILTER(xsd:decimal(?shortfall) > 0)\n}""}"
wealth_management_at_risk_critical_125_questions:ARC125-1T-017,Which investment goals are earning a negative average annual return?,wealth_management_at_risk_critical_125_questions.csv,DAG_NODE_ERROR,MISMATCH,MISMATCH,SQL,Q1:Query_Spec_Contract,"[""unknown_source""]","[""Analytic plan has no measures after recovery."", ""Unknown source: entity"", ""group_by.0: unknown source 'entity'."", ""filters.0: unknown source 'entity'.""]",[],The pipeline returned a query failure rather than the required list of investment goals with negative average annual returns.,14.829,"{""Q1"": """"}"
wealth_management_at_risk_critical_125_questions:ARC125-1T-018,Which investment goals have a negative average Sharpe ratio (poor risk-adjusted return)?,wealth_management_at_risk_critical_125_questions.csv,DAG_NODE_ERROR,MISMATCH,MISMATCH,SQL,Q1:Query_Spec_Contract,"[""unknown_source"", ""physical_as_source"", ""aggregate_stage_contract""]","[""Unknown source: physical"", ""group_by.0: unknown source 'physical'."", ""measures.0: unknown source 'physical'."", ""measures.0.aggregate_filters.0: explicit entity or final_group stage is required.""]","[""group_by.0 has no quoted requirement.""]",The pipeline returned a query failure rather than any investment-goal rows. The ground truth contains many goals with negative average Sharpe ratios.,11.858,"{""Q1"": """"}"
wealth_management_at_risk_critical_125_questions:ARC125-1T-016,"List investment goals with poor progress, below 50 percent complete.",wealth_management_at_risk_critical_125_questions.csv,PIPELINE_SUCCESS,MATCH,MATCH,KG,,[],[],"[""measures.0 has no quoted requirement."", ""measures.1 has no quoted requirement."", ""measures.2 has no quoted requirement.""]","The pipeline returns investment goals with progress percentages below 50%, and sampled goal IDs and progress values align with the ground truth. Goal descriptions are harmless additional information; investor IDs are not required by the question.",28.92,"{""Q1"": ""PREFIX wm: <https://wealth.example.org/ontology/>\nPREFIX rdf: <http://www.w3.org/1999/02/22-rdf-syntax-ns#>\nPREFIX rdfs: <http://www.w3.org/2000/01/rdf-schema#>\nPREFIX xsd: <http://www.w3.org/2001/XMLSchema#>\n\nSELECT ?goalId ?investmentGoal ?progressPct\nWHERE {\n  ?ig rdf:type wm:InvestmentGoal .\n  ?ig wm:goalId ?goalId .\n  ?ig wm:investmentGoal ?investmentGoal .\n  ?ig wm:progressPct ?progressPct .\n  FILTER(?progressPct < 50)\n}""}"
wealth_management_at_risk_critical_125_questions:ARC125-1T-019,"Which holdings are currently in the red (negative returns percentage, counting only holdings with a recorded cost and current value)?",wealth_management_at_risk_critical_125_questions.csv,DAG_NODE_ERROR,MISMATCH,MATCH,SQL,Q1:Query_Spec_Contract,"[""unknown_source"", ""physical_as_source""]","[""Unknown source: physical"", ""measures.0: unknown source 'physical'."", ""measures.1: unknown source 'physical'."", ""measures.2: unknown source 'physical'."", ""measures.3: unknown source 'physical'."", ""measures.4: unknown source 'physical'."", ""filters.0: unknown source 'physical'."", ""filters.1: unknown source 'physical'."", ""filters.2: unknown source 'physical'.""]","[""measures.0 has no quoted requirement."", ""measures.1 has no quoted requirement."", ""measures.4 has no quoted requirement.""]","The pipeline produced no answer rows because the query failed, while the ground truth contains many holdings with negative returns.",13.57,"{""Q1"": """"}"
wealth_management_at_risk_critical_125_questions:ARC125-2T-001,List Aggressive investors whose risk score is above 75.,wealth_management_at_risk_critical_125_questions.csv,PIPELINE_SUCCESS,MATCH,MATCH,SQL,,[],[],"[""measures.0 has no quoted requirement."", ""measures.1 has no quoted requirement."", ""measures.2 has no quoted requirement.""]","The pipeline returns the complete set of Aggressive investors with risk scores above 75, with matching investor IDs, names, and risk scores. The additional risk_tolerance column is harmless.",9.915,"{""Q1"": ""SELECT p.investor_id,\n       p.investor_name,\n       p.risk_tolerance,\n       h.risk_score\nFROM ATOM_ENTITY_INVESTOR_PROFILE_001 AS p\nINNER JOIN ATOM_ENTITY_PORTFOLIO_HEALTH_001 AS h\n        ON p.investor_id = h.investor_id\nWHERE p.risk_tolerance = 'Aggressive'\n  AND h.risk_score > 75;""}"
wealth_management_at_risk_critical_125_questions:ARC125-2T-004,List Aggressive investors whose liquidity score is below 10.,wealth_management_at_risk_critical_125_questions.csv,PIPELINE_SUCCESS,MATCH,MATCH,SQL,,[],[],"[""measures.0 has no quoted requirement."", ""measures.1 has no quoted requirement.""]",The pipeline returns the complete set of Aggressive investors with liquidity scores below 10. Investor IDs and names match the ground truth; liquidity_score is not required to list the qualifying investors.,15.733,"{""Q1"": ""SELECT p.investor_id, p.investor_name\nFROM ATOM_ENTITY_INVESTOR_PROFILE_001 AS p\nINNER JOIN ATOM_ENTITY_PORTFOLIO_HEALTH_001 AS h\n  ON p.investor_id = h.investor_id\nWHERE p.risk_tolerance = 'Aggressive'\n  AND h.liquidity_score < 10;""}"
wealth_management_at_risk_critical_125_questions:ARC125-2T-002,List Aggressive investors whose risk score is above 90.,wealth_management_at_risk_critical_125_questions.csv,PIPELINE_SUCCESS,MATCH,MATCH,KG,,[],[],"[""measures.0 has no quoted requirement."", ""measures.1 has no quoted requirement.""]","The pipeline returns the complete set of 45 Aggressive investors with risk scores above 90, with matching investor IDs and names. Risk scores are filter-supporting fields and were not explicitly requested as output.",23.14,"{""Q1"": ""PREFIX wm: <https://wealth.example.org/ontology/>\nPREFIX rdfs: <http://www.w3.org/2000/01/rdf-schema#>\nPREFIX xsd: <http://www.w3.org/2001/XMLSchema#>\nPREFIX rdf: <http://www.w3.org/1999/02/22-rdf-syntax-ns#>\n\nSELECT ?investorId ?investorName\nWHERE {\n  ?inv a wm:Investor ;\n       wm:investorId ?investorId ;\n       wm:investorName ?investorName ;\n       wm:riskTolerance ?riskTol .\n  FILTER(LCASE(STR(?riskTol)) = \""aggressive\"") .\n\n  ?ph a wm:PortfolioHealth ;\n      wm:investorId ?investorId ;\n      wm:riskScore ?riskScore .\n  FILTER(?riskScore > 90)\n}""}"
wealth_management_at_risk_critical_125_questions:ARC125-1T-020,Which Corporate Bond holdings are showing a negative return (counting only holdings with a recorded cost and current value)?,wealth_management_at_risk_critical_125_questions.csv,DAG_NODE_ERROR,MISMATCH,MATCH,SQL,Q1:Query_Spec_Contract,"[""unknown_field_operand""]","[""filters.3: field 'return_amount' is not in 'ATOM_ENTITY_PORTFOLIO_HOLDING_001'.""]","[""Every subquery needs a requirement ledger.""]","The pipeline returned no answer rows because the query failed, while the ground truth contains 48 Corporate Bond holdings with recorded cost and current value that have negative returns.",36.045,"{""Q1"": """"}"
wealth_management_at_risk_critical_125_questions:ARC125-2T-003,List Aggressive investors whose liquidity score is below 25.,wealth_management_at_risk_critical_125_questions.csv,PIPELINE_SUCCESS,MATCH,MATCH,KG,,[],[],"[""measures.0 has no quoted requirement."", ""measures.1 has no quoted requirement."", ""measures.2 has no quoted requirement.""]","The pipeline returns the complete set of Aggressive investors with liquidity scores below 25, with matching investor IDs, names, and liquidity-score values. Output order is not required by the question.",25.539,"{""Q1"": ""PREFIX wm: <https://wealth.example.org/ontology/>\nPREFIX rdfs: <http://www.w3.org/2000/01/rdf-schema#>\nPREFIX rdf: <http://www.w3.org/1999/02/22-rdf-syntax-ns#>\nPREFIX xsd: <http://www.w3.org/2001/XMLSchema#>\n\nSELECT DISTINCT ?investorId ?investorName ?liquidityScore\nWHERE {\n  ?inv a wm:Investor .\n  ?inv wm:investorId ?investorId .\n  ?inv wm:investorName ?investorName .\n  ?inv wm:riskTolerance ?riskTol .\n  FILTER(LCASE(STR(?riskTol)) = \""aggressive\"") .\n  ?inv wm:hasPortfolioHealth ?ph .\n  ?ph wm:liquidityScore ?liquidityScore .\n  FILTER(?liquidityScore < 25) .\n}""}"
wealth_management_at_risk_critical_125_questions:ARC125-2T-007,List Conservative investors whose risk score is above 75.,wealth_management_at_risk_critical_125_questions.csv,PIPELINE_SUCCESS,MATCH,MATCH,SQL,,[],[],"[""measures.0 has no quoted requirement."", ""measures.1 has no quoted requirement.""]","The pipeline returns the same set of Conservative investors with risk scores above 75 as the ground truth, with matching investor IDs, names, and scores. The differing row order is not material because no ordering was requested.",11.109,"{""Q1"": ""SELECT p.investor_id,\n       p.investor_name,\n       ph.risk_score\nFROM ATOM_ENTITY_INVESTOR_PROFILE_001 AS p\nINNER JOIN ATOM_ENTITY_PORTFOLIO_HEALTH_001 AS ph\n        ON p.investor_id = ph.investor_id\nWHERE p.risk_tolerance = 'Conservative'\n  AND ph.risk_score > 75;""}"
wealth_management_at_risk_critical_125_questions:ARC125-2T-006,List Aggressive investors whose goal-match percentage is below 25.,wealth_management_at_risk_critical_125_questions.csv,PIPELINE_SUCCESS,MATCH,MATCH,SQL,,[],[],"[""measures.0 has no quoted requirement."", ""measures.1 has no quoted requirement.""]","The pipeline returns the complete set of Aggressive investors with goal-match percentage below 25, with matching investor IDs, names, and percentages. Ordering differs but was not requested.",17.875,"{""Q1"": ""SELECT p.investor_id,\n       p.investor_name,\n       h.goal_match_pct\nFROM ATOM_ENTITY_INVESTOR_PROFILE_001 AS p\nJOIN ATOM_ENTITY_PORTFOLIO_HEALTH_001 AS h\n  ON p.investor_id = h.investor_id\nWHERE p.risk_tolerance = 'Aggressive'\n  AND h.goal_match_pct < 25;""}"
wealth_management_at_risk_critical_125_questions:ARC125-2T-009,List Conservative investors whose liquidity score is below 25.,wealth_management_at_risk_critical_125_questions.csv,PIPELINE_SUCCESS,MATCH,MATCH,SQL,,[],[],[],"The pipeline returns the complete set of Conservative investors with liquidity scores below 25. Investor IDs, names, and liquidity scores match the ground truth; the additional risk_tolerance column is harmless.",13.841,"{""Q1"": ""SELECT p.investor_id,\n       p.investor_name,\n       p.risk_tolerance,\n       ph.liquidity_score\nFROM ATOM_ENTITY_INVESTOR_PROFILE_001 AS p\nINNER JOIN ATOM_ENTITY_PORTFOLIO_HEALTH_001 AS ph\n    ON p.investor_id = ph.investor_id\nWHERE p.risk_tolerance = 'Conservative'\n  AND ph.liquidity_score < 25;""}"
wealth_management_at_risk_critical_125_questions:ARC125-2T-010,List Conservative investors whose liquidity score is below 10.,wealth_management_at_risk_critical_125_questions.csv,PIPELINE_SUCCESS,MATCH,MISMATCH,SQL,,[],[],[],"The pipeline returns exactly the full set of Conservative investors with liquidity scores below 10, with matching investor IDs, names, and scores. Ordering differs but was not requested.",11.782,"{""Q1"": ""SELECT p.investor_id,\n       p.investor_name,\n       ph.liquidity_score\nFROM ATOM_ENTITY_INVESTOR_PROFILE_001 AS p\nINNER JOIN ATOM_ENTITY_PORTFOLIO_HEALTH_001 AS ph\n       ON p.investor_id = ph.investor_id\nWHERE p.risk_tolerance = 'Conservative'\n  AND ph.liquidity_score < 10;""}"
wealth_management_at_risk_critical_125_questions:ARC125-2T-008,List Conservative investors whose risk score is above 90.,wealth_management_at_risk_critical_125_questions.csv,PIPELINE_SUCCESS,MATCH,MATCH,KG,,[],[],"[""measures.0 has no quoted requirement."", ""measures.1 has no quoted requirement."", ""measures.2 has no quoted requirement.""]","The pipeline returns exactly the full set of Conservative investors with risk scores above 90, with matching investor IDs, names, and risk scores. Row order differs but no ordering was requested.",25.959,"{""Q1"": ""PREFIX wm: <https://wealth.example.org/ontology/>\nPREFIX rdfs: <http://www.w3.org/2000/01/rdf-schema#>\nPREFIX xsd: <http://www.w3.org/2001/XMLSchema#>\n\nSELECT ?investorId ?investorName ?riskScore\nWHERE {\n  ?inv a wm:Investor .\n  ?inv wm:investorId ?investorId .\n  ?inv wm:investorName ?investorName .\n  ?inv wm:riskTolerance ?rt .\n  FILTER(LCASE(?rt) = \""conservative\"") .\n  \n  ?ph wm:healthOfInvestor ?inv .\n  ?ph wm:riskScore ?riskScore .\n  FILTER(?riskScore > 90) .\n}""}"
wealth_management_at_risk_critical_125_questions:ARC125-2T-005,List Aggressive investors whose diversification score is below 25.,wealth_management_at_risk_critical_125_questions.csv,PIPELINE_SUCCESS,MATCH,MISMATCH,SQL,,[],[],"[""measures.0 has no quoted requirement."", ""measures.1 has no quoted requirement.""]","The pipeline returns the complete set of Aggressive investors with diversification scores below 25, with matching investor IDs, names, and scores. Different row ordering is not material because the question does not request an order.",35.747,"{""Q1"": ""SELECT ip.investor_id,\n       ip.investor_name,\n       ph.diversification_score\nFROM ATOM_ENTITY_INVESTOR_PROFILE_001 ip\nINNER JOIN ATOM_ENTITY_PORTFOLIO_HEALTH_001 ph\n    ON ip.investor_id = ph.investor_id\nWHERE ip.risk_tolerance = 'Aggressive'\n  AND ph.diversification_score < 25;""}"
wealth_management_at_risk_critical_125_questions:ARC125-2T-011,List Conservative investors whose diversification score is below 25.,wealth_management_at_risk_critical_125_questions.csv,PIPELINE_SUCCESS,MATCH,MATCH,SQL,,[],[],"[""measures.0 has no quoted requirement."", ""measures.1 has no quoted requirement.""]","The pipeline returns the same set of Conservative investors with diversification scores below 25 as the ground truth, with matching investor IDs, names, and scores. The differing row order is not material because no ordering was requested.",14.508,"{""Q1"": ""SELECT p.investor_id,\n       p.investor_name,\n       h.diversification_score\nFROM ATOM_ENTITY_INVESTOR_PROFILE_001 AS p\nINNER JOIN ATOM_ENTITY_PORTFOLIO_HEALTH_001 AS h\n    ON p.investor_id = h.investor_id\nWHERE p.risk_tolerance = 'Conservative'\n  AND h.diversification_score < 25;""}"
wealth_management_at_risk_critical_125_questions:ARC125-2T-012,List Conservative investors whose goal-match percentage is below 25.,wealth_management_at_risk_critical_125_questions.csv,PIPELINE_SUCCESS,MATCH,MATCH,SQL,,[],[],"[""measures.0 has no quoted requirement."", ""measures.1 has no quoted requirement."", ""measures.2 has no quoted requirement.""]","The pipeline returns the complete set of Conservative investors with goal-match percentages below 25, with matching investor IDs, names, and percentages. The differing order is not material because the question does not request an ordering.",16.463,"{""Q1"": ""SELECT p.investor_id,\n       p.investor_name,\n       ph.goal_match_pct\nFROM ATOM_ENTITY_INVESTOR_PROFILE_001 AS p\nINNER JOIN ATOM_ENTITY_PORTFOLIO_HEALTH_001 AS ph\n        ON p.investor_id = ph.investor_id\nWHERE p.risk_tolerance = 'Conservative'\n  AND ph.goal_match_pct < 25;""}"
wealth_management_at_risk_critical_125_questions:ARC125-2T-014,List Moderate investors whose risk score is above 90.,wealth_management_at_risk_critical_125_questions.csv,PIPELINE_SUCCESS,MATCH,MATCH,SQL,,[],[],"[""measures.0 has no quoted requirement."", ""measures.1 has no quoted requirement.""]","The pipeline returns exactly the complete set of Moderate investors with risk scores above 90, with matching investor IDs, names, and risk scores. Ordering differs but was not requested.",14.772,"{""Q1"": ""SELECT p.investor_id,\n       p.investor_name,\n       ph.risk_score\nFROM ATOM_ENTITY_INVESTOR_PROFILE_001 AS p\nINNER JOIN ATOM_ENTITY_PORTFOLIO_HEALTH_001 AS ph\n        ON p.investor_id = ph.investor_id\nWHERE p.risk_tolerance = 'Moderate'\n  AND ph.risk_score > 90;""}"
wealth_management_at_risk_critical_125_questions:ARC125-2T-015,List Moderate investors whose liquidity score is below 25.,wealth_management_at_risk_critical_125_questions.csv,PIPELINE_SUCCESS,MATCH,MATCH,KG,,[],[],"[""measures.0 has no quoted requirement."", ""measures.1 has no quoted requirement."", ""measures.2 has no quoted requirement.""]","The pipeline returns the complete set of Moderate investors with liquidity scores below 25. Investor IDs, names, and liquidity scores match the ground truth; differing field names, string numeric formatting, and row order are acceptable.",15.692,"{""Q1"": ""PREFIX wm: <https://wealth.example.org/ontology/>\nPREFIX rdfs: <http://www.w3.org/2000/01/rdf-schema#>\nPREFIX xsd: <http://www.w3.org/2001/XMLSchema#>\nPREFIX rdf: <http://www.w3.org/1999/02/22-rdf-syntax-ns#>\n\nSELECT ?investorId ?investorName ?liquidityScore\nWHERE {\n  ?inv a wm:Investor .\n  ?inv wm:investorId ?investorId .\n  ?inv wm:investorName ?investorName .\n  ?inv wm:riskTolerance ?riskTol .\n  FILTER(LCASE(STR(?riskTol)) = \""moderate\"") .\n  \n  ?inv wm:hasPortfolioHealth ?ph .\n  ?ph wm:liquidityScore ?liquidityScore .\n  FILTER(xsd:decimal(?liquidityScore) < 25) .\n}""}"
wealth_management_at_risk_critical_125_questions:ARC125-2T-017,List Moderate investors whose diversification score is below 25.,wealth_management_at_risk_critical_125_questions.csv,PIPELINE_SUCCESS,MATCH,MATCH,KG,,[],[],"[""measures.0 has no quoted requirement.""]","The pipeline returns the complete set of Moderate investors with diversification scores below 25. Investor IDs, names, and scores match the ground truth; additional riskTolerance is harmless.",19.088,"{""Q1"": ""PREFIX wm: <https://wealth.example.org/ontology/>\nPREFIX rdf: <http://www.w3.org/1999/02/22-rdf-syntax-ns#>\nPREFIX rdfs: <http://www.w3.org/2000/01/rdf-schema#>\nPREFIX xsd: <http://www.w3.org/2001/XMLSchema#>\n\nSELECT ?investorId ?investorName ?riskTolerance ?diversificationScore\nWHERE {\n  ?investor a wm:Investor ;\n            wm:investorId ?investorId ;\n            wm:investorName ?investorName ;\n            wm:riskTolerance ?riskTolerance .\n  FILTER(LCASE(?riskTolerance) = \""moderate\"")\n  \n  ?ph a wm:PortfolioHealth ;\n      wm:healthOfInvestor ?investor ;\n      wm:diversificationScore ?diversificationScore .\n  FILTER(?diversificationScore < 25)\n}""}"
wealth_management_at_risk_critical_125_questions:ARC125-2T-016,List Moderate investors whose liquidity score is below 10.,wealth_management_at_risk_critical_125_questions.csv,PIPELINE_SUCCESS,MATCH,MATCH,KG,,[],[],"[""measures.0 has no quoted requirement."", ""measures.1 has no quoted requirement."", ""measures.2 has no quoted requirement.""]","The pipeline returns the complete set of Moderate investors with liquidity scores below 10, with matching investor IDs, names, and liquidity scores. Order was not requested.",40.687,"{""Q1"": ""PREFIX rdf: <http://www.w3.org/1999/02/22-rdf-syntax-ns#>\nPREFIX rdfs: <http://www.w3.org/2000/01/rdf-schema#>\nPREFIX wm: <https://wealth.example.org/ontology/>\nPREFIX xsd: <http://www.w3.org/2001/XMLSchema#>\n\nSELECT ?investorId ?investorName ?liquidityScore\nWHERE {\n  ?inv rdf:type wm:Investor .\n  ?inv wm:investorId ?investorId .\n  ?inv wm:investorName ?investorName .\n  ?inv wm:riskTolerance ?riskTol .\n  FILTER(LCASE(STR(?riskTol)) = \""moderate\"") .\n  ?inv wm:hasPortfolioHealth ?ph .\n  ?ph wm:liquidityScore ?liquidityScore .\n  FILTER(?liquidityScore < 10) .\n}""}"
wealth_management_at_risk_critical_125_questions:ARC125-2T-013,List Moderate investors whose risk score is above 75.,wealth_management_at_risk_critical_125_questions.csv,PIPELINE_SUCCESS,MATCH,MATCH,KG,,[],[],"[""measures.0 has no quoted requirement."", ""measures.1 has no quoted requirement."", ""measures.2 has no quoted requirement.""]","The pipeline returns the complete set of Moderate investors with risk scores above 75, with matching investor IDs, names, and risk scores. Ordering was not requested.",58.941,"{""Q1"": ""PREFIX wm: <https://wealth.example.org/ontology/>\nPREFIX rdf: <http://www.w3.org/1999/02/22-rdf-syntax-ns#>\nPREFIX rdfs: <http://www.w3.org/2000/01/rdf-schema#>\nPREFIX xsd: <http://www.w3.org/2001/XMLSchema#>\n\nSELECT ?inv ?investorId ?investorName ?riskScore\nWHERE {\n  ?inv a wm:Investor ;\n       wm:investorId ?investorId ;\n       wm:riskTolerance \""Moderate\"" ;\n       wm:investorName ?investorName .\n       \n  ?ph a wm:PortfolioHealth ;\n       wm:investorId ?investorId ;\n       wm:riskScore ?riskScore .\n       \n  FILTER(?riskScore > 75)\n}""}"
wealth_management_at_risk_critical_125_questions:ARC125-2T-018,List Moderate investors whose goal-match percentage is below 25.,wealth_management_at_risk_critical_125_questions.csv,PIPELINE_SUCCESS,MATCH,MATCH,KG,,[],[],[],"The pipeline returns the complete set of Moderate investors with goal-match percentage below 25, with matching investor IDs, names, and percentages. The additional riskTolerance field is harmless.",41.737,"{""Q1"": ""PREFIX wm: <https://wealth.example.org/ontology/>\nPREFIX rdf: <http://www.w3.org/1999/02/22-rdf-syntax-ns#>\nPREFIX rdfs: <http://www.w3.org/2000/01/rdf-schema#>\nPREFIX xsd: <http://www.w3.org/2001/XMLSchema#>\n\nSELECT ?investorId ?investorName ?riskTolerance ?goalMatchPct\nWHERE {\n  ?investor a wm:Investor ;\n            wm:investorId ?investorId ;\n            wm:investorName ?investorName ;\n            wm:riskTolerance ?riskTolerance .\n  FILTER(LCASE(?riskTolerance) = \""moderate\"")\n  \n  ?ph a wm:PortfolioHealth ;\n      wm:healthOfInvestor ?investor ;\n      wm:goalMatchPct ?goalMatchPct .\n  FILTER(?goalMatchPct < 25)\n}""}"
wealth_management_at_risk_critical_125_questions:ARC125-2T-020,List Diversified segment investors with a low liquidity score below 25.,wealth_management_at_risk_critical_125_questions.csv,PIPELINE_SUCCESS,MATCH,MATCH,KG,,[],[],[],"The pipeline returns the complete set of Diversified investors whose liquidity scores are below 25, with matching investor IDs and names. Liquidity scores are not required to be displayed because the question asks to list qualifying investors.",23.098,"{""Q1"": ""PREFIX wm: <https://wealth.example.org/ontology/>\nPREFIX rdfs: <http://www.w3.org/2000/01/rdf-schema#>\nPREFIX xsd: <http://www.w3.org/2001/XMLSchema#>\n\nSELECT ?investorId ?investorName\nWHERE {\n  ?investor a wm:Investor .\n  ?investor wm:segment ?segment .\n  FILTER(LCASE(STR(?segment)) = \""diversified\"")\n  ?investor wm:investorId ?investorId .\n  ?investor wm:investorName ?investorName .\n  ?investor wm:hasPortfolioHealth ?ph .\n  ?ph wm:liquidityScore ?liquidityScore .\n  FILTER(?liquidityScore < 25)\n}""}"
wealth_management_at_risk_critical_125_questions:ARC125-2T-019,List Diversified segment investors with a high risk score above 75.,wealth_management_at_risk_critical_125_questions.csv,PIPELINE_SUCCESS,MATCH,MATCH,KG,,[],[],"[""measures.0 has no quoted requirement.""]","The pipeline returns the complete set of Diversified-segment investors whose risk scores exceed 75, with correct investor IDs and names. Risk scores are not explicitly required as output for a request to list investors.",45.205,"{""Q1"": ""PREFIX wm: <https://wealth.example.org/ontology/>\nPREFIX rdf: <http://www.w3.org/1999/02/22-rdf-syntax-ns#>\nPREFIX xsd: <http://www.w3.org/2001/XMLSchema#>\n\nSELECT ?investorId ?investorName\nWHERE {\n  ?investor rdf:type wm:Investor ;\n            wm:segment \""Diversified\"" ;\n            wm:investorId ?investorId ;\n            wm:investorName ?investorName ;\n            wm:hasPortfolioHealth ?ph .\n  ?ph wm:riskScore ?riskScore .\n  FILTER(?riskScore > 75)\n}""}"
wealth_management_at_risk_critical_125_questions:ARC125-2T-021,List Diversified segment investors with a low diversification score below 25.,wealth_management_at_risk_critical_125_questions.csv,PIPELINE_SUCCESS,MATCH,MATCH,KG,,[],[],"[""measures.0 has no quoted requirement."", ""measures.1 has no quoted requirement."", ""measures.3 has no quoted requirement.""]","The pipeline returns the complete set of Diversified investors with diversification scores below 25. All investor IDs, names, and scores match the ground truth; the additional segment column is harmless.",38.27,"{""Q1"": ""PREFIX wm: <https://wealth.example.org/ontology/>\nPREFIX rdf: <http://www.w3.org/1999/02/22-rdf-syntax-ns#>\nPREFIX rdfs: <http://www.w3.org/2000/01/rdf-schema#>\nPREFIX xsd: <http://www.w3.org/2001/XMLSchema#>\n\nSELECT ?investorId ?investorName ?segment ?diversificationScore\nWHERE {\n  ?investor a wm:Investor .\n  ?investor wm:segment ?segment .\n  FILTER(LCASE(STR(?segment)) = \""diversified\"") .\n  ?investor wm:investorId ?investorId .\n  OPTIONAL { ?investor wm:investorName ?investorName . }\n  ?investor wm:hasPortfolioHealth ?ph .\n  ?ph wm:diversificationScore ?divScore .\n  FILTER(?divScore < 25) .\n  BIND(?divScore AS ?diversificationScore)\n}""}"
wealth_management_at_risk_critical_125_questions:ARC125-2T-023,List Large Cap segment investors with a low liquidity score below 25.,wealth_management_at_risk_critical_125_questions.csv,PIPELINE_SUCCESS,MATCH,MATCH,SQL,,[],[],"[""measures.0 has no quoted requirement."", ""measures.1 has no quoted requirement.""]","The pipeline returns the complete set of Large Cap investors whose liquidity scores are below 25, with matching investor IDs and names. Liquidity score values are not necessary to list the qualifying investors.",21.711,"{""Q1"": ""SELECT p.investor_id,\n       p.investor_name\nFROM ATOM_ENTITY_INVESTOR_PROFILE_001 AS p\nINNER JOIN ATOM_ENTITY_PORTFOLIO_HEALTH_001 AS ph\n        ON p.investor_id = ph.investor_id\nWHERE p.segment = 'Large Cap'\n  AND ph.liquidity_score < 25;""}"
wealth_management_at_risk_critical_125_questions:ARC125-2T-022,List Large Cap segment investors with a high risk score above 75.,wealth_management_at_risk_critical_125_questions.csv,PIPELINE_SUCCESS,MATCH,MATCH,SQL,,[],[],"[""measures.0 has no quoted requirement."", ""measures.1 has no quoted requirement.""]","The pipeline returns the complete set of Large Cap investors with risk scores above 75, with matching investor IDs, names, and risk scores. The additional segment column is harmless.",38.536,"{""Q1"": ""SELECT p.investor_id,\n       p.investor_name,\n       p.segment,\n       h.risk_score\nFROM ATOM_ENTITY_INVESTOR_PROFILE_001 AS p\nINNER JOIN ATOM_ENTITY_PORTFOLIO_HEALTH_001 AS h\n  ON p.investor_id = h.investor_id\nWHERE p.segment = 'Large Cap'\n  AND h.risk_score > 75;""}"
wealth_management_at_risk_critical_125_questions:ARC125-2T-024,List Large Cap segment investors with a low diversification score below 25.,wealth_management_at_risk_critical_125_questions.csv,PIPELINE_SUCCESS,MATCH,MATCH,SQL,,[],[],"[""measures.0 has no quoted requirement."", ""measures.1 has no quoted requirement.""]",The pipeline returns the complete set of Large Cap investors whose diversification scores are below 25. Investor IDs and names match the ground truth; diversification-score values are not required to list the qualifying investors.,27.583,"{""Q1"": ""SELECT p.investor_id,\n       p.investor_name\nFROM ATOM_ENTITY_INVESTOR_PROFILE_001 AS p\nINNER JOIN ATOM_ENTITY_PORTFOLIO_HEALTH_001 AS ph\n        ON p.investor_id = ph.investor_id\nWHERE p.segment = 'Large Cap'\n  AND ph.diversification_score < 25;""}"
wealth_management_at_risk_critical_125_questions:ARC125-2T-025,List Mid Cap segment investors with a high risk score above 75.,wealth_management_at_risk_critical_125_questions.csv,PIPELINE_SUCCESS,MATCH,MATCH,SQL,,[],[],"[""measures.0 has no quoted requirement."", ""measures.1 has no quoted requirement.""]","The pipeline returns the complete set of Mid Cap investors with risk scores above 75, with matching investor IDs, names, and risk scores. The additional segment column is harmless, and ordering was not requested.",19.057,"{""Q1"": ""SELECT ip.investor_id,\n       ip.investor_name,\n       ip.segment,\n       ph.risk_score\nFROM ATOM_ENTITY_INVESTOR_PROFILE_001 AS ip\nINNER JOIN ATOM_ENTITY_PORTFOLIO_HEALTH_001 AS ph\n        ON ip.investor_id = ph.investor_id\nWHERE ip.segment = 'Mid Cap'\n  AND ph.risk_score > 75;""}"
wealth_management_at_risk_critical_125_questions:ARC125-2T-026,List Mid Cap segment investors with a low liquidity score below 25.,wealth_management_at_risk_critical_125_questions.csv,PIPELINE_SUCCESS,MATCH,MATCH,KG,,[],[],"[""measures.0 has no quoted requirement."", ""measures.1 has no quoted requirement."", ""measures.2 has no quoted requirement.""]","The pipeline returns exactly the full set of Mid Cap investors with liquidity scores below 25. Investor IDs, names, and liquidity scores all agree with the ground truth; differing field aliases and numeric-string formatting are semantically equivalent.",26.721,"{""Q1"": ""PREFIX wm: <https://wealth.example.org/ontology/>\nPREFIX rdfs: <http://www.w3.org/2000/01/rdf-schema#>\nPREFIX xsd: <http://www.w3.org/2001/XMLSchema#>\n\nSELECT ?investorId ?investorName ?liquidityScore\nWHERE {\n  ?investor a wm:Investor .\n  ?investor wm:segment ?segment .\n  FILTER(LCASE(STR(?segment)) = \""mid cap\"") .\n  ?investor wm:investorId ?investorId .\n  OPTIONAL { ?investor wm:investorName ?investorName . }\n  ?investor wm:hasPortfolioHealth ?ph .\n  ?ph wm:liquidityScore ?liquidityScore .\n  FILTER(?liquidityScore < 25) .\n}""}"
wealth_management_at_risk_critical_125_questions:ARC125-2T-027,List Mid Cap segment investors with a low diversification score below 25.,wealth_management_at_risk_critical_125_questions.csv,PIPELINE_SUCCESS,MATCH,MATCH,KG,,[],[],"[""measures.0 has no quoted requirement."", ""measures.1 has no quoted requirement."", ""measures.2 has no quoted requirement.""]","The pipeline returns the complete set of Mid Cap investors with diversification scores below 25. All investor IDs, names, and scores match the ground truth; ordering is not required.",20.41,"{""Q1"": ""PREFIX wm: <https://wealth.example.org/ontology/>\nPREFIX rdfs: <http://www.w3.org/2000/01/rdf-schema#>\nPREFIX rdf: <http://www.w3.org/1999/02/22-rdf-syntax-ns#>\nPREFIX xsd: <http://www.w3.org/2001/XMLSchema#>\n\nSELECT ?investorId ?investorName ?diversificationScore\nWHERE {\n  ?investor a wm:Investor .\n  ?investor wm:segment ?segment .\n  FILTER(LCASE(STR(?segment)) = \""mid cap\"") .\n  ?investor wm:investorId ?investorId .\n  ?investor wm:investorName ?investorName .\n  ?investor wm:hasPortfolioHealth ?ph .\n  ?ph wm:diversificationScore ?diversificationScore .\n  FILTER(?diversificationScore < 25) .\n}""}"
wealth_management_at_risk_critical_125_questions:ARC125-2T-028,List Small Cap segment investors with a high risk score above 75.,wealth_management_at_risk_critical_125_questions.csv,PIPELINE_SUCCESS,MATCH,MATCH,SQL,,[],[],[],"The pipeline returns the complete set of Small Cap investors with risk scores above 75, with matching investor IDs, names, and risk scores. The added segment column is harmless.",34.221,"{""Q1"": ""SELECT p.investor_id,\n       p.investor_name,\n       p.segment,\n       h.risk_score\nFROM ATOM_ENTITY_INVESTOR_PROFILE_001 AS p\nINNER JOIN ATOM_ENTITY_PORTFOLIO_HEALTH_001 AS h\n  ON p.investor_id = h.investor_id\nWHERE p.segment = 'Small Cap'\n  AND h.risk_score > 75;""}"
wealth_management_at_risk_critical_125_questions:ARC125-2T-029,List Small Cap segment investors with a low liquidity score below 25.,wealth_management_at_risk_critical_125_questions.csv,PIPELINE_SUCCESS,MATCH,MATCH,KG,,[],[],[],"The pipeline returns the complete set of Small Cap investors with liquidity scores below 25. All investor IDs, names, and liquidity scores match the ground truth; differing row order and numeric-string formatting are harmless.",31.257,"{""Q1"": ""PREFIX wm: <https://wealth.example.org/ontology/>\n\nSELECT ?investorId ?investorName ?liquidityScore\nWHERE {\n  ?investor a wm:Investor ;\n            wm:investorId ?investorId ;\n            wm:segment ?segment ;\n            wm:investorName ?investorName ;\n            wm:hasPortfolioHealth ?ph .\n  FILTER(LCASE(STR(?segment)) = \""small cap\"") .\n  ?ph a wm:PortfolioHealth ;\n      wm:liquidityScore ?liquidityScore .\n  FILTER(?liquidityScore < 25) .\n}""}"
wealth_management_at_risk_critical_125_questions:ARC125-2T-030,List Small Cap segment investors with a low diversification score below 25.,wealth_management_at_risk_critical_125_questions.csv,PIPELINE_SUCCESS,MATCH,MATCH,SQL,,[],[],"[""measures.0 has no quoted requirement."", ""measures.1 has no quoted requirement.""]","The pipeline returns the complete set of Small Cap investors with diversification scores below 25. Investor IDs, names, and scores match the ground truth; the additional segment column is harmless.",20.78,"{""Q1"": ""SELECT p.investor_id,\n       p.investor_name,\n       p.segment,\n       ph.diversification_score\nFROM ATOM_ENTITY_INVESTOR_PROFILE_001 AS p\nINNER JOIN ATOM_ENTITY_PORTFOLIO_HEALTH_001 AS ph\n        ON p.investor_id = ph.investor_id\nWHERE p.segment = 'Small Cap'\n  AND ph.diversification_score < 25;""}"
wealth_management_at_risk_critical_125_questions:ARC125-3T-001,"Which Aggressive investors have a risk score above 75 and hold at least one loss-making position (negative returns, counting only holdings with a recorded cost and current value)?",wealth_management_at_risk_critical_125_questions.csv,DAG_NODE_ERROR,MISMATCH,MATCH,SQL,Q1:Query_Spec_Contract,"[""aggregate_stage_contract""]","[""measures.0.aggregate_filters.0: explicit entity or final_group stage is required.""]","[""group_by.0 has no quoted requirement."", ""group_by.1 has no quoted requirement.""]",The pipeline returned a failure message instead of the required list of qualifying Aggressive investors.,26.034,"{""Q1"": """"}"
wealth_management_at_risk_critical_125_questions:ARC125-3T-003,"Which Aggressive investors have a liquidity score below 25 and hold at least one loss-making position (negative returns, counting only holdings with a recorded cost and current value)?",wealth_management_at_risk_critical_125_questions.csv,DAG_NODE_ERROR,MISMATCH,MATCH,SQL,Q1:Query_Spec_Contract,"[""aggregate_stage_contract""]","[""measures.0.aggregate_filters.0: explicit entity or final_group stage is required.""]","[""group_by.0 has no quoted requirement."", ""group_by.1 has no quoted requirement.""]","The pipeline returned no answer rows because the query failed, while the ground truth contains 35 qualifying Aggressive investors.",14.016,"{""Q1"": """"}"
wealth_management_at_risk_critical_125_questions:ARC125-3T-004,Which Aggressive investors have a liquidity score below 25 and at least one underfunded goal?,wealth_management_at_risk_critical_125_questions.csv,DAG_NODE_ERROR,MISMATCH,MATCH,KG,Q1:Query_Spec_Contract,[],"[""Duplicate output alias: investorId""]","[""group_by.0 has no quoted requirement."", ""measures.0 has no quoted requirement."", ""measures.1 has no quoted requirement.""]","The pipeline returned a failure message rather than any investor records, while the ground truth contains many qualifying Aggressive investors.",24.394,"{""Q1"": """"}"
wealth_management_at_risk_critical_125_questions:ARC125-3T-002,Which Aggressive investors have a risk score above 75 and at least one underfunded goal?,wealth_management_at_risk_critical_125_questions.csv,DAG_NODE_ERROR,MISMATCH,MATCH,SQL,Q1:Query_Spec_Contract,"[""unknown_source""]","[""Unknown source: investor"", ""Unknown base_entity: investor""]","[""group_by.0 has no quoted requirement."", ""measures.0 has no quoted requirement.""]",The pipeline returned a query failure rather than the required list of qualifying Aggressive investors.,29.743,"{""Q1"": """"}"
wealth_management_at_risk_critical_125_questions:ARC125-3T-005,"Which Aggressive investors have a diversification score below 25 and hold at least one loss-making position (negative returns, counting only holdings with a recorded cost and current value)?",wealth_management_at_risk_critical_125_questions.csv,DAG_NODE_ERROR,MISMATCH,MATCH,SQL,Q1:Query_Spec_Contract,"[""aggregate_alias_contract""]","[""measures.0.aggregate_filters.0: predicate must reference the owning measure alias.""]","[""group_by.0 has no quoted requirement."", ""group_by.1 has no quoted requirement.""]",The pipeline returned a subquery failure message rather than the required list of qualifying Aggressive investors.,20.181,"{""Q1"": """"}"
wealth_management_at_risk_critical_125_questions:ARC125-3T-006,Which Aggressive investors have a diversification score below 25 and at least one underfunded goal?,wealth_management_at_risk_critical_125_questions.csv,DAG_NODE_ERROR,MISMATCH,MATCH,SQL,Q1:Query_Spec_Contract,[],"[""Duplicate output alias: investor_id""]","[""group_by.0 has no quoted requirement."", ""measures.0 has no quoted requirement."", ""measures.1 has no quoted requirement.""]",Pipeline returned a failure message instead of the required list of qualifying Aggressive investors.,14.289,"{""Q1"": """"}"
wealth_management_at_risk_critical_125_questions:ARC125-3T-009,"Which Conservative investors have a liquidity score below 25 and hold at least one loss-making position (negative returns, counting only holdings with a recorded cost and current value)?",wealth_management_at_risk_critical_125_questions.csv,DAG_NODE_ERROR,MISMATCH,MATCH,SQL,Q1:Query_Spec_Contract,"[""aggregate_alias_contract""]","[""measures.0.aggregate_filters.0: predicate must reference the owning measure alias.""]",[],"The pipeline returned no answer rows because the query failed, while the ground truth contains 28 required investor records.",16.324,"{""Q1"": """"}"
wealth_management_at_risk_critical_125_questions:ARC125-3T-007,"Which Conservative investors have a risk score above 75 and hold at least one loss-making position (negative returns, counting only holdings with a recorded cost and current value)?",wealth_management_at_risk_critical_125_questions.csv,DAG_NODE_ERROR,MISMATCH,MATCH,KG,Q1:Query_Spec_Contract,"[""aggregate_alias_contract""]","[""measures.0.aggregate_filters.0: predicate must reference the owning measure alias.""]",[],The pipeline returned a query failure message rather than the required list of qualifying Conservative investors.,23.044,"{""Q1"": """"}"
wealth_management_at_risk_critical_125_questions:ARC125-3T-008,Which Conservative investors have a risk score above 75 and at least one underfunded goal?,wealth_management_at_risk_critical_125_questions.csv,DAG_NODE_ERROR,MISMATCH,MATCH,SQL,Q1:Query_Spec_Contract,"[""aggregate_alias_contract""]","[""measures.2.aggregate_filters.0: predicate must reference the owning measure alias.""]","[""measures.0 has no quoted requirement."", ""measures.1 has no quoted requirement.""]","The pipeline returned a query failure rather than any investor rows, while the ground truth contains many qualifying Conservative investors.",35.815,"{""Q1"": """"}"
wealth_management_at_risk_critical_125_questions:ARC125-3T-010,Which Conservative investors have a liquidity score below 25 and at least one underfunded goal?,wealth_management_at_risk_critical_125_questions.csv,PIPELINE_SUCCESS,MATCH,MATCH,KG,,[],[],"[""group_by.0 has no quoted requirement.""]",The pipeline returns exactly the required set of Conservative investors with liquidity score below 25 and at least one underfunded goal. Investor IDs and names match the ground truth; output ordering was not requested.,35.684,"{""Q1"": ""PREFIX rdf: <http://www.w3.org/1999/02/22-rdf-syntax-ns#>\nPREFIX rdfs: <http://www.w3.org/2000/01/rdf-schema#>\nPREFIX wm: <https://wealth.example.org/ontology/>\n\nSELECT ?investorId ?investorName\nWHERE {\n  ?inv rdf:type wm:Investor .\n  ?inv wm:investorId ?investorId .\n  ?inv wm:investorName ?investorName .\n\n  ?inv wm:hasRiskTolerance ?rt .\n  ?rt rdfs:label ?rtLabel .\n  FILTER(LCASE(STR(?rtLabel)) = \""conservative\"") .\n\n  ?inv wm:hasPortfolioHealth ?ph .\n  ?ph wm:liquidityScore ?liqScore .\n  FILTER(?liqScore < 25) .\n\n  {\n    SELECT ?inv (COUNT(?goal) AS ?underfunded_goal_count)\n    WHERE {\n      ?inv wm:hasInvestmentGoal ?goal .\n      ?goal wm:shortfall ?shortfall .\n      FILTER(?shortfall > 0) .\n    }\n    GROUP BY ?inv\n    HAVING (COUNT(?goal) >= 1)\n  }\n}""}"
wealth_management_at_risk_critical_125_questions:ARC125-3T-011,"Which Conservative investors have a diversification score below 25 and hold at least one loss-making position (negative returns, counting only holdings with a recorded cost and current value)?",wealth_management_at_risk_critical_125_questions.csv,PIPELINE_SUCCESS,MATCH,MATCH,SQL,,[],[],"[""group_by.0 has no quoted requirement."", ""group_by.1 has no quoted requirement.""]","The pipeline returns exactly the same 35 qualifying Conservative investors as the ground truth, with matching investor IDs and names. Ordering differs but no ordering was requested.",21.516,"{""Q1"": ""WITH loss_holding_cte AS (\n    SELECT investor_id,\n           COUNT(holding_id) AS loss_making_holding_count\n    FROM ATOM_ENTITY_PORTFOLIO_HOLDING_001\n    WHERE cost IS NOT NULL\n      AND current_value IS NOT NULL\n      AND returns_pct < 0\n    GROUP BY investor_id\n    HAVING COUNT(holding_id) > 0\n)\nSELECT ip.investor_id,\n       ip.investor_name\nFROM ATOM_ENTITY_INVESTOR_PROFILE_001 ip\nINNER JOIN ATOM_ENTITY_PORTFOLIO_HEALTH_001 ph\n        ON ip.investor_id = ph.investor_id\nINNER JOIN loss_holding_cte lh\n        ON ip.investor_id = lh.investor_id\nWHERE ip.risk_tolerance = 'Conservative'\n  AND ph.diversification_score < 25;""}"
wealth_management_at_risk_critical_125_questions:ARC125-3T-012,Which Conservative investors have a diversification score below 25 and at least one underfunded goal?,wealth_management_at_risk_critical_125_questions.csv,DAG_NODE_ERROR,MISMATCH,MATCH,SQL,Q1:Query_Spec_Contract,"[""aggregate_alias_contract""]","[""measures.0.aggregate_filters.0: predicate must reference the owning measure alias.""]","[""group_by.0 has no quoted requirement."", ""group_by.1 has no quoted requirement.""]",The pipeline returned a query failure rather than the required list of Conservative investors meeting both conditions.,24.847,"{""Q1"": """"}"
wealth_management_at_risk_critical_125_questions:ARC125-3T-014,Which Moderate investors have a risk score above 75 and at least one underfunded goal?,wealth_management_at_risk_critical_125_questions.csv,PIPELINE_SUCCESS,MATCH,MATCH,SQL,,[],[],"[""Requirement introduces unsupported terms: ['0']"", ""measures.0 has no quoted requirement."", ""measures.1 has no quoted requirement.""]",The pipeline returns the same complete set of Moderate investors with risk scores above 75 and at least one underfunded goal as the ground truth. The ordering differs but no ordering was requested.,19.434,"{""Q1"": ""SELECT DISTINCT p.investor_id,\n       p.investor_name\nFROM ATOM_ENTITY_INVESTOR_PROFILE_001 AS p\nINNER JOIN ATOM_ENTITY_PORTFOLIO_HEALTH_001 AS ph\n        ON p.investor_id = ph.investor_id\nINNER JOIN ATOM_ENTITY_INVESTMENT_GOAL_001 AS g\n        ON p.investor_id = g.investor_id\nWHERE p.risk_tolerance = 'Moderate'\n  AND ph.risk_score > 75\n  AND g.shortfall > 0;""}"
wealth_management_at_risk_critical_125_questions:ARC125-3T-015,"Which Moderate investors have a liquidity score below 25 and hold at least one loss-making position (negative returns, counting only holdings with a recorded cost and current value)?",wealth_management_at_risk_critical_125_questions.csv,DAG_NODE_ERROR,MISMATCH,MATCH,SQL,Q1:Query_Spec_Contract,"[""aggregate_alias_contract""]","[""measures.0.aggregate_filters.0: predicate must reference the owning measure alias.""]","[""group_by.0 has no quoted requirement."", ""group_by.1 has no quoted requirement.""]","The pipeline returned no answer rows because the query stage failed, while the ground truth contains 35 qualifying Moderate investors.",24.323,"{""Q1"": """"}"
wealth_management_at_risk_critical_125_questions:ARC125-3T-013,"Which Moderate investors have a risk score above 75 and hold at least one loss-making position (negative returns, counting only holdings with a recorded cost and current value)?",wealth_management_at_risk_critical_125_questions.csv,PIPELINE_SUCCESS,MATCH,MATCH,SQL,,[],[],"[""group_by.0 has no quoted requirement."", ""group_by.1 has no quoted requirement.""]",The pipeline returns exactly the same 50 qualifying investor IDs and names as the ground truth. The presentation order differs from the ground truth but no ordering was requested.,29.15,"{""Q1"": ""WITH loss_holding_counts AS (\n    SELECT investor_id,\n           COUNT(holding_id) AS loss_making_holding_count\n    FROM ATOM_ENTITY_PORTFOLIO_HOLDING_001\n    WHERE cost IS NOT NULL\n      AND current_value IS NOT NULL\n      AND returns_pct < 0\n    GROUP BY investor_id\n    HAVING COUNT(holding_id) > 0\n)\nSELECT p.investor_id,\n       p.investor_name\nFROM ATOM_ENTITY_INVESTOR_PROFILE_001 AS p\nINNER JOIN ATOM_ENTITY_PORTFOLIO_HEALTH_001 AS h\n       ON p.investor_id = h.investor_id\nINNER JOIN loss_holding_counts AS l\n       ON p.investor_id = l.investor_id\nWHERE p.risk_tolerance = 'Moderate'\n  AND h.risk_score > 75;""}"
wealth_management_at_risk_critical_125_questions:ARC125-3T-019,Which Aggressive investors have a liquidity score below 25 and an allocation above 0% in the Automobile sector?,wealth_management_at_risk_critical_125_questions.csv,PIPELINE_SUCCESS,MATCH,MATCH,SQL,,[],[],"[""measures.0 has no quoted requirement."", ""measures.1 has no quoted requirement.""]","The pipeline returns exactly the 11 investors in the ground truth, with matching investor IDs and names. Order is not specified in the question.",15.604,"{""Q1"": ""SELECT ip.investor_id, ip.investor_name\nFROM ATOM_ENTITY_INVESTOR_PROFILE_001 AS ip\nINNER JOIN ATOM_ENTITY_PORTFOLIO_HEALTH_001 AS ph ON ip.investor_id = ph.investor_id\nINNER JOIN ATOM_ENTITY_SECTOR_ALLOCATION_001 AS sa ON ip.investor_id = sa.investor_id\nWHERE ip.risk_tolerance = 'Aggressive'\n  AND ph.liquidity_score < 25\n  AND sa.sector = 'Automobile'\n  AND sa.allocation_pct > 0;""}"
wealth_management_at_risk_critical_125_questions:ARC125-3T-017,"Which Moderate investors have a diversification score below 25 and hold at least one loss-making position (negative returns, counting only holdings with a recorded cost and current value)?",wealth_management_at_risk_critical_125_questions.csv,DAG_NODE_ERROR,MISMATCH,MISMATCH,SQL,Q1:Query_Spec_Contract,"[""aggregate_alias_contract""]","[""measures.0.aggregate_filters.0: predicate must reference the owning measure alias.""]","[""group_by.0 has no quoted requirement."", ""group_by.1 has no quoted requirement.""]","The pipeline returned no answer rows due to a query failure, while the ground truth contains 39 qualifying Moderate investors.",25.457,"{""Q1"": """"}"
wealth_management_at_risk_critical_125_questions:ARC125-3T-016,Which Moderate investors have a liquidity score below 25 and at least one underfunded goal?,wealth_management_at_risk_critical_125_questions.csv,DAG_NODE_ERROR,MISMATCH,PARTIAL,KG,Q1:Query_Spec_Contract,"[""unresolved""]","[""Unresolved requirements: [{'text': 'definition of \""underfunded goal\""', 'reason': \""Schema provides a numeric field 'shortfall' but does not explicitly define the condition for an underfunded goal; the chosen filter shortfall > 0 is an assumption.\""}]""]","[""group_by.0 has no quoted requirement."", ""group_by.1 has no quoted requirement.""]",The pipeline returned a failure message rather than the required list of Moderate investors meeting both conditions.,43.778,"{""Q1"": """"}"
wealth_management_at_risk_critical_125_questions:ARC125-3T-018,Which Moderate investors have a diversification score below 25 and at least one underfunded goal?,wealth_management_at_risk_critical_125_questions.csv,PIPELINE_SUCCESS,MATCH,MISMATCH,KG,,[],[],"[""measures.0 has no quoted requirement."", ""measures.1 has no quoted requirement.""]","The pipeline returns exactly the required set of Moderate investors meeting both conditions, with matching investor IDs and names. Output ordering differs but no ordering was requested.",33.912,"{""Q1"": ""PREFIX wm: <https://wealth.example.org/ontology/>\nPREFIX rdf: <http://www.w3.org/1999/02/22-rdf-syntax-ns#>\n\nSELECT DISTINCT ?investorId ?investorName\nWHERE {\n  ?investor a wm:Investor ;\n            wm:investorId ?investorId ;\n            wm:investorName ?investorName ;\n            wm:riskTolerance \""Moderate\"" ;\n            wm:hasPortfolioHealth ?ph .\n\n  ?ph wm:diversificationScore ?divScore .\n  FILTER(?divScore < 25)\n\n  FILTER EXISTS {\n    ?goal a wm:InvestmentGoal ;\n          wm:belongsToInvestor ?investor ;\n          wm:shortfall ?sf .\n    FILTER(?sf > 0)\n  }\n}""}"
wealth_management_at_risk_critical_125_questions:ARC125-3T-021,Which Aggressive investors have a liquidity score below 25 and an allocation above 0% in the Consumer Goods sector?,wealth_management_at_risk_critical_125_questions.csv,DAG_NODE_ERROR,MISMATCH,MATCH,SQL,Q1:Query_Spec_Contract,[],"[""Duplicate output alias: investor_id"", ""Duplicate output alias: investor_name""]","[""group_by.0 has no quoted requirement."", ""group_by.1 has no quoted requirement."", ""measures.0 has no quoted requirement."", ""measures.1 has no quoted requirement.""]","Pipeline returned no answer rows due to a query failure, while the ground truth contains nine qualifying Aggressive investors.",21.268,"{""Q1"": """"}"
wealth_management_at_risk_critical_125_questions:ARC125-3T-022,Which Aggressive investors have a liquidity score below 25 and an allocation above 0% in the Corporate sector?,wealth_management_at_risk_critical_125_questions.csv,PIPELINE_SUCCESS,MATCH,MATCH,SQL,,[],[],[],"The pipeline returns exactly the nine investors in the ground truth, with matching investor IDs and names. Order is not requested.",17.437,"{""Q1"": ""SELECT p.investor_id,\n       p.investor_name\nFROM ATOM_ENTITY_INVESTOR_PROFILE_001 AS p\nINNER JOIN ATOM_ENTITY_PORTFOLIO_HEALTH_001 AS h\n        ON p.investor_id = h.investor_id\nINNER JOIN ATOM_ENTITY_SECTOR_ALLOCATION_001 AS s\n        ON p.investor_id = s.investor_id\nWHERE p.risk_tolerance = 'Aggressive'\n  AND h.liquidity_score < 25\n  AND s.sector = 'Corporate'\n  AND s.allocation_pct > 0;""}"
wealth_management_at_risk_critical_125_questions:ARC125-3T-023,Which Aggressive investors have a liquidity score below 25 and an allocation above 0% in the Financial Services sector?,wealth_management_at_risk_critical_125_questions.csv,PIPELINE_SUCCESS,MATCH,MATCH,SQL,,[],[],"[""measures.0 has no quoted requirement."", ""measures.1 has no quoted requirement.""]",The pipeline returns exactly the six investors in the ground truth; ordering is not requested.,19.572,"{""Q1"": ""SELECT p.investor_id,\n       p.investor_name\nFROM   ATOM_ENTITY_INVESTOR_PROFILE_001 AS p\nWHERE  p.risk_tolerance = 'Aggressive'\n  AND  EXISTS (SELECT 1\n               FROM   ATOM_ENTITY_PORTFOLIO_HEALTH_001 ph\n               WHERE  ph.investor_id = p.investor_id\n                 AND  ph.liquidity_score < 25)\n  AND  EXISTS (SELECT 1\n               FROM   ATOM_ENTITY_SECTOR_ALLOCATION_001 sa\n               WHERE  sa.investor_id = p.investor_id\n                 AND  sa.sector = 'Financial Services'\n                 AND  sa.allocation_pct > 0);""}"
wealth_management_at_risk_critical_125_questions:ARC125-3T-024,Which Conservative investors have a liquidity score below 25 and an allocation above 0% in the Automobile sector?,wealth_management_at_risk_critical_125_questions.csv,PIPELINE_SUCCESS,MATCH,MATCH,SQL,,[],[],"[""measures.0 has no quoted requirement."", ""measures.1 has no quoted requirement.""]",The pipeline returns exactly the four required Conservative investors with liquidity score below 25 and positive Automobile-sector allocation. Order is not specified in the question.,19.981,"{""Q1"": ""SELECT DISTINCT p.investor_id, p.investor_name\nFROM ATOM_ENTITY_INVESTOR_PROFILE_001 AS p\nINNER JOIN ATOM_ENTITY_PORTFOLIO_HEALTH_001 AS ph ON p.investor_id = ph.investor_id\nINNER JOIN ATOM_ENTITY_SECTOR_ALLOCATION_001 AS sa ON p.investor_id = sa.investor_id\nWHERE p.risk_tolerance = 'Conservative'\n  AND ph.liquidity_score < 25\n  AND sa.sector = 'Automobile'\n  AND sa.allocation_pct > 0;""}"
wealth_management_at_risk_critical_125_questions:ARC125-3T-020,Which Aggressive investors have a liquidity score below 25 and an allocation above 0% in the Banking sector?,wealth_management_at_risk_critical_125_questions.csv,PIPELINE_SUCCESS,MATCH,MATCH,KG,,[],[],"[""measures.0 has no quoted requirement."", ""measures.1 has no quoted requirement.""]","The pipeline returns exactly the 16 investors in the ground truth, with matching investor IDs and names. Order was not requested.",45.193,"{""Q1"": ""PREFIX wm: <https://wealth.example.org/ontology/>\nPREFIX rdfs: <http://www.w3.org/2000/01/rdf-schema#>\nPREFIX xsd: <http://www.w3.org/2001/XMLSchema#>\n\nSELECT DISTINCT ?investorId ?investorName\nWHERE {\n  ?investor a wm:Investor .\n  ?investor wm:investorId ?investorId .\n  ?investor wm:investorName ?investorName .\n  ?investor wm:riskTolerance ?riskTol .\n  FILTER(LCASE(STR(?riskTol)) = \""aggressive\"") .\n  \n  ?investor wm:hasPortfolioHealth ?ph .\n  ?ph wm:liquidityScore ?liqScore .\n  FILTER(?liqScore < 25) .\n  \n  ?investor wm:hasSectorAllocation ?sa .\n  ?sa wm:sector ?sector .\n  FILTER(LCASE(STR(?sector)) = \""banking\"") .\n  ?sa wm:allocationPct ?allocPct .\n  FILTER(?allocPct > 0) .\n}""}"
wealth_management_at_risk_critical_125_questions:ARC125-3T-025,Which Conservative investors have a liquidity score below 25 and an allocation above 0% in the Banking sector?,wealth_management_at_risk_critical_125_questions.csv,PIPELINE_SUCCESS,MATCH,MATCH,KG,,[],[],"[""group_by.0 has no quoted requirement."", ""measures.0 has no quoted requirement."", ""measures.1 has no quoted requirement."", ""measures.2 has no quoted requirement.""]",The pipeline returns exactly the three Conservative investors meeting the liquidity-score and Banking-allocation conditions.,31.582,"{""Q1"": ""PREFIX wm: <https://wealth.example.org/ontology/>\nPREFIX rdfs: <http://www.w3.org/2000/01/rdf-schema#>\nPREFIX xsd: <http://www.w3.org/2001/XMLSchema#>\n\nSELECT ?investorId ?investorName ?liquidityScore ?allocationPct\nWHERE {\n  ?investor a wm:Investor ;\n            wm:investorId ?investorId ;\n            wm:investorName ?investorName ;\n            wm:riskTolerance \""Conservative\"" ;\n            wm:hasPortfolioHealth ?ph ;\n            wm:hasSectorAllocation ?sa .\n\n  ?ph wm:liquidityScore ?liquidityScore .\n  FILTER(?liquidityScore < 25) .\n\n  ?sa wm:sector \""Banking\"" ;\n      wm:allocationPct ?allocationPct .\n  FILTER(?allocationPct > 0) .\n}\nGROUP BY ?investorId ?investorName ?liquidityScore ?allocationPct""}"
wealth_management_at_risk_critical_125_questions:ARC125-3T-026,Which Conservative investors have a liquidity score below 25 and an allocation above 0% in the Consumer Goods sector?,wealth_management_at_risk_critical_125_questions.csv,PIPELINE_SUCCESS,MATCH,MATCH,SQL,,[],[],"[""measures.0 has no quoted requirement."", ""measures.1 has no quoted requirement.""]",The pipeline returns exactly the six required Conservative investors with liquidity scores below 25 and positive Consumer Goods allocations. Order differs from the ground truth but no ordering was requested.,23.388,"{""Q1"": ""SELECT DISTINCT p.investor_id, p.investor_name\nFROM ATOM_ENTITY_INVESTOR_PROFILE_001 p\nINNER JOIN ATOM_ENTITY_PORTFOLIO_HEALTH_001 ph ON p.investor_id = ph.investor_id\nINNER JOIN ATOM_ENTITY_SECTOR_ALLOCATION_001 sa ON p.investor_id = sa.investor_id\nWHERE p.risk_tolerance = 'Conservative'\n  AND ph.liquidity_score < 25\n  AND sa.sector = 'Consumer Goods'\n  AND sa.allocation_pct > 0;""}"
wealth_management_at_risk_critical_125_questions:ARC125-3T-028,Which Conservative investors have a liquidity score below 25 and an allocation above 0% in the Financial Services sector?,wealth_management_at_risk_critical_125_questions.csv,PIPELINE_SUCCESS,MATCH,MATCH,SQL,,[],[],[],"The pipeline returns exactly the 10 investors in the ground truth, with matching investor IDs and names. Ordering is not specified in the question.",26.472,"{""Q1"": ""SELECT p.investor_id,\n       p.investor_name\nFROM ATOM_ENTITY_INVESTOR_PROFILE_001 AS p\nINNER JOIN ATOM_ENTITY_PORTFOLIO_HEALTH_001 AS ph ON p.investor_id = ph.investor_id\nINNER JOIN ATOM_ENTITY_SECTOR_ALLOCATION_001 AS sa ON p.investor_id = sa.investor_id\nWHERE p.risk_tolerance = 'Conservative'\n  AND ph.liquidity_score < 25\n  AND sa.sector = 'Financial Services'\n  AND sa.allocation_pct > 0;""}"
wealth_management_at_risk_critical_125_questions:ARC125-3T-030,Which Moderate investors have a liquidity score below 25 and an allocation above 0% in the Banking sector?,wealth_management_at_risk_critical_125_questions.csv,PIPELINE_SUCCESS,MATCH,MISMATCH,SQL,,[],[],"[""group_by.0 has no quoted requirement."", ""group_by.1 has no quoted requirement.""]",The pipeline returns exactly the eight Moderate investors satisfying the liquidity-score and Banking-allocation conditions. All required investor IDs and names are present; ordering differs but was not requested.,15.362,"{""Q1"": ""SELECT DISTINCT p.investor_id,\n                p.investor_name\nFROM ATOM_ENTITY_INVESTOR_PROFILE_001 AS p\nINNER JOIN ATOM_ENTITY_PORTFOLIO_HEALTH_001 AS ph\n        ON p.investor_id = ph.investor_id\nINNER JOIN ATOM_ENTITY_SECTOR_ALLOCATION_001 AS sa\n        ON p.investor_id = sa.investor_id\nWHERE p.risk_tolerance = 'Moderate'\n  AND ph.liquidity_score < 25\n  AND sa.sector = 'Banking'\n  AND sa.allocation_pct > 0;""}"
wealth_management_at_risk_critical_125_questions:ARC125-3T-029,Which Moderate investors have a liquidity score below 25 and an allocation above 0% in the Automobile sector?,wealth_management_at_risk_critical_125_questions.csv,PIPELINE_SUCCESS,MATCH,MATCH,SQL,,[],[],"[""measures.0 has no quoted requirement."", ""measures.1 has no quoted requirement.""]",The pipeline returns exactly the eight Moderate investors in the ground truth with liquidity score below 25 and positive Automobile-sector allocation. Order differs but no ordering was requested.,40.541,"{""Q1"": ""SELECT ip.investor_id,\n       ip.investor_name\nFROM ATOM_ENTITY_INVESTOR_PROFILE_001 AS ip\nWHERE ip.risk_tolerance = 'Moderate'\n  AND EXISTS (\n        SELECT 1\n        FROM ATOM_ENTITY_PORTFOLIO_HEALTH_001 AS ph\n        WHERE ph.investor_id = ip.investor_id\n          AND ph.liquidity_score < 25\n      )\n  AND EXISTS (\n        SELECT 1\n        FROM ATOM_ENTITY_SECTOR_ALLOCATION_001 AS sa\n        WHERE sa.investor_id = ip.investor_id\n          AND sa.sector = 'Automobile'\n          AND sa.allocation_pct > 0\n      );""}"
wealth_management_at_risk_critical_125_questions:ARC125-3T-027,Which Conservative investors have a liquidity score below 25 and an allocation above 0% in the Corporate sector?,wealth_management_at_risk_critical_125_questions.csv,PIPELINE_SUCCESS,MATCH,MATCH,KG,,[],[],[],"The pipeline returns exactly the 10 Conservative investors satisfying the liquidity-score and Corporate-sector allocation filters, with matching IDs and names. Order was not requested.",64.517,"{""Q1"": ""PREFIX wm: <https://wealth.example.org/ontology/>\nPREFIX rdfs: <http://www.w3.org/2000/01/rdf-schema#>\nPREFIX xsd: <http://www.w3.org/2001/XMLSchema#>\n\nSELECT DISTINCT ?investorId ?investorName\nWHERE {\n  ?investor a wm:Investor .\n  ?investor wm:investorId ?investorId .\n  ?investor wm:investorName ?investorName .\n  ?investor wm:riskTolerance \""Conservative\"" .\n  ?investor wm:hasPortfolioHealth ?ph .\n  ?ph wm:liquidityScore ?liq .\n  FILTER(?liq < 25) .\n  ?investor wm:hasSectorAllocation ?sa .\n  ?sa wm:sector \""Corporate\"" .\n  ?sa wm:allocationPct ?alloc .\n  FILTER(?alloc > 0) .\n}""}"
wealth_management_at_risk_critical_125_questions:ARC125-4T-001,"Which Aggressive investors have a risk score above 75, hold a loss-making position (counting only holdings with a recorded cost and current value), and have an underfunded goal?",wealth_management_at_risk_critical_125_questions.csv,DAG_NODE_ERROR,MISMATCH,MISMATCH,SQL,Q1:Query_Spec_Contract,"[""derived_operand_misclassified"", ""aggregate_alias_contract"", ""invalid_operand_kind""]","[""measures.0: unknown or self-referencing formula operand 'current_value'."", ""measures.0: unknown or self-referencing formula operand 'cost'."", ""measures.0: operand_kind must be physical or aliases."", ""measures.0.aggregate_filters.0: predicate must reference the owning measure alias.""]","[""group_by.0 has no quoted requirement."", ""group_by.1 has no quoted requirement.""]","The pipeline returned no investor rows because the query failed, while the ground truth contains 45 qualifying Aggressive investors.",41.369,"{""Q1"": """"}"
wealth_management_at_risk_critical_125_questions:ARC125-4T-002,"Which Aggressive investors have a liquidity score below 25, an underfunded goal, and a loss-making holding (counting only holdings with a recorded cost and current value)?",wealth_management_at_risk_critical_125_questions.csv,DAG_NODE_ERROR,MISMATCH,MISMATCH,KG,Q1:Query_Spec_Contract,"[""unresolved""]","[""Unresolved requirements: [{'text': 'loss\u2011making holding condition (holding where currentValue < cost and both values are present)', 'reason': 'requires a comparison between two fields (currentValue and cost) which is not expressible as a simple filter in the current schema representation.'}, {'text': 'definition of \""underfunded goal\"" \u2013 assumed as shortfall > 0, but the schema also provides goalMatchPct; if a different definition is intended this remains ambiguous.', 'reason': 'potential ambiguity in the meaning of \""underfunded\"".'}]""]","[""Requirement has no implementation: loss\u2011making holding (counting only holdings with a recorded cost and current value)"", ""group_by.0 has no quoted requirement."", ""group_by.1 has no quoted requirement.""]","The pipeline returned no answer rows because the query failed, while the ground truth contains 35 qualifying Aggressive investors.",53.863,"{""Q1"": """"}"
wealth_management_at_risk_critical_125_questions:ARC125-4T-004,"Which Conservative investors have a liquidity score below 25, an underfunded goal, and a loss-making holding (counting only holdings with a recorded cost and current value)?",wealth_management_at_risk_critical_125_questions.csv,DAG_NODE_ERROR,MISMATCH,MISMATCH,SQL,Q1:Query_Spec_Contract,"[""aggregate_stage_contract""]","[""measures.0.aggregate_filters.0: explicit entity or final_group stage is required.""]","[""group_by.0 has no quoted requirement."", ""group_by.1 has no quoted requirement.""]",The pipeline returned a failure message instead of the required list of qualifying Conservative investors.,50.407,"{""Q1"": """"}"
wealth_management_at_risk_critical_125_questions:ARC125-4T-003,"Which Conservative investors have a risk score above 75, hold a loss-making position (counting only holdings with a recorded cost and current value), and have an underfunded goal?",wealth_management_at_risk_critical_125_questions.csv,PIPELINE_SUCCESS,MATCH,MATCH,SQL,,[],[],"[""group_by.0 has no quoted requirement."", ""group_by.1 has no quoted requirement.""]","The pipeline returns exactly the same set of 45 qualifying Conservative investors and corresponding names as the ground truth. Ordering differs, but the question does not require an order.",61.921,"{""Q1"": ""WITH loss_holding AS (\n    SELECT investor_id,\n           COUNT(holding_id) AS loss_holding_count\n    FROM ATOM_ENTITY_PORTFOLIO_HOLDING_001\n    WHERE cost IS NOT NULL\n      AND current_value IS NOT NULL\n      AND current_value < cost\n    GROUP BY investor_id\n    HAVING COUNT(holding_id) > 0\n),\nunderfunded_goals AS (\n    SELECT DISTINCT investor_id\n    FROM ATOM_ENTITY_INVESTMENT_GOAL_001\n    WHERE shortfall > 0\n)\nSELECT p.investor_id,\n       p.investor_name\nFROM ATOM_ENTITY_INVESTOR_PROFILE_001 p\nINNER JOIN ATOM_ENTITY_PORTFOLIO_HEALTH_001 h\n        ON p.investor_id = h.investor_id\nINNER JOIN loss_holding lh\n        ON p.investor_id = lh.investor_id\nINNER JOIN underfunded_goals g\n        ON p.investor_id = g.investor_id\nWHERE p.risk_tolerance = 'Conservative'\n  AND h.risk_score > 75;""}"
wealth_management_at_risk_critical_125_questions:ARC125-4T-006,"Which Moderate investors have a liquidity score below 25, an underfunded goal, and a loss-making holding (counting only holdings with a recorded cost and current value)?",wealth_management_at_risk_critical_125_questions.csv,DAG_NODE_ERROR,MISMATCH,MISMATCH,KG,Q1:Query_Spec_Contract,"[""unresolved""]","[""Unresolved requirements: [{'text': 'loss\u2011making holding condition: holding where currentValue < cost', 'reason': 'Requires a comparison between two fields (currentValue and cost) which is not expressible with the allowed simple filter operators.'}]""]",[],"The pipeline returned no investor rows due to a query failure, while the ground truth contains 35 qualifying Moderate investors.",35.905,"{""Q1"": """"}"
wealth_management_at_risk_critical_125_questions:ARC125-4T-008,"Which Aggressive investors have a risk score above 75, an underfunded goal, and a 'Asset Reallocation' rebalancing action?",wealth_management_at_risk_critical_125_questions.csv,DAG_NODE_ERROR,MISMATCH,MATCH,SQL,Q1:Query_Spec_Contract,"[""unknown_source""]","[""Unknown source: investor"", ""Unknown base_entity: investor""]","[""measures.0 has no quoted requirement."", ""measures.1 has no quoted requirement.""]","The pipeline returned a query failure message instead of investor rows, while the ground truth contains 18 matching Aggressive investors.",21.767,"{""Q1"": """"}"
wealth_management_at_risk_critical_125_questions:ARC125-4T-005,"Which Moderate investors have a risk score above 75, hold a loss-making position (counting only holdings with a recorded cost and current value), and have an underfunded goal?",wealth_management_at_risk_critical_125_questions.csv,PIPELINE_SUCCESS,MATCH,MATCH,KG,,[],[],[],"The distinct investor IDs and names in the pipeline output exactly match the ground-truth set. Repeated rows do not introduce any incorrect investor entities, and the additional loss_holding_count field is harmless because the question only asks which investors qualify.",72.952,"{""Q1"": ""PREFIX wm: <https://wealth.example.org/ontology/>\nPREFIX rdf: <http://www.w3.org/1999/02/22-rdf-syntax-ns#>\nPREFIX rdfs: <http://www.w3.org/2000/01/rdf-schema#>\nPREFIX xsd: <http://www.w3.org/2001/XMLSchema#>\n\nSELECT ?investorId ?investorName ?loss_holding_count\nWHERE {\n  {\n    SELECT ?investor ?investorId ?investorName\n    WHERE {\n      ?investor rdf:type wm:Investor ;\n                wm:investorId ?investorId ;\n                wm:investorName ?investorName ;\n                wm:riskTolerance ?riskTol .\n      FILTER(LCASE(STR(?riskTol)) = \""moderate\"")\n    }\n  }\n  {\n    SELECT ?investor (MAX(?riskScore) AS ?riskScore)\n    WHERE {\n      ?ph rdf:type wm:PortfolioHealth ;\n          wm:healthOfInvestor ?investor ;\n          wm:riskScore ?riskScore .\n    }\n    GROUP BY ?investor\n    HAVING (xsd:decimal(?riskScore) > 75)\n  }\n  {\n    SELECT ?investor (MAX(?shortfall) AS ?shortfall)\n    WHERE {\n      ?goal rdf:type wm:InvestmentGoal ;\n            wm:belongsToInvestor ?investor ;\n            wm:shortfall ?shortfall .\n    }\n    GROUP BY ?investor\n    HAVING (xsd:decimal(?shortfall) > 0)\n  }\n  {\n    SELECT ?investor (COUNT(?holding) AS ?loss_holding_count)\n    WHERE {\n      ?holding rdf:type wm:PortfolioHolding ;\n               wm:heldByInvestor ?investor ;\n               wm:cost ?cost ;\n               wm:currentValue ?curr .\n      FILTER(xsd:decimal(?curr) < xsd:decimal(?cost))\n    }\n    GROUP BY ?investor\n    HAVING (COUNT(?holding) > 0)\n  }\n}""}"
wealth_management_at_risk_critical_125_questions:ARC125-4T-007,"Which Aggressive investors have a risk score above 75, an underfunded goal, and a 'Aggressive Entry' rebalancing action?",wealth_management_at_risk_critical_125_questions.csv,PIPELINE_SUCCESS,MATCH,MATCH,KG,,[],[],"[""measures.0 has no quoted requirement."", ""measures.1 has no quoted requirement.""]","The pipeline returns exactly the 19 investors in the ground truth, with matching investor IDs and names. Ordering differs but the question does not require a particular order.",34.814,"{""Q1"": ""PREFIX wm: <https://wealth.example.org/ontology/>\nPREFIX rdfs: <http://www.w3.org/2000/01/rdf-schema#>\nPREFIX xsd: <http://www.w3.org/2001/XMLSchema#>\n\nSELECT DISTINCT ?investorId ?investorName\nWHERE {\n  ?inv a wm:Investor .\n  ?inv wm:investorId ?investorId .\n  ?inv wm:investorName ?investorName .\n  ?inv wm:riskTolerance ?riskTol .\n  FILTER(LCASE(STR(?riskTol)) = \""aggressive\"") .\n\n  ?ph a wm:PortfolioHealth .\n  ?ph wm:investorId ?investorId .\n  ?ph wm:riskScore ?riskScore .\n  FILTER(?riskScore > 75) .\n\n  ?goal a wm:InvestmentGoal .\n  ?goal wm:investorId ?investorId .\n  ?goal wm:shortfall ?shortfall .\n  FILTER(?shortfall > 0) .\n\n  ?ra a wm:RebalancingAction .\n  ?ra wm:investorId ?investorId .\n  ?ra wm:action ?raAction .\n  FILTER(LCASE(STR(?raAction)) = \""aggressive entry\"") .\n}""}"
wealth_management_at_risk_critical_125_questions:ARC125-4T-009,"Which Aggressive investors have a risk score above 75, an underfunded goal, and a 'Buy' rebalancing action?",wealth_management_at_risk_critical_125_questions.csv,PIPELINE_SUCCESS,MATCH,MATCH,KG,,[],[],"[""measures.0 has no quoted requirement."", ""measures.1 has no quoted requirement.""]","The pipeline returns exactly the 19 investors in the ground truth, with matching investor IDs and names. Ordering was not requested.",39.366,"{""Q1"": ""PREFIX wm: <https://wealth.example.org/ontology/>\nPREFIX rdfs: <http://www.w3.org/2000/01/rdf-schema#>\nPREFIX xsd: <http://www.w3.org/2001/XMLSchema#>\n\nSELECT DISTINCT ?investorId ?investorName\nWHERE {\n  ?investor a wm:Investor ;\n            wm:investorId ?investorId ;\n            wm:investorName ?investorName ;\n            wm:riskTolerance ?riskTol ;\n            wm:hasPortfolioHealth ?ph ;\n            wm:hasInvestmentGoal ?ig ;\n            wm:hasRebalancingAction ?ra .\n  FILTER(LCASE(STR(?riskTol)) = \""aggressive\"")\n  ?ph wm:riskScore ?riskScore .\n  FILTER(xsd:decimal(?riskScore) > 75)\n  ?ig wm:shortfall ?shortfall .\n  FILTER(xsd:decimal(?shortfall) > 0)\n  ?ra wm:action ?action .\n  FILTER(LCASE(STR(?action)) = \""buy\"")\n}""}"
wealth_management_at_risk_critical_125_questions:ARC125-4T-012,"Which Conservative investors have a risk score above 75, an underfunded goal, and a 'Asset Reallocation' rebalancing action?",wealth_management_at_risk_critical_125_questions.csv,PIPELINE_SUCCESS,MATCH,MATCH,SQL,,[],[],"[""measures.0 has no quoted requirement."", ""measures.1 has no quoted requirement.""]","The pipeline returns exactly the 21 investors in the ground truth, with matching investor IDs and names. The ordering differs but the question requests an entity set rather than a specified order.",12.725,"{""Q1"": ""SELECT DISTINCT p.investor_id, p.investor_name\nFROM ATOM_ENTITY_INVESTOR_PROFILE_001 AS p\nINNER JOIN ATOM_ENTITY_PORTFOLIO_HEALTH_001 AS ph ON ph.investor_id = p.investor_id\nINNER JOIN ATOM_ENTITY_INVESTMENT_GOAL_001 AS g ON g.investor_id = p.investor_id\nINNER JOIN ATOM_EVENT_REBALANCING_ACTION_001 AS r ON r.investor_id = p.investor_id\nWHERE p.risk_tolerance = 'Conservative'\n  AND ph.risk_score > 75\n  AND g.shortfall > 0\n  AND r.action = 'Asset Reallocation';""}"
wealth_management_at_risk_critical_125_questions:ARC125-4T-011,"Which Conservative investors have a risk score above 75, an underfunded goal, and a 'Aggressive Entry' rebalancing action?",wealth_management_at_risk_critical_125_questions.csv,DAG_NODE_ERROR,MISMATCH,MATCH,SQL,Q1:Query_Spec_Contract,"[""empty_output_schema""]","[""Query_Spec could not be parsed."", ""output_schema must contain named output columns.""]","[""Every subquery needs a requirement ledger.""]","Pipeline returned no answer rows due to a subquery failure, while the ground truth contains 19 required investors.",28.467,"{""Q1"": """"}"
wealth_management_at_risk_critical_125_questions:ARC125-4T-014,"Which Conservative investors have a risk score above 75, an underfunded goal, and a 'Cash Deployment' rebalancing action?",wealth_management_at_risk_critical_125_questions.csv,PIPELINE_SUCCESS,MATCH,MATCH,KG,,[],[],"[""measures.0 has no quoted requirement."", ""measures.1 has no quoted requirement.""]","The pipeline returns exactly the 18 investors in the ground truth, with matching investor IDs and names. Ordering was not requested.",21.467,"{""Q1"": ""PREFIX wm: <https://wealth.example.org/ontology/>\nPREFIX rdfs: <http://www.w3.org/2000/01/rdf-schema#>\nPREFIX xsd: <http://www.w3.org/2001/XMLSchema#>\n\nSELECT DISTINCT ?investorId ?investorName\nWHERE {\n  ?investor a wm:Investor .\n  ?investor wm:investorId ?investorId .\n  ?investor wm:investorName ?investorName .\n  ?investor wm:riskTolerance ?riskTol .\n  FILTER(LCASE(STR(?riskTol)) = \""conservative\"") .\n  \n  ?investor wm:hasPortfolioHealth ?ph .\n  ?ph wm:riskScore ?riskScore .\n  FILTER(xsd:decimal(?riskScore) > 75) .\n  \n  ?investor wm:hasInvestmentGoal ?ig .\n  ?ig wm:shortfall ?shortfall .\n  FILTER(xsd:decimal(?shortfall) > 0) .\n  \n  ?investor wm:hasRebalancingAction ?ra .\n  ?ra wm:action ?action .\n  FILTER(LCASE(STR(?action)) = \""cash deployment\"") .\n}""}"
wealth_management_at_risk_critical_125_questions:ARC125-4T-013,"Which Conservative investors have a risk score above 75, an underfunded goal, and a 'Buy' rebalancing action?",wealth_management_at_risk_critical_125_questions.csv,PIPELINE_SUCCESS,MATCH,MATCH,SQL,,[],[],"[""group_by.0 has no quoted requirement."", ""group_by.1 has no quoted requirement.""]","The pipeline returns exactly the 20 investors in the ground truth, with matching investor IDs and names. The row order differs but no ordering was requested.",28.797,"{""Q1"": ""SELECT DISTINCT ip.investor_id,\n                ip.investor_name\nFROM ATOM_ENTITY_INVESTOR_PROFILE_001 ip\nINNER JOIN ATOM_ENTITY_PORTFOLIO_HEALTH_001 ph\n        ON ip.investor_id = ph.investor_id\n       AND ph.risk_score > 75\nINNER JOIN ATOM_ENTITY_INVESTMENT_GOAL_001 ig\n        ON ip.investor_id = ig.investor_id\n       AND ig.shortfall > 0\nINNER JOIN ATOM_EVENT_REBALANCING_ACTION_001 ra\n        ON ip.investor_id = ra.investor_id\n       AND ra.action = 'Buy'\nWHERE ip.risk_tolerance = 'Conservative';""}"
wealth_management_at_risk_critical_125_questions:ARC125-4T-010,"Which Aggressive investors have a risk score above 75, an underfunded goal, and a 'Cash Deployment' rebalancing action?",wealth_management_at_risk_critical_125_questions.csv,PIPELINE_SUCCESS,MATCH,MATCH,KG,,[],[],"[""measures.0 has no quoted requirement."", ""measures.1 has no quoted requirement.""]","The pipeline returns exactly the 24 investors in the ground truth, with matching investor IDs and names. Order is not specified by the question.",57.339,"{""Q1"": ""PREFIX wm: <https://wealth.example.org/ontology/>\nPREFIX rdf: <http://www.w3.org/1999/02/22-rdf-syntax-ns#>\n\nSELECT DISTINCT ?investorId ?investorName\nWHERE {\n  ?inv a wm:Investor ;\n       wm:investorId ?investorId ;\n       wm:riskTolerance \""Aggressive\"" ;\n       wm:hasPortfolioHealth ?ph ;\n       wm:hasInvestmentGoal ?goal ;\n       wm:hasRebalancingAction ?ra ;\n       wm:investorName ?investorName .\n\n  ?ph wm:riskScore ?riskScore .\n  FILTER(?riskScore > 75)\n\n  ?goal wm:shortfall ?shortfall .\n  FILTER(?shortfall > 0)\n\n  ?ra wm:action \""Cash Deployment\"" .\n}""}"
wealth_management_at_risk_critical_125_questions:ARC125-4T-015,"Which Moderate investors have a risk score above 75, an underfunded goal, and a 'Aggressive Entry' rebalancing action?",wealth_management_at_risk_critical_125_questions.csv,DAG_NODE_ERROR,MISMATCH,MATCH,SQL,Q1:Query_Spec_Contract,"[""unknown_source""]","[""Unknown source: investor"", ""Unknown base_entity: investor""]","[""measures.0 has no quoted requirement."", ""measures.1 has no quoted requirement.""]","Pipeline returned no answer rows due to a subquery failure, while the ground truth contains 20 required investors.",26.951,"{""Q1"": """"}"
wealth_management_at_risk_critical_125_questions:ARC125-4T-016,"Which Moderate investors have a risk score above 75, an underfunded goal, and a 'Asset Reallocation' rebalancing action?",wealth_management_at_risk_critical_125_questions.csv,PIPELINE_SUCCESS,MATCH,MATCH,KG,,[],[],[],"The pipeline returns exactly the 15 investors in the ground truth, with matching investor IDs and names. Ordering was not requested.",25.737,"{""Q1"": ""PREFIX wm: <https://wealth.example.org/ontology/>\nPREFIX rdf: <http://www.w3.org/1999/02/22-rdf-syntax-ns#>\nPREFIX rdfs: <http://www.w3.org/2000/01/rdf-schema#>\nPREFIX xsd: <http://www.w3.org/2001/XMLSchema#>\n\nSELECT DISTINCT ?investorId ?investorName\nWHERE {\n  ?inv a wm:Investor .\n  ?inv wm:investorId ?investorId .\n  ?inv wm:investorName ?investorName .\n  ?inv wm:riskTolerance \""Moderate\"" .\n  ?inv wm:hasPortfolioHealth ?ph .\n  ?ph wm:riskScore ?riskScore .\n  FILTER(?riskScore > 75) .\n  ?inv wm:hasInvestmentGoal ?goal .\n  ?goal wm:shortfall ?shortfall .\n  FILTER(?shortfall > 0) .\n  ?inv wm:hasRebalancingAction ?ra .\n  ?ra wm:action \""Asset Reallocation\"" .\n}""}"
wealth_management_at_risk_critical_125_questions:ARC125-4T-017,"Which Moderate investors have a risk score above 75, an underfunded goal, and a 'Buy' rebalancing action?",wealth_management_at_risk_critical_125_questions.csv,PIPELINE_SUCCESS,MATCH,MATCH,SQL,,[],[],"[""measures.0 has no quoted requirement."", ""measures.1 has no quoted requirement.""]","The pipeline returns exactly the 16 investors in the ground truth, with matching investor IDs and names. The ordering differs but the question requests an entity list without a specified order.",29.794,"{""Q1"": ""SELECT DISTINCT ip.investor_id,\n       ip.investor_name\nFROM ATOM_ENTITY_INVESTOR_PROFILE_001 ip\nINNER JOIN ATOM_ENTITY_PORTFOLIO_HEALTH_001 ph ON ip.investor_id = ph.investor_id\nINNER JOIN ATOM_ENTITY_INVESTMENT_GOAL_001 ig ON ip.investor_id = ig.investor_id\nINNER JOIN ATOM_EVENT_REBALANCING_ACTION_001 ra ON ip.investor_id = ra.investor_id\nWHERE ip.risk_tolerance = 'Moderate'\n  AND ph.risk_score > 75\n  AND ig.shortfall > 0\n  AND ra.action = 'Buy';""}"
wealth_management_at_risk_critical_125_questions:ARC125-4T-018,"Which Moderate investors have a risk score above 75, an underfunded goal, and a 'Cash Deployment' rebalancing action?",wealth_management_at_risk_critical_125_questions.csv,PIPELINE_SUCCESS,MATCH,MATCH,KG,,[],[],"[""measures.0 has no quoted requirement."", ""measures.1 has no quoted requirement.""]","The pipeline returns exactly the 10 required Moderate investors satisfying all specified conditions, with matching investor IDs and names. Order is not requested.",34.375,"{""Q1"": ""PREFIX wm: <https://wealth.example.org/ontology/>\nPREFIX rdfs: <http://www.w3.org/2000/01/rdf-schema#>\nPREFIX xsd: <http://www.w3.org/2001/XMLSchema#>\n\nSELECT DISTINCT ?investorId ?investorName\nWHERE {\n  ?investor a wm:Investor .\n  ?investor wm:investorId ?investorId .\n  ?investor wm:investorName ?investorName .\n  ?investor wm:riskTolerance ?rt .\n  FILTER(LCASE(STR(?rt)) = \""moderate\"") .\n  \n  ?investor wm:hasPortfolioHealth ?ph .\n  ?ph wm:riskScore ?riskScore .\n  FILTER(?riskScore > 75) .\n  \n  ?investor wm:hasInvestmentGoal ?ig .\n  ?ig wm:shortfall ?shortfall .\n  FILTER(?shortfall > 0) .\n  \n  ?investor wm:hasRebalancingAction ?ra .\n  ?ra wm:action ?action .\n  FILTER(LCASE(STR(?action)) = \""cash deployment\"") .\n}""}"
wealth_management_at_risk_critical_125_questions:ARC125-4T-021,"Which Aggressive investors have a diversification score below 25, a loss-making holding (counting only holdings with a recorded cost and current value), and an allocation above 0% in the Consumer Goods sector?",wealth_management_at_risk_critical_125_questions.csv,DAG_NODE_ERROR,MISMATCH,MATCH,SQL,Q1:Query_Spec_Contract,"[""aggregate_alias_contract""]","[""measures.0.aggregate_filters.0: predicate must reference the owning measure alias.""]",[],The pipeline returned a query failure message instead of the required list of qualifying Aggressive investors.,18.059,"{""Q1"": """"}"
wealth_management_at_risk_critical_125_questions:ARC125-4T-019,"Which Aggressive investors have a diversification score below 25, a loss-making holding (counting only holdings with a recorded cost and current value), and an allocation above 0% in the Automobile sector?",wealth_management_at_risk_critical_125_questions.csv,DAG_NODE_ERROR,MISMATCH,MISMATCH,SQL,Q1:Query_Spec_Contract,"[""aggregate_stage_contract""]","[""measures.0.aggregate_filters.0: explicit entity or final_group stage is required."", ""measures.1.aggregate_filters.0: explicit entity or final_group stage is required.""]","[""group_by.0 has no quoted requirement."", ""group_by.1 has no quoted requirement.""]","The pipeline returned no investor rows due to a query failure, while the ground truth requires two qualifying Aggressive investors.",47.154,"{""Q1"": """"}"
wealth_management_at_risk_critical_125_questions:ARC125-4T-023,"Which Conservative investors have a diversification score below 25, a loss-making holding (counting only holdings with a recorded cost and current value), and an allocation above 0% in the Automobile sector?",wealth_management_at_risk_critical_125_questions.csv,DAG_NODE_ERROR,MISMATCH,MATCH,SQL,Q1:Query_Spec_Contract,"[""aggregate_alias_contract""]","[""measures.0.aggregate_filters.0: predicate must reference the owning measure alias.""]","[""group_by.0 has no quoted requirement."", ""group_by.1 has no quoted requirement.""]",The pipeline returned a query failure message rather than the required list of qualifying Conservative investors.,26.483,"{""Q1"": """"}"
wealth_management_at_risk_critical_125_questions:ARC125-4T-022,"Which Aggressive investors have a diversification score below 25, a loss-making holding (counting only holdings with a recorded cost and current value), and an allocation above 0% in the Corporate sector?",wealth_management_at_risk_critical_125_questions.csv,DAG_NODE_ERROR,MISMATCH,MATCH,KG,Q1:Query_Spec_Contract,"[""unresolved""]","[""Unresolved requirements: [{'text': 'loss\u2011making holding condition (currentValue < cost with both fields non\u2011null)', 'reason': 'The schema provides numeric fields cost and currentValue, but the query requires a row\u2011level comparison between two columns, which cannot be expressed with the simple filter syntax supported in the plan.'}]""]","[""Requirement has no implementation: a loss\u2011making holding (counting only holdings with a recorded cost and current value)"", ""group_by.0 has no quoted requirement.""]","Pipeline returned a failure message and no investor rows, while the ground truth requires four Aggressive investors meeting all conditions.",34.235,"{""Q1"": """"}"
wealth_management_at_risk_critical_125_questions:ARC125-4T-020,"Which Aggressive investors have a diversification score below 25, a loss-making holding (counting only holdings with a recorded cost and current value), and an allocation above 0% in the Banking sector?",wealth_management_at_risk_critical_125_questions.csv,PIPELINE_SUCCESS,MATCH,MISMATCH,SQL,,[],[],"[""group_by.0 has no quoted requirement."", ""group_by.1 has no quoted requirement.""]","The pipeline returns exactly the three investors required by the question, with matching investor IDs and names.",60.088,"{""Q1"": ""WITH loss_holding AS (\n    SELECT investor_id,\n           COUNT(holding_id) AS loss_holding_count\n    FROM ATOM_ENTITY_PORTFOLIO_HOLDING_001\n    WHERE cost IS NOT NULL\n      AND current_value IS NOT NULL\n      AND current_value < cost\n    GROUP BY investor_id\n),\nbanking_alloc AS (\n    SELECT investor_id,\n           SUM(allocation_pct) AS banking_allocation_pct\n    FROM ATOM_ENTITY_SECTOR_ALLOCATION_001\n    WHERE sector = 'Banking'\n    GROUP BY investor_id\n),\nportfolio_health AS (\n    SELECT investor_id,\n           diversification_score\n    FROM ATOM_ENTITY_PORTFOLIO_HEALTH_001\n    WHERE diversification_score < 25\n)\nSELECT ip.investor_id,\n       ip.investor_name\nFROM ATOM_ENTITY_INVESTOR_PROFILE_001 ip\nINNER JOIN portfolio_health ph ON ip.investor_id = ph.investor_id\nINNER JOIN loss_holding lh ON ip.investor_id = lh.investor_id\nINNER JOIN banking_alloc ba ON ip.investor_id = ba.investor_id\nWHERE ip.risk_tolerance = 'Aggressive'\n  AND lh.loss_holding_count > 0\n  AND ba.banking_allocation_pct > 0;""}"
wealth_management_at_risk_critical_125_questions:ARC125-4T-024,"Which Conservative investors have a diversification score below 25, a loss-making holding (counting only holdings with a recorded cost and current value), and an allocation above 0% in the Banking sector?",wealth_management_at_risk_critical_125_questions.csv,DAG_NODE_ERROR,MISMATCH,MATCH,SQL,Q1:Query_Spec_Contract,"[""aggregate_stage_contract""]","[""measures.0.aggregate_filters.0: explicit entity or final_group stage is required.""]","[""group_by.0 has no quoted requirement."", ""group_by.1 has no quoted requirement.""]","The pipeline returned no investor rows because the query stage failed, while the ground truth contains three required investors.",31.682,"{""Q1"": """"}"
wealth_management_at_risk_critical_125_questions:ARC125-5T-001,"Which Aggressive investors have a risk score above 75, a loss-making holding (counting only holdings with a recorded cost and current value), an underfunded goal, and an allocation above 0% in the Automobile sector?",wealth_management_at_risk_critical_125_questions.csv,DAG_NODE_ERROR,MISMATCH,MATCH,SQL,Q1:Query_Spec_Contract,[],"[""filters.6: unknown comparison field {'field_ref': 'cost', 'source_class': 'ATOM_ENTITY_PORTFOLIO_HOLDING_001'}.""]","[""group_by.0 has no quoted requirement."", ""group_by.1 has no quoted requirement.""]","The pipeline returned no answer rows due to a query-spec failure, while the ground truth contains six required investors.",22.416,"{""Q1"": """"}"
wealth_management_at_risk_critical_125_questions:ARC125-5T-002,"Which Aggressive investors have a risk score above 75, a loss-making holding (counting only holdings with a recorded cost and current value), an underfunded goal, and an allocation above 0% in the Banking sector?",wealth_management_at_risk_critical_125_questions.csv,PIPELINE_SUCCESS,MATCH,MISMATCH,SQL,,[],[],"[""group_by.0 has no quoted requirement."", ""group_by.1 has no quoted requirement."", ""measures.0 has no quoted requirement."", ""measures.1 has no quoted requirement.""]",The pipeline returns exactly the four investors in the ground truth. The additional risk score and Banking allocation fields are consistent with the stated filters and do not introduce incorrect entities.,29.317,"{""Q1"": ""WITH risk AS (\n    SELECT investor_id, risk_score\n    FROM ATOM_ENTITY_PORTFOLIO_HEALTH_001\n    WHERE risk_score > 75\n),\nallocation AS (\n    SELECT investor_id, allocation_pct\n    FROM ATOM_ENTITY_SECTOR_ALLOCATION_001\n    WHERE sector = 'Banking' AND allocation_pct > 0\n),\nloss_holding AS (\n    SELECT investor_id, COUNT(*) AS loss_holding_count\n    FROM ATOM_ENTITY_PORTFOLIO_HOLDING_001\n    WHERE cost IS NOT NULL\n      AND current_value IS NOT NULL\n      AND current_value < cost\n    GROUP BY investor_id\n    HAVING COUNT(*) > 0\n),\nunderfunded_goal AS (\n    SELECT investor_id, COUNT(*) AS underfunded_goal_count\n    FROM ATOM_ENTITY_INVESTMENT_GOAL_001\n    WHERE shortfall > 0\n    GROUP BY investor_id\n    HAVING COUNT(*) > 0\n)\nSELECT b.investor_id,\n       b.investor_name,\n       r.risk_score,\n       a.allocation_pct\nFROM ATOM_ENTITY_INVESTOR_PROFILE_001 b\nINNER JOIN risk r ON b.investor_id = r.investor_id\nINNER JOIN allocation a ON b.investor_id = a.investor_id\nINNER JOIN loss_holding lh ON b.investor_id = lh.investor_id\nINNER JOIN underfunded_goal ug ON b.investor_id = ug.investor_id\nWHERE b.risk_tolerance = 'Aggressive';""}"
wealth_management_at_risk_critical_125_questions:ARC125-5T-004,"Which Aggressive investors have a risk score above 75, a loss-making holding (counting only holdings with a recorded cost and current value), an underfunded goal, and an allocation above 0% in the Corporate sector?",wealth_management_at_risk_critical_125_questions.csv,DAG_NODE_ERROR,MISMATCH,MATCH,SQL,Q1:Query_Spec_Contract,"[""aggregate_alias_contract""]","[""measures.0.aggregate_filters.0: predicate must reference the owning measure alias.""]","[""group_by.0 has no quoted requirement."", ""group_by.1 has no quoted requirement.""]","The pipeline returned no investor rows due to a subquery failure, while the ground truth contains four qualifying investors.",12.336,"{""Q1"": """"}"
wealth_management_at_risk_critical_125_questions:ARC125-5T-003,"Which Aggressive investors have a risk score above 75, a loss-making holding (counting only holdings with a recorded cost and current value), an underfunded goal, and an allocation above 0% in the Consumer Goods sector?",wealth_management_at_risk_critical_125_questions.csv,DAG_NODE_ERROR,MISMATCH,MATCH,SQL,Q1:Query_Spec_Contract,"[""unresolved""]","[""Unresolved requirements: [{'text': 'a loss\u2011making holding (counting only holdings with a recorded cost and current value)', 'reason': 'The condition requires comparing two columns (cost and current_value) within the same row (current_value < cost) which cannot be expressed with the allowed simple filter operators in the current specification.'}]""]",[],"Ground truth indicates no matching investors, but the pipeline returned a query failure rather than an empty result set.",27.01,"{""Q1"": """"}"
wealth_management_at_risk_critical_125_questions:ARC125-4T-025,"Which Conservative investors have a diversification score below 25, a loss-making holding (counting only holdings with a recorded cost and current value), and an allocation above 0% in the Consumer Goods sector?",wealth_management_at_risk_critical_125_questions.csv,DAG_NODE_ERROR,MISMATCH,MATCH,SQL,Q1:Query_Spec_Contract,"[""aggregate_alias_contract""]","[""measures.0.aggregate_filters.0: predicate must reference the owning measure alias.""]",[],The pipeline returned a failure message rather than the required investor rows.,41.628,"{""Q1"": """"}"
wealth_management_at_risk_critical_125_questions:ARC125-5T-007,"Which Conservative investors have a risk score above 75, a loss-making holding (counting only holdings with a recorded cost and current value), an underfunded goal, and an allocation above 0% in the Consumer Goods sector?",wealth_management_at_risk_critical_125_questions.csv,DAG_NODE_ERROR,MISMATCH,MATCH,KG,Q1:Query_Spec_Contract,"[""aggregate_alias_contract""]","[""measures.0.aggregate_filters.0: predicate must reference the owning measure alias."", ""measures.1.aggregate_filters.0: predicate must reference the owning measure alias.""]",[],The pipeline returned a query failure instead of the required list of qualifying Conservative investors.,24.644,"{""Q1"": """"}"
wealth_management_at_risk_critical_125_questions:ARC125-5T-005,"Which Conservative investors have a risk score above 75, a loss-making holding (counting only holdings with a recorded cost and current value), an underfunded goal, and an allocation above 0% in the Automobile sector?",wealth_management_at_risk_critical_125_questions.csv,DAG_NODE_ERROR,MISMATCH,MATCH,SQL,Q1:Query_Spec_Contract,"[""aggregate_alias_contract"", ""invalid_operand_kind""]","[""measures.0: operand_kind must be physical or aliases."", ""measures.0.aggregate_filters.0: predicate must reference the owning measure alias."", ""measures.1.aggregate_filters.0: predicate must reference the owning measure alias.""]","[""group_by.0 has no quoted requirement."", ""group_by.1 has no quoted requirement.""]","The pipeline returned no answer rows because the query stage failed, while the ground truth contains seven required investors.",36.911,"{""Q1"": """"}"
wealth_management_at_risk_critical_125_questions:ARC125-5T-006,"Which Conservative investors have a risk score above 75, a loss-making holding (counting only holdings with a recorded cost and current value), an underfunded goal, and an allocation above 0% in the Banking sector?",wealth_management_at_risk_critical_125_questions.csv,DAG_NODE_ERROR,MISMATCH,MATCH,KG,Q1:Query_Spec_Contract,"[""unresolved""]","[""Unresolved requirements: [{'text': 'filter to ensure cost and currentValue are recorded (non\u2011null) before evaluating loss', 'reason': 'Schema does not provide a direct \""is not null\"" operator; using >=0 is a proxy and may miss zero\u2011cost holdings.'}]""]","[""group_by.0 has no quoted requirement."", ""group_by.1 has no quoted requirement.""]","The pipeline returned a failure message instead of answer rows, while the ground truth requires four investors.",46.727,"{""Q1"": """"}"
wealth_management_at_risk_critical_125_questions:ARC125-5T-010,"Which Moderate investors have a risk score above 75, a loss-making holding (counting only holdings with a recorded cost and current value), an underfunded goal, and an allocation above 0% in the Banking sector?",wealth_management_at_risk_critical_125_questions.csv,DAG_NODE_ERROR,MISMATCH,MATCH,KG,Q1:Query_Spec_Contract,"[""aggregate_stage_contract""]","[""measures.0.aggregate_filters.0: explicit entity or final_group stage is required."", ""measures.1.aggregate_filters.0: explicit entity or final_group stage is required."", ""measures.2.aggregate_filters.0: explicit entity or final_group stage is required.""]","[""group_by.0 has no quoted requirement."", ""group_by.1 has no quoted requirement.""]","The pipeline returned no answer rows due to a query failure, while the ground truth contains nine qualifying Moderate investors.",28.83,"{""Q1"": """"}"
wealth_management_at_risk_critical_125_questions:ARC125-5T-008,"Which Conservative investors have a risk score above 75, a loss-making holding (counting only holdings with a recorded cost and current value), an underfunded goal, and an allocation above 0% in the Corporate sector?",wealth_management_at_risk_critical_125_questions.csv,DAG_NODE_ERROR,MISMATCH,MATCH,SQL,Q1:Query_Spec_Contract,"[""aggregate_alias_contract""]","[""measures.0.aggregate_filters.0: predicate must reference the owning measure alias.""]","[""group_by.0 has no quoted requirement.""]","The pipeline returned no answer rows because the query failed, while the ground truth requires six qualifying Conservative investors.",59.849,"{""Q1"": """"}"
wealth_management_at_risk_critical_125_questions:ARC125-5T-011,"Which Moderate investors have a risk score above 75, a loss-making holding (counting only holdings with a recorded cost and current value), an underfunded goal, and an allocation above 0% in the Consumer Goods sector?",wealth_management_at_risk_critical_125_questions.csv,DAG_NODE_ERROR,MISMATCH,MATCH,SQL,Q1:Query_Spec_Contract,"[""aggregate_alias_contract""]","[""measures.0.aggregate_filters.0: predicate must reference the owning measure alias."", ""measures.1.aggregate_filters.0: predicate must reference the owning measure alias."", ""measures.2.aggregate_filters.0: predicate must reference the owning measure alias.""]","[""group_by.0 has no quoted requirement."", ""group_by.1 has no quoted requirement.""]",The pipeline returned a failure message rather than the required investor rows.,24.966,"{""Q1"": """"}"
wealth_management_at_risk_critical_125_questions:ARC125-5T-009,"Which Moderate investors have a risk score above 75, a loss-making holding (counting only holdings with a recorded cost and current value), an underfunded goal, and an allocation above 0% in the Automobile sector?",wealth_management_at_risk_critical_125_questions.csv,DAG_NODE_ERROR,MISMATCH,MATCH,KG,Q1:Query_Spec_Contract,"[""unresolved""]","[""Unresolved requirements: [{'text': 'loss-making holding (counting only holdings with a recorded cost and current value)', 'reason': 'The condition requires a comparison between two fields (currentValue < cost) and null\u2011checks on both fields, which cannot be expressed with the available filter syntax. No predefined metric for \""loss\u2011making holding\"" exists in the schema.'}]""]","[""measures.0 has no quoted requirement.""]","The pipeline returned no investor rows and instead reported a query failure, while the ground truth requires two qualifying Moderate investors.",50.181,"{""Q1"": """"}"
wealth_management_at_risk_critical_125_questions:ARC125-5T-014,"Which Aggressive investors have a liquidity score below 25, a loss-making holding (counting only holdings with a recorded cost and current value), an underfunded goal, and a 'Asset Reallocation' rebalancing action?",wealth_management_at_risk_critical_125_questions.csv,PIPELINE_SUCCESS,MATCH,MATCH,SQL,,[],[],"[""group_by.0 has no quoted requirement."", ""group_by.1 has no quoted requirement.""]","The pipeline returns exactly the six investors in the ground truth, with matching investor IDs and names.",17.604,"{""Q1"": ""SELECT DISTINCT ip.investor_id,\n       ip.investor_name\nFROM ATOM_ENTITY_INVESTOR_PROFILE_001 ip\nINNER JOIN ATOM_ENTITY_PORTFOLIO_HEALTH_001 ph\n    ON ip.investor_id = ph.investor_id\nINNER JOIN ATOM_ENTITY_PORTFOLIO_HOLDING_001 phld\n    ON ip.investor_id = phld.investor_id\nINNER JOIN ATOM_ENTITY_INVESTMENT_GOAL_001 ig\n    ON ip.investor_id = ig.investor_id\nINNER JOIN ATOM_EVENT_REBALANCING_ACTION_001 ra\n    ON ip.investor_id = ra.investor_id\nWHERE ip.risk_tolerance = 'Aggressive'\n  AND ph.liquidity_score < 25\n  AND phld.cost IS NOT NULL\n  AND phld.current_value IS NOT NULL\n  AND phld.current_value < phld.cost\n  AND ig.shortfall > 0\n  AND ra.action = 'Asset Reallocation';""}"
wealth_management_at_risk_critical_125_questions:ARC125-5T-012,"Which Moderate investors have a risk score above 75, a loss-making holding (counting only holdings with a recorded cost and current value), an underfunded goal, and an allocation above 0% in the Corporate sector?",wealth_management_at_risk_critical_125_questions.csv,PIPELINE_SUCCESS,PARTIAL,MATCH,SQL,,[],[],"[""group_by.0 has no quoted requirement.""]","The pipeline includes the correct investor but duplicates the same result row, adding an extra incorrect row for a list of qualifying investors.",40.691,"{""Q1"": ""WITH loss_holding AS (\n    SELECT investor_id,\n           COUNT(holding_id) AS loss_holding_count\n    FROM ATOM_ENTITY_PORTFOLIO_HOLDING_001\n    WHERE cost IS NOT NULL\n      AND current_value IS NOT NULL\n      AND current_value < cost\n    GROUP BY investor_id\n    HAVING COUNT(holding_id) > 0\n)\nSELECT ip.investor_id,\n       ip.investor_name\nFROM ATOM_ENTITY_INVESTOR_PROFILE_001 ip\nINNER JOIN ATOM_ENTITY_PORTFOLIO_HEALTH_001 ph\n        ON ip.investor_id = ph.investor_id\nINNER JOIN ATOM_ENTITY_INVESTMENT_GOAL_001 ig\n        ON ip.investor_id = ig.investor_id\nINNER JOIN ATOM_ENTITY_SECTOR_ALLOCATION_001 sa\n        ON ip.investor_id = sa.investor_id\nINNER JOIN loss_holding lh\n        ON ip.investor_id = lh.investor_id\nWHERE ip.risk_tolerance = 'Moderate'\n  AND ph.risk_score > 75\n  AND ig.shortfall > 0\n  AND sa.sector = 'Corporate'\n  AND sa.allocation_pct > 0;""}"
wealth_management_at_risk_critical_125_questions:ARC125-5T-013,"Which Aggressive investors have a liquidity score below 25, a loss-making holding (counting only holdings with a recorded cost and current value), an underfunded goal, and a 'Aggressive Entry' rebalancing action?",wealth_management_at_risk_critical_125_questions.csv,PIPELINE_SUCCESS,MATCH,MATCH,SQL,,[],[],"[""group_by.0 has no quoted requirement."", ""group_by.1 has no quoted requirement.""]","The pipeline returns exactly the seven investors in the ground truth, with matching investor IDs and names.",40.313,"{""Q1"": ""WITH loss_holding AS (\n        SELECT investor_id,\n               COUNT(*) AS loss_holding_count\n        FROM ATOM_ENTITY_PORTFOLIO_HOLDING_001\n        WHERE cost IS NOT NULL\n          AND current_value IS NOT NULL\n          AND current_value < cost\n        GROUP BY investor_id\n    ),\n    underfunded_goal AS (\n        SELECT investor_id,\n               COUNT(*) AS underfunded_goal_count\n        FROM ATOM_ENTITY_INVESTMENT_GOAL_001\n        WHERE shortfall > 0\n        GROUP BY investor_id\n    ),\n    aggressive_entry_action AS (\n        SELECT investor_id,\n               COUNT(*) AS aggressive_entry_action_count\n        FROM ATOM_EVENT_REBALANCING_ACTION_001\n        WHERE action = 'Aggressive Entry'\n        GROUP BY investor_id\n    ),\n    health AS (\n        SELECT DISTINCT investor_id\n        FROM ATOM_ENTITY_PORTFOLIO_HEALTH_001\n        WHERE liquidity_score < 25\n    )\nSELECT p.investor_id,\n       p.investor_name\nFROM ATOM_ENTITY_INVESTOR_PROFILE_001 AS p\nINNER JOIN health h ON p.investor_id = h.investor_id\nINNER JOIN loss_holding lh ON p.investor_id = lh.investor_id\nINNER JOIN underfunded_goal ug ON p.investor_id = ug.investor_id\nINNER JOIN aggressive_entry_action ae ON p.investor_id = ae.investor_id\nWHERE p.risk_tolerance = 'Aggressive';""}"
wealth_management_at_risk_critical_125_questions:ARC125-5T-015,"Which Aggressive investors have a liquidity score below 25, a loss-making holding (counting only holdings with a recorded cost and current value), an underfunded goal, and a 'Buy' rebalancing action?",wealth_management_at_risk_critical_125_questions.csv,DAG_NODE_ERROR,MISMATCH,MATCH,SQL,Q1:Query_Spec_Contract,"[""aggregate_alias_contract""]","[""measures.0.aggregate_filters.0: predicate must reference the owning measure alias."", ""measures.1.aggregate_filters.0: predicate must reference the owning measure alias.""]","[""group_by.0 has no quoted requirement."", ""group_by.1 has no quoted requirement.""]","The pipeline returned a failure message rather than any investor rows, while the ground truth contains five qualifying Aggressive investors.",27.984,"{""Q1"": """"}"
wealth_management_at_risk_critical_125_questions:ARC125-5T-016,"Which Aggressive investors have a liquidity score below 25, a loss-making holding (counting only holdings with a recorded cost and current value), an underfunded goal, and a 'Cash Deployment' rebalancing action?",wealth_management_at_risk_critical_125_questions.csv,DAG_NODE_ERROR,MISMATCH,MATCH,SQL,Q1:Query_Spec_Contract,"[""aggregate_alias_contract""]","[""measures.0.aggregate_filters.0: predicate must reference the owning measure alias.""]",[],The pipeline returned a failure message instead of the required list of qualifying Aggressive investors.,30.105,"{""Q1"": """"}"
wealth_management_at_risk_critical_125_questions:ARC125-5T-017,"Which Conservative investors have a liquidity score below 25, a loss-making holding (counting only holdings with a recorded cost and current value), an underfunded goal, and a 'Aggressive Entry' rebalancing action?",wealth_management_at_risk_critical_125_questions.csv,DAG_NODE_ERROR,MISMATCH,MATCH,SQL,Q1:Query_Spec_Contract,"[""unresolved""]","[""Unresolved requirements: [{'text': 'loss-making holding condition requires column\u2011to\u2011column comparison (cost > current_value) which is not directly expressible with the current filter syntax'}]""]","[""group_by.0 has no quoted requirement."", ""group_by.1 has no quoted requirement.""]","Pipeline returned no investor rows because the query stage failed, while the ground truth contains six required Conservative investors.",24.751,"{""Q1"": """"}"
wealth_management_at_risk_critical_125_questions:ARC125-5T-018,"Which Conservative investors have a liquidity score below 25, a loss-making holding (counting only holdings with a recorded cost and current value), an underfunded goal, and a 'Asset Reallocation' rebalancing action?",wealth_management_at_risk_critical_125_questions.csv,DAG_NODE_ERROR,MISMATCH,MATCH,SQL,Q1:Query_Spec_Contract,"[""aggregate_alias_contract""]","[""measures.0.aggregate_filters.0: predicate must reference the owning measure alias."", ""measures.1.aggregate_filters.0: predicate must reference the owning measure alias."", ""measures.2.aggregate_filters.0: predicate must reference the owning measure alias.""]","[""group_by.0 has no quoted requirement."", ""group_by.1 has no quoted requirement.""]",The pipeline returned a failure message instead of the required qualifying Conservative investors.,28.667,"{""Q1"": """"}"
wealth_management_at_risk_critical_125_questions:ARC125-5T-019,"Which Conservative investors have a liquidity score below 25, a loss-making holding (counting only holdings with a recorded cost and current value), an underfunded goal, and a 'Buy' rebalancing action?",wealth_management_at_risk_critical_125_questions.csv,DAG_NODE_ERROR,MISMATCH,MATCH,SQL,Q1:Query_Spec_Contract,[],"[""filters.4: unknown comparison field {'field_ref': {'source_class': 'ATOM_ENTITY_PORTFOLIO_HOLDING_001', 'field': 'cost'}}.""]","[""group_by.0 has no quoted requirement."", ""group_by.1 has no quoted requirement.""]",The pipeline returned a failure message rather than the required list of qualifying Conservative investors.,33.38,"{""Q1"": """"}"
wealth_management_batch_status_125_questions:BSQ125-1T-001,How many investors are classified in the Long-term time-horizon cohort?,wealth_management_batch_status_125_questions.csv,PIPELINE_SUCCESS,MATCH,MATCH,SQL,,[],[],"[""measures.0 has no quoted requirement.""]",The pipeline returns the correct count of investors in the Long-term time-horizon cohort.,18.486,"{""Q1"": ""SELECT COUNT(DISTINCT investor_id) AS investor_count\nFROM ATOM_ENTITY_INVESTOR_PROFILE_001\nWHERE time_horizon = 'Long-term';""}"
wealth_management_at_risk_critical_125_questions:ARC125-5T-020,"Which Conservative investors have a liquidity score below 25, a loss-making holding (counting only holdings with a recorded cost and current value), an underfunded goal, and a 'Cash Deployment' rebalancing action?",wealth_management_at_risk_critical_125_questions.csv,PIPELINE_SUCCESS,MATCH,MATCH,KG,,[],[],"[""measures.0 has no quoted requirement."", ""measures.1 has no quoted requirement.""]","The pipeline returns exactly the five investors required by the question, with matching investor IDs and names. Ordering was not requested.",32.652,"{""Q1"": ""PREFIX wm: <https://wealth.example.org/ontology/>\nPREFIX rdf: <http://www.w3.org/1999/02/22-rdf-syntax-ns#>\n\nSELECT ?investorId ?investorName\nWHERE {\n  ?inv a wm:Investor ;\n       wm:investorId ?investorId ;\n       wm:investorName ?investorName ;\n       wm:riskTolerance \""Conservative\"" .\n\n  ?ph a wm:PortfolioHealth ;\n       wm:healthOfInvestor ?inv ;\n       wm:liquidityScore ?liqScore .\n  FILTER(?liqScore < 25)\n\n  FILTER EXISTS {\n    ?hold a wm:PortfolioHolding ;\n          wm:heldByInvestor ?inv ;\n          wm:cost ?cost ;\n          wm:currentValue ?curr .\n    FILTER(?curr < ?cost)\n  }\n\n  FILTER EXISTS {\n    ?goal a wm:InvestmentGoal ;\n          wm:belongsToInvestor ?inv ;\n          wm:shortfall ?shortfall .\n    FILTER(?shortfall > 0)\n  }\n\n  FILTER EXISTS {\n    ?ra a wm:RebalancingAction ;\n        wm:rebalancingActionOfInvestor ?inv ;\n        wm:action \""Cash Deployment\"" .\n  }\n}""}"
wealth_management_batch_status_125_questions:BSQ125-1T-003,How many investors sit in the Debt category cohort?,wealth_management_batch_status_125_questions.csv,PIPELINE_SUCCESS,MATCH,MATCH,SQL,,[],[],"[""measures.0 has no quoted requirement.""]",The pipeline returns the correct count of investors in the Debt category cohort.,15.181,"{""Q1"": ""SELECT COUNT(DISTINCT investor_id) AS debt_investor_count FROM ATOM_ENTITY_INVESTOR_PROFILE_001 WHERE category = 'Debt';""}"
wealth_management_batch_status_125_questions:BSQ125-1T-004,How many investors have Child Education as their stated investment goal?,wealth_management_batch_status_125_questions.csv,PIPELINE_SUCCESS,MATCH,MATCH,SQL,,[],[],"[""measures.0 has no quoted requirement.""]",The pipeline answer exactly matches the required count of investors with Child Education as their stated investment goal.,10.446,"{""Q1"": ""SELECT COUNT(investor_id) AS investor_count\nFROM ATOM_ENTITY_INVESTOR_PROFILE_001\nWHERE investment_goal = 'Child Education';""}"
wealth_management_batch_status_125_questions:BSQ125-1T-002,How many investors belong to the Diversified segment cohort?,wealth_management_batch_status_125_questions.csv,PIPELINE_SUCCESS,MATCH,MATCH,SQL,,[],[],"[""measures.0 has no quoted requirement.""]",The pipeline returns the correct count of investors in the Diversified segment cohort.,27.761,"{""Q1"": ""SELECT COUNT(investor_id) AS investor_count\nFROM ATOM_ENTITY_INVESTOR_PROFILE_001\nWHERE segment = 'Diversified';""}"
wealth_management_batch_status_125_questions:BSQ125-1T-005,List the investor id and name of every investor in the Diversified segment cohort.,wealth_management_batch_status_125_questions.csv,PIPELINE_SUCCESS,MATCH,MATCH,SQL,,[],[],[],The pipeline returns the same complete set of Diversified cohort investor IDs and corresponding names as the ground truth. The ordering differs but no ordering was requested.,18.799,"{""Q1"": ""SELECT investor_id, investor_name\nFROM ATOM_ENTITY_INVESTOR_PROFILE_001\nWHERE segment = 'Diversified';""}"
wealth_management_batch_status_125_questions:BSQ125-1T-008,How many investors fall in the low-liquidity health band with a liquidity score below 25?,wealth_management_batch_status_125_questions.csv,DAG_NODE_ERROR,MISMATCH,MISMATCH,SQL,Q1:Query_Spec_Contract,"[""unresolved""]","[""Unresolved requirements: [{'text': 'definition of the \""low\u2011liquidity health band\""', 'reason': 'No column or metadata in the schema defines health bands; the band must be mapped to a numeric range, which is not provided.'}]""]","[""Requirement has no implementation: investor falls in the low\u2011liquidity health band"", ""measures.0 has no quoted requirement.""]",The pipeline returned a query failure message rather than the required investor count.,11.548,"{""Q1"": """"}"
wealth_management_batch_status_125_questions:BSQ125-1T-006,List the investor id and name of every investor in the Debt category cohort.,wealth_management_batch_status_125_questions.csv,PIPELINE_SUCCESS,MATCH,MATCH,KG,,[],[],"[""Requirement introduces unsupported terms: ['belong', 'must']"", ""measures.0 has no quoted requirement."", ""measures.1 has no quoted requirement.""]","The pipeline returns the same complete set of Debt-category investors as the ground truth, with matching investor IDs and names. Order differs but was not requested.",19.448,"{""Q1"": ""PREFIX wm: <https://wealth.example.org/ontology/>\nPREFIX rdf: <http://www.w3.org/1999/02/22-rdf-syntax-ns#>\n\nSELECT ?investorId ?investorName\nWHERE {\n  ?investor a wm:Investor .\n  ?investor wm:category \""Debt\"" .\n  ?investor wm:investorId ?investorId .\n  ?investor wm:investorName ?investorName .\n}""}"
wealth_management_batch_status_125_questions:BSQ125-1T-009,How many Child Education goals are underfunded (carrying a positive shortfall)?,wealth_management_batch_status_125_questions.csv,PIPELINE_SUCCESS,MATCH,MATCH,SQL,,[],[],"[""Requirement introduces unsupported terms: ['0']"", ""measures.0 has no quoted requirement.""]","The pipeline reports 618 underfunded Child Education goals, which matches the ground-truth count.",14.049,"{""Q1"": ""SELECT COUNT(goal_id) AS underfunded_child_education_goals\nFROM ATOM_ENTITY_INVESTMENT_GOAL_001\nWHERE investment_goal = 'Child Education'\n  AND shortfall > 0;""}"
wealth_management_batch_status_125_questions:BSQ125-1T-010,How many Child Education goals are on track with progress of at least 50 percent?,wealth_management_batch_status_125_questions.csv,DAG_NODE_ERROR,MISMATCH,MATCH,SQL,Q1:Query_Spec_Contract,"[""unknown_source"", ""physical_as_source""]","[""Unknown source: physical"", ""measures.0: unknown source 'physical'."", ""filters.0: unknown source 'physical'."", ""filters.1: unknown source 'physical'.""]",[],The pipeline returned a failure message instead of the required count.,12.457,"{""Q1"": """"}"
wealth_management_batch_status_125_questions:BSQ125-1T-007,List the investor id and name of every Long-term time-horizon investor.,wealth_management_batch_status_125_questions.csv,PIPELINE_SUCCESS,MATCH,MATCH,KG,,[],[],"[""Requirement introduces unsupported terms: ['where']"", ""Requirement introduces unsupported terms: ['matching']""]","The pipeline returns the complete set of Long-term time-horizon investors from the ground truth, with each investor ID correctly paired to its investor name. Ordering differs but was not requested.",30.244,"{""Q1"": ""PREFIX rdf: <http://www.w3.org/1999/02/22-rdf-syntax-ns#>\nPREFIX wm: <https://wealth.example.org/ontology/>\n\nSELECT ?investorId ?investorName\nWHERE {\n  ?investor a wm:Investor ;\n            wm:investorId ?investorId ;\n            wm:investorName ?investorName ;\n            wm:timeHorizon ?timeHorizon .\n  FILTER(LCASE(STR(?timeHorizon)) = \""long-term\"")\n}""}"
wealth_management_batch_status_125_questions:BSQ125-1T-011,List the goal id and shortfall of the underfunded goals with progress below 30 percent.,wealth_management_batch_status_125_questions.csv,PIPELINE_SUCCESS,PARTIAL,PARTIAL,KG,,[],[],"[""measures.0 has no quoted requirement.""]","Many UUID goal IDs and their shortfall values match the ground truth, but the output includes numerous extra non-ground-truth GOAL-* identifiers, so the returned entity set is not limited to the required underfunded goals.",19.14,"{""Q1"": ""PREFIX wm: <https://wealth.example.org/ontology/>\nPREFIX rdf: <http://www.w3.org/1999/02/22-rdf-syntax-ns#>\nPREFIX xsd: <http://www.w3.org/2001/XMLSchema#>\n\nSELECT ?goalId ?shortfall\nWHERE {\n  ?goal rdf:type wm:InvestmentGoal .\n  ?goal wm:goalId ?goalId .\n  ?goal wm:progressPct ?progress .\n  FILTER(?progress < 30) .\n  ?goal wm:shortfall ?shortfall .\n  FILTER(?shortfall > 0) .\n}""}"
wealth_management_batch_status_125_questions:BSQ125-1T-013,How many investors belong to the Large Cap segment cohort?,wealth_management_batch_status_125_questions.csv,PIPELINE_SUCCESS,MATCH,MATCH,SQL,,[],[],"[""measures.0 has no quoted requirement.""]",The pipeline returns the correct investor count for the Large Cap segment cohort.,10.513,"{""Q1"": ""SELECT COUNT(DISTINCT investor_id) AS investor_count\nFROM ATOM_ENTITY_INVESTOR_PROFILE_001\nWHERE segment = 'Large Cap';""}"
wealth_management_batch_status_125_questions:BSQ125-1T-012,How many investors are classified in the Medium-term time-horizon cohort?,wealth_management_batch_status_125_questions.csv,DAG_NODE_ERROR,MISMATCH,MATCH,SQL,Q1:Query_Spec_Contract,"[""unknown_source"", ""physical_as_source""]","[""Unknown source: physical""]","[""measures.0 has no quoted requirement.""]",The pipeline returned a failure message instead of the required investor count for the Medium-term time-horizon cohort.,18.7,"{""Q1"": """"}"
wealth_management_batch_status_125_questions:BSQ125-1T-015,How many investors have Emergency Fund as their stated investment goal?,wealth_management_batch_status_125_questions.csv,PIPELINE_SUCCESS,MATCH,MATCH,SQL,,[],[],"[""measures.0 has no quoted requirement.""]",The pipeline returns the correct count of investors whose stated investment goal is Emergency Fund.,11.098,"{""Q1"": ""SELECT COUNT(investor_id) AS emergency_fund_investor_count\nFROM ATOM_ENTITY_INVESTOR_PROFILE_001\nWHERE investment_goal = 'Emergency Fund';""}"
wealth_management_batch_status_125_questions:BSQ125-1T-014,How many investors sit in the Equity category cohort?,wealth_management_batch_status_125_questions.csv,PIPELINE_SUCCESS,MATCH,MATCH,SQL,,[],[],"[""Requirement introduces unsupported terms: ['count']""]","The pipeline returns the Equity cohort investor count as 306, matching the ground truth.",18.844,"{""Q1"": ""SELECT COUNT(DISTINCT investor_id) AS equity_investor_count\nFROM ATOM_ENTITY_INVESTOR_PROFILE_001\nWHERE category = 'Equity';""}"
wealth_management_batch_status_125_questions:BSQ125-1T-016,List the investor id and name of every investor in the Large Cap segment cohort.,wealth_management_batch_status_125_questions.csv,PIPELINE_SUCCESS,MATCH,MISMATCH,SQL,,[],[],[],The pipeline returns the complete set of Large Cap cohort investors with matching investor IDs and names. The row ordering differs from the ground truth but no ordering was requested.,15.67,"{""Q1"": ""SELECT investor_id, investor_name\nFROM ATOM_ENTITY_INVESTOR_PROFILE_001\nWHERE segment = 'Large Cap';""}"
wealth_management_batch_status_125_questions:BSQ125-1T-017,List the investor id and name of every investor in the Equity category cohort.,wealth_management_batch_status_125_questions.csv,PIPELINE_SUCCESS,MATCH,MATCH,SQL,,[],[],[],The pipeline returns the complete set of Equity cohort investors with matching investor IDs and names. Ordering differs from the ground truth but no ordering was requested.,9.259,"{""Q1"": ""SELECT investor_id, investor_name\nFROM ATOM_ENTITY_INVESTOR_PROFILE_001\nWHERE category = 'Equity';""}"
wealth_management_batch_status_125_questions:BSQ125-1T-021,How many Emergency Fund goals are on track with progress of at least 50 percent?,wealth_management_batch_status_125_questions.csv,PIPELINE_SUCCESS,MATCH,MATCH,SQL,,[],[],"[""Requirement introduces unsupported terms: ['count', 'matching']""]",The pipeline returns the correct count of Emergency Fund goals that are on track with at least 50 percent progress.,15.475,"{""Q1"": ""SELECT COUNT(goal_id) AS emergency_fund_goals_on_track_count FROM ATOM_ENTITY_INVESTMENT_GOAL_001 WHERE investment_goal = 'Emergency Fund' AND progress_pct >= 50;""}"
wealth_management_batch_status_125_questions:BSQ125-1T-019,How many investors fall in the poorly-diversified health band with a diversification score below 25?,wealth_management_batch_status_125_questions.csv,DAG_NODE_ERROR,MISMATCH,MATCH,SQL,Q1:Query_Spec_Contract,"[""unresolved""]","[""Unresolved requirements: [{'text': 'filter on \""poorly-diversified health band\"" \u2013 no column or definition for health band exists in the schema'}]""]","[""Requirement introduces unsupported terms: ['belong']"", ""Requirement has no implementation: investor belongs to the poorly-diversified health band"", ""measures.0 has no quoted requirement.""]",The pipeline returned a failure message rather than the required investor count.,21.072,"{""Q1"": """"}"
wealth_management_batch_status_125_questions:BSQ125-1T-018,List the investor id and name of every Medium-term time-horizon investor.,wealth_management_batch_status_125_questions.csv,PIPELINE_SUCCESS,MATCH,MATCH,KG,,[],[],[],The pipeline returns the Medium-term investor set with matching investor IDs and names; ordering differs but was not requested.,23.747,"{""Q1"": ""PREFIX rdf: <http://www.w3.org/1999/02/22-rdf-syntax-ns#>\nPREFIX wm: <https://wealth.example.org/ontology/>\nSELECT ?investorId ?investorName\nWHERE {\n  ?inv a wm:Investor .\n  ?inv wm:investorId ?investorId .\n  ?inv wm:investorName ?investorName .\n  ?inv wm:timeHorizon ?timeHorizon .\n  FILTER(LCASE(STR(?timeHorizon)) = \""medium-term\"")\n}""}"
wealth_management_batch_status_125_questions:BSQ125-1T-020,How many Emergency Fund goals are underfunded (carrying a positive shortfall)?,wealth_management_batch_status_125_questions.csv,PIPELINE_SUCCESS,MATCH,MATCH,SQL,,[],[],"[""measures.0 has no quoted requirement.""]",The pipeline returns the correct count of underfunded Emergency Fund goals.,17.349,"{""Q1"": ""SELECT COUNT(goal_id) AS underfunded_emergency_fund_goal_count\nFROM ATOM_ENTITY_INVESTMENT_GOAL_001\nWHERE investment_goal = 'Emergency Fund' AND shortfall > 0;""}"
wealth_management_batch_status_125_questions:BSQ125-1T-023,How many investors belong to the Mid Cap segment cohort?,wealth_management_batch_status_125_questions.csv,PIPELINE_SUCCESS,MATCH,MATCH,SQL,,[],[],"[""measures.0 has no quoted requirement.""]","The pipeline reports 361 investors for the Mid Cap segment cohort, matching the ground truth count.",9.838,"{""Q1"": ""SELECT COUNT(DISTINCT investor_id) AS mid_cap_investor_count FROM ATOM_ENTITY_INVESTOR_PROFILE_001 WHERE segment = 'Mid Cap';""}"
wealth_management_batch_status_125_questions:BSQ125-1T-025,How many investors have Growth as their stated investment goal?,wealth_management_batch_status_125_questions.csv,PIPELINE_SUCCESS,MATCH,MATCH,SQL,,[],[],"[""measures.0 has no quoted requirement.""]",The pipeline returns the correct count of investors whose stated investment goal is Growth.,8.97,"{""Q1"": ""SELECT COUNT(investor_id) AS growth_investor_count\nFROM ATOM_ENTITY_INVESTOR_PROFILE_001\nWHERE investment_goal = 'Growth';""}"
wealth_management_batch_status_125_questions:BSQ125-1T-024,How many investors sit in the Gold category cohort?,wealth_management_batch_status_125_questions.csv,PIPELINE_SUCCESS,MATCH,MATCH,SQL,,[],[],"[""measures.0 has no quoted requirement.""]","The pipeline returns the Gold cohort investor count as 301, matching the ground truth.",11.828,"{""Q1"": ""SELECT COUNT(DISTINCT investor_id) AS gold_investor_count\nFROM ATOM_ENTITY_INVESTOR_PROFILE_001\nWHERE category = 'Gold';""}"
wealth_management_batch_status_125_questions:BSQ125-1T-022,How many investors are classified in the Short-term time-horizon cohort?,wealth_management_batch_status_125_questions.csv,PIPELINE_SUCCESS,MATCH,MATCH,SQL,,[],[],"[""measures.0 has no quoted requirement.""]",The pipeline returns the correct count of investors in the Short-term time-horizon cohort.,14.795,"{""Q1"": ""SELECT COUNT(investor_id) AS short_term_investor_count\nFROM ATOM_ENTITY_INVESTOR_PROFILE_001\nWHERE time_horizon = 'Short-term';""}"
wealth_management_batch_status_125_questions:BSQ125-1T-026,List the investor id and name of every investor in the Mid Cap segment cohort.,wealth_management_batch_status_125_questions.csv,PIPELINE_SUCCESS,MATCH,MISMATCH,SQL,,[],[],[],The pipeline returns the complete set of Mid Cap segment investors with the correct investor IDs and names. The ordering differs from the ground truth but no ordering was requested.,13.633,"{""Q1"": ""SELECT investor_id, investor_name\nFROM ATOM_ENTITY_INVESTOR_PROFILE_001\nWHERE segment = 'Mid Cap';""}"
wealth_management_batch_status_125_questions:BSQ125-1T-027,List the investor id and name of every investor in the Gold category cohort.,wealth_management_batch_status_125_questions.csv,PIPELINE_SUCCESS,MATCH,MATCH,SQL,,[],[],[],The pipeline returns the same complete set of Gold-category investors with matching investor IDs and names. The row ordering differs from the ground truth but no ordering was requested.,619.817,"{""Q1"": ""SELECT investor_id, investor_name\nFROM ATOM_ENTITY_INVESTOR_PROFILE_001\nWHERE category = 'Gold';""}"
wealth_management_batch_status_125_questions:BSQ125-1T-029,How many investors fall in the elevated-risk health band with a risk score above 75?,wealth_management_batch_status_125_questions.csv,DAG_NODE_ERROR,MISMATCH,MISMATCH,SQL,Q1:Query_Spec_Contract,"[""unresolved"", ""unknown_field_operand""]","[""Unresolved requirements: [{'text': 'health band = elevated-risk', 'reason': 'The schema does not contain a column representing health band; the band definition is missing.'}]"", ""filters.1: field 'health_band' is not in 'ATOM_ENTITY_PORTFOLIO_HEALTH_001'.""]","[""measures.0 has no quoted requirement.""]",The pipeline returned a query failure instead of the required investor count.,622.898,"{""Q1"": """"}"
wealth_management_batch_status_125_questions:BSQ125-1T-030,How many Growth goals are underfunded (carrying a positive shortfall)?,wealth_management_batch_status_125_questions.csv,PIPELINE_SUCCESS,MATCH,MATCH,SQL,,[],[],"[""Requirement introduces unsupported terms: ['0']"", ""Requirement introduces unsupported terms: ['count']""]","The pipeline reports 657 underfunded Growth goals, matching the ground-truth count.",614.384,"{""Q1"": ""SELECT COUNT(goal_id) AS growth_underfunded_count\nFROM ATOM_ENTITY_INVESTMENT_GOAL_001\nWHERE investment_goal = 'Growth' AND shortfall > 0;""}"
wealth_management_batch_status_125_questions:BSQ125-1T-028,List the investor id and name of every Short-term time-horizon investor.,wealth_management_batch_status_125_questions.csv,PIPELINE_SUCCESS,MATCH,MATCH,KG,,[],[],"[""measures.0 has no quoted requirement."", ""measures.1 has no quoted requirement.""]",The pipeline returns the complete set of Short-term time-horizon investors with matching investor IDs and names. Field aliases investorId and investorName correctly correspond to the requested fields; ordering was not required.,634.808,"{""Q1"": ""PREFIX wm: <https://wealth.example.org/ontology/>\nPREFIX rdf: <http://www.w3.org/1999/02/22-rdf-syntax-ns#>\n\nSELECT ?investorId ?investorName\nWHERE {\n  ?inv a wm:Investor .\n  ?inv wm:investorId ?investorId .\n  ?inv wm:investorName ?investorName .\n  ?inv wm:timeHorizon ?time .\n  FILTER(LCASE(STR(?time)) = \""short-term\"")\n}""}"
wealth_management_batch_status_125_questions:BSQ125-1T-031,How many Growth goals are on track with progress of at least 50 percent?,wealth_management_batch_status_125_questions.csv,DAG_NODE_ERROR,MISMATCH,MATCH,SQL,Q1:Query_Spec_Contract,"[""unknown_source"", ""physical_as_source""]","[""Unknown source: physical"", ""measures.0: unknown source 'physical'."", ""filters.0: unknown source 'physical'."", ""filters.1: unknown source 'physical'.""]",[],The pipeline returned a failure message instead of the required count of Growth goals on track with at least 50% progress.,18.599,"{""Q1"": """"}"
wealth_management_batch_status_125_questions:BSQ125-1T-032,How many investors belong to the Small Cap segment cohort?,wealth_management_batch_status_125_questions.csv,PIPELINE_SUCCESS,MATCH,MATCH,SQL,,[],[],"[""measures.0 has no quoted requirement.""]","The pipeline returns the required count for investors in the Small Cap segment cohort, matching the ground truth.",11.88,"{""Q1"": ""SELECT COUNT(investor_id) AS investor_count FROM ATOM_ENTITY_INVESTOR_PROFILE_001 WHERE segment = 'Small Cap';""}"
wealth_management_batch_status_125_questions:BSQ125-1T-033,How many investors sit in the Hybrid category cohort?,wealth_management_batch_status_125_questions.csv,PIPELINE_SUCCESS,MATCH,MATCH,SQL,,[],[],"[""measures.0 has no quoted requirement.""]","The pipeline returns the Hybrid category cohort investor count as 304, matching the ground truth.",16.642,"{""Q1"": ""SELECT COUNT(investor_id) AS hybrid_investor_count\nFROM ATOM_ENTITY_INVESTOR_PROFILE_001\nWHERE category = 'Hybrid';""}"
wealth_management_batch_status_125_questions:BSQ125-1T-035,List the investor id and name of every investor in the Small Cap segment cohort.,wealth_management_batch_status_125_questions.csv,DAG_NODE_ERROR,MISMATCH,MATCH,SQL,Q1:Query_Spec_Contract,"[""unknown_source""]","[""Unknown source: entity""]",[],The pipeline returned a query failure rather than the required list of Small Cap cohort investors and their names.,7.258,"{""Q1"": """"}"
wealth_management_batch_status_125_questions:BSQ125-1T-034,How many investors have Income Generation as their stated investment goal?,wealth_management_batch_status_125_questions.csv,PIPELINE_SUCCESS,MATCH,MATCH,SQL,,[],[],"[""measures.0 has no quoted requirement.""]",The pipeline returns the same investor count required by the question.,12.927,"{""Q1"": ""SELECT COUNT(investor_id) AS investor_count\nFROM ATOM_ENTITY_INVESTOR_PROFILE_001\nWHERE investment_goal = 'Income Generation';""}"
wealth_management_batch_status_125_questions:BSQ125-2T-002,What is the average risk score of investors in the Long-term time-horizon cohort?,wealth_management_batch_status_125_questions.csv,PIPELINE_SUCCESS,MATCH,MATCH,SQL,,[],[],"[""measures.0 has no quoted requirement.""]","The pipeline returns the average risk score for the Long-term cohort, and its value matches the ground truth within the allowed numeric tolerance.",13.386,"{""Q1"": ""SELECT AVG(ph.risk_score) AS average_risk_score\nFROM ATOM_ENTITY_INVESTOR_PROFILE_001 ip\nINNER JOIN ATOM_ENTITY_PORTFOLIO_HEALTH_001 ph ON ip.investor_id = ph.investor_id\nWHERE ip.time_horizon = 'Long-term';""}"
wealth_management_batch_status_125_questions:BSQ125-2T-001,What is the average risk score of investors in the Debt category cohort?,wealth_management_batch_status_125_questions.csv,PIPELINE_SUCCESS,MATCH,MATCH,SQL,,[],[],[],"The pipeline returns the average risk score for the Debt category cohort, and its value matches the ground truth within the allowed numeric tolerance.",23.321,"{""Q1"": ""SELECT AVG(ph.risk_score) AS average_risk_score\nFROM ATOM_ENTITY_INVESTOR_PROFILE_001 ip\nJOIN ATOM_ENTITY_PORTFOLIO_HEALTH_001 ph ON ip.investor_id = ph.investor_id\nWHERE ip.category = 'Debt';""}"
wealth_management_batch_status_125_questions:BSQ125-2T-004,What is the average liquidity score of investors in the Long-term time-horizon cohort?,wealth_management_batch_status_125_questions.csv,PIPELINE_SUCCESS,MATCH,MATCH,SQL,,[],[],[],"The pipeline reports the average liquidity score for the Long-term cohort as 50.3925, which matches the ground truth value 50.39 within rounding tolerance.",17.043,"{""Q1"": ""WITH per_investor_liquidity AS (\n    SELECT investor_id,\n           AVG(liquidity_score) AS avg_liquidity_score\n    FROM ATOM_ENTITY_PORTFOLIO_HEALTH_001\n    GROUP BY investor_id\n)\nSELECT AVG(per_investor_liquidity.avg_liquidity_score) AS average_liquidity_score\nFROM ATOM_ENTITY_INVESTOR_PROFILE_001 AS p\nINNER JOIN per_investor_liquidity ON p.investor_id = per_investor_liquidity.investor_id\nWHERE p.time_horizon = 'Long-term';""}"
wealth_management_batch_status_125_questions:BSQ125-2T-003,What is the average liquidity score of investors in the Debt category cohort?,wealth_management_batch_status_125_questions.csv,PIPELINE_SUCCESS,MATCH,MATCH,SQL,,[],[],"[""measures.0 has no quoted requirement.""]","The pipeline returns the average liquidity score for the Debt category cohort, matching the ground truth within the allowed numeric tolerance.",21.862,"{""Q1"": ""SELECT AVG(ph.liquidity_score) AS average_liquidity_score\nFROM ATOM_ENTITY_INVESTOR_PROFILE_001 AS ip\nINNER JOIN ATOM_ENTITY_PORTFOLIO_HEALTH_001 AS ph ON ip.investor_id = ph.investor_id\nWHERE ip.category = 'Debt';""}"
wealth_management_batch_status_125_questions:BSQ125-2T-005,What is the average diversification score of investors in the Debt category cohort?,wealth_management_batch_status_125_questions.csv,PIPELINE_SUCCESS,MATCH,MATCH,SQL,,[],[],"[""Requirement introduces unsupported terms: ['where']""]","The pipeline reports the average diversification score for the Debt category cohort, and its value matches the ground truth within the allowed numeric tolerance.",24.934,"{""Q1"": ""SELECT AVG(pfh.diversification_score) AS average_diversification_score\nFROM ATOM_ENTITY_INVESTOR_PROFILE_001 ip\nINNER JOIN ATOM_ENTITY_PORTFOLIO_HEALTH_001 pfh ON ip.investor_id = pfh.investor_id\nWHERE ip.category = 'Debt';""}"
wealth_management_batch_status_125_questions:BSQ125-2T-008,What is the average goal-match percentage of investors in the Diversified segment cohort?,wealth_management_batch_status_125_questions.csv,PIPELINE_SUCCESS,MATCH,MATCH,SQL,,[],[],"[""measures.0 has no quoted requirement.""]","The pipeline returns the average goal-match percentage for the Diversified segment cohort, matching the ground truth within the allowed numeric tolerance.",19.64,"{""Q1"": ""WITH per_inv AS (\n    SELECT investor_id,\n           AVG(goal_match_pct) AS avg_goal_match_pct\n    FROM ATOM_ENTITY_PORTFOLIO_HEALTH_001\n    GROUP BY investor_id\n)\nSELECT AVG(per_inv.avg_goal_match_pct) AS average_goal_match_pct\nFROM ATOM_ENTITY_INVESTOR_PROFILE_001 AS ip\nINNER JOIN per_inv ON ip.investor_id = per_inv.investor_id\nWHERE ip.segment = 'Diversified';""}"
wealth_management_batch_status_125_questions:BSQ125-2T-007,What is the average goal-match percentage of investors in the Aggressive risk cohort?,wealth_management_batch_status_125_questions.csv,PIPELINE_SUCCESS,MATCH,MATCH,SQL,,[],[],"[""measures.0 has no quoted requirement.""]","The pipeline returns the average goal-match percentage for the Aggressive risk cohort, and its value rounds to the ground-truth value within tolerance.",22.381,"{""Q1"": ""SELECT AVG(ph.goal_match_pct) AS average_goal_match_pct\nFROM ATOM_ENTITY_INVESTOR_PROFILE_001 AS ip\nINNER JOIN ATOM_ENTITY_PORTFOLIO_HEALTH_001 AS ph ON ip.investor_id = ph.investor_id\nWHERE ip.risk_tolerance = 'Aggressive';""}"
wealth_management_batch_status_125_questions:BSQ125-2T-006,What is the average diversification score of investors in the Long-term time-horizon cohort?,wealth_management_batch_status_125_questions.csv,PIPELINE_SUCCESS,MATCH,MATCH,SQL,,[],[],[],"The pipeline returns the average diversification score for the Long-term cohort, and 49.4715626241769 matches the ground-truth value 49.47 within the allowed numeric tolerance.",32.552,"{""Q1"": ""SELECT AVG(ph.diversification_score) AS average_diversification_score\nFROM ATOM_ENTITY_INVESTOR_PROFILE_001 ip\nINNER JOIN ATOM_ENTITY_PORTFOLIO_HEALTH_001 ph ON ip.investor_id = ph.investor_id\nWHERE ip.time_horizon = 'Long-term';""}"
wealth_management_batch_status_125_questions:BSQ125-2T-009,How many investors in the Diversified segment cohort sit in the elevated-risk band with a risk score above 75?,wealth_management_batch_status_125_questions.csv,DAG_NODE_ERROR,MISMATCH,MATCH,SQL,Q1:Query_Spec_Contract,"[""derived_expression_required""]","[""measures.0: derived measure needs an expression.""]","[""Requirement introduces unsupported terms: ['condition', 'count', 'meeting']""]",The pipeline returned a query failure rather than the required investor count.,15.563,"{""Q1"": """"}"
wealth_management_batch_status_125_questions:BSQ125-2T-010,How many investors in the Debt category cohort sit in the low-liquidity band with a liquidity score below 25?,wealth_management_batch_status_125_questions.csv,PIPELINE_SUCCESS,MATCH,MATCH,SQL,,[],[],"[""Requirement introduces unsupported terms: ['belong', 'must']"", ""Requirement introduces unsupported terms: ['must']"", ""measures.0 has no quoted requirement.""]","The pipeline returns the required count of Debt-category investors in the low-liquidity band with liquidity score below 25, matching the ground truth.",14.264,"{""Q1"": ""SELECT COUNT(DISTINCT ip.investor_id) AS investor_count\nFROM ATOM_ENTITY_INVESTOR_PROFILE_001 ip\nINNER JOIN ATOM_ENTITY_PORTFOLIO_HEALTH_001 ph\n  ON ip.investor_id = ph.investor_id\nWHERE ip.category = 'Debt'\n  AND ph.liquidity_score < 25;""}"
wealth_management_batch_status_125_questions:BSQ125-2T-011,How many investors in the Long-term time-horizon cohort have a goal-match percentage below 25?,wealth_management_batch_status_125_questions.csv,PIPELINE_SUCCESS,MATCH,MATCH,SQL,,[],[],"[""Requirement introduces unsupported terms: ['count', 'such']""]","The pipeline returns the required count of Long-term cohort investors with goal-match percentage below 25, matching the ground truth.",15.135,"{""Q1"": ""SELECT COUNT(DISTINCT p.investor_id) AS investor_count\nFROM ATOM_ENTITY_INVESTOR_PROFILE_001 p\nINNER JOIN ATOM_ENTITY_PORTFOLIO_HEALTH_001 h\n  ON p.investor_id = h.investor_id\nWHERE p.time_horizon = 'Long-term'\n  AND h.goal_match_pct < 25;""}"
wealth_management_batch_status_125_questions:BSQ125-2T-014,How many investors in the Aggressive risk cohort hold at least one Corporate Bond position?,wealth_management_batch_status_125_questions.csv,DAG_NODE_ERROR,MISMATCH,MATCH,SQL,Q1:Query_Spec_Contract,"[""derived_expression_required""]","[""measures.0: derived measure needs an expression.""]","[""Requirement introduces unsupported terms: ['both', 'condition', 'count', 'distinct', 'meeting']""]",The pipeline returned a failure message rather than the required investor count.,9.216,"{""Q1"": """"}"
wealth_management_batch_status_125_questions:BSQ125-2T-015,How many investors in the Diversified segment cohort have at least one underfunded goal?,wealth_management_batch_status_125_questions.csv,PIPELINE_SUCCESS,MATCH,MATCH,SQL,,[],[],"[""Requirement introduces unsupported terms: ['0']"", ""Requirement introduces unsupported terms: ['count', 'distinct', 'such']""]",The pipeline answer exactly matches the ground-truth count of Diversified segment investors with at least one underfunded goal.,23.54,"{""Q1"": ""SELECT COUNT(DISTINCT p.investor_id) AS investor_count\nFROM ATOM_ENTITY_INVESTOR_PROFILE_001 p\nINNER JOIN (\n    SELECT investor_id\n    FROM ATOM_ENTITY_INVESTMENT_GOAL_001\n    WHERE shortfall > 0\n    GROUP BY investor_id\n) g ON p.investor_id = g.investor_id\nWHERE p.segment = 'Diversified';""}"
wealth_management_batch_status_125_questions:BSQ125-2T-013,List the Diversified segment investors whose goal-match percentage is above 70.,wealth_management_batch_status_125_questions.csv,PIPELINE_SUCCESS,MATCH,MATCH,KG,,[],[],"[""measures.0 has no quoted requirement."", ""measures.1 has no quoted requirement."", ""measures.2 has no quoted requirement.""]","The pipeline returns exactly the full set of Diversified investors with goal-match percentages above 70, matching all investor IDs and names in the ground truth. The additional goalMatchPct field is harmless.",33.352,"{""Q1"": ""PREFIX wm: <https://wealth.example.org/ontology/>\nPREFIX rdfs: <http://www.w3.org/2000/01/rdf-schema#>\nPREFIX xsd: <http://www.w3.org/2001/XMLSchema#>\n\nSELECT ?investorId ?investorName ?goalMatchPct\nWHERE {\n  ?inv a wm:Investor .\n  ?inv wm:segment ?segment .\n  FILTER(LCASE(STR(?segment)) = \""diversified\"")\n  ?inv wm:investorId ?investorId .\n  ?inv wm:investorName ?investorName .\n  ?inv wm:hasPortfolioHealth ?ph .\n  ?ph wm:goalMatchPct ?goalMatchPct .\n  FILTER(?goalMatchPct > 70)\n}""}"
wealth_management_batch_status_125_questions:BSQ125-2T-016,How many investors in the Debt category cohort have a positive sector allocation in Automobile?,wealth_management_batch_status_125_questions.csv,PIPELINE_SUCCESS,MATCH,MATCH,SQL,,[],[],"[""Requirement introduces unsupported terms: ['count', 'such']""]",The pipeline answer exactly matches the required count of Debt-category cohort investors with positive Automobile sector allocation.,21.59,"{""Q1"": ""SELECT COUNT(DISTINCT ip.investor_id) AS investor_count\nFROM ATOM_ENTITY_INVESTOR_PROFILE_001 ip\nINNER JOIN ATOM_ENTITY_SECTOR_ALLOCATION_001 sa\n  ON ip.investor_id = sa.investor_id\nWHERE ip.category = 'Debt'\n  AND sa.sector = 'Automobile'\n  AND sa.allocation_pct > 0;""}"
wealth_management_batch_status_125_questions:BSQ125-2T-012,List the Aggressive investors who sit in the poorly-diversified band with a diversification score below 25.,wealth_management_batch_status_125_questions.csv,PIPELINE_SUCCESS,MATCH,MATCH,KG,,[],[],"[""measures.0 has no quoted requirement."", ""measures.1 has no quoted requirement."", ""measures.2 has no quoted requirement.""]",The pipeline returns the complete ground-truth set of Aggressive investors in the poorly-diversified band with diversification scores below 25. Investor IDs and names match; the additional diversificationScore field is harmless.,38.32,"{""Q1"": ""PREFIX wm: <https://wealth.example.org/ontology/>\nPREFIX rdf: <http://www.w3.org/1999/02/22-rdf-syntax-ns#>\nPREFIX rdfs: <http://www.w3.org/2000/01/rdf-schema#>\nPREFIX xsd: <http://www.w3.org/2001/XMLSchema#>\n\nSELECT ?investorId ?investorName ?diversificationScore\nWHERE {\n  ?inv a wm:Investor ;\n       wm:investorId ?investorId ;\n       wm:investorName ?investorName ;\n       wm:riskTolerance ?riskTol ;\n       wm:hasPortfolioHealth ?ph .\n\n  ?ph a wm:PortfolioHealth ;\n      wm:investorId ?investorId ;\n      wm:diversificationScore ?diversificationScore .\n\n  FILTER(LCASE(?riskTol) = \""aggressive\"")\n  FILTER(?diversificationScore < 25)\n}""}"
wealth_management_batch_status_125_questions:BSQ125-2T-020,What is the average liquidity score of investors in the Equity category cohort?,wealth_management_batch_status_125_questions.csv,PIPELINE_SUCCESS,MATCH,MATCH,SQL,,[],[],"[""Requirement introduces unsupported terms: ['on']"", ""measures.0 has no quoted requirement.""]","The pipeline reports the average liquidity score for the Equity cohort as 50.42145968889628, which matches the ground-truth value 50.42 within rounding tolerance.",12.118,"{""Q1"": ""WITH health_avg AS (\n    SELECT investor_id,\n           AVG(liquidity_score) AS liquidity_score_avg\n    FROM ATOM_ENTITY_PORTFOLIO_HEALTH_001\n    GROUP BY investor_id\n)\nSELECT AVG(h.liquidity_score_avg) AS average_liquidity_score\nFROM ATOM_ENTITY_INVESTOR_PROFILE_001 AS p\nINNER JOIN health_avg AS h ON p.investor_id = h.investor_id\nWHERE p.category = 'Equity';""}"
wealth_management_batch_status_125_questions:BSQ125-2T-019,What is the average risk score of investors in the Medium-term time-horizon cohort?,wealth_management_batch_status_125_questions.csv,PIPELINE_SUCCESS,MATCH,MATCH,SQL,,[],[],[],"The pipeline returns the average risk score for the Medium-term cohort, and 51.60745895033531 matches the ground-truth value 51.61 within rounding tolerance.",15.894,"{""Q1"": ""WITH per_inv AS (\n    SELECT investor_id, AVG(risk_score) AS avg_risk_score\n    FROM ATOM_ENTITY_PORTFOLIO_HEALTH_001\n    GROUP BY investor_id\n)\nSELECT AVG(per_inv.avg_risk_score) AS average_risk_score\nFROM ATOM_ENTITY_INVESTOR_PROFILE_001 ip\nINNER JOIN per_inv ON ip.investor_id = per_inv.investor_id\nWHERE ip.time_horizon = 'Medium-term';""}"
wealth_management_batch_status_125_questions:BSQ125-2T-018,What is the average risk score of investors in the Equity category cohort?,wealth_management_batch_status_125_questions.csv,PIPELINE_SUCCESS,MATCH,MATCH,SQL,,[],[],"[""measures.0 has no quoted requirement.""]","The pipeline returns the average risk score for the Equity category cohort, and its value matches the ground truth within the allowed numeric tolerance.",19.962,"{""Q1"": ""SELECT AVG(ph.risk_score) AS average_risk_score\nFROM ATOM_ENTITY_INVESTOR_PROFILE_001 AS ip\nINNER JOIN ATOM_ENTITY_PORTFOLIO_HEALTH_001 AS ph\n  ON ip.investor_id = ph.investor_id\nWHERE ip.category = 'Equity';""}"
wealth_management_batch_status_125_questions:BSQ125-2T-022,What is the average diversification score of investors in the Equity category cohort?,wealth_management_batch_status_125_questions.csv,PIPELINE_SUCCESS,MATCH,MATCH,SQL,,[],[],"[""measures.0 has no quoted requirement.""]","The pipeline reports the average diversification score for the Equity cohort as 48.7178, which matches the ground-truth value 48.72 within rounding tolerance.",13.81,"{""Q1"": ""SELECT AVG(ph.diversification_score) AS average_diversification_score\nFROM ATOM_ENTITY_INVESTOR_PROFILE_001 ip\nINNER JOIN ATOM_ENTITY_PORTFOLIO_HEALTH_001 ph ON ip.investor_id = ph.investor_id\nWHERE ip.category = 'Equity';""}"
wealth_management_batch_status_125_questions:BSQ125-2T-017,"What is the average goal progress percentage for investors in the Aggressive risk cohort (each investor's goals averaged first, then averaged across investors)?",wealth_management_batch_status_125_questions.csv,PIPELINE_SUCCESS,MATCH,MATCH,SQL,,[],[],"[""measures.0 has no quoted requirement."", ""measures.1 has no quoted requirement.""]",The pipeline reports the requested average goal progress for the Aggressive risk cohort. Its value 39.75870500669318 matches the ground-truth value 39.76 within rounding tolerance.,39.802,"{""Q1"": ""WITH m1 AS (\n  SELECT ig.investor_id,\n         AVG(ig.progress_pct) AS investor_avg_progress\n  FROM ATOM_ENTITY_INVESTMENT_GOAL_001 ig\n  GROUP BY ig.investor_id\n)\nSELECT AVG(m1.investor_avg_progress) AS average_goal_progress_pct\nFROM ATOM_ENTITY_INVESTOR_PROFILE_001 b\nINNER JOIN m1 ON b.investor_id = m1.investor_id\nWHERE b.risk_tolerance = 'Aggressive';""}"
wealth_management_batch_status_125_questions:BSQ125-2T-021,What is the average liquidity score of investors in the Medium-term time-horizon cohort?,wealth_management_batch_status_125_questions.csv,PIPELINE_SUCCESS,MATCH,MATCH,SQL,,[],[],"[""measures.0 has no quoted requirement.""]","The pipeline returns the average liquidity score for the Medium-term cohort, and 47.8049 is within the allowed numeric tolerance of the ground-truth value 47.8.",27.341,"{""Q1"": ""SELECT AVG(ph.liquidity_score) AS average_liquidity_score\nFROM ATOM_ENTITY_INVESTOR_PROFILE_001 AS ip\nINNER JOIN ATOM_ENTITY_PORTFOLIO_HEALTH_001 AS ph ON ip.investor_id = ph.investor_id\nWHERE ip.time_horizon = 'Medium-term';""}"
wealth_management_batch_status_125_questions:BSQ125-2T-023,What is the average diversification score of investors in the Medium-term time-horizon cohort?,wealth_management_batch_status_125_questions.csv,PIPELINE_SUCCESS,MATCH,MATCH,SQL,,[],[],"[""measures.0 has no quoted requirement.""]","The pipeline returns the average diversification score for the Medium-term cohort, and 47.5386 matches the ground-truth value 47.54 within rounding tolerance.",21.389,"{""Q1"": ""SELECT AVG(ph.diversification_score) AS average_diversification_score\nFROM ATOM_ENTITY_INVESTOR_PROFILE_001 ip\nINNER JOIN ATOM_ENTITY_PORTFOLIO_HEALTH_001 ph ON ip.investor_id = ph.investor_id\nWHERE ip.time_horizon = 'Medium-term';""}"
wealth_management_batch_status_125_questions:BSQ125-2T-024,What is the average goal-match percentage of investors in the Conservative risk cohort?,wealth_management_batch_status_125_questions.csv,PIPELINE_SUCCESS,MATCH,MATCH,SQL,,[],[],"[""measures.0 has no quoted requirement.""]","The pipeline returns the average goal-match percentage for the Conservative cohort, and its value matches the ground truth within the specified numeric tolerance.",14.331,"{""Q1"": ""WITH investor_avg AS (\n  SELECT ph.investor_id,\n         AVG(ph.goal_match_pct) AS avg_goal_match_pct\n  FROM ATOM_ENTITY_PORTFOLIO_HEALTH_001 ph\n  INNER JOIN ATOM_ENTITY_INVESTOR_PROFILE_001 ip\n    ON ph.investor_id = ip.investor_id\n  WHERE ip.risk_tolerance = 'Conservative'\n  GROUP BY ph.investor_id\n)\nSELECT AVG(avg_goal_match_pct) AS average_goal_match_pct\nFROM investor_avg;""}"
wealth_management_batch_status_125_questions:BSQ125-2T-025,What is the average goal-match percentage of investors in the Large Cap segment cohort?,wealth_management_batch_status_125_questions.csv,PIPELINE_SUCCESS,MATCH,MATCH,SQL,,[],[],[],"The pipeline returns the average goal-match percentage for the Large Cap segment cohort, and the value 51.8618 rounds to the ground-truth value of 51.86.",11.028,"{""Q1"": ""SELECT AVG(p.goal_match_pct) AS average_goal_match_pct\nFROM ATOM_ENTITY_INVESTOR_PROFILE_001 AS ip\nINNER JOIN ATOM_ENTITY_PORTFOLIO_HEALTH_001 AS p\n  ON ip.investor_id = p.investor_id\nWHERE ip.segment = 'Large Cap';""}"
wealth_management_batch_status_125_questions:BSQ125-2T-026,How many investors in the Large Cap segment cohort sit in the elevated-risk band with a risk score above 75?,wealth_management_batch_status_125_questions.csv,DAG_NODE_ERROR,MISMATCH,MISMATCH,SQL,Q1:Query_Spec_Contract,"[""invalid_operand_kind""]","[""measures.0: operand_kind must be physical or aliases.""]","[""measures.0 has no quoted requirement.""]",The pipeline returned a query failure instead of the required investor count.,13.603,"{""Q1"": """"}"
wealth_management_batch_status_125_questions:BSQ125-2T-028,How many investors in the Medium-term time-horizon cohort have a goal-match percentage below 25?,wealth_management_batch_status_125_questions.csv,PIPELINE_SUCCESS,MATCH,MATCH,SQL,,[],[],"[""measures.0 has no quoted requirement.""]","The pipeline returns the required count for Medium-term investors with goal-match percentage below 25, matching the ground truth.",15.434,"{""Q1"": ""SELECT COUNT(DISTINCT ip.investor_id) AS investor_count\nFROM ATOM_ENTITY_INVESTOR_PROFILE_001 AS ip\nINNER JOIN ATOM_ENTITY_PORTFOLIO_HEALTH_001 AS ph\n  ON ip.investor_id = ph.investor_id\nWHERE ip.time_horizon = 'Medium-term'\n  AND ph.goal_match_pct < 25;""}"
wealth_management_batch_status_125_questions:BSQ125-2T-029,List the Conservative investors who sit in the poorly-diversified band with a diversification score below 25.,wealth_management_batch_status_125_questions.csv,PIPELINE_SUCCESS,MATCH,MATCH,SQL,,[],[],"[""measures.0 has no quoted requirement."", ""measures.1 has no quoted requirement.""]",The pipeline returns the same complete set of Conservative investors in the poorly-diversified band with diversification scores below 25. The additional diversification_score column is harmless.,18.239,"{""Q1"": ""SELECT p.investor_id,\n       p.investor_name,\n       h.diversification_score\nFROM ATOM_ENTITY_INVESTOR_PROFILE_001 AS p\nINNER JOIN ATOM_ENTITY_PORTFOLIO_HEALTH_001 AS h\n  ON p.investor_id = h.investor_id\nWHERE p.risk_tolerance = 'Conservative'\n  AND h.diversification_score < 25;""}"
wealth_management_batch_status_125_questions:BSQ125-2T-027,How many investors in the Equity category cohort sit in the low-liquidity band with a liquidity score below 25?,wealth_management_batch_status_125_questions.csv,PIPELINE_SUCCESS,MATCH,MATCH,SQL,,[],[],"[""measures.0 has no quoted requirement.""]",The pipeline returns the required investor count of 75 for the specified Equity cohort and low-liquidity condition.,26.076,"{""Q1"": ""SELECT COUNT(*) AS investor_count\nFROM ATOM_ENTITY_INVESTOR_PROFILE_001 AS ip\nINNER JOIN ATOM_ENTITY_PORTFOLIO_HEALTH_001 AS ph\n  ON ip.investor_id = ph.investor_id\nWHERE ip.category = 'Equity'\n  AND ph.liquidity_score < 25;""}"
wealth_management_batch_status_125_questions:BSQ125-2T-030,List the Large Cap segment investors whose goal-match percentage is above 70.,wealth_management_batch_status_125_questions.csv,PIPELINE_SUCCESS,MATCH,MATCH,SQL,,[],[],"[""measures.0 has no quoted requirement."", ""measures.1 has no quoted requirement."", ""measures.3 has no quoted requirement.""]","The pipeline returns exactly the Large Cap investors with goal-match percentage above 70, matching the ground-truth investor ID and name set. Additional segment and percentage fields are harmless.",16.535,"{""Q1"": ""SELECT ip.investor_id,\n       ip.investor_name,\n       ip.segment,\n       ph.goal_match_pct\nFROM ATOM_ENTITY_INVESTOR_PROFILE_001 AS ip\nINNER JOIN ATOM_ENTITY_PORTFOLIO_HEALTH_001 AS ph\n  ON ip.investor_id = ph.investor_id\nWHERE ip.segment = 'Large Cap'\n  AND ph.goal_match_pct > 70;""}"
wealth_management_batch_status_125_questions:BSQ125-2T-031,How many investors in the Aggressive risk cohort hold at least one position with investment type 'ETF'?,wealth_management_batch_status_125_questions.csv,DAG_NODE_ERROR,MISMATCH,MISMATCH,SQL,Q1:Query_Spec_Contract,"[""unknown_source"", ""physical_as_source""]","[""Unknown source: physical"", ""measures.0: unknown source 'physical'."", ""filters.0: unknown source 'physical'."", ""filters.1: unknown source 'physical'.""]","[""Requirement introduces unsupported terms: ['count', 'distinct']""]",The pipeline returned an execution failure rather than the required investor count.,14.144,"{""Q1"": """"}"
wealth_management_batch_status_125_questions:BSQ125-2T-032,How many investors in the Large Cap segment cohort have at least one underfunded goal?,wealth_management_batch_status_125_questions.csv,PIPELINE_SUCCESS,MATCH,MISMATCH,SQL,,[],[],"[""Requirement introduces unsupported terms: ['0']"", ""Requirement introduces unsupported terms: ['count', 'distinct', 'such']""]",The pipeline result exactly matches the required investor count for the Large Cap segment cohort with at least one underfunded goal.,10.348,"{""Q1"": ""SELECT COUNT(DISTINCT ip.investor_id) AS investor_count\nFROM ATOM_ENTITY_INVESTOR_PROFILE_001 ip\nINNER JOIN ATOM_ENTITY_INVESTMENT_GOAL_001 ig ON ip.investor_id = ig.investor_id\nWHERE ip.segment = 'Large Cap' AND ig.shortfall > 0;""}"
wealth_management_batch_status_125_questions:BSQ125-2T-034,"What is the average goal progress percentage for investors in the Conservative risk cohort (averaging each investor's goals first, then across investors)?",wealth_management_batch_status_125_questions.csv,PIPELINE_SUCCESS,MATCH,MATCH,SQL,,[],[],[],The pipeline reports the requested average goal progress for the Conservative cohort. Its value rounds to the ground-truth value and is within the stated numeric tolerance.,14.498,"{""Q1"": ""WITH m1 AS (\n    SELECT investor_id,\n           AVG(progress_pct) AS avg_progress_pct\n    FROM ATOM_ENTITY_INVESTMENT_GOAL_001\n    GROUP BY investor_id\n)\nSELECT AVG(m1.avg_progress_pct) AS average_goal_progress_pct\nFROM ATOM_ENTITY_INVESTOR_PROFILE_001 b\nINNER JOIN m1 ON b.investor_id = m1.investor_id\nWHERE b.risk_tolerance = 'Conservative';""}"
wealth_management_batch_status_125_questions:BSQ125-2T-035,What is the average risk score of investors in the Gold category cohort?,wealth_management_batch_status_125_questions.csv,PIPELINE_SUCCESS,MATCH,MATCH,SQL,,[],[],"[""Requirement introduces unsupported terms: ['on']"", ""measures.0 has no quoted requirement.""]","The pipeline returns the average risk score for the Gold category cohort, and its value is within the allowed numeric tolerance of the ground truth.",14.8,"{""Q1"": ""SELECT AVG(ph.risk_score) AS average_risk_score\nFROM ATOM_ENTITY_INVESTOR_PROFILE_001 AS ip\nINNER JOIN ATOM_ENTITY_PORTFOLIO_HEALTH_001 AS ph\n  ON ip.investor_id = ph.investor_id\nWHERE ip.category = 'Gold';""}"
wealth_management_batch_status_125_questions:BSQ125-2T-036,What is the average risk score of investors in the Short-term time-horizon cohort?,wealth_management_batch_status_125_questions.csv,PIPELINE_SUCCESS,MATCH,MATCH,SQL,,[],[],"[""measures.0 has no quoted requirement.""]","The pipeline returns the average risk score for the Short-term cohort, and its value matches the ground truth within the allowed numeric tolerance.",15.695,"{""Q1"": ""SELECT AVG(ph.risk_score) AS average_risk_score\nFROM ATOM_ENTITY_INVESTOR_PROFILE_001 AS ip\nINNER JOIN ATOM_ENTITY_PORTFOLIO_HEALTH_001 AS ph ON ip.investor_id = ph.investor_id\nWHERE ip.time_horizon = 'Short-term';""}"
wealth_management_batch_status_125_questions:BSQ125-2T-033,How many investors in the Debt category cohort have a sector allocation above 0% in Banking?,wealth_management_batch_status_125_questions.csv,PIPELINE_SUCCESS,MATCH,MISMATCH,SQL,,[],[],"[""measures.0 has no quoted requirement.""]","The pipeline returns the required investor count, 17, exactly matching the ground truth for Debt-category cohort investors with Banking sector allocation above 0%.",28.551,"{""Q1"": ""SELECT COUNT(DISTINCT ip.investor_id) AS investor_count\nFROM ATOM_ENTITY_INVESTOR_PROFILE_001 ip\nINNER JOIN ATOM_ENTITY_SECTOR_ALLOCATION_001 sa ON ip.investor_id = sa.investor_id\nWHERE ip.category = 'Debt'\n  AND sa.sector = 'Banking'\n  AND sa.allocation_pct > 0;""}"
wealth_management_batch_status_125_questions:BSQ125-2T-037,What is the average liquidity score of investors in the Gold category cohort?,wealth_management_batch_status_125_questions.csv,PIPELINE_SUCCESS,MATCH,MISMATCH,SQL,,[],[],"[""measures.0 has no quoted requirement.""]","The pipeline reports the average liquidity score for the Gold category cohort as 51.5427, which matches the ground-truth value of 51.54 within the allowed numeric tolerance.",21.421,"{""Q1"": ""SELECT AVG(ph.liquidity_score) AS average_liquidity_score\nFROM ATOM_ENTITY_INVESTOR_PROFILE_001 ip\nINNER JOIN ATOM_ENTITY_PORTFOLIO_HEALTH_001 ph ON ip.investor_id = ph.investor_id\nWHERE ip.category = 'Gold';""}"
wealth_management_batch_status_125_questions:BSQ125-2T-039,What is the average diversification score of investors in the Gold category cohort?,wealth_management_batch_status_125_questions.csv,PIPELINE_SUCCESS,MATCH,MATCH,SQL,,[],[],"[""Requirement introduces unsupported terms: ['on']"", ""measures.0 has no quoted requirement.""]","The pipeline returns the average diversification score for the Gold category cohort, and its value rounds to the ground-truth average within the allowed numeric tolerance.",25.079,"{""Q1"": ""SELECT AVG(ph.diversification_score) AS avg_diversification_score\nFROM ATOM_ENTITY_INVESTOR_PROFILE_001 AS ip\nINNER JOIN ATOM_ENTITY_PORTFOLIO_HEALTH_001 AS ph ON ip.investor_id = ph.investor_id\nWHERE ip.category = 'Gold';""}"
wealth_management_batch_status_125_questions:BSQ125-2T-040,What is the average diversification score of investors in the Short-term time-horizon cohort?,wealth_management_batch_status_125_questions.csv,PIPELINE_SUCCESS,MATCH,MATCH,SQL,,[],[],"[""measures.0 has no quoted requirement.""]","The pipeline returns the average diversification score for the Short-term cohort, 53.0915, which matches the ground truth value 53.09 within rounding tolerance.",26.561,"{""Q1"": ""WITH per_investor AS (\n    SELECT ph.investor_id,\n           AVG(ph.diversification_score) AS div_score\n    FROM ATOM_ENTITY_PORTFOLIO_HEALTH_001 ph\n    INNER JOIN ATOM_ENTITY_INVESTOR_PROFILE_001 ip\n        ON ph.investor_id = ip.investor_id\n    WHERE ip.time_horizon = 'Short-term'\n    GROUP BY ph.investor_id\n)\nSELECT AVG(div_score) AS average_diversification_score\nFROM per_investor;""}"
wealth_management_batch_status_125_questions:BSQ125-2T-038,What is the average liquidity score of investors in the Short-term time-horizon cohort?,wealth_management_batch_status_125_questions.csv,PIPELINE_SUCCESS,MATCH,MATCH,SQL,,[],[],"[""measures.0 has no quoted requirement.""]","The pipeline reports the average liquidity score for the Short-term cohort as 51.3184, which matches the ground-truth value of 51.32 within the allowed numeric tolerance.",36.241,"{""Q1"": ""SELECT AVG(ph.liquidity_score) AS average_liquidity_score\nFROM ATOM_ENTITY_INVESTOR_PROFILE_001 ip\nJOIN ATOM_ENTITY_PORTFOLIO_HEALTH_001 ph ON ip.investor_id = ph.investor_id\nWHERE ip.time_horizon = 'Short-term';""}"
wealth_management_batch_status_125_questions:BSQ125-3T-001,Which investors in the Aggressive risk cohort sit in the elevated-risk band above 75 and carry at least one underfunded goal?,wealth_management_batch_status_125_questions.csv,DAG_NODE_ERROR,MISMATCH,MATCH,KG,Q1:Query_Spec_Contract,"[""aggregate_alias_contract""]","[""measures.0.aggregate_filters.0: predicate must reference the owning measure alias.""]",[],The pipeline returned a failure message rather than the required list of qualifying investors; the ground truth contains many matching investors.,19.141,"{""Q1"": """"}"
wealth_management_batch_status_125_questions:BSQ125-3T-002,Which investors in the Diversified segment cohort have a liquidity score below 50 and hold a Corporate Bond position?,wealth_management_batch_status_125_questions.csv,DAG_NODE_ERROR,MISMATCH,MATCH,SQL,Q1:Query_Spec_Contract,"[""unknown_source""]","[""Unknown source: investor"", ""Unknown base_entity: investor""]","[""measures.0 has no quoted requirement."", ""measures.1 has no quoted requirement.""]","The pipeline returned a failure message rather than the required list of qualifying investors, while the ground truth contains 91 matching investor records.",13.423,"{""Q1"": """"}"
wealth_management_batch_status_125_questions:BSQ125-3T-003,Which investors in the Debt category cohort have a diversification score below 50 and a sector allocation above 0% in Automobile?,wealth_management_batch_status_125_questions.csv,PIPELINE_SUCCESS,MATCH,MATCH,SQL,,[],[],"[""group_by.0 has no quoted requirement."", ""group_by.1 has no quoted requirement.""]","The pipeline returns exactly the eight investors in the ground truth, with matching investor IDs and names. The differing row order is not material because the question does not request an ordering.",20.64,"{""Q1"": ""SELECT DISTINCT p.investor_id,\n       p.investor_name\nFROM ATOM_ENTITY_INVESTOR_PROFILE_001 AS p\nINNER JOIN ATOM_ENTITY_PORTFOLIO_HEALTH_001 AS ph ON p.investor_id = ph.investor_id\nINNER JOIN ATOM_ENTITY_SECTOR_ALLOCATION_001 AS sa ON p.investor_id = sa.investor_id\nWHERE p.category = 'Debt'\n  AND ph.diversification_score < 50\n  AND sa.sector = 'Automobile'\n  AND sa.allocation_pct > 0;""}"
wealth_management_batch_status_125_questions:BSQ125-3T-006,Which investors in the Conservative risk cohort sit in the elevated-risk band above 75 and carry at least one underfunded goal?,wealth_management_batch_status_125_questions.csv,PIPELINE_SUCCESS,MATCH,MATCH,SQL,,[],[],[],"The pipeline returns the same complete set of qualifying investor IDs and names as the ground truth. The ordering differs, but the question does not require a specific order.",15.302,"{""Q1"": ""SELECT DISTINCT p.investor_id,\n       p.investor_name\nFROM ATOM_ENTITY_INVESTOR_PROFILE_001 AS p\nINNER JOIN ATOM_ENTITY_PORTFOLIO_HEALTH_001 AS ph\n        ON p.investor_id = ph.investor_id\n       AND ph.risk_score > 75\nINNER JOIN ATOM_ENTITY_INVESTMENT_GOAL_001 AS g\n        ON p.investor_id = g.investor_id\n       AND g.shortfall > 0\nWHERE p.risk_tolerance = 'Conservative';""}"
wealth_management_batch_status_125_questions:BSQ125-3T-004,How many investors in the Long-term time-horizon cohort with a goal-match percentage above 50 also hold a Corporate Bond position?,wealth_management_batch_status_125_questions.csv,DAG_NODE_ERROR,MISMATCH,MATCH,SQL,Q1:Query_Spec_Contract,"[""derived_expression_required""]","[""measures.0: derived measure needs an expression.""]","[""Requirement introduces unsupported terms: ['all', 'condition', 'count', 'distinct', 'meeting']""]",The pipeline returned an execution failure message rather than the required investor count.,22.303,"{""Q1"": """"}"
wealth_management_batch_status_125_questions:BSQ125-3T-005,How many investors in the Aggressive risk cohort with a diversification score below 25 carry at least one underfunded goal?,wealth_management_batch_status_125_questions.csv,PIPELINE_SUCCESS,MATCH,MATCH,SQL,,[],[],"[""measures.0 has no quoted requirement.""]",The pipeline result exactly matches the ground-truth investor count required by the question.,25.469,"{""Q1"": ""SELECT COUNT(DISTINCT ip.investor_id) AS investor_count\nFROM ATOM_ENTITY_INVESTOR_PROFILE_001 ip\nINNER JOIN ATOM_ENTITY_PORTFOLIO_HEALTH_001 ph ON ip.investor_id = ph.investor_id\nINNER JOIN ATOM_ENTITY_INVESTMENT_GOAL_001 ig ON ip.investor_id = ig.investor_id\nWHERE ip.risk_tolerance = 'Aggressive'\n  AND ph.diversification_score < 25\n  AND ig.shortfall > 0;""}"
wealth_management_batch_status_125_questions:BSQ125-3T-009,How many investors in the Long-term time-horizon cohort with a goal-match percentage above 50 also hold a position with investment type 'ETF'?,wealth_management_batch_status_125_questions.csv,PIPELINE_SUCCESS,MATCH,MISMATCH,SQL,,[],[],"[""Requirement introduces unsupported terms: ['all', 'criteria', 'meeting', 'number']""]","The pipeline returns the required investor count, matching the ground truth exactly.",18.39,"{""Q1"": ""SELECT COUNT(DISTINCT ip.investor_id) AS investor_count\nFROM ATOM_ENTITY_INVESTOR_PROFILE_001 ip\nINNER JOIN ATOM_ENTITY_PORTFOLIO_HEALTH_001 ph ON ip.investor_id = ph.investor_id\nINNER JOIN ATOM_ENTITY_PORTFOLIO_HOLDING_001 phld ON ip.investor_id = phld.investor_id\nWHERE ip.time_horizon = 'Long-term'\n  AND ph.goal_match_pct > 50\n  AND phld.investment_type = 'ETF';""}"
wealth_management_batch_status_125_questions:BSQ125-3T-008,Which investors in the Debt category cohort have a diversification score below 50 and a sector allocation above 0% in Banking?,wealth_management_batch_status_125_questions.csv,PIPELINE_SUCCESS,MATCH,MATCH,SQL,,[],[],"[""Requirement introduces unsupported terms: ['belong', 'must']"", ""measures.0 has no quoted requirement."", ""measures.1 has no quoted requirement."", ""measures.3 has no quoted requirement.""]",The pipeline returns exactly the eight investors in the ground truth. The additional diversification and Banking allocation fields are consistent with the stated filters and are harmless.,29.034,"{""Q1"": ""SELECT p.investor_id,\n       p.investor_name,\n       h.diversification_score,\n       s.allocation_pct\nFROM ATOM_ENTITY_INVESTOR_PROFILE_001 p\nINNER JOIN ATOM_ENTITY_PORTFOLIO_HEALTH_001 h ON p.investor_id = h.investor_id\nINNER JOIN ATOM_ENTITY_SECTOR_ALLOCATION_001 s ON p.investor_id = s.investor_id\nWHERE p.category = 'Debt'\n  AND h.diversification_score < 50\n  AND s.sector = 'Banking'\n  AND s.allocation_pct > 0;""}"
wealth_management_batch_status_125_questions:BSQ125-3T-010,How many investors in the Conservative risk cohort with a diversification score below 25 carry at least one underfunded goal?,wealth_management_batch_status_125_questions.csv,PIPELINE_SUCCESS,MATCH,MATCH,SQL,,[],[],"[""Requirement introduces unsupported terms: ['belong']"", ""Requirement introduces unsupported terms: ['greater', 'has', 'than', 'zero']"", ""Requirement introduces unsupported terms: ['all', 'condition', 'number', 'satisfying']""]","The pipeline returns the correct investor count for the specified Conservative cohort, diversification threshold, and underfunded-goal condition.",22.65,"{""Q1"": ""SELECT COUNT(DISTINCT i.investor_id) AS investor_count\nFROM ATOM_ENTITY_INVESTOR_PROFILE_001 i\nINNER JOIN ATOM_ENTITY_PORTFOLIO_HEALTH_001 ph ON i.investor_id = ph.investor_id\nINNER JOIN ATOM_ENTITY_INVESTMENT_GOAL_001 g ON i.investor_id = g.investor_id\nWHERE i.risk_tolerance = 'Conservative'\n  AND ph.diversification_score < 25\n  AND g.shortfall > 0;""}"
wealth_management_batch_status_125_questions:BSQ125-3T-007,Which investors in the Diversified segment cohort have a liquidity score below 50 and hold a position with investment type 'ETF'?,wealth_management_batch_status_125_questions.csv,PIPELINE_SUCCESS,MATCH,MATCH,SQL,,[],[],"[""group_by.0 has no quoted requirement."", ""group_by.1 has no quoted requirement.""]","The pipeline returns the complete set of investors matching the Diversified cohort, liquidity score below 50, and ETF holding criteria. All investor IDs and names match the ground truth; ordering differs but was not requested.",33.104,"{""Q1"": ""SELECT DISTINCT p.investor_id,\n                p.investor_name\nFROM ATOM_ENTITY_INVESTOR_PROFILE_001 AS p\nINNER JOIN ATOM_ENTITY_PORTFOLIO_HEALTH_001 AS h ON p.investor_id = h.investor_id\nINNER JOIN ATOM_ENTITY_PORTFOLIO_HOLDING_001 AS ph ON p.investor_id = ph.investor_id\nWHERE p.segment = 'Diversified'\n  AND h.liquidity_score < 50\n  AND ph.investment_type = 'ETF';""}"
wealth_management_batch_status_125_questions:BSQ125-3T-011,Which investors in the Moderate risk cohort sit in the elevated-risk band above 75 and carry at least one underfunded goal?,wealth_management_batch_status_125_questions.csv,DAG_NODE_ERROR,MISMATCH,MATCH,SQL,Q1:Query_Spec_Contract,"[""aggregate_alias_contract""]","[""measures.0.aggregate_filters.0: predicate must reference the owning measure alias.""]","[""group_by.0 has no quoted requirement."", ""group_by.1 has no quoted requirement.""]","Pipeline returned no investor rows because the query failed, while the ground truth contains a large non-empty set of qualifying Moderate-cohort investors.",20.727,"{""Q1"": """"}"
wealth_management_batch_status_125_questions:BSQ125-3T-014,How many investors in the Medium-term time-horizon cohort with a goal-match percentage above 50 also hold a Corporate Bond position?,wealth_management_batch_status_125_questions.csv,PIPELINE_SUCCESS,MATCH,MISMATCH,SQL,,[],[],"[""measures.0 has no quoted requirement.""]","The pipeline returns the required investor count, 89, matching the ground truth exactly.",10.727,"{""Q1"": ""SELECT COUNT(DISTINCT ip.investor_id) AS investor_count\nFROM ATOM_ENTITY_INVESTOR_PROFILE_001 ip\nINNER JOIN ATOM_ENTITY_PORTFOLIO_HEALTH_001 ph ON ip.investor_id = ph.investor_id\nINNER JOIN ATOM_ENTITY_PORTFOLIO_HOLDING_001 phld ON ip.investor_id = phld.investor_id\nWHERE ip.time_horizon = 'Medium-term'\n  AND ph.goal_match_pct > 50\n  AND phld.investment_type = 'Corporate Bond';""}"
wealth_management_batch_status_125_questions:BSQ125-3T-013,Which investors in the Equity category cohort have a diversification score below 50 and a sector allocation above 0% in Automobile?,wealth_management_batch_status_125_questions.csv,PIPELINE_SUCCESS,MATCH,MATCH,SQL,,[],[],"[""measures.0 has no quoted requirement."", ""measures.1 has no quoted requirement.""]","The pipeline returns exactly the nine investors in the ground truth, with matching investor IDs and names. The differing row order is not material because the question does not request an ordering.",16.323,"{""Q1"": ""SELECT DISTINCT ip.investor_id,\n       ip.investor_name\nFROM ATOM_ENTITY_INVESTOR_PROFILE_001 ip\nINNER JOIN ATOM_ENTITY_PORTFOLIO_HEALTH_001 ph ON ip.investor_id = ph.investor_id\nINNER JOIN ATOM_ENTITY_SECTOR_ALLOCATION_001 sa ON ip.investor_id = sa.investor_id\nWHERE ip.category = 'Equity'\n  AND ph.diversification_score < 50\n  AND sa.sector = 'Automobile'\n  AND sa.allocation_pct > 0;""}"
wealth_management_batch_status_125_questions:BSQ125-3T-012,Which investors in the Diversified segment cohort have a liquidity score below 50 and hold a position with investment type 'Equity'?,wealth_management_batch_status_125_questions.csv,PIPELINE_SUCCESS,MATCH,MATCH,SQL,,[],[],"[""measures.0 has no quoted requirement."", ""measures.1 has no quoted requirement.""]","The pipeline returns exactly the same investor ID and investor-name set as the ground truth for the specified cohort, liquidity-score threshold, and Equity holding condition. Ordering differs but no ordering was requested.",17.471,"{""Q1"": ""SELECT DISTINCT p.investor_id, p.investor_name\nFROM ATOM_ENTITY_INVESTOR_PROFILE_001 p\nINNER JOIN ATOM_ENTITY_PORTFOLIO_HEALTH_001 ph ON p.investor_id = ph.investor_id\nINNER JOIN ATOM_ENTITY_PORTFOLIO_HOLDING_001 phld ON p.investor_id = phld.investor_id\nWHERE p.segment = 'Diversified'\n  AND ph.liquidity_score < 50\n  AND phld.investment_type = 'Equity';""}"
wealth_management_batch_status_125_questions:BSQ125-3T-016,Which investors in the Large Cap segment cohort have a liquidity score below 50 and hold a Corporate Bond position?,wealth_management_batch_status_125_questions.csv,PIPELINE_SUCCESS,MATCH,MATCH,KG,,[],[],"[""measures.0 has no quoted requirement."", ""measures.1 has no quoted requirement.""]","The pipeline returns the same complete set of qualifying investors as the ground truth, with matching investor IDs and names. Ordering differs but no ordering was requested.",23.907,"{""Q1"": ""PREFIX wm: <https://wealth.example.org/ontology/>\nPREFIX rdfs: <http://www.w3.org/2000/01/rdf-schema#>\nPREFIX xsd: <http://www.w3.org/2001/XMLSchema#>\n\nSELECT DISTINCT ?investorId ?investorName\nWHERE {\n  ?inv a wm:Investor .\n  ?inv wm:segment \""Large Cap\"" .\n  ?inv wm:investorId ?investorId .\n  ?inv wm:investorName ?investorName .\n  ?inv wm:hasPortfolioHealth ?ph .\n  ?ph wm:liquidityScore ?liqScore .\n  FILTER(?liqScore < 50) .\n  ?inv wm:hasHolding ?hold .\n  ?hold wm:investmentType \""Corporate Bond\"" .\n}""}"
wealth_management_batch_status_125_questions:BSQ125-3T-017,Which investors in the Equity category cohort have a diversification score below 50 and a sector allocation above 0% in Banking?,wealth_management_batch_status_125_questions.csv,PIPELINE_SUCCESS,MATCH,MATCH,SQL,,[],[],"[""measures.0 has no quoted requirement."", ""measures.1 has no quoted requirement.""]",The pipeline returns exactly the 12 investors in the ground truth with matching investor IDs and names. The differing row order is not material because the question does not require ordering.,22.679,"{""Q1"": ""SELECT DISTINCT p.investor_id,\n                p.investor_name\nFROM ATOM_ENTITY_INVESTOR_PROFILE_001 p\nINNER JOIN ATOM_ENTITY_PORTFOLIO_HEALTH_001 h ON p.investor_id = h.investor_id\nINNER JOIN ATOM_ENTITY_SECTOR_ALLOCATION_001 s ON p.investor_id = s.investor_id\nWHERE p.category = 'Equity'\n  AND h.diversification_score < 50\n  AND s.sector = 'Banking'\n  AND s.allocation_pct > 0;""}"
wealth_management_batch_status_125_questions:BSQ125-3T-018,How many investors in the Medium-term time-horizon cohort with a goal-match percentage above 50 also hold a position with investment type 'ETF'?,wealth_management_batch_status_125_questions.csv,PIPELINE_SUCCESS,MATCH,MISMATCH,SQL,,[],[],"[""Requirement introduces unsupported terms: ['count', 'distinct']""]","The pipeline returns the required investor count, 93, matching the ground truth exactly.",30.097,"{""Q1"": ""SELECT COUNT(DISTINCT ip.investor_id) AS investor_count\nFROM ATOM_ENTITY_INVESTOR_PROFILE_001 ip\nINNER JOIN ATOM_ENTITY_PORTFOLIO_HEALTH_001 ph ON ip.investor_id = ph.investor_id\nINNER JOIN ATOM_ENTITY_PORTFOLIO_HOLDING_001 phold ON ip.investor_id = phold.investor_id\nWHERE ip.time_horizon = 'Medium-term'\n  AND ph.goal_match_pct > 50\n  AND phold.investment_type = 'ETF';""}"
wealth_management_batch_status_125_questions:BSQ125-3T-015,How many investors in the Moderate risk cohort with a diversification score below 25 carry at least one underfunded goal?,wealth_management_batch_status_125_questions.csv,PIPELINE_SUCCESS,MATCH,MATCH,SQL,,[],[],"[""Requirement introduces unsupported terms: ['have', 'set']"", ""Requirement introduces unsupported terms: ['have']"", ""Requirement introduces unsupported terms: ['greater', 'have', 'than', 'zero']"", ""Requirement introduces unsupported terms: ['count', 'criteria', 'distinct', 'satisfying']""]","The pipeline returns the correct investor count for the specified Moderate-risk, low-diversification, underfunded-goal cohort.",45.267,"{""Q1"": ""SELECT COUNT(DISTINCT ip.investor_id) AS investor_count\nFROM ATOM_ENTITY_INVESTOR_PROFILE_001 ip\nINNER JOIN ATOM_ENTITY_PORTFOLIO_HEALTH_001 ph ON ip.investor_id = ph.investor_id\nINNER JOIN ATOM_ENTITY_INVESTMENT_GOAL_001 ig ON ip.investor_id = ig.investor_id\nWHERE ip.risk_tolerance = 'Moderate'\n  AND ph.diversification_score < 25\n  AND ig.shortfall > 0;""}"
wealth_management_batch_status_125_questions:BSQ125-3T-019,Which investors in the Large Cap segment cohort have a liquidity score below 50 and hold a position with investment type 'ETF'?,wealth_management_batch_status_125_questions.csv,PIPELINE_SUCCESS,MATCH,MATCH,SQL,,[],[],"[""group_by.0 has no quoted requirement."", ""group_by.1 has no quoted requirement.""]","The pipeline output exactly matches the ground-truth investor set and associated names for the specified Large Cap, liquidity-score, and ETF-holding conditions.",24.469,"{""Q1"": ""SELECT p.investor_id, p.investor_name\nFROM ATOM_ENTITY_INVESTOR_PROFILE_001 p\nINNER JOIN ATOM_ENTITY_PORTFOLIO_HEALTH_001 ph ON p.investor_id = ph.investor_id\nINNER JOIN ATOM_ENTITY_PORTFOLIO_HOLDING_001 phld ON p.investor_id = phld.investor_id\nWHERE p.segment = 'Large Cap'\n  AND ph.liquidity_score < 50\n  AND phld.investment_type = 'ETF'\nGROUP BY p.investor_id, p.investor_name;""}"
wealth_management_batch_status_125_questions:BSQ125-3T-020,Which investors in the Gold category cohort have a diversification score below 50 and a sector allocation above 0% in Automobile?,wealth_management_batch_status_125_questions.csv,PIPELINE_SUCCESS,MATCH,MATCH,SQL,,[],[],"[""measures.0 has no quoted requirement.""]","The pipeline returns exactly the five investors in the ground truth, with matching investor IDs and names. Order is not specified by the question.",23.489,"{""Q1"": ""SELECT DISTINCT p.investor_id,\n       p.investor_name\nFROM ATOM_ENTITY_INVESTOR_PROFILE_001 AS p\nINNER JOIN ATOM_ENTITY_PORTFOLIO_HEALTH_001 AS ph ON p.investor_id = ph.investor_id\nINNER JOIN ATOM_ENTITY_SECTOR_ALLOCATION_001 AS sa ON p.investor_id = sa.investor_id\nWHERE p.category = 'Gold'\n  AND ph.diversification_score < 50\n  AND sa.sector = 'Automobile'\n  AND sa.allocation_pct > 0;""}"
wealth_management_batch_status_125_questions:BSQ125-3T-022,Which investors in the Large Cap segment cohort have a liquidity score below 50 and hold a position with investment type 'Equity'?,wealth_management_batch_status_125_questions.csv,DAG_NODE_ERROR,MISMATCH,MATCH,SQL,Q1:Query_Spec_Contract,"[""unknown_source""]","[""Unknown source: investor"", ""Unknown base_entity: investor""]","[""measures.0 has no quoted requirement."", ""measures.1 has no quoted requirement.""]","The pipeline returned a query failure rather than the required list of qualifying investors, while the ground truth contains many matching investors.",11.443,"{""Q1"": """"}"
wealth_management_batch_status_125_questions:BSQ125-3T-021,How many investors in the Short-term time-horizon cohort with a goal-match percentage above 50 also hold a Corporate Bond position?,wealth_management_batch_status_125_questions.csv,PIPELINE_SUCCESS,MATCH,MISMATCH,SQL,,[],[],"[""Requirement introduces unsupported terms: ['criteria', 'meeting', 'number', 'specified']""]","The pipeline returns the required investor count, 106, exactly matching the ground truth.",27.924,"{""Q1"": ""SELECT COUNT(DISTINCT ip.investor_id) AS investor_count\nFROM ATOM_ENTITY_INVESTOR_PROFILE_001 ip\nINNER JOIN ATOM_ENTITY_PORTFOLIO_HEALTH_001 ph ON ip.investor_id = ph.investor_id\nINNER JOIN ATOM_ENTITY_PORTFOLIO_HOLDING_001 phold ON ip.investor_id = phold.investor_id\nWHERE ip.time_horizon = 'Short-term'\n  AND ph.goal_match_pct > 50\n  AND phold.investment_type = 'Corporate Bond';""}"
wealth_management_batch_status_125_questions:BSQ125-3T-023,Which investors in the Gold category cohort have a diversification score below 50 and a sector allocation above 0% in Banking?,wealth_management_batch_status_125_questions.csv,PIPELINE_SUCCESS,MATCH,MATCH,SQL,,[],[],"[""group_by.0 has no quoted requirement."", ""group_by.1 has no quoted requirement."", ""measures.1 has no quoted requirement.""]","The pipeline returns exactly the 10 investors in the ground truth, with matching investor IDs and names. The additional diversification and Banking allocation fields are consistent with the stated filters.",21.065,"{""Q1"": ""SELECT DISTINCT p.investor_id,\n       p.investor_name,\n       ph.diversification_score,\n       sa.allocation_pct\nFROM ATOM_ENTITY_INVESTOR_PROFILE_001 AS p\nINNER JOIN ATOM_ENTITY_PORTFOLIO_HEALTH_001 AS ph\n        ON p.investor_id = ph.investor_id\nINNER JOIN ATOM_ENTITY_SECTOR_ALLOCATION_001 AS sa\n        ON p.investor_id = sa.investor_id\nWHERE p.category = 'Gold'\n  AND ph.diversification_score < 50\n  AND sa.sector = 'Banking'\n  AND sa.allocation_pct > 0;""}"
wealth_management_batch_status_125_questions:BSQ125-3T-026,Which investors in the Hybrid category cohort have a diversification score below 50 and a sector allocation above 0% in Automobile?,wealth_management_batch_status_125_questions.csv,PIPELINE_SUCCESS,MATCH,MATCH,SQL,,[],[],"[""measures.0 has no quoted requirement."", ""measures.1 has no quoted requirement.""]","The pipeline returns exactly the 11 investors in the ground truth, with matching investor IDs and names. Ordering differs but no ordering was requested.",15.675,"{""Q1"": ""SELECT DISTINCT ip.investor_id,\n                ip.investor_name\nFROM ATOM_ENTITY_INVESTOR_PROFILE_001 AS ip\nINNER JOIN ATOM_ENTITY_PORTFOLIO_HEALTH_001 AS ph\n        ON ip.investor_id = ph.investor_id\nINNER JOIN ATOM_ENTITY_SECTOR_ALLOCATION_001 AS sa\n        ON ip.investor_id = sa.investor_id\nWHERE ip.category = 'Hybrid'\n  AND ph.diversification_score < 50\n  AND sa.sector = 'Automobile'\n  AND sa.allocation_pct > 0;""}"
wealth_management_batch_status_125_questions:BSQ125-3T-025,Which investors in the Mid Cap segment cohort have a liquidity score below 50 and hold a Corporate Bond position?,wealth_management_batch_status_125_questions.csv,DAG_NODE_ERROR,MISMATCH,MATCH,SQL,Q1:Query_Spec_Contract,"[""unknown_source""]","[""Unknown source: investor"", ""Unknown base_entity: investor""]","[""measures.0 has no quoted requirement."", ""measures.1 has no quoted requirement.""]",The pipeline returned an error instead of the required investor list; the ground truth contains 65 matching investors.,24.322,"{""Q1"": """"}"
wealth_management_batch_status_125_questions:BSQ125-3T-027,Which investors in the Mid Cap segment cohort have a liquidity score below 50 and hold a position with investment type 'ETF'?,wealth_management_batch_status_125_questions.csv,PIPELINE_SUCCESS,MATCH,MISMATCH,SQL,,[],[],"[""group_by.0 has no quoted requirement."", ""group_by.1 has no quoted requirement.""]",The pipeline returns the same complete set of investors and matching investor names as the ground truth. The differing row order does not affect this unranked list query.,20.406,"{""Q1"": ""SELECT DISTINCT p.investor_id,\n                p.investor_name\nFROM ATOM_ENTITY_INVESTOR_PROFILE_001 p\nINNER JOIN ATOM_ENTITY_PORTFOLIO_HEALTH_001 h\n        ON p.investor_id = h.investor_id\nINNER JOIN ATOM_ENTITY_PORTFOLIO_HOLDING_001 hd\n        ON p.investor_id = hd.investor_id\nWHERE p.segment = 'Mid Cap'\n  AND h.liquidity_score < 50\n  AND hd.investment_type = 'ETF';""}"
wealth_management_batch_status_125_questions:BSQ125-3T-024,How many investors in the Short-term time-horizon cohort with a goal-match percentage above 50 also hold a position with investment type 'ETF'?,wealth_management_batch_status_125_questions.csv,PIPELINE_SUCCESS,MATCH,MATCH,SQL,,[],[],"[""Requirement introduces unsupported terms: ['all', 'count', 'criteria', 'distinct', 'meeting']""]","The pipeline result exactly matches the required investor count for the specified cohort, goal-match threshold, and ETF holding condition.",43.783,"{""Q1"": ""SELECT COUNT(DISTINCT ip.investor_id) AS investor_count\nFROM ATOM_ENTITY_INVESTOR_PROFILE_001 ip\nINNER JOIN ATOM_ENTITY_PORTFOLIO_HEALTH_001 ph ON ip.investor_id = ph.investor_id\nINNER JOIN ATOM_ENTITY_PORTFOLIO_HOLDING_001 phld ON ip.investor_id = phld.investor_id\nWHERE ip.time_horizon = 'Short-term'\n  AND ph.goal_match_pct > 50\n  AND phld.investment_type = 'ETF';""}"
wealth_management_batch_status_125_questions:BSQ125-3T-028,Which investors in the Hybrid category cohort have a diversification score below 50 and a sector allocation above 0% in Banking?,wealth_management_batch_status_125_questions.csv,PIPELINE_SUCCESS,MATCH,MATCH,SQL,,[],[],"[""Requirement introduces unsupported terms: ['identifier']""]","The pipeline returns exactly the 15 investors in the ground-truth result set, with matching investor IDs and names. The differing row order is not material because the question does not request an ordering.",37.438,"{""Q1"": ""SELECT DISTINCT p.investor_id,\n                p.investor_name\nFROM ATOM_ENTITY_INVESTOR_PROFILE_001 p\nINNER JOIN ATOM_ENTITY_PORTFOLIO_HEALTH_001 ph ON p.investor_id = ph.investor_id\nINNER JOIN ATOM_ENTITY_SECTOR_ALLOCATION_001 sa ON p.investor_id = sa.investor_id\nWHERE p.category = 'Hybrid'\n  AND ph.diversification_score < 50\n  AND sa.sector = 'Banking'\n  AND sa.allocation_pct > 0;""}"
wealth_management_batch_status_125_questions:BSQ125-4T-001,"Which investors in the Aggressive risk cohort have a risk score above 50, hold a Corporate Bond position, and carry at least one underfunded goal?",wealth_management_batch_status_125_questions.csv,PIPELINE_SUCCESS,MATCH,MISMATCH,SQL,,[],[],"[""Requirement introduces unsupported terms: ['belong', 'must']"", ""Requirement introduces unsupported terms: ['must']"", ""Requirement introduces unsupported terms: ['0', 'funded', 'must', 'under']"", ""measures.0 has no quoted requirement."", ""measures.1 has no quoted requirement.""]","The pipeline returns the same complete set of qualifying investors and corresponding names as the ground truth. The only difference is row ordering, which was not requested.",23.513,"{""Q1"": ""SELECT DISTINCT ip.investor_id, ip.investor_name\nFROM ATOM_ENTITY_INVESTOR_PROFILE_001 ip\nINNER JOIN ATOM_ENTITY_PORTFOLIO_HEALTH_001 ph ON ip.investor_id = ph.investor_id\nINNER JOIN ATOM_ENTITY_PORTFOLIO_HOLDING_001 phold ON ip.investor_id = phold.investor_id\nINNER JOIN ATOM_ENTITY_INVESTMENT_GOAL_001 ig ON ip.investor_id = ig.investor_id\nWHERE ip.risk_tolerance = 'Aggressive'\n  AND ph.risk_score > 50\n  AND phold.investment_type = 'Corporate Bond'\n  AND ig.shortfall > 0;""}"
wealth_management_batch_status_125_questions:BSQ125-3T-030,Which investors in the Real Estate category cohort have a diversification score below 50 and a sector allocation above 0% in Automobile?,wealth_management_batch_status_125_questions.csv,DAG_NODE_ERROR,MISMATCH,MATCH,SQL,Q1:Query_Spec_Contract,[],"[""Duplicate output alias: investor_id"", ""Duplicate output alias: investor_name""]","[""group_by.0 has no quoted requirement."", ""group_by.1 has no quoted requirement."", ""measures.0 has no quoted requirement."", ""measures.1 has no quoted requirement.""]",The pipeline returned a failure message instead of the required list of 11 qualifying Real Estate cohort investors.,30.779,"{""Q1"": """"}"
wealth_management_batch_status_125_questions:BSQ125-4T-003,"Which investors in the Debt category cohort have a diversification score below 50, hold a Corporate Bond position, and have a sector allocation above 0% in Automobile?",wealth_management_batch_status_125_questions.csv,PIPELINE_SUCCESS,MATCH,MATCH,SQL,,[],[],"[""measures.0 has no quoted requirement."", ""measures.1 has no quoted requirement.""]","The pipeline returns exactly the four investors in the ground truth, with matching investor IDs and names. Order is not specified by the question.",11.079,"{""Q1"": ""SELECT DISTINCT ip.investor_id,\n                ip.investor_name\nFROM ATOM_ENTITY_INVESTOR_PROFILE_001 AS ip\nINNER JOIN ATOM_ENTITY_PORTFOLIO_HEALTH_001 AS ph\n        ON ip.investor_id = ph.investor_id\n       AND ph.diversification_score < 50\nINNER JOIN ATOM_ENTITY_PORTFOLIO_HOLDING_001 AS phld\n        ON ip.investor_id = phld.investor_id\n       AND phld.investment_type = 'Corporate Bond'\nINNER JOIN ATOM_ENTITY_SECTOR_ALLOCATION_001 AS sa\n        ON ip.investor_id = sa.investor_id\n       AND sa.sector = 'Automobile'\n       AND sa.allocation_pct > 0\nWHERE ip.category = 'Debt';""}"
wealth_management_batch_status_125_questions:BSQ125-4T-004,"Which investors in the Aggressive risk cohort have a risk score above 50, hold a position with investment type 'ETF', and carry at least one underfunded goal?",wealth_management_batch_status_125_questions.csv,PIPELINE_SUCCESS,MATCH,MATCH,SQL,,[],[],"[""group_by.0 has no quoted requirement."", ""group_by.1 has no quoted requirement.""]","The pipeline returns the same complete set of qualifying investors and names as the ground truth. The row ordering differs, but the question does not require a specific order.",21.664,"{""Q1"": ""SELECT DISTINCT ip.investor_id,\n                ip.investor_name\nFROM ATOM_ENTITY_INVESTOR_PROFILE_001 ip\nINNER JOIN ATOM_ENTITY_PORTFOLIO_HEALTH_001 ph\n        ON ip.investor_id = ph.investor_id\nINNER JOIN ATOM_ENTITY_PORTFOLIO_HOLDING_001 phld\n        ON ip.investor_id = phld.investor_id\nINNER JOIN ATOM_ENTITY_INVESTMENT_GOAL_001 ig\n        ON ip.investor_id = ig.investor_id\nWHERE ip.risk_tolerance = 'Aggressive'\n  AND ph.risk_score > 50\n  AND phld.investment_type = 'ETF'\n  AND ig.shortfall > 0;""}"
wealth_management_batch_status_125_questions:BSQ125-3T-029,Which investors in the Mid Cap segment cohort have a liquidity score below 50 and hold a position with investment type 'Equity'?,wealth_management_batch_status_125_questions.csv,PIPELINE_SUCCESS,MATCH,MATCH,KG,,[],[],[],"The pipeline returns exactly the same set of qualifying investors and corresponding names as the ground truth, with only a different row order and field naming convention.",64.373,"{""Q1"": ""PREFIX wm: <https://wealth.example.org/ontology/>\nPREFIX rdfs: <http://www.w3.org/2000/01/rdf-schema#>\nPREFIX xsd: <http://www.w3.org/2001/XMLSchema#>\n\nSELECT DISTINCT ?investorId ?investorName\nWHERE {\n  ?investor a wm:Investor ;\n            wm:investorId ?investorId ;\n            wm:investorName ?investorName ;\n            wm:segment ?segment ;\n            wm:hasPortfolioHealth ?ph ;\n            wm:hasHolding ?holding .\n\n  FILTER(LCASE(STR(?segment)) = \""mid cap\"") .\n\n  ?ph wm:liquidityScore ?liqScore .\n  FILTER(?liqScore < 50) .\n\n  ?holding wm:investmentType ?invType .\n  FILTER(LCASE(STR(?invType)) = \""equity\"") .\n}""}"
wealth_management_batch_status_125_questions:BSQ125-4T-005,"Which investors in the Diversified segment cohort have a liquidity score below 50, a sector allocation above 0% in Banking, and at least one underfunded goal?",wealth_management_batch_status_125_questions.csv,PIPELINE_SUCCESS,MATCH,MATCH,SQL,,[],[],"[""measures.0 has no quoted requirement."", ""measures.1 has no quoted requirement.""]","The pipeline returns exactly the 13 investors in the ground truth. Ordering differs, but the question asks for an entity set rather than a specified order.",20.26,"{""Q1"": ""SELECT DISTINCT i.investor_id,\n       i.investor_name\nFROM ATOM_ENTITY_INVESTOR_PROFILE_001 AS i\nINNER JOIN ATOM_ENTITY_PORTFOLIO_HEALTH_001 AS ph\n        ON i.investor_id = ph.investor_id\n       AND ph.liquidity_score < 50\nINNER JOIN ATOM_ENTITY_SECTOR_ALLOCATION_001 AS sa\n        ON i.investor_id = sa.investor_id\n       AND sa.sector = 'Banking'\n       AND sa.allocation_pct > 0\nINNER JOIN ATOM_ENTITY_INVESTMENT_GOAL_001 AS ig\n        ON i.investor_id = ig.investor_id\n       AND ig.shortfall > 0\nWHERE i.segment = 'Diversified';""}"
wealth_management_batch_status_125_questions:BSQ125-4T-007,"Which investors in the Aggressive risk cohort have a risk score above 50, hold a position with investment type 'Equity', and carry at least one underfunded goal?",wealth_management_batch_status_125_questions.csv,PIPELINE_SUCCESS,MATCH,MATCH,SQL,,[],[],"[""group_by.0 has no quoted requirement."", ""group_by.1 has no quoted requirement.""]",The pipeline output exactly matches the ground-truth investor set and corresponding names for all qualifying investors.,13.384,"{""Q1"": ""SELECT p.investor_id,\n       p.investor_name\nFROM ATOM_ENTITY_INVESTOR_PROFILE_001 AS p\nINNER JOIN ATOM_ENTITY_PORTFOLIO_HEALTH_001 AS ph\n        ON p.investor_id = ph.investor_id\n       AND ph.risk_score > 50\nINNER JOIN ATOM_ENTITY_PORTFOLIO_HOLDING_001 AS phld\n        ON p.investor_id = phld.investor_id\n       AND phld.investment_type = 'Equity'\nINNER JOIN ATOM_ENTITY_INVESTMENT_GOAL_001 AS ig\n        ON p.investor_id = ig.investor_id\n       AND ig.shortfall > 0\nWHERE p.risk_tolerance = 'Aggressive'\nGROUP BY p.investor_id, p.investor_name;""}"
wealth_management_batch_status_125_questions:BSQ125-4T-008,"Which investors in the Large Cap segment cohort have a liquidity score below 50, a sector allocation above 0% in Automobile, and at least one underfunded goal?",wealth_management_batch_status_125_questions.csv,PIPELINE_SUCCESS,MATCH,MISMATCH,KG,,[],[],[],"The pipeline returns exactly the 15 investors in the ground truth, with matching investor IDs and names. Order is not specified by the question.",25.862,"{""Q1"": ""PREFIX wm: <https://wealth.example.org/ontology/>\nPREFIX rdfs: <http://www.w3.org/2000/01/rdf-schema#>\nPREFIX xsd: <http://www.w3.org/2001/XMLSchema#>\n\nSELECT DISTINCT ?investorId ?investorName\nWHERE {\n  ?inv a wm:Investor .\n  ?inv wm:segment ?seg .\n  FILTER(LCASE(?seg) = \""large cap\"") .\n  ?inv wm:investorId ?investorId .\n  ?inv wm:investorName ?investorName .\n\n  ?inv wm:hasPortfolioHealth ?ph .\n  ?ph wm:liquidityScore ?liq .\n  FILTER(?liq < 50) .\n\n  ?inv wm:hasSectorAllocation ?sa .\n  ?sa wm:sector ?sector .\n  FILTER(LCASE(?sector) = \""automobile\"") .\n  ?sa wm:allocationPct ?alloc .\n  FILTER(?alloc > 0) .\n\n  ?inv wm:hasInvestmentGoal ?ig .\n  ?ig wm:shortfall ?short .\n  FILTER(?short > 0) .\n}""}"
wealth_management_batch_status_125_questions:BSQ125-4T-006,"Which investors in the Debt category cohort have a diversification score below 50, hold a position with investment type 'ETF', and have a sector allocation above 0% in Automobile?",wealth_management_batch_status_125_questions.csv,PIPELINE_SUCCESS,MATCH,MATCH,SQL,,[],[],"[""group_by.0 has no quoted requirement."", ""group_by.1 has no quoted requirement.""]","The pipeline returns exactly the five investors in the ground truth; only the row order differs, which is not requested.",34.672,"{""Q1"": ""SELECT DISTINCT ip.investor_id,\n                ip.investor_name\nFROM ATOM_ENTITY_INVESTOR_PROFILE_001 AS ip\nINNER JOIN ATOM_ENTITY_PORTFOLIO_HEALTH_001 AS ph\n        ON ip.investor_id = ph.investor_id\nINNER JOIN ATOM_ENTITY_PORTFOLIO_HOLDING_001 AS phold\n        ON ip.investor_id = phold.investor_id\nINNER JOIN ATOM_ENTITY_SECTOR_ALLOCATION_001 AS sa\n        ON ip.investor_id = sa.investor_id\nWHERE ip.category = 'Debt'\n  AND ph.diversification_score < 50\n  AND phold.investment_type = 'ETF'\n  AND sa.sector = 'Automobile'\n  AND sa.allocation_pct > 0;""}"
wealth_management_batch_status_125_questions:BSQ125-4T-002,"Which investors in the Diversified segment cohort have a liquidity score below 50, a sector allocation above 0% in Automobile, and at least one underfunded goal?",wealth_management_batch_status_125_questions.csv,PIPELINE_SUCCESS,MATCH,MATCH,KG,,[],[],"[""measures.0 has no quoted requirement."", ""measures.1 has no quoted requirement."", ""measures.2 has no quoted requirement.""]","The pipeline returns exactly the four investors required by the question: INV-045, INV-286, INV-634, and INV-809. Duplicate rows reflect multiple underfunded goals and do not introduce incorrect investors.",69.532,"{""Q1"": ""PREFIX wm: <https://wealth.example.org/ontology/>\nPREFIX rdfs: <http://www.w3.org/2000/01/rdf-schema#>\nPREFIX xsd: <http://www.w3.org/2001/XMLSchema#>\n\nSELECT ?investorId ?investorName ?liquidityScore ?allocationPct (SUM(?shortfall) AS ?shortfall)\nWHERE {\n  ?investor a wm:Investor .\n  ?investor wm:investorId ?investorId .\n  ?investor wm:investorName ?investorName .\n  ?investor wm:segment ?segment .\n  FILTER(?segment = \""Diversified\"") .\n\n  ?investor wm:hasPortfolioHealth ?ph .\n  ?ph wm:liquidityScore ?liquidityScore .\n  FILTER(?liquidityScore < 50) .\n\n  ?investor wm:hasSectorAllocation ?sa .\n  ?sa wm:sector ?sector .\n  FILTER(?sector = \""Automobile\"") .\n  ?sa wm:allocationPct ?allocationPct .\n  FILTER(?allocationPct > 0) .\n\n  ?investor wm:hasInvestmentGoal ?goal .\n  ?goal wm:shortfall ?shortfall .\n  FILTER(?shortfall > 0) .\n}\nGROUP BY ?investorId ?investorName ?liquidityScore ?allocationPct""}"
wealth_management_batch_status_125_questions:BSQ125-4T-009,"Which investors in the Equity category cohort have a diversification score below 50, hold a Corporate Bond position, and have a sector allocation above 0% in Automobile?",wealth_management_batch_status_125_questions.csv,PIPELINE_SUCCESS,MATCH,MATCH,SQL,,[],[],"[""measures.0 has no quoted requirement."", ""measures.1 has no quoted requirement.""]","The pipeline returns exactly the five investors in the ground truth, with matching investor IDs and names. The differing row order is not material because the question does not request an ordering.",27.832,"{""Q1"": ""SELECT DISTINCT ip.investor_id,\n       ip.investor_name\nFROM ATOM_ENTITY_INVESTOR_PROFILE_001 ip\nINNER JOIN ATOM_ENTITY_PORTFOLIO_HEALTH_001 ph\n        ON ip.investor_id = ph.investor_id\nINNER JOIN ATOM_ENTITY_PORTFOLIO_HOLDING_001 phld\n        ON ip.investor_id = phld.investor_id\nINNER JOIN ATOM_ENTITY_SECTOR_ALLOCATION_001 sa\n        ON ip.investor_id = sa.investor_id\nWHERE ip.category = 'Equity'\n  AND ph.diversification_score < 50\n  AND phld.investment_type = 'Corporate Bond'\n  AND sa.sector = 'Automobile'\n  AND sa.allocation_pct > 0;""}"
wealth_management_batch_status_125_questions:BSQ125-4T-011,"Which investors in the Large Cap segment cohort have a liquidity score below 50, a sector allocation above 0% in Banking, and at least one underfunded goal?",wealth_management_batch_status_125_questions.csv,PIPELINE_SUCCESS,MATCH,MATCH,SQL,,[],[],"[""group_by.0 has no quoted requirement."", ""group_by.1 has no quoted requirement.""]","The pipeline returns exactly the 10 investors in the ground truth, with matching investor IDs and names. Ordering is not required by the question.",18.328,"{""Q1"": ""SELECT DISTINCT p.investor_id,\n                p.investor_name\nFROM ATOM_ENTITY_INVESTOR_PROFILE_001 AS p\nINNER JOIN ATOM_ENTITY_PORTFOLIO_HEALTH_001 AS ph\n        ON p.investor_id = ph.investor_id\n       AND ph.liquidity_score < 50\nINNER JOIN ATOM_ENTITY_SECTOR_ALLOCATION_001 AS sa\n        ON p.investor_id = sa.investor_id\n       AND sa.sector = 'Banking'\n       AND sa.allocation_pct > 0\nINNER JOIN ATOM_ENTITY_INVESTMENT_GOAL_001 AS g\n        ON p.investor_id = g.investor_id\n       AND g.shortfall > 0\nWHERE p.segment = 'Large Cap';""}"
wealth_management_batch_status_125_questions:BSQ125-4T-013,"Which investors in the Conservative risk cohort have a risk score above 50, hold a position with investment type 'ETF', and carry at least one underfunded goal?",wealth_management_batch_status_125_questions.csv,PIPELINE_SUCCESS,MATCH,MATCH,SQL,,[],[],"[""group_by.0 has no quoted requirement."", ""group_by.1 has no quoted requirement.""]","The pipeline returns the same complete set of investors and corresponding names as the ground truth. The ordering differs, but no ordering was requested.",21.619,"{""Q1"": ""SELECT DISTINCT p.investor_id,\n       p.investor_name\nFROM ATOM_ENTITY_INVESTOR_PROFILE_001 AS p\nINNER JOIN ATOM_ENTITY_PORTFOLIO_HEALTH_001 AS ph\n        ON p.investor_id = ph.investor_id\nINNER JOIN ATOM_ENTITY_PORTFOLIO_HOLDING_001 AS hld\n        ON p.investor_id = hld.investor_id\nINNER JOIN ATOM_ENTITY_INVESTMENT_GOAL_001 AS g\n        ON p.investor_id = g.investor_id\nWHERE p.risk_tolerance = 'Conservative'\n  AND ph.risk_score > 50\n  AND hld.investment_type = 'ETF'\n  AND g.shortfall > 0;""}"
wealth_management_batch_status_125_questions:BSQ125-4T-010,"Which investors in the Conservative risk cohort have a risk score above 50, hold a Corporate Bond position, and carry at least one underfunded goal?",wealth_management_batch_status_125_questions.csv,PIPELINE_SUCCESS,MATCH,MATCH,KG,,[],[],[],"The pipeline returns the same set of qualifying investors as the ground truth, with matching investor IDs and names. The row order differs but no ordering was requested.",40.18,"{""Q1"": ""PREFIX wm: <https://wealth.example.org/ontology/>\nPREFIX rdfs: <http://www.w3.org/2000/01/rdf-schema#>\nPREFIX rdf: <http://www.w3.org/1999/02/22-rdf-syntax-ns#>\nPREFIX xsd: <http://www.w3.org/2001/XMLSchema#>\n\nSELECT DISTINCT ?investorId ?investorName\nWHERE {\n  ?inv a wm:Investor .\n  ?inv wm:investorId ?investorId .\n  ?inv wm:investorName ?investorName .\n  ?inv wm:riskTolerance ?rt .\n  FILTER(LCASE(?rt) = \""conservative\"") .\n\n  FILTER EXISTS {\n    ?inv wm:hasPortfolioHealth ?ph .\n    ?ph wm:riskScore ?riskScore .\n    FILTER(?riskScore > 50)\n  }\n\n  FILTER EXISTS {\n    ?inv wm:hasHolding ?hold .\n    ?hold wm:investmentType ?invType .\n    FILTER(LCASE(?invType) = \""corporate bond\"")\n  }\n\n  FILTER EXISTS {\n    ?inv wm:hasInvestmentGoal ?goal .\n    ?goal wm:shortfall ?shortfall .\n    FILTER(?shortfall > 0)\n  }\n}""}"
wealth_management_batch_status_125_questions:BSQ125-4T-012,"Which investors in the Equity category cohort have a diversification score below 50, hold a position with investment type 'ETF', and have a sector allocation above 0% in Automobile?",wealth_management_batch_status_125_questions.csv,PIPELINE_SUCCESS,MATCH,MATCH,SQL,,[],[],"[""measures.0 has no quoted requirement."", ""measures.1 has no quoted requirement.""]","The pipeline returns exactly the three investors required by the question, with matching investor IDs and names. Order is not specified in the question.",32.167,"{""Q1"": ""SELECT DISTINCT p.investor_id, p.investor_name\nFROM ATOM_ENTITY_INVESTOR_PROFILE_001 AS p\nINNER JOIN ATOM_ENTITY_PORTFOLIO_HEALTH_001 AS h ON p.investor_id = h.investor_id\nINNER JOIN ATOM_ENTITY_PORTFOLIO_HOLDING_001 AS ph ON p.investor_id = ph.investor_id\nINNER JOIN ATOM_ENTITY_SECTOR_ALLOCATION_001 AS sa ON p.investor_id = sa.investor_id\nWHERE p.category = 'Equity'\n  AND h.diversification_score < 50\n  AND ph.investment_type = 'ETF'\n  AND sa.sector = 'Automobile'\n  AND sa.allocation_pct > 0;""}"
wealth_management_batch_status_125_questions:BSQ125-4T-015,"Which investors in the Gold category cohort have a diversification score below 50, hold a Corporate Bond position, and have a sector allocation above 0% in Automobile?",wealth_management_batch_status_125_questions.csv,PIPELINE_SUCCESS,MATCH,MATCH,SQL,,[],[],[],"The pipeline returns exactly the three investors in the ground truth, with matching investor IDs and names. Order is not specified by the question.",18.673,"{""Q1"": ""SELECT DISTINCT p.investor_id,\n       p.investor_name\nFROM ATOM_ENTITY_INVESTOR_PROFILE_001 AS p\nINNER JOIN ATOM_ENTITY_PORTFOLIO_HEALTH_001 AS h ON p.investor_id = h.investor_id\nINNER JOIN ATOM_ENTITY_PORTFOLIO_HOLDING_001 AS ph ON p.investor_id = ph.investor_id\nINNER JOIN ATOM_ENTITY_SECTOR_ALLOCATION_001 AS sa ON p.investor_id = sa.investor_id\nWHERE p.category = 'Gold'\n  AND h.diversification_score < 50\n  AND ph.investment_type = 'Corporate Bond'\n  AND sa.sector = 'Automobile'\n  AND sa.allocation_pct > 0;""}"
wealth_management_batch_status_125_questions:BSQ125-4T-016,"Which investors in the Conservative risk cohort have a risk score above 50, hold a position with investment type 'Equity', and carry at least one underfunded goal?",wealth_management_batch_status_125_questions.csv,PIPELINE_SUCCESS,MATCH,MATCH,SQL,,[],[],"[""measures.0 has no quoted requirement."", ""measures.1 has no quoted requirement.""]",The pipeline returns the same complete set of qualifying investors and corresponding names as the ground truth. Ordering differs but was not requested.,12.505,"{""Q1"": ""SELECT DISTINCT ip.investor_id,\n       ip.investor_name\nFROM ATOM_ENTITY_INVESTOR_PROFILE_001 AS ip\nINNER JOIN ATOM_ENTITY_PORTFOLIO_HEALTH_001 AS ph\n        ON ip.investor_id = ph.investor_id\n        AND ph.risk_score > 50\nINNER JOIN ATOM_ENTITY_PORTFOLIO_HOLDING_001 AS phld\n        ON ip.investor_id = phld.investor_id\n        AND phld.investment_type = 'Equity'\nINNER JOIN ATOM_ENTITY_INVESTMENT_GOAL_001 AS ig\n        ON ip.investor_id = ig.investor_id\n        AND ig.shortfall > 0\nWHERE ip.risk_tolerance = 'Conservative';""}"
wealth_management_batch_status_125_questions:BSQ125-4T-014,"Which investors in the Mid Cap segment cohort have a liquidity score below 50, a sector allocation above 0% in Automobile, and at least one underfunded goal?",wealth_management_batch_status_125_questions.csv,PIPELINE_SUCCESS,MATCH,MATCH,KG,,[],[],[],"The pipeline returns exactly the seven investors in the ground truth, with matching investor IDs and names. Ordering is not requested.",32.464,"{""Q1"": ""PREFIX wm: <https://wealth.example.org/ontology/>\nPREFIX rdf: <http://www.w3.org/1999/02/22-rdf-syntax-ns#>\nPREFIX rdfs: <http://www.w3.org/2000/01/rdf-schema#>\nPREFIX xsd: <http://www.w3.org/2001/XMLSchema#>\n\nSELECT DISTINCT ?investorId ?investorName\nWHERE {\n  ?inv a wm:Investor .\n  ?inv wm:segment ?seg .\n  FILTER(LCASE(STR(?seg)) = \""mid cap\"") .\n  \n  ?inv wm:investorId ?investorId .\n  ?inv wm:investorName ?investorName .\n  \n  ?inv wm:hasPortfolioHealth ?ph .\n  ?ph wm:liquidityScore ?liqScore .\n  FILTER(?liqScore < 50) .\n  \n  ?inv wm:hasSectorAllocation ?sa .\n  ?sa wm:sector ?sectorLabel .\n  FILTER(LCASE(STR(?sectorLabel)) = \""automobile\"") .\n  ?sa wm:allocationPct ?allocPct .\n  FILTER(?allocPct > 0) .\n  \n  ?inv wm:hasInvestmentGoal ?ig .\n  ?ig wm:shortfall ?shortfall .\n  FILTER(?shortfall > 0) .\n}""}"
wealth_management_batch_status_125_questions:BSQ125-4T-019,"Which investors in the Moderate risk cohort have a risk score above 50, hold a Corporate Bond position, and carry at least one underfunded goal?",wealth_management_batch_status_125_questions.csv,PIPELINE_SUCCESS,MATCH,MATCH,SQL,,[],[],[],"The pipeline returns exactly the same set of qualifying investors and investor names as the ground truth. The ordering differs, but no ordering was requested.",20.254,"{""Q1"": ""SELECT DISTINCT p.investor_id, p.investor_name\nFROM ATOM_ENTITY_INVESTOR_PROFILE_001 p\nINNER JOIN ATOM_ENTITY_PORTFOLIO_HEALTH_001 h ON p.investor_id = h.investor_id\nINNER JOIN ATOM_ENTITY_PORTFOLIO_HOLDING_001 hd ON p.investor_id = hd.investor_id\nINNER JOIN ATOM_ENTITY_INVESTMENT_GOAL_001 g ON p.investor_id = g.investor_id\nWHERE p.risk_tolerance = 'Moderate'\n  AND h.risk_score > 50\n  AND hd.investment_type = 'Corporate Bond'\n  AND g.shortfall > 0;""}"
wealth_management_batch_status_125_questions:BSQ125-4T-017,"Which investors in the Mid Cap segment cohort have a liquidity score below 50, a sector allocation above 0% in Banking, and at least one underfunded goal?",wealth_management_batch_status_125_questions.csv,PIPELINE_SUCCESS,MATCH,MATCH,SQL,,[],[],"[""Requirement introduces unsupported terms: ['qualifying', 's']""]","The pipeline output exactly matches the full set of investors in the ground truth, with matching investor IDs and names.",33.779,"{""Q1"": ""SELECT p.investor_id,\n       p.investor_name\nFROM ATOM_ENTITY_INVESTOR_PROFILE_001 p\nINNER JOIN ATOM_ENTITY_PORTFOLIO_HEALTH_001 h ON p.investor_id = h.investor_id\nINNER JOIN ATOM_ENTITY_SECTOR_ALLOCATION_001 s ON p.investor_id = s.investor_id\nINNER JOIN ATOM_ENTITY_INVESTMENT_GOAL_001 g ON p.investor_id = g.investor_id\nWHERE p.segment = 'Mid Cap'\n  AND h.liquidity_score < 50\n  AND s.sector = 'Banking' AND s.allocation_pct > 0\n  AND g.shortfall > 0\nGROUP BY p.investor_id, p.investor_name;""}"
wealth_management_batch_status_125_questions:BSQ125-4T-020,"Which investors in the Small Cap segment cohort have a liquidity score below 50, a sector allocation above 0% in Automobile, and at least one underfunded goal?",wealth_management_batch_status_125_questions.csv,DAG_NODE_ERROR,MISMATCH,MATCH,SQL,Q1:Query_Spec_Contract,"[""unresolved"", ""aggregate_alias_contract""]","[""Unresolved requirements: [{'text': 'Definition of \""underfunded goal\"" (e.g., shortfall > 0, progress_pct < 100, etc.)'}]"", ""measures.0.aggregate_filters.0: predicate must reference the owning measure alias.""]","[""Requirement introduces unsupported terms: ['belong', 'must']"", ""group_by.0 has no quoted requirement."", ""group_by.1 has no quoted requirement.""]",The pipeline returned a failure message instead of the required investor list; the ground truth contains 14 matching investors.,25.414,"{""Q1"": """"}"
wealth_management_enrichment_context_125_questions:EC125-2T-001,"For each risk tolerance and holding sector, how many distinct investors fall into that combination?",wealth_management_enrichment_context_125_questions.csv,PIPELINE_SUCCESS,MATCH,MATCH,SQL,,[],[],[],"The pipeline output exactly matches the ground truth for every risk-tolerance and sector combination, including null categories and distinct investor counts.",12.739,"{""Q1"": ""SELECT g0.\""risk_tolerance\"" AS \""risk_tolerance\"", g1.\""sector\"" AS \""sector\"", COUNT(DISTINCT g0.\""investor_id\"") AS \""investor_count\"" FROM \""ATOM_ENTITY_INVESTOR_PROFILE_001\"" AS g0 INNER JOIN \""ATOM_ENTITY_PORTFOLIO_HOLDING_001\"" AS g1 ON g0.\""investor_id\"" = g1.\""investor_id\"" GROUP BY g0.\""risk_tolerance\"", g1.\""sector\"";""}"
wealth_management_batch_status_125_questions:BSQ125-4T-018,"Which investors in the Gold category cohort have a diversification score below 50, hold a position with investment type 'ETF', and have a sector allocation above 0% in Automobile?",wealth_management_batch_status_125_questions.csv,PIPELINE_SUCCESS,MATCH,MATCH,SQL,,[],[],"[""measures.0 has no quoted requirement."", ""measures.1 has no quoted requirement.""]","The ground truth is empty, and the pipeline reports no data found, correctly indicating that no investors satisfy all specified conditions.",40.449,"{""Q1"": ""SELECT DISTINCT p.investor_id,\n       p.investor_name\nFROM ATOM_ENTITY_INVESTOR_PROFILE_001 AS p\nJOIN ATOM_ENTITY_PORTFOLIO_HEALTH_001 AS ph\n  ON ph.investor_id = p.investor_id\n  AND ph.diversification_score < 50\nJOIN ATOM_ENTITY_PORTFOLIO_HOLDING_001 AS h\n  ON h.investor_id = p.investor_id\n  AND h.investment_type = 'ETF'\nJOIN ATOM_ENTITY_SECTOR_ALLOCATION_001 AS sa\n  ON sa.investor_id = p.investor_id\n  AND sa.sector = 'Automobile'\n  AND sa.allocation_pct > 0\nWHERE p.category = 'Gold';""}"
wealth_management_enrichment_context_125_questions:EC125-2T-002,"For investor INV-001, what is their risk tolerance and how many holdings do they own?",wealth_management_enrichment_context_125_questions.csv,PIPELINE_SUCCESS,MATCH,MATCH,SQL,,[],[],"[""measures.1 has no quoted requirement.""]",The pipeline returns the correct risk tolerance and holding count for investor INV-001.,16.629,"{""Q1"": ""WITH holdings_cte AS (\n    SELECT investor_id,\n           COUNT(holding_id) AS holdings_count\n    FROM ATOM_ENTITY_PORTFOLIO_HOLDING_001\n    WHERE investor_id = 'INV-001'\n    GROUP BY investor_id\n)\nSELECT p.risk_tolerance,\n       COALESCE(h.holdings_count, 0) AS holdings_count\nFROM ATOM_ENTITY_INVESTOR_PROFILE_001 AS p\nLEFT JOIN holdings_cte AS h\n    ON p.investor_id = h.investor_id\nWHERE p.investor_id = 'INV-001';""}"
wealth_management_enrichment_context_125_questions:EC125-2T-003,"For each risk tolerance and investment type, how many distinct investors fall into that combination?",wealth_management_enrichment_context_125_questions.csv,PIPELINE_SUCCESS,MATCH,MATCH,SQL,,[],[],"[""Requirement introduces unsupported terms: ['count', 'per']""]",The pipeline output exactly matches the ground-truth risk-tolerance and investment-type combinations and their distinct investor counts.,23.551,"{""Q1"": ""SELECT ip.risk_tolerance,\n       ph.investment_type,\n       COUNT(DISTINCT ph.investor_id) AS investor_count\nFROM ATOM_ENTITY_INVESTOR_PROFILE_001 ip\nINNER JOIN ATOM_ENTITY_PORTFOLIO_HOLDING_001 ph\n        ON ip.investor_id = ph.investor_id\nGROUP BY ip.risk_tolerance, ph.investment_type;""}"
wealth_management_enrichment_context_125_questions:EC125-2T-004,"For investor INV-002, what is their segment and total cash-flow amount?",wealth_management_enrichment_context_125_questions.csv,PIPELINE_SUCCESS,MATCH,MATCH,SQL,,[],[],"[""Requirement introduces unsupported terms: ['s']""]",The pipeline returns the correct segment and total cash-flow amount for investor INV-002.,18.848,"{""Q1"": ""WITH cash_flow_agg AS (\n  SELECT investor_id,\n         SUM(amount) AS total_cash_flow_amount\n  FROM ATOM_EVENT_CASH_FLOW_001\n  GROUP BY investor_id\n)\nSELECT p.segment,\n       COALESCE(c.total_cash_flow_amount, 0) AS total_cash_flow_amount\nFROM ATOM_ENTITY_INVESTOR_PROFILE_001 p\nLEFT JOIN cash_flow_agg c ON p.investor_id = c.investor_id\nWHERE p.investor_id = 'INV-002'\nGROUP BY p.investor_id, p.segment;""}"
wealth_management_enrichment_context_125_questions:EC125-2T-005,"For each risk tolerance and sector, how many distinct investors have a sector allocation above 0% in that sector?",wealth_management_enrichment_context_125_questions.csv,PIPELINE_SUCCESS,MATCH,MATCH,SQL,,[],[],"[""measures.0 has no quoted requirement.""]","Pipeline output exactly matches the ground truth for every risk-tolerance and sector group, including all distinct-investor counts.",15.413,"{""Q1"": ""SELECT\n    ip.risk_tolerance AS risk_tolerance,\n    sa.sector AS sector,\n    COUNT(DISTINCT sa.investor_id) AS investor_count\nFROM ATOM_ENTITY_SECTOR_ALLOCATION_001 sa\nINNER JOIN ATOM_ENTITY_INVESTOR_PROFILE_001 ip\n    ON sa.investor_id = ip.investor_id\nWHERE sa.allocation_pct > 0\nGROUP BY ip.risk_tolerance, sa.sector;""}"
wealth_management_enrichment_context_125_questions:EC125-2T-006,"For investor INV-003, what is their investment goal and how many rebalancing actions were recorded?",wealth_management_enrichment_context_125_questions.csv,PIPELINE_SUCCESS,MATCH,MATCH,SQL,,[],[],[],The pipeline returns the correct investment goal and rebalancing action count for INV-003.,25.179,"{""Q1"": ""WITH rebalance_counts AS (\n    SELECT investor_id,\n           COUNT(rebalance_id) AS rebalance_action_count\n    FROM ATOM_EVENT_REBALANCING_ACTION_001\n    WHERE investor_id = 'INV-003'\n    GROUP BY investor_id\n)\nSELECT p.investment_goal AS investment_goal,\n       COALESCE(rc.rebalance_action_count, 0) AS rebalance_action_count\nFROM ATOM_ENTITY_INVESTOR_PROFILE_001 AS p\nLEFT JOIN rebalance_counts AS rc\n     ON p.investor_id = rc.investor_id\nWHERE p.investor_id = 'INV-003';""}"
wealth_management_enrichment_context_125_questions:EC125-2T-009,"For each risk tolerance and cash-flow source, how many distinct investors fall into that combination?",wealth_management_enrichment_context_125_questions.csv,PIPELINE_SUCCESS,MATCH,MATCH,SQL,,[],[],"[""Requirement introduces unsupported terms: ['count']""]","The pipeline output exactly matches the ground-truth grouping by risk tolerance and cash-flow source, including all null combinations and distinct-investor counts.",16.517,"{""Q1"": ""SELECT\n    p.risk_tolerance AS risk_tolerance,\n    c.source AS source,\n    COUNT(DISTINCT c.investor_id) AS investor_count\nFROM ATOM_ENTITY_INVESTOR_PROFILE_001 p\nINNER JOIN ATOM_EVENT_CASH_FLOW_001 c\n    ON p.investor_id = c.investor_id\nGROUP BY p.risk_tolerance, c.source;""}"
wealth_management_enrichment_context_125_questions:EC125-2T-007,"For each risk tolerance and cash-flow type, how many distinct investors fall into that combination?",wealth_management_enrichment_context_125_questions.csv,PIPELINE_SUCCESS,MATCH,MISMATCH,SQL,,[],[],[],"All risk-tolerance and cash-flow-type combinations, including null groups, are present with matching distinct-investor counts. The pipeline's cash_flow_type field semantically corresponds to the ground-truth type field.",23.563,"{""Q1"": ""SELECT\n  p.risk_tolerance AS risk_tolerance,\n  cf.type AS cash_flow_type,\n  COUNT(DISTINCT cf.investor_id) AS investor_count\nFROM ATOM_ENTITY_INVESTOR_PROFILE_001 AS p\nINNER JOIN ATOM_EVENT_CASH_FLOW_001 AS cf\n  ON p.investor_id = cf.investor_id\nGROUP BY p.risk_tolerance, cf.type;""}"
wealth_management_enrichment_context_125_questions:EC125-2T-008,"For investor INV-004, what is their category and average holding return percentage (counting only holdings with a recorded cost and current value)?",wealth_management_enrichment_context_125_questions.csv,PIPELINE_SUCCESS,MATCH,MISMATCH,SQL,,[],[],"[""Requirement introduces unsupported terms: ['s']""]",The pipeline answer matches the required category and average holding return percentage for INV-004.,32.184,"{""Q1"": ""WITH holding_avg AS (\n    SELECT investor_id,\n           AVG(returns_pct) AS average_holding_return_pct\n    FROM ATOM_ENTITY_PORTFOLIO_HOLDING_001\n    WHERE cost IS NOT NULL\n      AND current_value IS NOT NULL\n    GROUP BY investor_id\n)\nSELECT p.category,\n       ha.average_holding_return_pct\nFROM ATOM_ENTITY_INVESTOR_PROFILE_001 AS p\nLEFT JOIN holding_avg AS ha\n       ON p.investor_id = ha.investor_id\nWHERE p.investor_id = 'INV-004';""}"
wealth_management_enrichment_context_125_questions:EC125-2T-010,"For investor INV-005, what is their time horizon and total sector-allocation amount?",wealth_management_enrichment_context_125_questions.csv,PIPELINE_SUCCESS,MATCH,MATCH,SQL,,[],[],"[""Requirement introduces unsupported terms: ['s']""]",The pipeline returns the correct time horizon and correctly reports a null total sector-allocation amount for investor INV-005.,23.452,"{""Q1"": ""WITH sector_sum AS (\n    SELECT investor_id,\n           SUM(total_investment) AS total_sector_allocation_amount\n    FROM ATOM_ENTITY_SECTOR_ALLOCATION_001\n    WHERE investor_id = 'INV-005'\n    GROUP BY investor_id\n)\nSELECT p.time_horizon,\n       sector_sum.total_sector_allocation_amount\nFROM ATOM_ENTITY_INVESTOR_PROFILE_001 AS p\nLEFT JOIN sector_sum ON p.investor_id = sector_sum.investor_id\nWHERE p.investor_id = 'INV-005';""}"
wealth_management_enrichment_context_125_questions:EC125-2T-012,"For investor INV-006, what is their risk tolerance and how many holdings do they own?",wealth_management_enrichment_context_125_questions.csv,PIPELINE_SUCCESS,MATCH,MATCH,SQL,,[],[],"[""Requirement introduces unsupported terms: ['count']"", ""group_by.0 has no quoted requirement.""]",The pipeline answer correctly reports INV-006's risk tolerance as Moderate and holding count as 5.,18.164,"{""Q1"": ""WITH holdings_agg AS (\n    SELECT investor_id,\n           COUNT(holding_id) AS holdings_count\n    FROM ATOM_ENTITY_PORTFOLIO_HOLDING_001\n    GROUP BY investor_id\n)\nSELECT p.risk_tolerance,\n       h.holdings_count\nFROM ATOM_ENTITY_INVESTOR_PROFILE_001 AS p\nLEFT JOIN holdings_agg AS h ON p.investor_id = h.investor_id\nWHERE p.investor_id = 'INV-006';""}"
wealth_management_enrichment_context_125_questions:EC125-2T-011,"For each risk tolerance and rebalancing action, how many distinct investors fall into that combination?",wealth_management_enrichment_context_125_questions.csv,DAG_NODE_ERROR,MISMATCH,MATCH,SQL,Q1:Query_Spec_Contract,"[""unknown_source"", ""physical_as_source""]","[""Unknown source: physical"", ""group_by.0: unknown source 'physical'."", ""group_by.1: unknown source 'physical'."", ""measures.0: unknown source 'physical'.""]","[""Requirement introduces unsupported terms: ['count', 'per']""]",Pipeline returned a query failure rather than the required grouped distinct-investor counts by risk tolerance and rebalancing action.,27.282,"{""Q1"": """"}"
wealth_management_enrichment_context_125_questions:EC125-2T-014,"For investor INV-007, what is their segment and total cash-flow amount?",wealth_management_enrichment_context_125_questions.csv,PIPELINE_SUCCESS,MATCH,MATCH,SQL,,[],[],[],The pipeline returns the correct segment and total cash-flow amount for investor INV-007.,15.968,"{""Q1"": ""WITH cash_flow_sum AS (\n    SELECT investor_id,\n           SUM(amount) AS total_cash_flow_amount\n    FROM ATOM_EVENT_CASH_FLOW_001\n    WHERE investor_id = 'INV-007'\n    GROUP BY investor_id\n)\nSELECT p.segment AS segment,\n       cf.total_cash_flow_amount AS total_cash_flow_amount\nFROM ATOM_ENTITY_INVESTOR_PROFILE_001 AS p\nLEFT JOIN cash_flow_sum AS cf\n       ON p.investor_id = cf.investor_id\nWHERE p.investor_id = 'INV-007';""}"
wealth_management_enrichment_context_125_questions:EC125-2T-013,"For each risk tolerance and scenario, how many distinct investors fall into that combination?",wealth_management_enrichment_context_125_questions.csv,PIPELINE_SUCCESS,MATCH,MATCH,SQL,,[],[],"[""Requirement introduces unsupported terms: ['count', 'per']""]",Pipeline output exactly matches the ground-truth risk-tolerance and scenario combinations and their distinct investor counts.,23.591,"{""Q1"": ""SELECT g0.\""risk_tolerance\"" AS \""risk_tolerance\"", g1.\""scenario\"" AS \""scenario\"", COUNT(DISTINCT g0.\""investor_id\"") AS \""investor_count\"" FROM \""ATOM_ENTITY_INVESTOR_PROFILE_001\"" AS g0 INNER JOIN \""ATOM_EVENT_SCENARIO_REBALANCING_001\"" AS g1 ON g0.\""investor_id\"" = g1.\""investor_id\"" GROUP BY g0.\""risk_tolerance\"", g1.\""scenario\"";""}"
wealth_management_enrichment_context_125_questions:EC125-2T-015,"For each time horizon and holding sector, how many distinct investors fall into that combination?",wealth_management_enrichment_context_125_questions.csv,DAG_NODE_ERROR,MISMATCH,MATCH,SQL,Q1:Query_Spec_Contract,"[""unknown_source"", ""physical_as_source""]","[""Unknown source: physical"", ""group_by.0: unknown source 'physical'."", ""group_by.1: unknown source 'physical'."", ""measures.0: unknown source 'physical'.""]","[""Requirement introduces unsupported terms: ['count', 'per']""]",The pipeline returned a query failure message rather than the required grouped investor counts by time horizon and holding sector.,20.336,"{""Q1"": """"}"
wealth_management_enrichment_context_125_questions:EC125-2T-016,"For investor INV-008, what is their investment goal and how many rebalancing actions were recorded?",wealth_management_enrichment_context_125_questions.csv,PIPELINE_SUCCESS,MATCH,MATCH,SQL,,[],[],"[""group_by.0 has no quoted requirement."", ""measures.0 has no quoted requirement."", ""measures.1 has no quoted requirement.""]",The pipeline provides the correct investment goal and the correct count of recorded rebalancing actions for INV-008.,24.073,"{""Q1"": ""WITH rebalance_cte AS (\n    SELECT investor_id,\n           COUNT(rebalance_id) AS rebalance_action_count\n    FROM ATOM_EVENT_REBALANCING_ACTION_001\n    GROUP BY investor_id\n)\nSELECT p.investment_goal,\n       COALESCE(r.rebalance_action_count, 0) AS rebalance_action_count\nFROM ATOM_ENTITY_INVESTOR_PROFILE_001 AS p\nLEFT JOIN rebalance_cte AS r\n       ON p.investor_id = r.investor_id\nWHERE p.investor_id = 'INV-008';""}"
wealth_management_enrichment_context_125_questions:EC125-2T-018,"For investor INV-009, what is their category and average holding return percentage (counting only holdings with a recorded cost and current value)?",wealth_management_enrichment_context_125_questions.csv,PIPELINE_SUCCESS,MISMATCH,MISMATCH,SQL,,[],[],[],"The investor category is correct, but the required average holding return percentage is incorrect.",18.252,"{""Q1"": ""WITH holding_avg AS (\n    SELECT investor_id,\n           AVG(returns_pct) AS average_holding_return_pct\n    FROM ATOM_ENTITY_PORTFOLIO_HOLDING_001\n    WHERE cost IS NOT NULL\n      AND current_value IS NOT NULL\n    GROUP BY investor_id\n)\nSELECT p.category,\n       h.average_holding_return_pct\nFROM ATOM_ENTITY_INVESTOR_PROFILE_001 AS p\nLEFT JOIN holding_avg AS h\n  ON p.investor_id = h.investor_id\nWHERE p.investor_id = 'INV-009';""}"
wealth_management_enrichment_context_125_questions:EC125-2T-019,"For each time horizon and sector, how many distinct investors have a sector allocation above 0% in that sector?",wealth_management_enrichment_context_125_questions.csv,DAG_NODE_ERROR,MISMATCH,MISMATCH,SQL,Q1:Query_Spec_Contract,"[""unknown_source"", ""physical_as_source""]","[""Unknown source: physical"", ""group_by.0: unknown source 'physical'."", ""group_by.1: unknown source 'physical'."", ""measures.0: unknown source 'physical'."", ""filters.0: unknown source 'physical'.""]","[""Requirement introduces unsupported terms: ['count', 'per']"", ""group_by.0 has no quoted requirement."", ""group_by.1 has no quoted requirement.""]",The pipeline returned a query failure message rather than the required grouped counts of distinct investors by time horizon and sector.,15.8,"{""Q1"": """"}"
wealth_management_enrichment_context_125_questions:EC125-2T-017,"For each time horizon and investment type, how many distinct investors fall into that combination?",wealth_management_enrichment_context_125_questions.csv,DAG_NODE_ERROR,MISMATCH,MISMATCH,SQL,Q1:Query_Spec_Contract,"[""unknown_source"", ""physical_as_source""]","[""Unknown source: physical"", ""group_by.0: unknown source 'physical'."", ""group_by.1: unknown source 'physical'."", ""measures.0: unknown source 'physical'.""]",[],Pipeline returned a query failure rather than the required grouped distinct-investor counts.,23.125,"{""Q1"": """"}"
wealth_management_enrichment_context_125_questions:EC125-2T-023,"For each time horizon and cash-flow source, how many distinct investors fall into that combination?",wealth_management_enrichment_context_125_questions.csv,PIPELINE_SUCCESS,MATCH,MATCH,SQL,,[],[],"[""Requirement introduces unsupported terms: ['count', 'per']""]",Pipeline rows exactly match the ground-truth time-horizon and cash-flow-source combinations and their distinct investor counts.,12.9,"{""Q1"": ""SELECT p.time_horizon AS time_horizon,\n       c.source AS source,\n       COUNT(DISTINCT c.investor_id) AS investor_count\nFROM ATOM_ENTITY_INVESTOR_PROFILE_001 p\nINNER JOIN ATOM_EVENT_CASH_FLOW_001 c\n  ON p.investor_id = c.investor_id\nGROUP BY p.time_horizon, c.source;""}"
wealth_management_enrichment_context_125_questions:EC125-2T-020,"For investor INV-010, what is their time horizon and total sector-allocation amount?",wealth_management_enrichment_context_125_questions.csv,PIPELINE_SUCCESS,MATCH,MISMATCH,SQL,,[],[],"[""measures.0 has no quoted requirement."", ""measures.1 has no quoted requirement.""]",The pipeline answer matches the required time horizon and total sector-allocation amount for investor INV-010.,19.412,"{""Q1"": ""WITH sector_sum AS (\n    SELECT investor_id,\n           SUM(total_investment) AS total_sector_allocation_amount\n    FROM ATOM_ENTITY_SECTOR_ALLOCATION_001\n    WHERE investor_id = 'INV-010'\n    GROUP BY investor_id\n)\nSELECT p.time_horizon,\n       s.total_sector_allocation_amount\nFROM ATOM_ENTITY_INVESTOR_PROFILE_001 p\nLEFT JOIN sector_sum s ON p.investor_id = s.investor_id\nWHERE p.investor_id = 'INV-010';""}"
wealth_management_enrichment_context_125_questions:EC125-2T-021,"For each time horizon and cash-flow type, how many distinct investors fall into that combination?",wealth_management_enrichment_context_125_questions.csv,PIPELINE_SUCCESS,MATCH,MATCH,SQL,,[],[],[],"All time-horizon and cash-flow-type combinations are present, with distinct investor counts exactly matching the ground truth. Column aliases are semantically equivalent.",25.444,"{""Q1"": ""SELECT\n  ip.time_horizon AS time_horizon,\n  ef.type AS cash_flow_type,\n  COUNT(DISTINCT ef.investor_id) AS distinct_investor_count\nFROM ATOM_EVENT_CASH_FLOW_001 AS ef\nINNER JOIN ATOM_ENTITY_INVESTOR_PROFILE_001 AS ip\n  ON ef.investor_id = ip.investor_id\nGROUP BY ip.time_horizon, ef.type;""}"
wealth_management_enrichment_context_125_questions:EC125-2T-025,"For each time horizon and rebalancing action, how many distinct investors fall into that combination?",wealth_management_enrichment_context_125_questions.csv,DAG_NODE_ERROR,MISMATCH,MATCH,SQL,Q1:Query_Spec_Contract,"[""unknown_source"", ""physical_as_source""]","[""Unknown source: physical"", ""group_by.0: unknown source 'physical'."", ""group_by.1: unknown source 'physical'."", ""measures.0: unknown source 'physical'.""]",[],The pipeline returned a query failure rather than the required grouped counts of distinct investors by time horizon and rebalancing action.,15.834,"{""Q1"": """"}"
wealth_management_enrichment_context_125_questions:EC125-2T-022,"For investor INV-011, what is their risk tolerance and how many holdings do they own?",wealth_management_enrichment_context_125_questions.csv,PIPELINE_SUCCESS,MATCH,MATCH,SQL,,[],[],"[""measures.1 has no quoted requirement.""]",The pipeline returns the correct risk tolerance and holding count for investor INV-011.,32.863,"{""Q1"": ""WITH holdings_agg AS (\n    SELECT investor_id,\n           COUNT(holding_id) AS holdings_count\n    FROM ATOM_ENTITY_PORTFOLIO_HOLDING_001\n    GROUP BY investor_id\n)\nSELECT p.risk_tolerance,\n       COALESCE(h.holdings_count, 0) AS holdings_count\nFROM ATOM_ENTITY_INVESTOR_PROFILE_001 AS p\nLEFT JOIN holdings_agg AS h ON p.investor_id = h.investor_id\nWHERE p.investor_id = 'INV-011';""}"
wealth_management_enrichment_context_125_questions:EC125-2T-024,"For investor INV-012, what is their segment and total cash-flow amount?",wealth_management_enrichment_context_125_questions.csv,PIPELINE_SUCCESS,MATCH,MATCH,SQL,,[],[],"[""Requirement introduces unsupported terms: ['s']""]",The pipeline returns the correct segment and total cash-flow amount for investor INV-012.,27.078,"{""Q1"": ""WITH cash_flow_sum AS (\n  SELECT investor_id, SUM(amount) AS total_cash_flow_amount\n  FROM ATOM_EVENT_CASH_FLOW_001\n  WHERE investor_id = 'INV-012'\n  GROUP BY investor_id\n)\nSELECT p.segment,\n       cf.total_cash_flow_amount\nFROM ATOM_ENTITY_INVESTOR_PROFILE_001 AS p\nLEFT JOIN cash_flow_sum AS cf ON p.investor_id = cf.investor_id\nWHERE p.investor_id = 'INV-012';""}"
wealth_management_enrichment_context_125_questions:EC125-2T-026,"For investor INV-013, what is their investment goal and how many rebalancing actions were recorded?",wealth_management_enrichment_context_125_questions.csv,PIPELINE_SUCCESS,MATCH,MATCH,SQL,,[],[],"[""Requirement introduces unsupported terms: ['on']"", ""Requirement introduces unsupported terms: ['s']"", ""Requirement introduces unsupported terms: ['count']"", ""filters.1 has no quoted requirement.""]",The pipeline answer matches the investor's investment goal and rebalancing action count.,18.011,"{""Q1"": ""WITH rebalance_counts AS (\n    SELECT investor_id,\n           COUNT(rebalance_id) AS rebalance_action_count\n    FROM ATOM_EVENT_REBALANCING_ACTION_001\n    WHERE investor_id = 'INV-013'\n    GROUP BY investor_id\n)\nSELECT p.investment_goal,\n       COALESCE(rc.rebalance_action_count, 0) AS rebalance_action_count\nFROM ATOM_ENTITY_INVESTOR_PROFILE_001 AS p\nLEFT JOIN rebalance_counts rc ON p.investor_id = rc.investor_id\nWHERE p.investor_id = 'INV-013';""}"
wealth_management_enrichment_context_125_questions:EC125-2T-027,"For each time horizon and scenario, how many distinct investors fall into that combination?",wealth_management_enrichment_context_125_questions.csv,PIPELINE_SUCCESS,MATCH,MATCH,SQL,,[],[],[],Pipeline rows exactly match the ground-truth time-horizon/scenario groups and distinct-investor counts.,14.336,"{""Q1"": ""SELECT g0.\""time_horizon\"" AS \""time_horizon\"", g1.\""scenario\"" AS \""scenario\"", COUNT(DISTINCT g0.\""investor_id\"") AS \""investor_count\"" FROM \""ATOM_ENTITY_INVESTOR_PROFILE_001\"" AS g0 INNER JOIN \""ATOM_EVENT_SCENARIO_REBALANCING_001\"" AS g1 ON g0.\""investor_id\"" = g1.\""investor_id\"" GROUP BY g0.\""time_horizon\"", g1.\""scenario\"";""}"
wealth_management_enrichment_context_125_questions:EC125-2T-030,"For investor INV-015, what is their time horizon and total sector-allocation amount?",wealth_management_enrichment_context_125_questions.csv,PIPELINE_SUCCESS,MATCH,MATCH,SQL,,[],[],"[""Requirement introduces unsupported terms: ['s']""]",The pipeline returns the correct time horizon and total sector-allocation amount for investor INV-015.,12.936,"{""Q1"": ""WITH sector_agg AS (\n    SELECT investor_id,\n           SUM(total_investment) AS total_sector_allocation_amount\n    FROM ATOM_ENTITY_SECTOR_ALLOCATION_001\n    WHERE investor_id = 'INV-015'\n    GROUP BY investor_id\n)\nSELECT p.time_horizon AS time_horizon,\n       sa.total_sector_allocation_amount AS total_sector_allocation_amount\nFROM ATOM_ENTITY_INVESTOR_PROFILE_001 AS p\nLEFT JOIN sector_agg AS sa\n  ON p.investor_id = sa.investor_id\nWHERE p.investor_id = 'INV-015';""}"
wealth_management_enrichment_context_125_questions:EC125-2T-028,"For investor INV-014, what is their category and average holding return percentage (counting only holdings with a recorded cost and current value)?",wealth_management_enrichment_context_125_questions.csv,PIPELINE_SUCCESS,MISMATCH,MISMATCH,SQL,,[],[],"[""Requirement introduces unsupported terms: ['must']"", ""Requirement introduces unsupported terms: ['include', 'not', 'null', 'where']"", ""Requirement introduces unsupported terms: ['s']""]","The investor category is correct, but the required average holding return percentage is incorrect.",24.697,"{""Q1"": ""WITH m1 AS (\n    SELECT investor_id,\n           AVG(returns_pct) AS avg_holding_return_pct\n    FROM ATOM_ENTITY_PORTFOLIO_HOLDING_001\n    WHERE cost IS NOT NULL\n      AND current_value IS NOT NULL\n      AND investor_id = 'INV-014'\n    GROUP BY investor_id\n)\nSELECT p.category AS category,\n       m1.avg_holding_return_pct AS avg_holding_return_pct\nFROM ATOM_ENTITY_INVESTOR_PROFILE_001 AS p\nLEFT JOIN m1 ON p.investor_id = m1.investor_id\nWHERE p.investor_id = 'INV-014';""}"
wealth_management_enrichment_context_125_questions:EC125-2T-031,"For each segment and investment type, how many distinct investors fall into that combination?",wealth_management_enrichment_context_125_questions.csv,DAG_NODE_ERROR,MISMATCH,MISMATCH,SQL,Q1:Query_Spec_Contract,"[""unknown_source"", ""physical_as_source""]","[""Unknown source: physical"", ""group_by.0: unknown source 'physical'."", ""group_by.1: unknown source 'physical'."", ""measures.0: unknown source 'physical'.""]",[],"The pipeline returned a failure message rather than result rows, while the ground truth contains required segment and investment-type investor counts.",16.194,"{""Q1"": """"}"
wealth_management_enrichment_context_125_questions:EC125-2T-029,"For each segment and holding sector, how many distinct investors fall into that combination?",wealth_management_enrichment_context_125_questions.csv,PIPELINE_SUCCESS,MISMATCH,MISMATCH,SQL,,[],[],[],"Although the pipeline returns the same segment-by-sector combinations, the distinct investor counts are materially incorrect across all groups.",22.081,"{""Q1"": ""SELECT segment,\n       sector,\n       COUNT(DISTINCT investor_id) AS investor_count\nFROM ATOM_ENTITY_PORTFOLIO_HOLDING_001\nGROUP BY segment, sector;""}"
wealth_management_enrichment_context_125_questions:EC125-2T-032,"For investor INV-016, what is their risk tolerance and how many holdings do they own?",wealth_management_enrichment_context_125_questions.csv,PIPELINE_SUCCESS,MATCH,MATCH,SQL,,[],[],"[""measures.0 has no quoted requirement."", ""measures.1 has no quoted requirement.""]",The pipeline answer provides the correct risk tolerance and holding count for investor INV-016.,18.48,"{""Q1"": ""WITH holdings_cte AS (\n    SELECT investor_id,\n           COUNT(holding_id) AS holdings_count\n    FROM ATOM_ENTITY_PORTFOLIO_HOLDING_001\n    WHERE investor_id = 'INV-016'\n    GROUP BY investor_id\n)\nSELECT p.risk_tolerance,\n       COALESCE(h.holdings_count, 0) AS holdings_count\nFROM ATOM_ENTITY_INVESTOR_PROFILE_001 AS p\nLEFT JOIN holdings_cte AS h ON p.investor_id = h.investor_id\nWHERE p.investor_id = 'INV-016';""}"
wealth_management_enrichment_context_125_questions:EC125-2T-033,"For each segment and sector, how many distinct investors have a sector allocation above 0% in that sector?",wealth_management_enrichment_context_125_questions.csv,PIPELINE_SUCCESS,MATCH,MATCH,SQL,,[],[],"[""Requirement introduces unsupported terms: ['count']""]",Pipeline output exactly matches the ground truth for every segment-sector group and its distinct investor count.,17.057,"{""Q1"": ""SELECT\n  p.segment,\n  a.sector,\n  COUNT(DISTINCT a.investor_id) AS investor_count\nFROM ATOM_ENTITY_SECTOR_ALLOCATION_001 AS a\nINNER JOIN ATOM_ENTITY_INVESTOR_PROFILE_001 AS p\n  ON a.investor_id = p.investor_id\nWHERE a.allocation_pct > 0\nGROUP BY p.segment, a.sector;""}"
wealth_management_enrichment_context_125_questions:EC125-2T-035,"For each segment and cash-flow type, how many distinct investors fall into that combination?",wealth_management_enrichment_context_125_questions.csv,PIPELINE_SUCCESS,MATCH,MATCH,SQL,,[],[],[],"All segment and cash-flow-type combinations, including null rollup combinations, are present with investor counts exactly matching the ground truth. The cash_flow_type field semantically corresponds to the ground-truth type field.",20.061,"{""Q1"": ""SELECT\n    p.segment AS segment,\n    c.type AS cash_flow_type,\n    COUNT(DISTINCT c.investor_id) AS investor_count\nFROM ATOM_EVENT_CASH_FLOW_001 AS c\nINNER JOIN ATOM_ENTITY_INVESTOR_PROFILE_001 AS p\n    ON c.investor_id = p.investor_id\nGROUP BY p.segment, c.type;""}"
wealth_management_enrichment_context_125_questions:EC125-2T-037,"For each segment and cash-flow source, how many distinct investors fall into that combination?",wealth_management_enrichment_context_125_questions.csv,DAG_NODE_ERROR,MISMATCH,MATCH,SQL,Q1:Query_Spec_Contract,"[""unknown_source""]","[""Unknown source: entity"", ""Unknown source: event"", ""group_by.0: unknown source 'entity'."", ""group_by.1: unknown source 'event'."", ""measures.0: unknown source 'event'.""]",[],The pipeline returned a query failure message rather than the required segment-by-source distinct investor counts.,8.955,"{""Q1"": """"}"
wealth_management_enrichment_context_125_questions:EC125-2T-034,"For investor INV-017, what is their segment and total cash-flow amount?",wealth_management_enrichment_context_125_questions.csv,PIPELINE_SUCCESS,MATCH,MATCH,SQL,,[],[],"[""group_by.0 has no quoted requirement."", ""measures.0 has no quoted requirement.""]",The pipeline returns the correct segment and total cash-flow amount for investor INV-017.,36.244,"{""Q1"": ""WITH cash_flow_agg AS (\n    SELECT investor_id,\n           SUM(amount) AS total_cash_flow_amount\n    FROM ATOM_EVENT_CASH_FLOW_001\n    WHERE investor_id = 'INV-017'\n    GROUP BY investor_id\n)\nSELECT p.segment,\n       cf.total_cash_flow_amount\nFROM ATOM_ENTITY_INVESTOR_PROFILE_001 AS p\nLEFT JOIN cash_flow_agg AS cf\n       ON p.investor_id = cf.investor_id\nWHERE p.investor_id = 'INV-017';""}"
wealth_management_enrichment_context_125_questions:EC125-2T-039,"For each segment and rebalancing action, how many distinct investors fall into that combination?",wealth_management_enrichment_context_125_questions.csv,PIPELINE_SUCCESS,MATCH,MATCH,SQL,,[],[],[],The pipeline output exactly matches the ground-truth segment/action combinations and distinct investor counts.,17.914,"{""Q1"": ""SELECT p.segment AS segment,\n       r.action AS action,\n       COUNT(DISTINCT r.investor_id) AS investor_count\nFROM ATOM_EVENT_REBALANCING_ACTION_001 r\nINNER JOIN ATOM_ENTITY_INVESTOR_PROFILE_001 p\n    ON r.investor_id = p.investor_id\nGROUP BY p.segment, r.action;""}"
wealth_management_enrichment_context_125_questions:EC125-2T-036,"For investor INV-018, what is their investment goal and how many rebalancing actions were recorded?",wealth_management_enrichment_context_125_questions.csv,PIPELINE_SUCCESS,MATCH,MATCH,SQL,,[],[],"[""measures.1 has no quoted requirement.""]",The pipeline answer matches the investor's investment goal and rebalancing action count.,29.588,"{""Q1"": ""WITH rebalance_counts AS (\n    SELECT investor_id,\n           COUNT(rebalance_id) AS rebalance_action_count\n    FROM ATOM_EVENT_REBALANCING_ACTION_001\n    GROUP BY investor_id\n)\nSELECT p.investment_goal AS investment_goal,\n       COALESCE(r.rebalance_action_count, 0) AS rebalance_action_count\nFROM ATOM_ENTITY_INVESTOR_PROFILE_001 AS p\nLEFT JOIN rebalance_counts AS r\n    ON p.investor_id = r.investor_id\nWHERE p.investor_id = 'INV-018';""}"
wealth_management_enrichment_context_125_questions:EC125-2T-038,"For investor INV-019, what is their category and average holding return percentage (counting only holdings with a recorded cost and current value)?",wealth_management_enrichment_context_125_questions.csv,PIPELINE_SUCCESS,MATCH,MATCH,SQL,,[],[],"[""Requirement introduces unsupported terms: ['include']""]",The pipeline returns the correct category and average holding return percentage for investor INV-019.,20.705,"{""Q1"": ""WITH holdings_avg AS (\n    SELECT investor_id,\n           AVG(returns_pct) AS average_holding_return_pct\n    FROM ATOM_ENTITY_PORTFOLIO_HOLDING_001\n    WHERE cost IS NOT NULL\n      AND current_value IS NOT NULL\n    GROUP BY investor_id\n)\nSELECT p.category AS category,\n       h.average_holding_return_pct AS average_holding_return_pct\nFROM ATOM_ENTITY_INVESTOR_PROFILE_001 AS p\nLEFT JOIN holdings_avg AS h\n       ON p.investor_id = h.investor_id\nWHERE p.investor_id = 'INV-019';""}"
wealth_management_enrichment_context_125_questions:EC125-2T-042,"For investor INV-021, what is their risk tolerance and how many holdings do they own?",wealth_management_enrichment_context_125_questions.csv,PIPELINE_SUCCESS,MATCH,MATCH,SQL,,[],[],"[""Requirement introduces unsupported terms: ['s']"", ""Requirement introduces unsupported terms: ['count']"", ""group_by.0 has no quoted requirement.""]",The pipeline returns the correct risk tolerance and holding count for investor INV-021.,15.812,"{""Q1"": ""WITH holdings_agg AS (\n  SELECT investor_id,\n         COUNT(holding_id) AS holdings_count\n  FROM ATOM_ENTITY_PORTFOLIO_HOLDING_001\n  GROUP BY investor_id\n)\nSELECT p.risk_tolerance,\n       COALESCE(h.holdings_count, 0) AS holdings_count\nFROM ATOM_ENTITY_INVESTOR_PROFILE_001 p\nLEFT JOIN holdings_agg h ON p.investor_id = h.investor_id\nWHERE p.investor_id = 'INV-021';""}"
wealth_management_enrichment_context_125_questions:EC125-2T-041,"For each segment and scenario, how many distinct investors fall into that combination?",wealth_management_enrichment_context_125_questions.csv,PIPELINE_SUCCESS,MATCH,MATCH,SQL,,[],[],[],Pipeline rows exactly match the ground-truth segment-and-scenario combinations and distinct investor counts.,18.228,"{""Q1"": ""SELECT g0.\""segment\"" AS \""segment\"", g1.\""scenario\"" AS \""scenario\"", COUNT(DISTINCT g0.\""investor_id\"") AS \""investor_count\"" FROM \""ATOM_ENTITY_INVESTOR_PROFILE_001\"" AS g0 INNER JOIN \""ATOM_EVENT_SCENARIO_REBALANCING_001\"" AS g1 ON g0.\""investor_id\"" = g1.\""investor_id\"" GROUP BY g0.\""segment\"", g1.\""scenario\"";""}"
wealth_management_enrichment_context_125_questions:EC125-2T-043,"For each category and holding sector, how many distinct investors fall into that combination?",wealth_management_enrichment_context_125_questions.csv,PIPELINE_SUCCESS,MISMATCH,MISMATCH,SQL,,[],[],"[""Requirement introduces unsupported terms: ['count', 'per']""]",The pipeline output uses a substantially different category set and incorrect investor counts for the category-sector combinations required by the ground truth.,22.817,"{""Q1"": ""SELECT category, sector, COUNT(DISTINCT investor_id) AS investor_count\nFROM ATOM_ENTITY_PORTFOLIO_HOLDING_001\nGROUP BY category, sector;""}"
wealth_management_enrichment_context_125_questions:EC125-2T-040,"For investor INV-020, what is their time horizon and total sector-allocation amount?",wealth_management_enrichment_context_125_questions.csv,PIPELINE_SUCCESS,MATCH,MATCH,SQL,,[],[],"[""Requirement introduces unsupported terms: ['sum']""]",The pipeline answer matches the required time horizon and total sector-allocation amount for INV-020.,36.461,"{""Q1"": ""WITH sector_sum AS (\n    SELECT investor_id, SUM(total_investment) AS total_sector_allocation_amount\n    FROM ATOM_ENTITY_SECTOR_ALLOCATION_001\n    GROUP BY investor_id\n)\nSELECT p.time_horizon AS time_horizon,\n       s.total_sector_allocation_amount AS total_sector_allocation_amount\nFROM ATOM_ENTITY_INVESTOR_PROFILE_001 p\nLEFT JOIN sector_sum s ON p.investor_id = s.investor_id\nWHERE p.investor_id = 'INV-020';""}"
wealth_management_enrichment_context_125_questions:EC125-2T-044,"For investor INV-022, what is their segment and total cash-flow amount?",wealth_management_enrichment_context_125_questions.csv,PIPELINE_SUCCESS,MATCH,MATCH,SQL,,[],[],"[""Requirement introduces unsupported terms: ['s']""]",The pipeline returns the correct segment and total cash-flow amount for investor INV-022.,19.57,"{""Q1"": ""WITH cash_flow_agg AS (\n    SELECT investor_id,\n           SUM(amount) AS total_cash_flow_amount\n    FROM ATOM_EVENT_CASH_FLOW_001\n    GROUP BY investor_id\n)\nSELECT p.segment,\n       COALESCE(c.total_cash_flow_amount, 0) AS total_cash_flow_amount\nFROM ATOM_ENTITY_INVESTOR_PROFILE_001 AS p\nLEFT JOIN cash_flow_agg c ON p.investor_id = c.investor_id\nWHERE p.investor_id = 'INV-022';""}"
wealth_management_enrichment_context_125_questions:EC125-2T-045,"For each category and investment type, how many distinct investors fall into that combination?",wealth_management_enrichment_context_125_questions.csv,DAG_NODE_ERROR,MISMATCH,MISMATCH,SQL,Q1:Query_Spec_Contract,"[""unknown_source"", ""physical_as_source""]","[""Unknown source: physical"", ""group_by.0: unknown source 'physical'."", ""group_by.1: unknown source 'physical'."", ""measures.0: unknown source 'physical'.""]",[],The pipeline returned a failure message rather than the required category-by-investment-type distinct investor counts.,20.848,"{""Q1"": """"}"
wealth_management_enrichment_context_125_questions:EC125-3T-002,"For each risk tolerance, how many distinct investors both hold a position with investment type 'Equity' and have a SIP transaction?",wealth_management_enrichment_context_125_questions.csv,PIPELINE_SUCCESS,MATCH,MATCH,SQL,,[],[],"[""Requirement introduces unsupported terms: ['at', 'count', 'least', 'one']""]","All required risk-tolerance groups, including null, are present with investor counts exactly matching the ground truth.",18.716,"{""Q1"": ""WITH equity_investors AS (\n    SELECT investor_id\n    FROM ATOM_ENTITY_PORTFOLIO_HOLDING_001\n    WHERE investment_type = 'Equity'\n    GROUP BY investor_id\n),\n sip_investors AS (\n    SELECT investor_id\n    FROM ATOM_EVENT_CASH_FLOW_001\n    WHERE type = 'SIP'\n    GROUP BY investor_id\n)\nSELECT ip.risk_tolerance,\n       COUNT(DISTINCT ip.investor_id) AS investor_count\nFROM ATOM_ENTITY_INVESTOR_PROFILE_001 ip\nINNER JOIN equity_investors ei ON ip.investor_id = ei.investor_id\nINNER JOIN sip_investors si ON ip.investor_id = si.investor_id\nGROUP BY ip.risk_tolerance;""}"
wealth_management_enrichment_context_125_questions:EC125-3T-004,"For each risk tolerance, how many distinct investors both hold a Gold position and have a Hold rebalancing action?",wealth_management_enrichment_context_125_questions.csv,PIPELINE_SUCCESS,MATCH,MATCH,SQL,,[],[],"[""measures.0 has no quoted requirement.""]","The pipeline output exactly matches the required distinct investor counts for every risk tolerance category, including the null category.",23.964,"{""Q1"": ""WITH gold_investors AS (\n        SELECT DISTINCT investor_id\n        FROM ATOM_ENTITY_PORTFOLIO_HOLDING_001\n        WHERE investment_type = 'Gold'\n    ),\n    hold_actions AS (\n        SELECT DISTINCT investor_id\n        FROM ATOM_EVENT_REBALANCING_ACTION_001\n        WHERE action = 'Hold'\n    ),\n    eligible_investors AS (\n        SELECT g.investor_id\n        FROM gold_investors g\n        INNER JOIN hold_actions h ON g.investor_id = h.investor_id\n    )\nSELECT p.risk_tolerance AS risk_tolerance,\n       COUNT(DISTINCT e.investor_id) AS investor_count\nFROM ATOM_ENTITY_INVESTOR_PROFILE_001 p\nINNER JOIN eligible_investors e ON p.investor_id = e.investor_id\nGROUP BY p.risk_tolerance\nORDER BY p.risk_tolerance;""}"
wealth_management_enrichment_context_125_questions:EC125-3T-003,"For each risk tolerance and investment type, how many distinct investors with a risk score above 50 fall into that combination?",wealth_management_enrichment_context_125_questions.csv,PIPELINE_SUCCESS,MATCH,MATCH,SQL,,[],[],"[""Requirement introduces unsupported terms: ['count', 'per']""]",Pipeline output exactly matches all ground-truth risk-tolerance and investment-type combinations and their distinct investor counts.,28.273,"{""Q1"": ""SELECT\n    p.risk_tolerance,\n    hld.investment_type,\n    COUNT(DISTINCT hld.investor_id) AS investor_count\nFROM ATOM_ENTITY_PORTFOLIO_HOLDING_001 AS hld\nINNER JOIN ATOM_ENTITY_INVESTOR_PROFILE_001 AS p\n    ON hld.investor_id = p.investor_id\nINNER JOIN ATOM_ENTITY_PORTFOLIO_HEALTH_001 AS ph\n    ON hld.investor_id = ph.investor_id\nWHERE ph.risk_score > 50\nGROUP BY p.risk_tolerance, hld.investment_type;""}"
wealth_management_enrichment_context_125_questions:EC125-3T-005,"For each risk tolerance and sector, how many distinct investors with a risk score above 50 have a sector allocation above 0% in that sector?",wealth_management_enrichment_context_125_questions.csv,DAG_NODE_ERROR,MISMATCH,MATCH,SQL,Q1:Query_Spec_Contract,"[""derived_expression_required""]","[""measures.0: derived measure needs an expression.""]","[""Requirement introduces unsupported terms: ['count']""]",The pipeline returned a query failure rather than the required grouped investor counts.,15.195,"{""Q1"": """"}"
wealth_management_enrichment_context_125_questions:EC125-3T-001,"For each risk tolerance and holding sector, how many distinct investors with a risk score above 50 fall into that combination?",wealth_management_enrichment_context_125_questions.csv,PIPELINE_SUCCESS,MATCH,MATCH,SQL,,[],[],"[""Requirement introduces unsupported terms: ['count', 'per']"", ""group_by.0 has no quoted requirement."", ""group_by.1 has no quoted requirement.""]",The pipeline output exactly matches every ground-truth risk_tolerance/sector combination and corresponding distinct investor_count.,45.515,"{""Q1"": ""WITH eligible AS (\n    SELECT DISTINCT investor_id\n    FROM ATOM_ENTITY_PORTFOLIO_HEALTH_001\n    WHERE risk_score > 50\n)\nSELECT p.risk_tolerance AS risk_tolerance,\n       h.sector AS sector,\n       COUNT(DISTINCT p.investor_id) AS investor_count\nFROM eligible e\nJOIN ATOM_ENTITY_INVESTOR_PROFILE_001 p ON e.investor_id = p.investor_id\nJOIN ATOM_ENTITY_PORTFOLIO_HOLDING_001 h ON p.investor_id = h.investor_id\nGROUP BY p.risk_tolerance, h.sector\nORDER BY p.risk_tolerance, h.sector;""}"
wealth_management_enrichment_context_125_questions:EC125-3T-009,"For each risk tolerance and rebalancing action, how many distinct investors with a risk score above 50 fall into that combination?",wealth_management_enrichment_context_125_questions.csv,DAG_NODE_ERROR,MISMATCH,MISMATCH,SQL,Q1:Query_Spec_Contract,"[""unknown_source"", ""physical_as_source""]","[""Unknown source: investor"", ""Unknown source: physical"", ""Unknown base_entity: investor"", ""group_by.0: unknown source 'physical'."", ""group_by.1: unknown source 'physical'."", ""measures.0: unknown source 'physical'."", ""filters.0: unknown source 'physical'.""]",[],"The pipeline produced no answer rows because the query subgraph failed, while the ground truth contains required grouped investor counts.",12.179,"{""Q1"": """"}"
wealth_management_enrichment_context_125_questions:EC125-3T-007,"For each risk tolerance and cash-flow type, how many distinct investors with a risk score above 50 fall into that combination?",wealth_management_enrichment_context_125_questions.csv,PIPELINE_SUCCESS,MATCH,MATCH,SQL,,[],[],"[""Requirement introduces unsupported terms: ['count', 'per']""]","All risk-tolerance and cash-flow-type combinations, including null groups, are present with investor counts exactly matching the ground truth. The pipeline's cash_flow_type field semantically matches the ground-truth type field.",18.011,"{""Q1"": ""SELECT\n  p.risk_tolerance AS risk_tolerance,\n  cf.type AS cash_flow_type,\n  COUNT(DISTINCT cf.investor_id) AS investor_count\nFROM ATOM_EVENT_CASH_FLOW_001 AS cf\nINNER JOIN ATOM_ENTITY_INVESTOR_PROFILE_001 AS p\n  ON cf.investor_id = p.investor_id\nINNER JOIN ATOM_ENTITY_PORTFOLIO_HEALTH_001 AS ph\n  ON cf.investor_id = ph.investor_id\nWHERE ph.risk_score > 50\nGROUP BY p.risk_tolerance, cf.type;""}"
wealth_management_enrichment_context_125_questions:EC125-3T-008,"For each risk tolerance, how many distinct investors both have an allocation above 0% in Technology and have a Deposit transaction?",wealth_management_enrichment_context_125_questions.csv,DAG_NODE_ERROR,MISMATCH,MATCH,SQL,Q1:Query_Spec_Contract,"[""unresolved""]","[""Unresolved requirements: [{'text': 'For each risk tolerance, count distinct investors', 'implemented_by': ['group_by.0', 'measures.0']}, {'text': 'Investor must have allocation > 0% in Technology', 'implemented_by': ['filters.0', 'filters.1']}, {'text': 'Investor must have a Deposit transaction', 'implemented_by': ['filters.2']}]""]","[""Every subquery needs a requirement ledger.""]","The pipeline produced no answer rows due to a query failure, while the ground truth requires investor counts for four risk-tolerance groups.",27.457,"{""Q1"": """"}"
wealth_management_enrichment_context_125_questions:EC125-3T-010,"For each risk tolerance, how many distinct investors both hold a Mutual Fund position and have a Growth goal?",wealth_management_enrichment_context_125_questions.csv,PIPELINE_SUCCESS,MISMATCH,MATCH,SQL,,[],[],[],The pipeline returns the correct risk-tolerance groups but all required distinct-investor counts are substantially incorrect.,22.32,"{""Q1"": ""SELECT\n    p.risk_tolerance AS risk_tolerance,\n    COUNT(DISTINCT p.investor_id) AS investor_count\nFROM ATOM_ENTITY_INVESTOR_PROFILE_001 AS p\nINNER JOIN ATOM_ENTITY_PORTFOLIO_HOLDING_001 AS h\n    ON p.investor_id = h.investor_id\nWHERE p.investment_goal = 'Growth'\n  AND h.investment_type = 'Mutual Fund'\nGROUP BY p.risk_tolerance;""}"
wealth_management_enrichment_context_125_questions:EC125-3T-011,"For each risk tolerance and scenario, how many distinct investors with a risk score above 50 fall into that combination?",wealth_management_enrichment_context_125_questions.csv,DAG_NODE_ERROR,MISMATCH,MATCH,SQL,Q1:Query_Spec_Contract,"[""unknown_source"", ""physical_as_source""]","[""Unknown source: investor"", ""Unknown source: physical"", ""Unknown base_entity: investor"", ""group_by.0: unknown source 'physical'."", ""group_by.1: unknown source 'physical'."", ""measures.0: unknown source 'physical'."", ""filters.0: unknown source 'physical'.""]","[""Requirement introduces unsupported terms: ['count', 'per']""]","The pipeline returned no answer rows because the query stage failed, while the ground truth contains required grouped investor counts for multiple risk-tolerance and scenario combinations.",26.817,"{""Q1"": """"}"
wealth_management_enrichment_context_125_questions:EC125-3T-012,"For each risk tolerance, how many distinct investors both have an allocation above 0% in Banking and have a Buy rebalancing action?",wealth_management_enrichment_context_125_questions.csv,PIPELINE_SUCCESS,MATCH,MATCH,SQL,,[],[],"[""measures.0 has no quoted requirement.""]",All risk-tolerance groups and distinct investor counts exactly match the ground truth.,23.282,"{""Q1"": ""SELECT ip.risk_tolerance AS risk_tolerance,\n       COUNT(DISTINCT ip.investor_id) AS investor_count\nFROM ATOM_ENTITY_INVESTOR_PROFILE_001 ip\nJOIN ATOM_ENTITY_SECTOR_ALLOCATION_001 sa ON ip.investor_id = sa.investor_id\nJOIN ATOM_EVENT_REBALANCING_ACTION_001 ra ON ip.investor_id = ra.investor_id\nWHERE sa.sector = 'Banking'\n  AND sa.allocation_pct > 0\n  AND ra.action = 'Buy'\nGROUP BY ip.risk_tolerance;""}"
wealth_management_enrichment_context_125_questions:EC125-3T-013,"For each time horizon and holding sector, how many distinct investors with a risk score above 50 fall into that combination?",wealth_management_enrichment_context_125_questions.csv,PIPELINE_SUCCESS,MATCH,MATCH,SQL,,[],[],[],Pipeline output exactly matches the ground-truth time-horizon and sector combinations and distinct-investor counts.,21.04,"{""Q1"": ""SELECT\n  ip.time_horizon AS time_horizon,\n  ph.sector AS sector,\n  COUNT(DISTINCT ip.investor_id) AS investor_count\nFROM ATOM_ENTITY_INVESTOR_PROFILE_001 ip\nINNER JOIN ATOM_ENTITY_PORTFOLIO_HEALTH_001 phh\n  ON ip.investor_id = phh.investor_id\nINNER JOIN ATOM_ENTITY_PORTFOLIO_HOLDING_001 ph\n  ON ip.investor_id = ph.investor_id\nWHERE phh.risk_score > 50\nGROUP BY ip.time_horizon, ph.sector;""}"
wealth_management_enrichment_context_125_questions:EC125-3T-006,"For each risk tolerance, how many distinct investors both hold a position with investment type 'ETF' and have a Bull Market scenario record?",wealth_management_enrichment_context_125_questions.csv,PIPELINE_SUCCESS,MATCH,MATCH,SQL,,[],[],"[""Requirement introduces unsupported terms: ['condition', 'count', 'meeting']""]",All risk tolerance groups and distinct investor counts exactly match the ground truth.,69.94,"{""Q1"": ""WITH etf_investors AS (\n    SELECT DISTINCT investor_id\n    FROM ATOM_ENTITY_PORTFOLIO_HOLDING_001\n    WHERE investment_type = 'ETF'\n),\nbull_investors AS (\n    SELECT DISTINCT investor_id\n    FROM ATOM_EVENT_SCENARIO_REBALANCING_001\n    WHERE scenario = 'Bull Market'\n),\neligible_investors AS (\n    SELECT e.investor_id\n    FROM etf_investors e\n    INNER JOIN bull_investors b ON e.investor_id = b.investor_id\n),\nper_investor AS (\n    SELECT investor_id, COUNT(DISTINCT investor_id) AS investor_flag\n    FROM eligible_investors\n    GROUP BY investor_id\n)\nSELECT ip.risk_tolerance,\n       COUNT(p.investor_flag) AS investor_count\nFROM ATOM_ENTITY_INVESTOR_PROFILE_001 ip\nINNER JOIN per_investor p ON ip.investor_id = p.investor_id\nGROUP BY ip.risk_tolerance\nORDER BY ip.risk_tolerance;""}"
wealth_management_enrichment_context_125_questions:EC125-3T-014,"For each time horizon, how many distinct investors both hold a position with investment type 'Equity' and have a SIP transaction?",wealth_management_enrichment_context_125_questions.csv,DAG_NODE_ERROR,MISMATCH,MATCH,SQL,Q1:Query_Spec_Contract,"[""unknown_source"", ""derived_expression_required""]","[""Unknown source: investor"", ""Unknown base_entity: investor"", ""measures.0: derived measure needs an expression.""]","[""Requirement introduces unsupported terms: ['count']""]","Pipeline returned no answer rows due to a query failure, while the ground truth requires investor counts for four time-horizon groups.",24.606,"{""Q1"": """"}"
wealth_management_enrichment_context_125_questions:EC125-3T-015,"For each time horizon and investment type, how many distinct investors with a risk score above 50 fall into that combination?",wealth_management_enrichment_context_125_questions.csv,PIPELINE_SUCCESS,MATCH,MATCH,SQL,,[],[],[],Pipeline rows exactly match the ground-truth time-horizon and investment-type combinations and their distinct investor counts.,26.117,"{""Q1"": ""WITH qualified_investors AS (\n    SELECT DISTINCT ph.investor_id\n    FROM ATOM_ENTITY_PORTFOLIO_HEALTH_001 ph\n    WHERE ph.risk_score > 50\n)\nSELECT\n    ip.time_horizon AS time_horizon,\n    ph.investment_type AS investment_type,\n    COUNT(DISTINCT ip.investor_id) AS investor_count\nFROM qualified_investors qi\nINNER JOIN ATOM_ENTITY_INVESTOR_PROFILE_001 ip ON qi.investor_id = ip.investor_id\nINNER JOIN ATOM_ENTITY_PORTFOLIO_HOLDING_001 ph ON qi.investor_id = ph.investor_id\nGROUP BY ip.time_horizon, ph.investment_type\nORDER BY ip.time_horizon, ph.investment_type;""}"
wealth_management_enrichment_context_125_questions:EC125-3T-016,"For each time horizon, how many distinct investors both hold a Gold position and have a Hold rebalancing action?",wealth_management_enrichment_context_125_questions.csv,PIPELINE_SUCCESS,MATCH,MATCH,SQL,,[],[],"[""measures.0 has no quoted requirement.""]",All time-horizon groups and distinct investor counts exactly match the ground truth.,18.345,"{""Q1"": ""SELECT\n    p.time_horizon AS time_horizon,\n    COUNT(DISTINCT p.investor_id) AS investor_count\nFROM ATOM_ENTITY_INVESTOR_PROFILE_001 AS p\nJOIN ATOM_ENTITY_PORTFOLIO_HOLDING_001 AS h\n  ON p.investor_id = h.investor_id\n  AND h.investment_type = 'Gold'\nJOIN ATOM_EVENT_REBALANCING_ACTION_001 AS r\n  ON p.investor_id = r.investor_id\n  AND r.action = 'Hold'\nGROUP BY p.time_horizon\nORDER BY p.time_horizon;""}"
wealth_management_enrichment_context_125_questions:EC125-3T-017,"For each time horizon and sector, how many distinct investors with a risk score above 50 have a sector allocation above 0% in that sector?",wealth_management_enrichment_context_125_questions.csv,PIPELINE_SUCCESS,MATCH,MATCH,SQL,,[],[],"[""Requirement introduces unsupported terms: ['count']""]",The pipeline rows exactly match the ground-truth time-horizon/sector groups and distinct investor counts.,30.064,"{""Q1"": ""SELECT\n  ip.time_horizon,\n  sa.sector,\n  COUNT(DISTINCT ip.investor_id) AS investor_count\nFROM ATOM_ENTITY_INVESTOR_PROFILE_001 AS ip\nINNER JOIN ATOM_ENTITY_PORTFOLIO_HEALTH_001 AS ph\n  ON ip.investor_id = ph.investor_id\nINNER JOIN ATOM_ENTITY_SECTOR_ALLOCATION_001 AS sa\n  ON ip.investor_id = sa.investor_id\nWHERE ph.risk_score > 50\n  AND sa.allocation_pct > 0\nGROUP BY ip.time_horizon, sa.sector;""}"
wealth_management_enrichment_context_125_questions:EC125-3T-020,"For each time horizon, how many distinct investors both have a sector allocation above 0% in Technology and have a Deposit transaction?",wealth_management_enrichment_context_125_questions.csv,PIPELINE_SUCCESS,MATCH,MISMATCH,SQL,,[],[],"[""Requirement introduces unsupported terms: ['at', 'count', 'least', 'one']""]","Pipeline results exactly match the ground truth counts for every time horizon, including the null horizon.",22.107,"{""Q1"": ""WITH tech AS (\n    SELECT investor_id\n    FROM ATOM_ENTITY_SECTOR_ALLOCATION_001\n    WHERE sector = 'Technology' AND allocation_pct > 0\n    GROUP BY investor_id\n),\ndeposits AS (\n    SELECT investor_id\n    FROM ATOM_EVENT_CASH_FLOW_001\n    WHERE type = 'Deposit'\n    GROUP BY investor_id\n)\nSELECT p.time_horizon AS time_horizon,\n       COUNT(DISTINCT p.investor_id) AS investor_count\nFROM ATOM_ENTITY_INVESTOR_PROFILE_001 p\nINNER JOIN tech t ON p.investor_id = t.investor_id\nINNER JOIN deposits d ON p.investor_id = d.investor_id\nGROUP BY p.time_horizon;""}"
wealth_management_enrichment_context_125_questions:EC125-3T-018,"For each time horizon, how many distinct investors both hold a position with investment type 'ETF' and have a Bull Market scenario record?",wealth_management_enrichment_context_125_questions.csv,DAG_NODE_ERROR,MISMATCH,MISMATCH,mixed,Q3:Binding,[],[],"[""Requirement introduces unsupported terms: ['bull', 'have', 'market']"", ""Requirement introduces unsupported terms: ['both', 'condition', 'count', 'distinct', 'meeting']"", ""group_by.0 has no quoted requirement.""]",The pipeline returned a failure message instead of the required counts by time horizon.,32.188,"{""Q1"": ""WITH etf_investors AS (\n    SELECT DISTINCT investor_id\n    FROM ATOM_ENTITY_PORTFOLIO_HOLDING_001\n    WHERE investment_type = 'ETF'\n),\nbull_investors AS (\n    SELECT DISTINCT investor_id\n    FROM ATOM_EVENT_SCENARIO_REBALANCING_001\n    WHERE scenario = 'Bull Market'\n),\neligible_investors AS (\n    SELECT e.investor_id\n    FROM etf_investors e\n    INNER JOIN bull_investors b USING (investor_id)\n)\nSELECT\n    ip.time_horizon AS time_horizon,\n    COUNT(DISTINCT ip.investor_id) AS investor_count\nFROM ATOM_ENTITY_INVESTOR_PROFILE_001 ip\nINNER JOIN eligible_investors ei ON ip.investor_id = ei.investor_id\nGROUP BY ip.time_horizon;"", ""Q2"": ""PREFIX wm: <https://wealth.example.org/ontology/>\nPREFIX rdfs: <http://www.w3.org/2000/01/rdf-schema#>\nPREFIX rdf: <http://www.w3.org/1999/02/22-rdf-syntax-ns#>\n\nSELECT DISTINCT ?investorId\nWHERE {\n  ?investor rdf:type wm:Investor ;\n            wm:investorId ?investorId ;\n            wm:hasScenarioRebalancing ?sr .\n  ?sr rdf:type wm:ScenarioRebalancing ;\n      wm:hasMarketScenario ?ms .\n  ?ms rdf:type wm:MarketScenario ;\n      rdfs:label ?scenarioLabel .\n  FILTER(LCASE(?scenarioLabel) = \""bull market\"")\n}"", ""Q3"": """"}"
wealth_management_enrichment_context_125_questions:EC125-3T-019,"For each time horizon and cash-flow type, how many distinct investors with a risk score above 50 fall into that combination?",wealth_management_enrichment_context_125_questions.csv,PIPELINE_SUCCESS,MATCH,MISMATCH,SQL,,[],[],"[""Requirement introduces unsupported terms: ['count']""]","All time-horizon and cash-flow-type combinations are present, and every distinct-investor count exactly matches the ground truth. The pipeline's cash_flow_type field is semantically equivalent to the ground-truth type field.",39.573,"{""Q1"": ""SELECT p.time_horizon,\n       cf.type AS cash_flow_type,\n       COUNT(DISTINCT ph.investor_id) AS investor_count\nFROM ATOM_ENTITY_INVESTOR_PROFILE_001 AS p\nINNER JOIN ATOM_EVENT_CASH_FLOW_001 AS cf ON p.investor_id = cf.investor_id\nINNER JOIN ATOM_ENTITY_PORTFOLIO_HEALTH_001 AS ph ON p.investor_id = ph.investor_id\nWHERE ph.risk_score > 50\nGROUP BY p.time_horizon, cf.type;""}"
wealth_management_enrichment_context_125_questions:EC125-3T-021,"For each time horizon and rebalancing action, how many distinct investors with a risk score above 50 fall into that combination?",wealth_management_enrichment_context_125_questions.csv,PIPELINE_SUCCESS,MATCH,MISMATCH,SQL,,[],[],"[""Requirement introduces unsupported terms: ['count']""]",The pipeline output exactly matches the ground-truth time-horizon and rebalancing-action combinations and their distinct investor counts.,20.297,"{""Q1"": ""SELECT\n  p.time_horizon AS time_horizon,\n  r.action AS action,\n  COUNT(DISTINCT p.investor_id) AS investor_count\nFROM ATOM_ENTITY_INVESTOR_PROFILE_001 AS p\nINNER JOIN ATOM_EVENT_REBALANCING_ACTION_001 AS r\n  ON p.investor_id = r.investor_id\nINNER JOIN ATOM_ENTITY_PORTFOLIO_HEALTH_001 AS h\n  ON p.investor_id = h.investor_id\nWHERE h.risk_score > 50\nGROUP BY p.time_horizon, r.action\nORDER BY p.time_horizon, r.action;""}"
wealth_management_enrichment_context_125_questions:EC125-3T-022,"For each time horizon, how many distinct investors both hold a Mutual Fund position and have a Growth goal?",wealth_management_enrichment_context_125_questions.csv,PIPELINE_SUCCESS,MISMATCH,MISMATCH,SQL,,[],[],[],The pipeline returns the correct time-horizon groups but substantially incorrect distinct-investor counts for every group.,19.867,"{""Q1"": ""SELECT p.time_horizon,\n       COUNT(DISTINCT p.investor_id) AS investor_count\nFROM ATOM_ENTITY_INVESTOR_PROFILE_001 AS p\nINNER JOIN ATOM_ENTITY_PORTFOLIO_HOLDING_001 AS h\n        ON p.investor_id = h.investor_id\nWHERE p.investment_goal = 'Growth'\n  AND h.investment_type = 'Mutual Fund'\nGROUP BY p.time_horizon;""}"
wealth_management_enrichment_context_125_questions:EC125-3T-025,"For each segment and holding sector, how many distinct investors with a risk score above 50 fall into that combination?",wealth_management_enrichment_context_125_questions.csv,PIPELINE_SUCCESS,MISMATCH,MISMATCH,SQL,,[],[],[],"Although the pipeline returns the same segment-sector combination set, the investor counts are materially incorrect for nearly all combinations, indicating the required distinct-investor aggregation and/or risk-score filter was not applied correctly.",13.248,"{""Q1"": ""SELECT\n  h.segment AS segment,\n  h.sector AS sector,\n  COUNT(DISTINCT h.investor_id) AS investor_count\nFROM ATOM_ENTITY_PORTFOLIO_HOLDING_001 h\nINNER JOIN ATOM_ENTITY_PORTFOLIO_HEALTH_001 ph\n  ON h.investor_id = ph.investor_id\nWHERE ph.risk_score > 50\nGROUP BY h.segment, h.sector;""}"
wealth_management_enrichment_context_125_questions:EC125-3T-023,"For each time horizon and scenario, how many distinct investors with a risk score above 50 fall into that combination?",wealth_management_enrichment_context_125_questions.csv,PIPELINE_SUCCESS,MATCH,MATCH,SQL,,[],[],"[""Requirement introduces unsupported terms: ['count']""]",Pipeline output exactly matches the ground-truth time-horizon/scenario combinations and distinct investor counts.,42.224,"{""Q1"": ""SELECT\n    p.time_horizon,\n    s.scenario,\n    COUNT(DISTINCT ph.investor_id) AS investor_count\nFROM ATOM_ENTITY_INVESTOR_PROFILE_001 AS p\nINNER JOIN ATOM_ENTITY_PORTFOLIO_HEALTH_001 AS ph\n    ON p.investor_id = ph.investor_id\nINNER JOIN ATOM_EVENT_SCENARIO_REBALANCING_001 AS s\n    ON p.investor_id = s.investor_id\nWHERE ph.risk_score > 50\nGROUP BY p.time_horizon, s.scenario;""}"
wealth_management_enrichment_context_125_questions:EC125-3T-027,"For each segment and investment type, how many distinct investors with a risk score above 50 fall into that combination?",wealth_management_enrichment_context_125_questions.csv,PIPELINE_SUCCESS,MISMATCH,MISMATCH,SQL,,[],[],"[""Requirement introduces unsupported terms: ['count', 'per']""]","Although the pipeline returns the expected segment/investment-type combination rows, the distinct investor counts are materially incorrect for nearly all combinations.",21.716,"{""Q1"": ""SELECT\n    h.segment AS segment,\n    h.investment_type AS investment_type,\n    COUNT(DISTINCT h.investor_id) AS investor_count\nFROM ATOM_ENTITY_PORTFOLIO_HOLDING_001 h\nINNER JOIN ATOM_ENTITY_PORTFOLIO_HEALTH_001 ph\n    ON h.investor_id = ph.investor_id\nWHERE ph.risk_score > 50\nGROUP BY h.segment, h.investment_type;""}"
wealth_management_enrichment_context_125_questions:EC125-3T-026,"For each segment, how many distinct investors both hold a position with investment type 'Equity' and have a SIP transaction?",wealth_management_enrichment_context_125_questions.csv,PIPELINE_SUCCESS,MATCH,MISMATCH,SQL,,[],[],"[""Requirement introduces unsupported terms: ['applied']"", ""Requirement introduces unsupported terms: ['count']""]",All segment groups and distinct investor counts exactly match the ground truth.,35.084,"{""Q1"": ""SELECT ip.segment AS segment,\n       COUNT(DISTINCT ip.investor_id) AS investor_count\nFROM ATOM_ENTITY_INVESTOR_PROFILE_001 ip\nINNER JOIN ATOM_ENTITY_PORTFOLIO_HOLDING_001 ph\n        ON ip.investor_id = ph.investor_id\nINNER JOIN ATOM_EVENT_CASH_FLOW_001 cf\n        ON ip.investor_id = cf.investor_id\nWHERE ph.investment_type = 'Equity'\n  AND cf.type = 'SIP'\nGROUP BY ip.segment;""}"
wealth_management_enrichment_context_125_questions:EC125-3T-024,"For each time horizon, how many distinct investors both have a sector allocation above 0% in Banking and have a Buy rebalancing action?",wealth_management_enrichment_context_125_questions.csv,DAG_NODE_ERROR,MISMATCH,MISMATCH,SQL,Q1:Query_Spec_Contract,"[""unknown_source""]","[""Unknown source: investor""]","[""measures.0 has no quoted requirement.""]",The pipeline returned a failure message instead of the required investor counts by time horizon.,42.896,"{""Q1"": """"}"
wealth_management_enrichment_context_125_questions:EC125-3T-028,"For each segment, how many distinct investors both hold a Gold position and have a Hold rebalancing action?",wealth_management_enrichment_context_125_questions.csv,PIPELINE_SUCCESS,MATCH,MISMATCH,SQL,,[],[],[],All required segments and distinct investor counts exactly match the ground truth.,21.751,"{""Q1"": ""SELECT\n    p.segment AS segment,\n    COUNT(DISTINCT p.investor_id) AS investor_count\nFROM ATOM_ENTITY_INVESTOR_PROFILE_001 AS p\nINNER JOIN ATOM_ENTITY_PORTFOLIO_HOLDING_001 AS h\n    ON p.investor_id = h.investor_id\n    AND h.investment_type = 'Gold'\nINNER JOIN ATOM_EVENT_REBALANCING_ACTION_001 AS r\n    ON p.investor_id = r.investor_id\n    AND r.action = 'Hold'\nGROUP BY p.segment;""}"
wealth_management_enrichment_context_125_questions:EC125-3T-029,"For each segment and sector, how many distinct investors with a risk score above 50 have a sector allocation above 0% in that sector?",wealth_management_enrichment_context_125_questions.csv,PIPELINE_SUCCESS,MATCH,MATCH,SQL,,[],[],"[""Requirement introduces unsupported terms: ['count']""]","Pipeline rows exactly match the ground-truth segment-by-sector distinct investor counts, including null segments and all qualifying sectors.",30.792,"{""Q1"": ""SELECT\n  ip.segment AS segment,\n  sa.sector AS sector,\n  COUNT(DISTINCT ip.investor_id) AS investor_count\nFROM ATOM_ENTITY_INVESTOR_PROFILE_001 ip\nINNER JOIN ATOM_ENTITY_PORTFOLIO_HEALTH_001 ph ON ip.investor_id = ph.investor_id\nINNER JOIN ATOM_ENTITY_SECTOR_ALLOCATION_001 sa ON ip.investor_id = sa.investor_id\nWHERE ph.risk_score > 50\n  AND sa.allocation_pct > 0\nGROUP BY ip.segment, sa.sector;""}"
wealth_management_enrichment_context_125_questions:EC125-3T-033,"For each segment and rebalancing action, how many distinct investors with a risk score above 50 fall into that combination?",wealth_management_enrichment_context_125_questions.csv,PIPELINE_SUCCESS,MATCH,MISMATCH,SQL,,[],[],[],The pipeline output exactly matches the ground-truth segment/action combinations and distinct investor counts for investors with risk scores above 50.,13.664,"{""Q1"": ""SELECT p.segment AS segment,\n       r.action AS action,\n       COUNT(DISTINCT p.investor_id) AS investor_count\nFROM ATOM_ENTITY_INVESTOR_PROFILE_001 AS p\nINNER JOIN ATOM_EVENT_REBALANCING_ACTION_001 AS r ON p.investor_id = r.investor_id\nINNER JOIN ATOM_ENTITY_PORTFOLIO_HEALTH_001 AS h ON p.investor_id = h.investor_id\nWHERE h.risk_score > 50\nGROUP BY p.segment, r.action;""}"
wealth_management_enrichment_context_125_questions:EC125-3T-032,"For each segment, how many distinct investors both have a sector allocation above 0% in Technology and have a Deposit transaction?",wealth_management_enrichment_context_125_questions.csv,DAG_NODE_ERROR,MISMATCH,MATCH,SQL,Q1:Query_Spec_Contract,"[""unknown_source""]","[""Unknown source: investor"", ""Unknown base_entity: investor""]","[""measures.0 has no quoted requirement.""]","Pipeline returned no answer rows due to a query failure, while the ground truth contains required segment-level investor counts.",34.678,"{""Q1"": """"}"
wealth_management_enrichment_context_125_questions:EC125-3T-031,"For each segment and cash-flow type, how many distinct investors with a risk score above 50 fall into that combination?",wealth_management_enrichment_context_125_questions.csv,PIPELINE_SUCCESS,MATCH,MATCH,SQL,,[],[],"[""Requirement introduces unsupported terms: ['count']""]","All segment and cash-flow-type groupings, including null groupings, are present with investor counts exactly matching the ground truth. The alias cash_flow_type correctly corresponds to ground-truth type.",41.591,"{""Q1"": ""WITH filtered_investors AS (\n    SELECT investor_id\n    FROM ATOM_ENTITY_PORTFOLIO_HEALTH_001\n    WHERE risk_score > 50\n    GROUP BY investor_id\n)\nSELECT\n    p.segment AS segment,\n    cf.type AS cash_flow_type,\n    COUNT(DISTINCT p.investor_id) AS investor_count\nFROM ATOM_ENTITY_INVESTOR_PROFILE_001 AS p\nINNER JOIN filtered_investors f ON p.investor_id = f.investor_id\nINNER JOIN ATOM_EVENT_CASH_FLOW_001 AS cf ON p.investor_id = cf.investor_id\nGROUP BY p.segment, cf.type\nORDER BY p.segment, cf.type;""}"
wealth_management_enrichment_context_125_questions:EC125-3T-030,"For each segment, how many distinct investors both hold a position with investment type 'ETF' and have a Bull Market scenario record?",wealth_management_enrichment_context_125_questions.csv,PIPELINE_SUCCESS,PARTIAL,PARTIAL,SQL,,[],[],"[""Requirement introduces unsupported terms: ['count']""]","The pipeline returns all required segment groups, but investor counts are incorrect for four of five groups. Only Small Cap matches the ground truth.",46.264,"{""Q1"": ""WITH etf_investors AS (\n    SELECT DISTINCT investor_id, segment\n    FROM ATOM_ENTITY_PORTFOLIO_HOLDING_001\n    WHERE investment_type = 'ETF'\n),\nbull_investors AS (\n    SELECT DISTINCT investor_id\n    FROM ATOM_EVENT_SCENARIO_REBALANCING_001\n    WHERE scenario = 'Bull Market'\n)\nSELECT\n    etf_investors.segment AS segment,\n    COUNT(DISTINCT etf_investors.investor_id) AS investor_count\nFROM etf_investors\nINNER JOIN bull_investors\n    ON etf_investors.investor_id = bull_investors.investor_id\nGROUP BY etf_investors.segment;""}"
wealth_management_enrichment_context_125_questions:EC125-3T-034,"For each segment, how many distinct investors both hold a Mutual Fund position and have a Growth goal?",wealth_management_enrichment_context_125_questions.csv,DAG_NODE_ERROR,MISMATCH,MISMATCH,SQL,Q1:Query_Spec_Contract,"[""unknown_source"", ""derived_expression_required""]","[""Unknown source: investor"", ""Unknown base_entity: investor"", ""measures.0: derived measure needs an expression.""]",[],Pipeline returned a failure message rather than the required per-segment investor counts.,22.084,"{""Q1"": """"}"
wealth_management_enrichment_context_125_questions:EC125-3T-037,"For each category and holding sector, how many distinct investors with a risk score above 50 fall into that combination?",wealth_management_enrichment_context_125_questions.csv,DAG_NODE_ERROR,MISMATCH,MISMATCH,SQL,Q1:Query_Spec_Contract,"[""unknown_source"", ""empty_output_schema"", ""population_filter_contract"", ""physical_as_source""]","[""Unknown source: physical"", ""group_by.0: unknown source 'physical'."", ""group_by.1: unknown source 'physical'."", ""measures.0: unknown source 'physical'."", ""measures.0.population_filters: Unknown base_entity: physical"", ""measures.0.population_filters: output_schema must contain named output columns.""]",[],"The pipeline returned no answer rows because the query failed, while the ground truth contains required category-sector investor counts.",20.471,"{""Q1"": """"}"
wealth_management_enrichment_context_125_questions:EC125-3T-038,"For each category, how many distinct investors both hold a position with investment type 'Equity' and have a SIP transaction?",wealth_management_enrichment_context_125_questions.csv,DAG_NODE_ERROR,MISMATCH,MATCH,SQL,Q1:Query_Spec_Contract,"[""derived_expression_required""]","[""measures.0: derived measure needs an expression.""]","[""Requirement introduces unsupported terms: ['count']""]","The pipeline returned a failure message rather than category-level investor counts, while the ground truth contains six required category results.",13.392,"{""Q1"": """"}"
wealth_management_enrichment_context_125_questions:EC125-3T-036,"For each segment, how many distinct investors both have a sector allocation above 0% in Banking and have a Buy rebalancing action?",wealth_management_enrichment_context_125_questions.csv,PIPELINE_SUCCESS,MATCH,MATCH,SQL,,[],[],"[""Requirement introduces unsupported terms: ['count']""]",The pipeline output exactly matches the required distinct investor counts for every segment.,39.556,"{""Q1"": ""SELECT p.segment AS segment,\n       COUNT(DISTINCT p.investor_id) AS investor_count\nFROM ATOM_ENTITY_INVESTOR_PROFILE_001 p\nJOIN ATOM_ENTITY_SECTOR_ALLOCATION_001 s\n  ON p.investor_id = s.investor_id\nJOIN ATOM_EVENT_REBALANCING_ACTION_001 r\n  ON p.investor_id = r.investor_id\nWHERE s.sector = 'Banking'\n  AND s.allocation_pct > 0\n  AND r.action = 'Buy'\nGROUP BY p.segment\nORDER BY p.segment;""}"
wealth_management_enrichment_context_125_questions:EC125-3T-035,"For each segment and scenario, how many distinct investors with a risk score above 50 fall into that combination?",wealth_management_enrichment_context_125_questions.csv,PIPELINE_SUCCESS,MATCH,MATCH,SQL,,[],[],"[""Requirement introduces unsupported terms: ['count']""]",Pipeline output exactly matches the ground truth for every segment-scenario combination and distinct investor count.,45.773,"{""Q1"": ""SELECT\n  p.segment,\n  s.scenario,\n  COUNT(DISTINCT p.investor_id) AS investor_count\nFROM ATOM_ENTITY_INVESTOR_PROFILE_001 AS p\nINNER JOIN ATOM_ENTITY_PORTFOLIO_HEALTH_001 AS ph ON p.investor_id = ph.investor_id\nINNER JOIN ATOM_EVENT_SCENARIO_REBALANCING_001 AS s ON p.investor_id = s.investor_id\nWHERE ph.risk_score > 50\nGROUP BY p.segment, s.scenario;""}"
wealth_management_enrichment_context_125_questions:EC125-3T-039,"For each category and investment type, how many distinct investors with a risk score above 50 fall into that combination?",wealth_management_enrichment_context_125_questions.csv,PIPELINE_SUCCESS,MATCH,MISMATCH,SQL,,[],[],"[""Requirement introduces unsupported terms: ['count', 'per']""]","The pipeline output exactly matches the ground truth for every category and investment_type combination, including all distinct investor counts.",29.725,"{""Q1"": ""SELECT\n  p.category AS category,\n  h.investment_type AS investment_type,\n  COUNT(DISTINCT p.investor_id) AS investor_count\nFROM ATOM_ENTITY_INVESTOR_PROFILE_001 p\nINNER JOIN ATOM_ENTITY_PORTFOLIO_HEALTH_001 ph ON p.investor_id = ph.investor_id\nINNER JOIN ATOM_ENTITY_PORTFOLIO_HOLDING_001 h ON p.investor_id = h.investor_id\nWHERE ph.risk_score > 50\nGROUP BY p.category, h.investment_type;\n""}"
wealth_management_enrichment_context_125_questions:EC125-3T-040,"For each category, how many distinct investors both hold a Gold position and have a Hold rebalancing action?",wealth_management_enrichment_context_125_questions.csv,PIPELINE_SUCCESS,MATCH,MATCH,SQL,,[],[],"[""measures.0 has no quoted requirement.""]",Pipeline output exactly matches the required category groups and distinct investor counts.,26.723,"{""Q1"": ""WITH investors_with_gold AS (\n    SELECT investor_id\n    FROM ATOM_ENTITY_PORTFOLIO_HOLDING_001\n    WHERE investment_type = 'Gold'\n    GROUP BY investor_id\n),\ninvestors_with_hold AS (\n    SELECT investor_id\n    FROM ATOM_EVENT_REBALANCING_ACTION_001\n    WHERE action = 'Hold'\n    GROUP BY investor_id\n),\nqualified_investors AS (\n    SELECT g.investor_id\n    FROM investors_with_gold g\n    INNER JOIN investors_with_hold h ON g.investor_id = h.investor_id\n)\nSELECT p.category AS category,\n       COUNT(DISTINCT p.investor_id) AS investor_count\nFROM ATOM_ENTITY_INVESTOR_PROFILE_001 p\nINNER JOIN qualified_investors q ON p.investor_id = q.investor_id\nGROUP BY p.category\nORDER BY p.category;""}"
wealth_management_enrichment_context_125_questions:EC125-3T-041,"For each category and sector, how many distinct investors with a risk score above 50 have a sector allocation above 0% in that sector?",wealth_management_enrichment_context_125_questions.csv,DAG_NODE_ERROR,MISMATCH,MATCH,SQL,Q1:Query_Spec_Contract,"[""unknown_source""]","[""Unknown source: investor"", ""Unknown base_entity: investor""]","[""Requirement introduces unsupported terms: ['count', 'per']"", ""group_by.0 has no quoted requirement."", ""group_by.1 has no quoted requirement.""]","The pipeline returned no answer rows because the query failed, while the ground truth contains many required category-and-sector investor counts.",30.314,"{""Q1"": """"}"
wealth_management_enrichment_context_125_questions:EC125-3T-044,"For each category, how many distinct investors both have a sector allocation above 0% in Technology and have a Deposit transaction?",wealth_management_enrichment_context_125_questions.csv,PIPELINE_SUCCESS,MATCH,MATCH,SQL,,[],[],"[""Requirement introduces unsupported terms: ['count']""]",Pipeline output exactly matches the required category groups and distinct investor counts.,18.215,"{""Q1"": ""SELECT ip.category AS category,\n       COUNT(DISTINCT ip.investor_id) AS investor_count\nFROM ATOM_ENTITY_INVESTOR_PROFILE_001 ip\nINNER JOIN ATOM_ENTITY_SECTOR_ALLOCATION_001 sa\n        ON ip.investor_id = sa.investor_id\n       AND sa.sector = 'Technology'\n       AND sa.allocation_pct > 0\nINNER JOIN ATOM_EVENT_CASH_FLOW_001 cf\n        ON ip.investor_id = cf.investor_id\n       AND cf.type = 'Deposit'\nGROUP BY ip.category;""}"
wealth_management_enrichment_context_125_questions:EC125-3T-043,"For each category and cash-flow type, how many distinct investors with a risk score above 50 fall into that combination?",wealth_management_enrichment_context_125_questions.csv,PIPELINE_SUCCESS,MATCH,MISMATCH,SQL,,[],[],"[""Requirement introduces unsupported terms: ['count']""]","All category and cash-flow type combinations, including null combinations, are present with investor counts exactly matching the ground truth. The cash_flow_type field is a semantically equivalent alias for type.",27.822,"{""Q1"": ""SELECT\n    p.category AS category,\n    cf.type AS cash_flow_type,\n    COUNT(DISTINCT p.investor_id) AS investor_count\nFROM ATOM_ENTITY_INVESTOR_PROFILE_001 p\nINNER JOIN ATOM_ENTITY_PORTFOLIO_HEALTH_001 ph\n    ON p.investor_id = ph.investor_id\nINNER JOIN ATOM_EVENT_CASH_FLOW_001 cf\n    ON p.investor_id = cf.investor_id\nWHERE ph.risk_score > 50\nGROUP BY p.category, cf.type;""}"
wealth_management_enrichment_context_125_questions:EC125-3T-042,"For each category, how many distinct investors both hold a position with investment type 'ETF' and have a Bull Market scenario record?",wealth_management_enrichment_context_125_questions.csv,PIPELINE_SUCCESS,MATCH,MISMATCH,SQL,,[],[],[],"Pipeline results exactly match the ground truth for every category, including the null category and all distinct investor counts.",35.096,"{""Q1"": ""SELECT p.category AS category,\n       COUNT(DISTINCT p.investor_id) AS investor_count\nFROM ATOM_ENTITY_INVESTOR_PROFILE_001 p\nINNER JOIN ATOM_ENTITY_PORTFOLIO_HOLDING_001 h\n        ON p.investor_id = h.investor_id\n       AND h.investment_type = 'ETF'\nINNER JOIN ATOM_EVENT_SCENARIO_REBALANCING_001 s\n        ON p.investor_id = s.investor_id\n       AND s.scenario = 'Bull Market'\nGROUP BY p.category;""}"
wealth_management_enrichment_context_125_questions:EC125-3T-045,"For each category and rebalancing action, how many distinct investors with a risk score above 50 fall into that combination?",wealth_management_enrichment_context_125_questions.csv,PIPELINE_SUCCESS,MATCH,MATCH,SQL,,[],[],"[""Requirement introduces unsupported terms: ['count']""]",The pipeline output exactly matches the ground-truth category/action combinations and distinct investor counts for investors with risk scores above 50.,14.951,"{""Q1"": ""SELECT\n    ip.category AS category,\n    ra.action AS action,\n    COUNT(DISTINCT ip.investor_id) AS investor_count\nFROM ATOM_ENTITY_INVESTOR_PROFILE_001 ip\nINNER JOIN ATOM_ENTITY_PORTFOLIO_HEALTH_001 ph ON ip.investor_id = ph.investor_id\nINNER JOIN ATOM_EVENT_REBALANCING_ACTION_001 ra ON ip.investor_id = ra.investor_id\nWHERE ph.risk_score > 50\nGROUP BY ip.category, ra.action""}"
wealth_management_enrichment_context_125_questions:EC125-4T-002,"For each risk tolerance, how many distinct investors with a risk score above 25 both hold a position with investment type 'Equity' and have a SIP transaction?",wealth_management_enrichment_context_125_questions.csv,PIPELINE_SUCCESS,MATCH,MATCH,SQL,,[],[],"[""Requirement introduces unsupported terms: ['count']""]","Pipeline results exactly match the required investor counts for every risk_tolerance group, including the null group.",17.101,"{""Q1"": ""WITH equity_investors AS (\n    SELECT DISTINCT investor_id\n    FROM ATOM_ENTITY_PORTFOLIO_HOLDING_001\n    WHERE investment_type = 'Equity'\n),\nrisk_score_investors AS (\n    SELECT DISTINCT investor_id\n    FROM ATOM_ENTITY_PORTFOLIO_HEALTH_001\n    WHERE risk_score > 25\n),\nsip_investors AS (\n    SELECT DISTINCT investor_id\n    FROM ATOM_EVENT_CASH_FLOW_001\n    WHERE type = 'SIP'\n)\nSELECT\n    p.risk_tolerance AS risk_tolerance,\n    COUNT(DISTINCT p.investor_id) AS investor_count\nFROM ATOM_ENTITY_INVESTOR_PROFILE_001 AS p\nINNER JOIN equity_investors ei ON p.investor_id = ei.investor_id\nINNER JOIN risk_score_investors ri ON p.investor_id = ri.investor_id\nINNER JOIN sip_investors si ON p.investor_id = si.investor_id\nGROUP BY p.risk_tolerance;""}"
wealth_management_enrichment_context_125_questions:EC125-4T-003,"For each risk tolerance, what is the average number of holdings per investor, the average number of rebalancing actions per investor (investors with none count as 0), and the average risk score?",wealth_management_enrichment_context_125_questions.csv,DAG_NODE_ERROR,MISMATCH,MATCH,SQL,Q1:Query_Spec_Contract,"[""derived_expression_required""]","[""measures.3: derived measure needs an expression."", ""measures.4: derived measure needs an expression."", ""measures.5: derived measure needs an expression.""]",[],"Pipeline returned no answer rows due to a subquery failure, while the ground truth contains required aggregates for four risk-tolerance groups.",24.72,"{""Q1"": """"}"
wealth_management_enrichment_context_125_questions:EC125-4T-005,"For each risk tolerance, what is the average net cash-flow amount per investor (sum of signed cash-flow amounts), the average goal progress per investor, and the average risk score?",wealth_management_enrichment_context_125_questions.csv,PIPELINE_SUCCESS,MATCH,MATCH,SQL,,[],[],"[""Requirement introduces unsupported terms: ['result']""]","All four risk-tolerance groups, including the null group, are present. The net cash-flow, goal-progress, and risk-score averages match the ground truth within rounding tolerance.",20.907,"{""Q1"": ""WITH profile_groups AS (SELECT DISTINCT \""investor_id\"", \""risk_tolerance\"" AS \""risk_tolerance\"" FROM \""ATOM_ENTITY_INVESTOR_PROFILE_001\""),\nmetric_source_0 AS (SELECT \""investor_id\"", SUM(\""amount\"") AS \""avg_net_cash_flow_per_investor\"" FROM \""ATOM_EVENT_CASH_FLOW_001\"" GROUP BY \""investor_id\""),\nmetric_source_1 AS (SELECT \""investor_id\"", AVG(\""progress_pct\"") AS \""avg_goal_progress_per_investor\"" FROM \""ATOM_ENTITY_INVESTMENT_GOAL_001\"" GROUP BY \""investor_id\""),\nmetric_source_2 AS (SELECT \""investor_id\"", AVG(\""risk_score\"") AS \""avg_risk_score\"" FROM \""ATOM_ENTITY_PORTFOLIO_HEALTH_001\"" GROUP BY \""investor_id\""),\ngrouped_result AS (SELECT profile_groups.\""risk_tolerance\"" AS \""risk_tolerance\"", AVG(metric_source_0.\""avg_net_cash_flow_per_investor\"") AS \""avg_net_cash_flow_per_investor\"", AVG(metric_source_1.\""avg_goal_progress_per_investor\"") AS \""avg_goal_progress_per_investor\"", AVG(metric_source_2.\""avg_risk_score\"") AS \""avg_risk_score\"" FROM profile_groups LEFT JOIN metric_source_0 ON profile_groups.\""investor_id\"" = metric_source_0.\""investor_id\"" LEFT JOIN metric_source_1 ON profile_groups.\""investor_id\"" = metric_source_1.\""investor_id\"" LEFT JOIN metric_source_2 ON profile_groups.\""investor_id\"" = metric_source_2.\""investor_id\"" GROUP BY profile_groups.\""risk_tolerance\"")\nSELECT \""risk_tolerance\"", \""avg_net_cash_flow_per_investor\"", \""avg_goal_progress_per_investor\"", \""avg_risk_score\"" FROM grouped_result;""}"
wealth_management_enrichment_context_125_questions:EC125-4T-004,"For each risk tolerance, how many distinct investors with a risk score above 25 both hold a Gold position and have a Deposit transaction?",wealth_management_enrichment_context_125_questions.csv,PIPELINE_SUCCESS,MATCH,MATCH,SQL,,[],[],"[""Requirement introduces unsupported terms: ['count']""]","The pipeline output exactly matches the ground truth counts for every risk tolerance category, including the null category.",39.506,"{""Q1"": ""WITH filtered_health AS (\n    SELECT investor_id\n    FROM ATOM_ENTITY_PORTFOLIO_HEALTH_001\n    WHERE risk_score > 25\n    GROUP BY investor_id\n),\ngold_holders AS (\n    SELECT investor_id\n    FROM ATOM_ENTITY_PORTFOLIO_HOLDING_001\n    WHERE investment_type = 'Gold'\n    GROUP BY investor_id\n),\ndepositers AS (\n    SELECT investor_id\n    FROM ATOM_EVENT_CASH_FLOW_001\n    WHERE type = 'Deposit'\n    GROUP BY investor_id\n)\nSELECT p.risk_tolerance AS risk_tolerance,\n       COUNT(DISTINCT p.investor_id) AS investor_count\nFROM ATOM_ENTITY_INVESTOR_PROFILE_001 p\nINNER JOIN filtered_health h ON p.investor_id = h.investor_id\nINNER JOIN gold_holders g ON p.investor_id = g.investor_id\nINNER JOIN depositers d ON p.investor_id = d.investor_id\nGROUP BY p.risk_tolerance;""}"
wealth_management_enrichment_context_125_questions:EC125-4T-007,"For each risk tolerance, what is the average total sector-allocation investment amount per investor, the average holding return per investor (counting only holdings with a recorded cost and current value), and the average risk score?",wealth_management_enrichment_context_125_questions.csv,PIPELINE_SUCCESS,PARTIAL,PARTIAL,SQL,,[],[],"[""group_by.0 has no quoted requirement.""]","All risk-tolerance groups, average sector-allocation amounts, and average risk scores match within tolerance, but average holding returns are materially incorrect for every group.",15.716,"{""Q1"": ""WITH profile_groups AS (SELECT DISTINCT \""investor_id\"", \""risk_tolerance\"" AS \""risk_tolerance\"" FROM \""ATOM_ENTITY_INVESTOR_PROFILE_001\""),\nmetric_source_0 AS (SELECT \""investor_id\"", SUM(\""total_investment\"") AS \""avg_total_sector_investment\"" FROM \""ATOM_ENTITY_SECTOR_ALLOCATION_001\"" GROUP BY \""investor_id\""),\nmetric_source_1 AS (SELECT \""investor_id\"", AVG(\""returns_pct\"") AS \""avg_holding_return\"" FROM \""ATOM_ENTITY_PORTFOLIO_HOLDING_001\"" WHERE \""cost\"" IS NOT NULL AND \""current_value\"" IS NOT NULL GROUP BY \""investor_id\""),\nmetric_source_2 AS (SELECT \""investor_id\"", AVG(\""risk_score\"") AS \""avg_risk_score\"" FROM \""ATOM_ENTITY_PORTFOLIO_HEALTH_001\"" GROUP BY \""investor_id\""),\ngrouped_result AS (SELECT profile_groups.\""risk_tolerance\"" AS \""risk_tolerance\"", AVG(metric_source_0.\""avg_total_sector_investment\"") AS \""avg_total_sector_investment\"", AVG(metric_source_1.\""avg_holding_return\"") AS \""avg_holding_return\"", AVG(metric_source_2.\""avg_risk_score\"") AS \""avg_risk_score\"" FROM profile_groups LEFT JOIN metric_source_0 ON profile_groups.\""investor_id\"" = metric_source_0.\""investor_id\"" LEFT JOIN metric_source_1 ON profile_groups.\""investor_id\"" = metric_source_1.\""investor_id\"" LEFT JOIN metric_source_2 ON profile_groups.\""investor_id\"" = metric_source_2.\""investor_id\"" GROUP BY profile_groups.\""risk_tolerance\"")\nSELECT \""risk_tolerance\"", \""avg_total_sector_investment\"", \""avg_holding_return\"", \""avg_risk_score\"" FROM grouped_result;""}"
wealth_management_enrichment_context_125_questions:EC125-4T-001,"For each risk tolerance, what is the average number of holdings per investor, the average net cash-flow amount per investor (sum of signed cash-flow amounts), and the average risk score?",wealth_management_enrichment_context_125_questions.csv,PIPELINE_SUCCESS,MATCH,MISMATCH,SQL,,[],[],[],"All four risk-tolerance groups, including null, are present. The average holdings, net cash flow, and risk score values match the ground truth within formatting/rounding tolerance.",65.248,"{""Q1"": ""WITH holding_counts AS (\n        SELECT investor_id,\n               COUNT(holding_id) AS holdings_cnt\n        FROM ATOM_ENTITY_PORTFOLIO_HOLDING_001\n        GROUP BY investor_id\n    ),\n    cash_flow_sums AS (\n        SELECT investor_id,\n               SUM(amount) AS cash_flow_sum\n        FROM ATOM_EVENT_CASH_FLOW_001\n        GROUP BY investor_id\n    ),\n    risk_scores AS (\n        SELECT investor_id,\n               risk_score\n        FROM ATOM_ENTITY_PORTFOLIO_HEALTH_001\n    )\nSELECT\n    p.risk_tolerance AS risk_tolerance,\n    AVG(COALESCE(h.holdings_cnt, 0)) AS avg_holdings_per_investor,\n    AVG(COALESCE(c.cash_flow_sum, 0)) AS avg_net_cash_flow_per_investor,\n    AVG(r.risk_score) AS avg_risk_score\nFROM ATOM_ENTITY_INVESTOR_PROFILE_001 p\nLEFT JOIN holding_counts h ON p.investor_id = h.investor_id\nLEFT JOIN cash_flow_sums c ON p.investor_id = c.investor_id\nLEFT JOIN risk_scores r ON p.investor_id = r.investor_id\nGROUP BY p.risk_tolerance;""}"
wealth_management_enrichment_context_125_questions:EC125-4T-006,"For each risk tolerance, how many distinct investors with a risk score above 25 both hold a position with investment type 'ETF' and have a Buy rebalancing action?",wealth_management_enrichment_context_125_questions.csv,PIPELINE_SUCCESS,MATCH,MATCH,SQL,,[],[],"[""Requirement introduces unsupported terms: ['count']""]",The pipeline output exactly matches the ground truth for every risk tolerance category and investor count.,46.064,"{""Q1"": ""WITH health AS (\n    SELECT DISTINCT investor_id\n    FROM ATOM_ENTITY_PORTFOLIO_HEALTH_001\n    WHERE risk_score > 25\n),\nholding AS (\n    SELECT DISTINCT investor_id\n    FROM ATOM_ENTITY_PORTFOLIO_HOLDING_001\n    WHERE investment_type = 'ETF'\n),\nrebalance AS (\n    SELECT DISTINCT investor_id\n    FROM ATOM_EVENT_REBALANCING_ACTION_001\n    WHERE action = 'Buy'\n)\nSELECT\n    p.risk_tolerance AS risk_tolerance,\n    COUNT(DISTINCT p.investor_id) AS investor_count\nFROM ATOM_ENTITY_INVESTOR_PROFILE_001 AS p\nINNER JOIN health h ON p.investor_id = h.investor_id\nINNER JOIN holding ho ON p.investor_id = ho.investor_id\nINNER JOIN rebalance r ON p.investor_id = r.investor_id\nGROUP BY p.risk_tolerance;""}"
wealth_management_enrichment_context_125_questions:EC125-4T-010,"For each risk tolerance, how many distinct investors with a risk score above 25 both hold a Real Estate position and have a Growth goal?",wealth_management_enrichment_context_125_questions.csv,DAG_NODE_ERROR,MISMATCH,MISMATCH,SQL,Q1:Query_Spec_Contract,"[""unknown_source"", ""physical_as_source""]","[""Unknown source: physical"", ""group_by.0: unknown source 'physical'."", ""measures.0: unknown source 'physical'.""]","[""Requirement introduces unsupported terms: ['count']""]",Pipeline returned an execution failure rather than the required investor counts by risk tolerance.,20.541,"{""Q1"": """"}"
wealth_management_enrichment_context_125_questions:EC125-4T-008,"For each risk tolerance, how many distinct investors with a risk score above 25 both hold a Mutual Fund position and have a Bull Market scenario record?",wealth_management_enrichment_context_125_questions.csv,DAG_NODE_ERROR,MISMATCH,MATCH,mixed,Q3:Binding,[],[],"[""group_by.0 has no quoted requirement.""]","The pipeline returned no answer rows because the subquery DAG failed, while the ground truth requires investor counts for four risk-tolerance groups.",39.815,"{""Q1"": ""WITH health AS (\n    SELECT investor_id\n    FROM ATOM_ENTITY_PORTFOLIO_HEALTH_001\n    WHERE risk_score > 25\n    GROUP BY investor_id\n),\nmf_holding AS (\n    SELECT investor_id\n    FROM ATOM_ENTITY_PORTFOLIO_HOLDING_001\n    WHERE investment_type = 'Mutual Fund'\n    GROUP BY investor_id\n)\nSELECT p.risk_tolerance AS risk_tolerance,\n       COUNT(DISTINCT p.investor_id) AS investor_count\nFROM ATOM_ENTITY_INVESTOR_PROFILE_001 p\nINNER JOIN health h ON p.investor_id = h.investor_id\nINNER JOIN mf_holding m ON p.investor_id = m.investor_id\nGROUP BY p.risk_tolerance;"", ""Q2"": ""PREFIX wm: <https://wealth.example.org/ontology/>\nPREFIX rdfs: <http://www.w3.org/2000/01/rdf-schema#>\nPREFIX xsd: <http://www.w3.org/2001/XMLSchema#>\n\nSELECT DISTINCT ?investorId\nWHERE {\n  ?sr a wm:ScenarioRebalancing ;\n      wm:scenario \""Bull Market\"" ;\n      wm:investorId ?investorId .\n  ?inv a wm:Investor ;\n       wm:investorId ?investorId .\n}"", ""Q3"": """"}"
wealth_management_enrichment_context_125_questions:EC125-4T-009,"For each time horizon, what is the average number of holdings per investor, the average net cash-flow amount per investor (sum of signed cash-flow amounts), and the average risk score?",wealth_management_enrichment_context_125_questions.csv,PIPELINE_SUCCESS,MATCH,MATCH,SQL,,[],[],[],"All four time-horizon groups are present, and each requested average matches the ground truth within rounding tolerance.",39.852,"{""Q1"": ""WITH holdings_per_investor AS (\n    SELECT investor_id,\n           COUNT(holding_id) AS holdings_cnt\n    FROM ATOM_ENTITY_PORTFOLIO_HOLDING_001\n    GROUP BY investor_id\n),\ncash_flow_per_investor AS (\n    SELECT investor_id,\n           SUM(amount) AS cash_flow_sum\n    FROM ATOM_EVENT_CASH_FLOW_001\n    GROUP BY investor_id\n),\nrisk_per_investor AS (\n    SELECT investor_id,\n           risk_score\n    FROM ATOM_ENTITY_PORTFOLIO_HEALTH_001\n)\nSELECT\n    p.time_horizon AS time_horizon,\n    AVG(COALESCE(h.holdings_cnt, 0)) AS avg_holdings_per_investor,\n    AVG(COALESCE(cf.cash_flow_sum, 0)) AS avg_net_cash_flow_per_investor,\n    AVG(r.risk_score) AS avg_risk_score\nFROM ATOM_ENTITY_INVESTOR_PROFILE_001 p\nLEFT JOIN holdings_per_investor h ON p.investor_id = h.investor_id\nLEFT JOIN cash_flow_per_investor cf ON p.investor_id = cf.investor_id\nLEFT JOIN risk_per_investor r ON p.investor_id = r.investor_id\nGROUP BY p.time_horizon;""}"
wealth_management_enrichment_context_125_questions:EC125-4T-011,"For each time horizon, what is the average number of holdings per investor, the average number of rebalancing actions per investor (investors with none count as 0), and the average risk score?",wealth_management_enrichment_context_125_questions.csv,PIPELINE_SUCCESS,MATCH,MATCH,SQL,,[],[],[],"All four time-horizon groups are present, and the average holdings, rebalancing actions (including zero-action investors), and risk scores match the ground truth within tolerance.",25.705,"{""Q1"": ""WITH holdings AS (\n        SELECT investor_id,\n               COUNT(holding_id) AS holdings_cnt\n        FROM ATOM_ENTITY_PORTFOLIO_HOLDING_001\n        GROUP BY investor_id\n    ),\n    rebalance AS (\n        SELECT investor_id,\n               COUNT(rebalance_id) AS rebalance_cnt\n        FROM ATOM_EVENT_REBALANCING_ACTION_001\n        GROUP BY investor_id\n    ),\n    risk AS (\n        SELECT investor_id,\n               AVG(risk_score) AS risk_score_avg\n        FROM ATOM_ENTITY_PORTFOLIO_HEALTH_001\n        GROUP BY investor_id\n    )\nSELECT\n    p.time_horizon AS time_horizon,\n    AVG(COALESCE(h.holdings_cnt, 0)) AS avg_holdings_per_investor,\n    AVG(COALESCE(r.rebalance_cnt, 0)) AS avg_rebalancing_actions_per_investor,\n    AVG(rk.risk_score_avg) AS avg_risk_score\nFROM ATOM_ENTITY_INVESTOR_PROFILE_001 p\nLEFT JOIN holdings h   ON p.investor_id = h.investor_id\nLEFT JOIN rebalance r  ON p.investor_id = r.investor_id\nLEFT JOIN risk rk       ON p.investor_id = rk.investor_id\nGROUP BY p.time_horizon\nORDER BY p.time_horizon;""}"
wealth_management_enrichment_context_125_questions:EC125-4T-013,"For each time horizon, what is the average net cash-flow amount per investor (sum of signed cash-flow amounts), the average goal progress per investor, and the average risk score?",wealth_management_enrichment_context_125_questions.csv,PIPELINE_SUCCESS,MATCH,MISMATCH,SQL,,[],[],[],"All four time-horizon groups, including the null horizon group, are present. The net cash-flow, goal-progress, and risk-score averages match the ground truth within rounding tolerance.",20.036,"{""Q1"": ""WITH profile_groups AS (SELECT DISTINCT \""investor_id\"", \""time_horizon\"" AS \""time_horizon\"" FROM \""ATOM_ENTITY_INVESTOR_PROFILE_001\""),\nmetric_source_0 AS (SELECT \""investor_id\"", SUM(\""amount\"") AS \""avg_net_cash_flow_per_investor\"" FROM \""ATOM_EVENT_CASH_FLOW_001\"" GROUP BY \""investor_id\""),\nmetric_source_1 AS (SELECT \""investor_id\"", AVG(\""progress_pct\"") AS \""avg_goal_progress_per_investor\"" FROM \""ATOM_ENTITY_INVESTMENT_GOAL_001\"" GROUP BY \""investor_id\""),\nmetric_source_2 AS (SELECT \""investor_id\"", AVG(\""risk_score\"") AS \""avg_risk_score_per_investor\"" FROM \""ATOM_ENTITY_PORTFOLIO_HEALTH_001\"" GROUP BY \""investor_id\""),\ngrouped_result AS (SELECT profile_groups.\""time_horizon\"" AS \""time_horizon\"", AVG(metric_source_0.\""avg_net_cash_flow_per_investor\"") AS \""avg_net_cash_flow_per_investor\"", AVG(metric_source_1.\""avg_goal_progress_per_investor\"") AS \""avg_goal_progress_per_investor\"", AVG(metric_source_2.\""avg_risk_score_per_investor\"") AS \""avg_risk_score_per_investor\"" FROM profile_groups LEFT JOIN metric_source_0 ON profile_groups.\""investor_id\"" = metric_source_0.\""investor_id\"" LEFT JOIN metric_source_1 ON profile_groups.\""investor_id\"" = metric_source_1.\""investor_id\"" LEFT JOIN metric_source_2 ON profile_groups.\""investor_id\"" = metric_source_2.\""investor_id\"" GROUP BY profile_groups.\""time_horizon\"")\nSELECT \""time_horizon\"", \""avg_net_cash_flow_per_investor\"", \""avg_goal_progress_per_investor\"", \""avg_risk_score_per_investor\"" FROM grouped_result;""}"
wealth_management_enrichment_context_125_questions:EC125-4T-014,"For each time horizon, how many distinct investors with a risk score above 25 both hold a position with investment type 'Equity' and have a SIP transaction?",wealth_management_enrichment_context_125_questions.csv,PIPELINE_SUCCESS,MATCH,MATCH,SQL,,[],[],[],"The pipeline output exactly matches the ground truth for every time horizon, including the null horizon group and all investor counts.",20.94,"{""Q1"": ""WITH health_investors AS (\n  SELECT investor_id\n  FROM ATOM_ENTITY_PORTFOLIO_HEALTH_001\n  WHERE risk_score > 25\n  GROUP BY investor_id\n),\n equity_investors AS (\n  SELECT investor_id\n  FROM ATOM_ENTITY_PORTFOLIO_HOLDING_001\n  WHERE investment_type = 'Equity'\n  GROUP BY investor_id\n),\n sip_investors AS (\n  SELECT investor_id\n  FROM ATOM_EVENT_CASH_FLOW_001\n  WHERE type = 'SIP'\n  GROUP BY investor_id\n)\nSELECT p.time_horizon AS time_horizon,\n       COUNT(DISTINCT p.investor_id) AS investor_count\nFROM ATOM_ENTITY_INVESTOR_PROFILE_001 p\nINNER JOIN health_investors h ON p.investor_id = h.investor_id\nINNER JOIN equity_investors e ON p.investor_id = e.investor_id\nINNER JOIN sip_investors s ON p.investor_id = s.investor_id\nGROUP BY p.time_horizon;""}"
wealth_management_enrichment_context_125_questions:EC125-4T-012,"For each risk tolerance, how many distinct investors with a risk score above 25 both hold a Corporate Bond position and have a Withdrawal transaction?",wealth_management_enrichment_context_125_questions.csv,PIPELINE_SUCCESS,MATCH,MISMATCH,SQL,,[],[],[],"All required risk-tolerance groups, including null, are present with investor counts exactly matching the ground truth.",37.644,"{""Q1"": ""WITH health AS (\n       SELECT investor_id\n       FROM ATOM_ENTITY_PORTFOLIO_HEALTH_001\n       WHERE risk_score > 25\n       GROUP BY investor_id\n),\nbond_holding AS (\n       SELECT investor_id\n       FROM ATOM_ENTITY_PORTFOLIO_HOLDING_001\n       WHERE investment_type = 'Corporate Bond'\n       GROUP BY investor_id\n),\nwithdrawal AS (\n       SELECT investor_id\n       FROM ATOM_EVENT_CASH_FLOW_001\n       WHERE type = 'Withdrawal'\n       GROUP BY investor_id\n)\nSELECT p.risk_tolerance AS risk_tolerance,\n       COUNT(DISTINCT p.investor_id) AS investor_count\nFROM ATOM_ENTITY_INVESTOR_PROFILE_001 AS p\nINNER JOIN health       h ON p.investor_id = h.investor_id\nINNER JOIN bond_holding b ON p.investor_id = b.investor_id\nINNER JOIN withdrawal   w ON p.investor_id = w.investor_id\nGROUP BY p.risk_tolerance;""}"
wealth_management_enrichment_context_125_questions:EC125-4T-016,"For each time horizon, how many distinct investors with a risk score above 25 both hold a Gold position and have a Deposit transaction?",wealth_management_enrichment_context_125_questions.csv,DAG_NODE_ERROR,MISMATCH,MISMATCH,SQL,Q1:Query_Spec_Contract,"[""unknown_source""]","[""Unknown source: entity"", ""group_by.0: unknown source 'entity'."", ""measures.0: unknown source 'entity'."", ""filters.0: unknown source 'entity'."", ""filters.1: unknown source 'entity'."", ""filters.2: unknown source 'entity'.""]","[""measures.0 has no quoted requirement.""]",The pipeline returned a failure message instead of the required investor counts grouped by time horizon.,27.105,"{""Q1"": """"}"
wealth_management_enrichment_context_125_questions:EC125-4T-018,"For each time horizon, how many distinct investors with a risk score above 25 both hold a position with investment type 'ETF' and have a Buy rebalancing action?",wealth_management_enrichment_context_125_questions.csv,DAG_NODE_ERROR,MISMATCH,MATCH,SQL,Q1:Query_Spec_Contract,"[""unknown_source""]","[""Unknown source: investor"", ""Unknown base_entity: investor"", ""measures.0: unknown source 'investor'.""]",[],The pipeline returned a failure message instead of the required grouped investor counts by time horizon.,22.874,"{""Q1"": """"}"
wealth_management_enrichment_context_125_questions:EC125-4T-019,"For each segment, what is the average number of holdings per investor, the average number of rebalancing actions per investor (investors with none count as 0), and the average risk score?",wealth_management_enrichment_context_125_questions.csv,PIPELINE_SUCCESS,MATCH,MATCH,SQL,,[],[],[],"All five segment groups are present, and the averages for holdings, rebalancing actions (including zero-action investors), and risk score match the ground truth within rounding tolerance.",24.701,"{""Q1"": ""WITH holdings_cte AS (\n    SELECT investor_id, COUNT(holding_id) AS holdings_cnt\n    FROM ATOM_ENTITY_PORTFOLIO_HOLDING_001\n    GROUP BY investor_id\n),\nrebalancing_cte AS (\n    SELECT investor_id, COUNT(rebalance_id) AS rebalance_cnt\n    FROM ATOM_EVENT_REBALANCING_ACTION_001\n    GROUP BY investor_id\n),\nrisk_cte AS (\n    SELECT investor_id, AVG(risk_score) AS risk_score_avg\n    FROM ATOM_ENTITY_PORTFOLIO_HEALTH_001\n    GROUP BY investor_id\n)\nSELECT\n    b.segment AS segment,\n    AVG(COALESCE(h.holdings_cnt, 0)) AS avg_holdings_per_investor,\n    AVG(COALESCE(r.rebalance_cnt, 0)) AS avg_rebalancing_actions_per_investor,\n    AVG(risk.risk_score_avg) AS avg_risk_score\nFROM ATOM_ENTITY_INVESTOR_PROFILE_001 b\nLEFT JOIN holdings_cte h ON b.investor_id = h.investor_id\nLEFT JOIN rebalancing_cte r ON b.investor_id = r.investor_id\nLEFT JOIN risk_cte risk ON b.investor_id = risk.investor_id\nGROUP BY b.segment;""}"
wealth_management_enrichment_context_125_questions:EC125-4T-017,"For each segment, what is the average number of holdings per investor, the average net cash-flow amount per investor (sum of signed cash-flow amounts), and the average risk score?",wealth_management_enrichment_context_125_questions.csv,PIPELINE_SUCCESS,MATCH,MATCH,SQL,,[],[],[],"All five segment groups are present, and the average holdings, net cash flow, and risk score values match the ground truth within tolerance; differing column aliases are semantically equivalent.",43.288,"{""Q1"": ""WITH profile_groups AS (SELECT DISTINCT \""investor_id\"", \""segment\"" AS \""segment\"" FROM \""ATOM_ENTITY_INVESTOR_PROFILE_001\""),\nmetric_source_0 AS (SELECT \""investor_id\"", COUNT(\""holding_id\"") AS \""avg_holdings_per_investor\"" FROM \""ATOM_ENTITY_PORTFOLIO_HOLDING_001\"" GROUP BY \""investor_id\""),\nmetric_source_1 AS (SELECT \""investor_id\"", SUM(\""amount\"") AS \""avg_net_cash_flow_per_investor\"" FROM \""ATOM_EVENT_CASH_FLOW_001\"" GROUP BY \""investor_id\""),\nmetric_source_2 AS (SELECT \""investor_id\"", AVG(\""risk_score\"") AS \""avg_risk_score\"" FROM \""ATOM_ENTITY_PORTFOLIO_HEALTH_001\"" GROUP BY \""investor_id\""),\ngrouped_result AS (SELECT profile_groups.\""segment\"" AS \""segment\"", AVG(metric_source_0.\""avg_holdings_per_investor\"") AS \""avg_holdings_per_investor\"", AVG(metric_source_1.\""avg_net_cash_flow_per_investor\"") AS \""avg_net_cash_flow_per_investor\"", AVG(metric_source_2.\""avg_risk_score\"") AS \""avg_risk_score\"" FROM profile_groups LEFT JOIN metric_source_0 ON profile_groups.\""investor_id\"" = metric_source_0.\""investor_id\"" LEFT JOIN metric_source_1 ON profile_groups.\""investor_id\"" = metric_source_1.\""investor_id\"" LEFT JOIN metric_source_2 ON profile_groups.\""investor_id\"" = metric_source_2.\""investor_id\"" GROUP BY profile_groups.\""segment\"")\nSELECT \""segment\"", \""avg_holdings_per_investor\"", \""avg_net_cash_flow_per_investor\"", \""avg_risk_score\"" FROM grouped_result;""}"
wealth_management_enrichment_context_125_questions:EC125-4T-020,"For each time horizon, how many distinct investors with a risk score above 25 both hold a Mutual Fund position and have a Bull Market scenario record?",wealth_management_enrichment_context_125_questions.csv,PIPELINE_SUCCESS,MATCH,MATCH,SQL,,[],[],"[""Requirement introduces unsupported terms: ['count']""]","The pipeline output exactly matches the ground truth for every time horizon, including the null horizon group and all investor counts.",19.633,"{""Q1"": ""SELECT p.time_horizon AS time_horizon,\n       COUNT(DISTINCT p.investor_id) AS investor_count\nFROM ATOM_ENTITY_INVESTOR_PROFILE_001 AS p\nINNER JOIN ATOM_ENTITY_PORTFOLIO_HEALTH_001 AS h ON p.investor_id = h.investor_id\nINNER JOIN ATOM_ENTITY_PORTFOLIO_HOLDING_001 AS hld ON p.investor_id = hld.investor_id\nINNER JOIN ATOM_EVENT_SCENARIO_REBALANCING_001 AS sc ON p.investor_id = sc.investor_id\nWHERE h.risk_score > 25\n  AND hld.investment_type = 'Mutual Fund'\n  AND sc.scenario = 'Bull Market'\nGROUP BY p.time_horizon\nORDER BY p.time_horizon;""}"
wealth_management_enrichment_context_125_questions:EC125-4T-021,"For each segment, what is the average net cash-flow amount per investor (sum of signed cash-flow amounts), the average goal progress per investor, and the average risk score?",wealth_management_enrichment_context_125_questions.csv,PIPELINE_SUCCESS,MATCH,MATCH,SQL,,[],[],[],"All five segment groups, including the null segment, are present. The pipeline metrics semantically match the requested averages and agree with the ground truth within tolerance.",22.27,"{""Q1"": ""WITH profile_groups AS (SELECT DISTINCT \""investor_id\"", \""segment\"" AS \""segment\"" FROM \""ATOM_ENTITY_INVESTOR_PROFILE_001\""),\nmetric_source_0 AS (SELECT \""investor_id\"", SUM(\""amount\"") AS \""avg_net_cash_flow_per_investor\"" FROM \""ATOM_EVENT_CASH_FLOW_001\"" GROUP BY \""investor_id\""),\nmetric_source_1 AS (SELECT \""investor_id\"", AVG(\""progress_pct\"") AS \""avg_goal_progress_per_investor\"" FROM \""ATOM_ENTITY_INVESTMENT_GOAL_001\"" GROUP BY \""investor_id\""),\nmetric_source_2 AS (SELECT \""investor_id\"", AVG(\""risk_score\"") AS \""avg_risk_score\"" FROM \""ATOM_ENTITY_PORTFOLIO_HEALTH_001\"" GROUP BY \""investor_id\""),\ngrouped_result AS (SELECT profile_groups.\""segment\"" AS \""segment\"", AVG(metric_source_0.\""avg_net_cash_flow_per_investor\"") AS \""avg_net_cash_flow_per_investor\"", AVG(metric_source_1.\""avg_goal_progress_per_investor\"") AS \""avg_goal_progress_per_investor\"", AVG(metric_source_2.\""avg_risk_score\"") AS \""avg_risk_score\"" FROM profile_groups LEFT JOIN metric_source_0 ON profile_groups.\""investor_id\"" = metric_source_0.\""investor_id\"" LEFT JOIN metric_source_1 ON profile_groups.\""investor_id\"" = metric_source_1.\""investor_id\"" LEFT JOIN metric_source_2 ON profile_groups.\""investor_id\"" = metric_source_2.\""investor_id\"" GROUP BY profile_groups.\""segment\"")\nSELECT \""segment\"", \""avg_net_cash_flow_per_investor\"", \""avg_goal_progress_per_investor\"", \""avg_risk_score\"" FROM grouped_result;""}"
wealth_management_enrichment_context_125_questions:EC125-4T-015,"For each time horizon, what is the average total sector-allocation investment amount per investor, the average holding return per investor (counting only holdings with a recorded cost and current value), and the average risk score?",wealth_management_enrichment_context_125_questions.csv,PIPELINE_SUCCESS,PARTIAL,PARTIAL,SQL,,[],[],[],"All time-horizon groups are present, and the average sector-allocation and average risk-score values match within tolerance. However, the required average holding return per investor is materially incorrect for every time horizon.",24.819,"{""Q1"": ""WITH profile_groups AS (SELECT DISTINCT \""investor_id\"", \""time_horizon\"" AS \""time_horizon\"" FROM \""ATOM_ENTITY_INVESTOR_PROFILE_001\""),\nmetric_source_0 AS (SELECT \""investor_id\"", SUM(\""total_investment\"") AS \""avg_total_sector_investment_per_investor\"" FROM \""ATOM_ENTITY_SECTOR_ALLOCATION_001\"" GROUP BY \""investor_id\""),\nmetric_source_1 AS (SELECT \""investor_id\"", AVG(\""returns_pct\"") AS \""avg_holding_return_per_investor\"" FROM \""ATOM_ENTITY_PORTFOLIO_HOLDING_001\"" WHERE \""cost\"" IS NOT NULL AND \""current_value\"" IS NOT NULL GROUP BY \""investor_id\""),\nmetric_source_2 AS (SELECT \""investor_id\"", AVG(\""risk_score\"") AS \""avg_risk_score\"" FROM \""ATOM_ENTITY_PORTFOLIO_HEALTH_001\"" GROUP BY \""investor_id\""),\ngrouped_result AS (SELECT profile_groups.\""time_horizon\"" AS \""time_horizon\"", AVG(metric_source_0.\""avg_total_sector_investment_per_investor\"") AS \""avg_total_sector_investment_per_investor\"", AVG(metric_source_1.\""avg_holding_return_per_investor\"") AS \""avg_holding_return_per_investor\"", AVG(metric_source_2.\""avg_risk_score\"") AS \""avg_risk_score\"" FROM profile_groups LEFT JOIN metric_source_0 ON profile_groups.\""investor_id\"" = metric_source_0.\""investor_id\"" LEFT JOIN metric_source_1 ON profile_groups.\""investor_id\"" = metric_source_1.\""investor_id\"" LEFT JOIN metric_source_2 ON profile_groups.\""investor_id\"" = metric_source_2.\""investor_id\"" GROUP BY profile_groups.\""time_horizon\"")\nSELECT \""time_horizon\"", \""avg_total_sector_investment_per_investor\"", \""avg_holding_return_per_investor\"", \""avg_risk_score\"" FROM grouped_result;""}"
wealth_management_enrichment_context_125_questions:EC125-4T-023,"For each segment, what is the average total sector-allocation investment amount per investor, the average holding return per investor (counting only holdings with a recorded cost and current value), and the average risk score?",wealth_management_enrichment_context_125_questions.csv,PIPELINE_SUCCESS,PARTIAL,PARTIAL,SQL,,[],[],"[""group_by.0 has no quoted requirement.""]","All required segments are present, and the average allocation and average risk score match ground truth within tolerance. However, the average holding return is materially incorrect for every segment.",18.587,"{""Q1"": ""WITH profile_groups AS (SELECT DISTINCT \""investor_id\"", \""segment\"" AS \""segment\"" FROM \""ATOM_ENTITY_INVESTOR_PROFILE_001\""),\nmetric_source_0 AS (SELECT \""investor_id\"", SUM(\""total_investment\"") AS \""avg_total_investment_per_investor\"" FROM \""ATOM_ENTITY_SECTOR_ALLOCATION_001\"" GROUP BY \""investor_id\""),\nmetric_source_1 AS (SELECT \""investor_id\"", AVG(\""returns_pct\"") AS \""avg_holding_return_per_investor\"" FROM \""ATOM_ENTITY_PORTFOLIO_HOLDING_001\"" WHERE \""cost\"" IS NOT NULL AND \""current_value\"" IS NOT NULL GROUP BY \""investor_id\""),\nmetric_source_2 AS (SELECT \""investor_id\"", AVG(\""risk_score\"") AS \""avg_risk_score\"" FROM \""ATOM_ENTITY_PORTFOLIO_HEALTH_001\"" GROUP BY \""investor_id\""),\ngrouped_result AS (SELECT profile_groups.\""segment\"" AS \""segment\"", AVG(metric_source_0.\""avg_total_investment_per_investor\"") AS \""avg_total_investment_per_investor\"", AVG(metric_source_1.\""avg_holding_return_per_investor\"") AS \""avg_holding_return_per_investor\"", AVG(metric_source_2.\""avg_risk_score\"") AS \""avg_risk_score\"" FROM profile_groups LEFT JOIN metric_source_0 ON profile_groups.\""investor_id\"" = metric_source_0.\""investor_id\"" LEFT JOIN metric_source_1 ON profile_groups.\""investor_id\"" = metric_source_1.\""investor_id\"" LEFT JOIN metric_source_2 ON profile_groups.\""investor_id\"" = metric_source_2.\""investor_id\"" GROUP BY profile_groups.\""segment\"")\nSELECT \""segment\"", \""avg_total_investment_per_investor\"", \""avg_holding_return_per_investor\"", \""avg_risk_score\"" FROM grouped_result;""}"
wealth_management_enrichment_context_125_questions:EC125-4T-022,"For each time horizon, how many distinct investors with a risk score above 25 both hold a Real Estate position and have a Growth goal?",wealth_management_enrichment_context_125_questions.csv,PIPELINE_SUCCESS,MISMATCH,MISMATCH,SQL,,[],[],"[""measures.0 has no quoted requirement.""]",The pipeline includes the required time-horizon groups but all distinct-investor counts are substantially incorrect.,48.04,"{""Q1"": ""WITH investors_goal AS (\n    SELECT investor_id, time_horizon\n    FROM ATOM_ENTITY_INVESTOR_PROFILE_001\n    WHERE investment_goal = 'Growth'\n),\ninvestors_risk AS (\n    SELECT DISTINCT investor_id\n    FROM ATOM_ENTITY_PORTFOLIO_HEALTH_001\n    WHERE risk_score > 25\n),\ninvestors_realestate AS (\n    SELECT DISTINCT investor_id\n    FROM ATOM_ENTITY_PORTFOLIO_HOLDING_001\n    WHERE investment_type = 'Real Estate'\n),\neligible AS (\n    SELECT g.investor_id, g.time_horizon\n    FROM investors_goal g\n    INNER JOIN investors_risk r ON g.investor_id = r.investor_id\n    INNER JOIN investors_realestate h ON g.investor_id = h.investor_id\n)\nSELECT time_horizon,\n       COUNT(DISTINCT investor_id) AS investor_count\nFROM eligible\nGROUP BY time_horizon\nORDER BY time_horizon;""}"
wealth_management_enrichment_context_125_questions:EC125-4T-026,"For each segment, how many distinct investors with a risk score above 25 both hold a position with investment type 'Equity' and have a SIP transaction?",wealth_management_enrichment_context_125_questions.csv,PIPELINE_SUCCESS,MISMATCH,MATCH,SQL,,[],[],"[""Requirement introduces unsupported terms: ['count']""]",The pipeline returns the correct segment groups but all distinct investor counts differ materially from the ground truth.,23.305,"{""Q1"": ""SELECT hd.segment AS segment,\n       COUNT(DISTINCT hd.investor_id) AS investor_count\nFROM ATOM_ENTITY_PORTFOLIO_HEALTH_001 ph\nJOIN ATOM_ENTITY_PORTFOLIO_HOLDING_001 hd ON ph.investor_id = hd.investor_id\nJOIN ATOM_EVENT_CASH_FLOW_001 cf ON ph.investor_id = cf.investor_id\nWHERE ph.risk_score > 25\n  AND hd.investment_type = 'Equity'\n  AND cf.type = 'SIP'\nGROUP BY hd.segment;""}"
wealth_management_enrichment_context_125_questions:EC125-4T-024,"For each time horizon, how many distinct investors with a risk score above 25 both hold a Corporate Bond position and have a Withdrawal transaction?",wealth_management_enrichment_context_125_questions.csv,PIPELINE_SUCCESS,MATCH,MATCH,SQL,,[],[],"[""Requirement introduces unsupported terms: ['grouping']"", ""Requirement introduces unsupported terms: ['count', 'per']""]",All required time-horizon groups and distinct investor counts exactly match the ground truth.,46.1,"{""Q1"": ""WITH risk AS (\n    SELECT DISTINCT investor_id\n    FROM ATOM_ENTITY_PORTFOLIO_HEALTH_001\n    WHERE risk_score > 25\n),\nbond AS (\n    SELECT DISTINCT investor_id\n    FROM ATOM_ENTITY_PORTFOLIO_HOLDING_001\n    WHERE investment_type = 'Corporate Bond'\n),\nwithdrawal AS (\n    SELECT DISTINCT investor_id\n    FROM ATOM_EVENT_CASH_FLOW_001\n    WHERE type = 'Withdrawal'\n)\nSELECT p.time_horizon AS time_horizon,\n       COUNT(DISTINCT p.investor_id) AS investor_count\nFROM ATOM_ENTITY_INVESTOR_PROFILE_001 p\nINNER JOIN risk r ON p.investor_id = r.investor_id\nINNER JOIN bond b ON p.investor_id = b.investor_id\nINNER JOIN withdrawal w ON p.investor_id = w.investor_id\nGROUP BY p.time_horizon;""}"
wealth_management_enrichment_context_125_questions:EC125-4T-025,"For each category, what is the average number of holdings per investor, the average net cash-flow amount per investor (sum of signed cash-flow amounts), and the average risk score?",wealth_management_enrichment_context_125_questions.csv,PIPELINE_SUCCESS,MATCH,MISMATCH,SQL,,[],[],[],"All six categories, including the null category, are present. The average holdings, net cash flow, and risk score values match the ground truth within rounding tolerance.",46.433,"{""Q1"": ""WITH holdings AS (\n    SELECT investor_id, COUNT(holding_id) AS holdings_cnt\n    FROM ATOM_ENTITY_PORTFOLIO_HOLDING_001\n    GROUP BY investor_id\n), cash_flows AS (\n    SELECT investor_id, SUM(amount) AS cash_flow_sum\n    FROM ATOM_EVENT_CASH_FLOW_001\n    GROUP BY investor_id\n), risk AS (\n    SELECT investor_id, AVG(risk_score) AS risk_score_avg\n    FROM ATOM_ENTITY_PORTFOLIO_HEALTH_001\n    GROUP BY investor_id\n)\nSELECT\n    b.category AS category,\n    AVG(h.holdings_cnt) AS avg_holdings_per_investor,\n    AVG(c.cash_flow_sum) AS avg_net_cash_flow_per_investor,\n    AVG(r.risk_score_avg) AS avg_risk_score\nFROM ATOM_ENTITY_INVESTOR_PROFILE_001 AS b\nLEFT JOIN holdings h ON b.investor_id = h.investor_id\nLEFT JOIN cash_flows c ON b.investor_id = c.investor_id\nLEFT JOIN risk r ON b.investor_id = r.investor_id\nGROUP BY b.category;""}"
wealth_management_enrichment_context_125_questions:EC125-4T-028,"For each segment, how many distinct investors with a risk score above 25 both hold a Gold position and have a Deposit transaction?",wealth_management_enrichment_context_125_questions.csv,PIPELINE_SUCCESS,MATCH,MATCH,SQL,,[],[],"[""Requirement introduces unsupported terms: ['count']""]",All required segment groups and distinct investor counts exactly match the ground truth.,19.976,"{""Q1"": ""WITH eligible AS (\n    SELECT DISTINCT h.investor_id\n    FROM ATOM_ENTITY_PORTFOLIO_HEALTH_001 h\n    INNER JOIN ATOM_ENTITY_PORTFOLIO_HOLDING_001 ph ON h.investor_id = ph.investor_id\n    INNER JOIN ATOM_EVENT_CASH_FLOW_001 cf ON h.investor_id = cf.investor_id\n    WHERE h.risk_score > 25\n      AND ph.investment_type = 'Gold'\n      AND cf.type = 'Deposit'\n)\nSELECT p.segment AS segment,\n       COUNT(DISTINCT e.investor_id) AS investor_count\nFROM ATOM_ENTITY_INVESTOR_PROFILE_001 p\nINNER JOIN eligible e ON p.investor_id = e.investor_id\nGROUP BY p.segment\nORDER BY p.segment;""}"
wealth_management_enrichment_context_125_questions:EC125-4T-027,"For each category, what is the average number of holdings per investor, the average number of rebalancing actions per investor (investors with none count as 0), and the average risk score?",wealth_management_enrichment_context_125_questions.csv,PIPELINE_SUCCESS,MATCH,MATCH,SQL,,[],[],[],"All six category groups are present, and each required average matches the ground truth within rounding/tolerance.",46.057,"{""Q1"": ""WITH holdings_per_investor AS (\n        SELECT investor_id, COUNT(holding_id) AS holding_cnt\n        FROM ATOM_ENTITY_PORTFOLIO_HOLDING_001\n        GROUP BY investor_id\n    ),\n    rebalance_per_investor AS (\n        SELECT investor_id, COUNT(rebalance_id) AS rebalance_cnt\n        FROM ATOM_EVENT_REBALANCING_ACTION_001\n        GROUP BY investor_id\n    ),\n    risk_per_investor AS (\n        SELECT investor_id, AVG(risk_score) AS risk_score_avg\n        FROM ATOM_ENTITY_PORTFOLIO_HEALTH_001\n        GROUP BY investor_id\n    )\nSELECT\n    p.category AS category,\n    AVG(COALESCE(h.holding_cnt, 0)) AS avg_holdings_per_investor,\n    AVG(COALESCE(r.rebalance_cnt, 0)) AS avg_rebalancing_actions_per_investor,\n    AVG(risk.risk_score_avg) AS avg_risk_score\nFROM ATOM_ENTITY_INVESTOR_PROFILE_001 AS p\nLEFT JOIN holdings_per_investor h ON p.investor_id = h.investor_id\nLEFT JOIN rebalance_per_investor r ON p.investor_id = r.investor_id\nLEFT JOIN risk_per_investor risk ON p.investor_id = risk.investor_id\nGROUP BY p.category\nORDER BY p.category;""}"
wealth_management_enrichment_context_125_questions:EC125-4T-029,"For each category, what is the average net cash-flow amount per investor (sum of signed cash-flow amounts), the average goal progress per investor, and the average risk score?",wealth_management_enrichment_context_125_questions.csv,PIPELINE_SUCCESS,MATCH,MISMATCH,SQL,,[],[],"[""group_by.0 has no quoted requirement.""]","All six category groups, including the null category, are present. The average net cash flow, goal progress, and risk score values match the ground truth within rounding precision.",36.696,"{""Q1"": ""WITH cash_flow_cte AS (\n    SELECT investor_id,\n           SUM(amount) AS cash_flow_sum\n    FROM ATOM_EVENT_CASH_FLOW_001\n    GROUP BY investor_id\n),\ngoal_cte AS (\n    SELECT investor_id,\n           AVG(progress_pct) AS goal_progress_avg\n    FROM ATOM_ENTITY_INVESTMENT_GOAL_001\n    GROUP BY investor_id\n),\nrisk_cte AS (\n    SELECT investor_id,\n           AVG(risk_score) AS risk_score_avg\n    FROM ATOM_ENTITY_PORTFOLIO_HEALTH_001\n    GROUP BY investor_id\n)\nSELECT\n    p.category AS category,\n    AVG(cf.cash_flow_sum) AS avg_net_cash_flow_per_investor,\n    AVG(g.goal_progress_avg) AS avg_goal_progress_per_investor,\n    AVG(r.risk_score_avg) AS avg_risk_score_per_investor\nFROM ATOM_ENTITY_INVESTOR_PROFILE_001 AS p\nLEFT JOIN cash_flow_cte AS cf ON p.investor_id = cf.investor_id\nLEFT JOIN goal_cte AS g ON p.investor_id = g.investor_id\nLEFT JOIN risk_cte AS r ON p.investor_id = r.investor_id\nGROUP BY p.category;""}"
wealth_management_enrichment_context_125_questions:EC125-4T-032,"For each segment, how many distinct investors with a risk score above 25 both hold a Mutual Fund position and have a Bull Market scenario record?",wealth_management_enrichment_context_125_questions.csv,DAG_NODE_ERROR,MISMATCH,MATCH,SQL,Q1:Query_Spec_Contract,"[""unknown_source""]","[""Unknown source: investor"", ""Unknown base_entity: investor""]","[""measures.0 has no quoted requirement.""]",Pipeline returned a failure message instead of the required per-segment investor counts.,15.718,"{""Q1"": """"}"
wealth_management_enrichment_context_125_questions:EC125-4T-030,"For each segment, how many distinct investors with a risk score above 25 both hold a position with investment type 'ETF' and have a Buy rebalancing action?",wealth_management_enrichment_context_125_questions.csv,PIPELINE_SUCCESS,MATCH,MATCH,SQL,,[],[],"[""Requirement introduces unsupported terms: ['grouping']"", ""Requirement introduces unsupported terms: ['count', 'per']""]","Pipeline results exactly match the ground truth for every segment, including the null segment and all investor counts.",41.377,"{""Q1"": ""WITH filtered_investors AS (\n    SELECT DISTINCT p.investor_id, p.segment\n    FROM ATOM_ENTITY_INVESTOR_PROFILE_001 p\n    INNER JOIN ATOM_ENTITY_PORTFOLIO_HEALTH_001 h\n        ON p.investor_id = h.investor_id\n        AND h.risk_score > 25\n    INNER JOIN ATOM_ENTITY_PORTFOLIO_HOLDING_001 ph\n        ON p.investor_id = ph.investor_id\n        AND ph.investment_type = 'ETF'\n    INNER JOIN ATOM_EVENT_REBALANCING_ACTION_001 ra\n        ON p.investor_id = ra.investor_id\n        AND ra.action = 'Buy'\n)\nSELECT\n    segment,\n    COUNT(DISTINCT investor_id) AS investor_count\nFROM filtered_investors\nGROUP BY segment\nORDER BY segment;""}"
wealth_management_enrichment_context_125_questions:EC125-4T-031,"For each category, what is the average total sector-allocation investment amount per investor, the average holding return per investor (counting only holdings with a recorded cost and current value), and the average risk score?",wealth_management_enrichment_context_125_questions.csv,PIPELINE_SUCCESS,PARTIAL,PARTIAL,SQL,,[],[],"[""group_by.0 has no quoted requirement.""]","All requested categories are present, and the average sector-allocation amounts and average risk scores match the ground truth within tolerance. However, the average holding return per investor is incorrect for every category, exceeding the allowed numeric tolerance.",42.966,"{""Q1"": ""WITH sector_agg AS (\n  SELECT investor_id,\n         SUM(total_investment) AS sum_total_investment\n  FROM ATOM_ENTITY_SECTOR_ALLOCATION_001\n  GROUP BY investor_id\n),\nholding_agg AS (\n  SELECT investor_id,\n         AVG(returns_pct) AS avg_returns_pct\n  FROM ATOM_ENTITY_PORTFOLIO_HOLDING_001\n  WHERE cost IS NOT NULL\n    AND current_value IS NOT NULL\n  GROUP BY investor_id\n)\nSELECT p.category AS category,\n       AVG(sector_agg.sum_total_investment) AS avg_total_sector_investment_per_investor,\n       AVG(holding_agg.avg_returns_pct) AS avg_holding_return_per_investor,\n       AVG(risk.risk_score) AS avg_risk_score\nFROM ATOM_ENTITY_INVESTOR_PROFILE_001 p\nLEFT JOIN sector_agg ON p.investor_id = sector_agg.investor_id\nLEFT JOIN holding_agg ON p.investor_id = holding_agg.investor_id\nLEFT JOIN ATOM_ENTITY_PORTFOLIO_HEALTH_001 risk ON p.investor_id = risk.investor_id\nGROUP BY p.category\nORDER BY p.category;""}"
wealth_management_enrichment_context_125_questions:EC125-4T-034,"For each segment, how many distinct investors with a risk score above 25 both hold a Corporate Bond position and have a Withdrawal transaction?",wealth_management_enrichment_context_125_questions.csv,PIPELINE_SUCCESS,MATCH,MATCH,SQL,,[],[],"[""Requirement introduces unsupported terms: ['count']""]",All required segment groups and distinct investor counts exactly match the ground truth.,16.582,"{""Q1"": ""SELECT p.segment AS segment,\n       COUNT(DISTINCT p.investor_id) AS investor_count\nFROM ATOM_ENTITY_INVESTOR_PROFILE_001 p\nINNER JOIN ATOM_ENTITY_PORTFOLIO_HEALTH_001 h ON p.investor_id = h.investor_id\nINNER JOIN ATOM_ENTITY_PORTFOLIO_HOLDING_001 ph ON p.investor_id = ph.investor_id\nINNER JOIN ATOM_EVENT_CASH_FLOW_001 cf ON p.investor_id = cf.investor_id\nWHERE h.risk_score > 25\n  AND ph.investment_type = 'Corporate Bond'\n  AND cf.type = 'Withdrawal'\nGROUP BY p.segment;""}"
wealth_management_enrichment_context_125_questions:EC125-4T-035,"For each category, how many distinct investors with a risk score above 25 both hold a position with investment type 'Equity' and have a SIP transaction?",wealth_management_enrichment_context_125_questions.csv,PIPELINE_SUCCESS,MATCH,MATCH,SQL,,[],[],"[""measures.0 has no quoted requirement.""]","All category groups, including the null category, are present with investor counts exactly matching the ground truth. The count column alias differs but has the same required meaning.",19.969,"{""Q1"": ""WITH health AS (\n        SELECT investor_id\n        FROM ATOM_ENTITY_PORTFOLIO_HEALTH_001\n        WHERE risk_score > 25\n        GROUP BY investor_id\n    ),\n    equity_holding AS (\n        SELECT investor_id\n        FROM ATOM_ENTITY_PORTFOLIO_HOLDING_001\n        WHERE investment_type = 'Equity'\n        GROUP BY investor_id\n    ),\n    sip_cash AS (\n        SELECT investor_id\n        FROM ATOM_EVENT_CASH_FLOW_001\n        WHERE type = 'SIP'\n        GROUP BY investor_id\n    )\nSELECT p.category AS category,\n       COUNT(DISTINCT p.investor_id) AS distinct_investor_count\nFROM ATOM_ENTITY_INVESTOR_PROFILE_001 p\nINNER JOIN health h ON p.investor_id = h.investor_id\nINNER JOIN equity_holding e ON p.investor_id = e.investor_id\nINNER JOIN sip_cash s ON p.investor_id = s.investor_id\nGROUP BY p.category;""}"
wealth_management_enrichment_context_125_questions:EC125-4T-033,"For each segment, how many distinct investors with a risk score above 25 both hold a Real Estate position and have a Growth goal?",wealth_management_enrichment_context_125_questions.csv,PIPELINE_SUCCESS,MISMATCH,MISMATCH,SQL,,[],[],"[""measures.0 has no quoted requirement.""]",The pipeline returns the correct segment groups but all required distinct investor counts are substantially lower than the ground truth.,42.125,"{""Q1"": ""WITH eligible AS (\n    SELECT p.investor_id\n    FROM ATOM_ENTITY_INVESTOR_PROFILE_001 p\n    INNER JOIN ATOM_ENTITY_PORTFOLIO_HEALTH_001 h ON p.investor_id = h.investor_id\n    INNER JOIN ATOM_ENTITY_PORTFOLIO_HOLDING_001 ho ON p.investor_id = ho.investor_id\n    WHERE h.risk_score > 25\n      AND p.investment_goal = 'Growth'\n      AND ho.investment_type = 'Real Estate'\n)\nSELECT b.segment AS segment,\n       COUNT(DISTINCT e.investor_id) AS investor_count\nFROM ATOM_ENTITY_INVESTOR_PROFILE_001 b\nINNER JOIN eligible e ON b.investor_id = e.investor_id\nGROUP BY b.segment;""}"
wealth_management_multi_step_comparative_125_questions:MC125-003,"Across risk tolerance, compare the average rebalance amount, average rebalance shift (target minus current allocation %), and average rebalance count (0 for investors with no rebalancing actions) of investors.",wealth_management_multi_step_comparative_125_questions.csv,PIPELINE_SUCCESS,MATCH,MISMATCH,SQL,,[],[],[],"All four risk-tolerance groups are present, and the three requested average rebalance metrics match the ground truth within tolerance. Investor count was not required by the question.",27.528,"{""Q1"": ""WITH profile_groups AS (SELECT DISTINCT \""investor_id\"", \""risk_tolerance\"" AS \""risk_tolerance\"" FROM \""ATOM_ENTITY_INVESTOR_PROFILE_001\""),\nmetric_source_0 AS (SELECT \""investor_id\"", SUM(\""amount\"") AS \""avg_rebalance_amount\"", AVG((\""target_allocation_pct\"" - \""current_allocation_pct\"")) AS \""avg_rebalance_shift\"", COUNT(\""rebalance_id\"") AS \""avg_rebalance_count\"" FROM \""ATOM_EVENT_REBALANCING_ACTION_001\"" GROUP BY \""investor_id\""),\ngrouped_result AS (SELECT profile_groups.\""risk_tolerance\"" AS \""risk_tolerance\"", AVG(metric_source_0.\""avg_rebalance_amount\"") AS \""avg_rebalance_amount\"", AVG(metric_source_0.\""avg_rebalance_shift\"") AS \""avg_rebalance_shift\"", AVG(COALESCE(metric_source_0.\""avg_rebalance_count\"", 0)) AS \""avg_rebalance_count\"" FROM profile_groups LEFT JOIN metric_source_0 ON profile_groups.\""investor_id\"" = metric_source_0.\""investor_id\"" GROUP BY profile_groups.\""risk_tolerance\"")\nSELECT \""risk_tolerance\"", \""avg_rebalance_amount\"", \""avg_rebalance_shift\"", \""avg_rebalance_count\"" FROM grouped_result;""}"
wealth_management_multi_step_comparative_125_questions:MC125-004,"Across risk tolerance, compare the average total sector investment and average allocation percentage of investors.",wealth_management_multi_step_comparative_125_questions.csv,PIPELINE_SUCCESS,PARTIAL,PARTIAL,SQL,,[],[],[],"All risk-tolerance groups and average allocation percentages match the ground truth within tolerance, but the reported average total investment values do not match the required average total sector investment values.",17.315,"{""Q1"": ""WITH avg_inv_total AS (\n        SELECT investor_id,\n               AVG(total_investment) AS avg_total_investment\n        FROM ATOM_ENTITY_SECTOR_ALLOCATION_001\n        GROUP BY investor_id\n    ),\n    avg_inv_alloc AS (\n        SELECT investor_id,\n               AVG(allocation_pct) AS avg_allocation_pct\n        FROM ATOM_ENTITY_SECTOR_ALLOCATION_001\n        GROUP BY investor_id\n    )\nSELECT p.risk_tolerance,\n       AVG(t.avg_total_investment) AS avg_total_investment,\n       AVG(a.avg_allocation_pct) AS avg_allocation_pct\nFROM ATOM_ENTITY_INVESTOR_PROFILE_001 p\nINNER JOIN avg_inv_total t ON p.investor_id = t.investor_id\nINNER JOIN avg_inv_alloc a ON p.investor_id = a.investor_id\nGROUP BY p.risk_tolerance\nORDER BY p.risk_tolerance;""}"
wealth_management_multi_step_comparative_125_questions:MC125-002,"Across risk tolerance, compare the average total holding value, average holding return and average holding gain (counting only holdings with a recorded cost and current value), and average dividends of investors.",wealth_management_multi_step_comparative_125_questions.csv,DAG_NODE_ERROR,MISMATCH,MISMATCH,SQL,Q1:Query_Spec_Contract,"[""unknown_source"", ""empty_output_schema"", ""derived_operand_misclassified"", ""population_filter_contract"", ""physical_as_source""]","[""Unknown source: physical"", ""group_by.0: unknown source 'physical'."", ""measures.0: unknown source 'physical'."", ""measures.1: unknown source 'physical'."", ""measures.1.population_filters: Unknown base_entity: physical"", ""measures.1.population_filters: filters.0: unknown source 'physical'."", ""measures.1.population_filters: filters.1: unknown source 'physical'."", ""measures.1.population_filters: output_schema must contain named output columns."", ""measures.2: unknown or self-referencing formula operand 'current_value'."", ""measures.2: unknown or self-referencing formula operand 'cost'."", ""measures.2.population_filters: Unknown base_entity: derived"", ""measures.2.population_filters: filters.0: unknown source 'physical'."", ""measures.2.population_filters: filters.1: unknown source 'physical'."", ""measures.2.population_filters: output_schema must contain named output columns."", ""measures.3: unknown source 'physical'.""]",[],"Pipeline returned no answer rows because the query failed, while the ground truth contains four required risk-tolerance groups with aggregate metrics.",40.03,"{""Q1"": """"}"
wealth_management_multi_step_comparative_125_questions:MC125-005,"Across risk tolerance, compare the average scenario shift (new minus current allocation %) and average scenario count (0 for investors with no scenario records) of investors.",wealth_management_multi_step_comparative_125_questions.csv,DAG_NODE_ERROR,MISMATCH,MISMATCH,SQL,Q1:Query_Spec_Contract,[],"[""measures.0: formula_fields must be a list of names.""]",[],"Pipeline returned no answer rows because the query stage failed, while the ground truth contains four required risk-tolerance groups with aggregate metrics.",23.309,"{""Q1"": """"}"
wealth_management_multi_step_comparative_125_questions:MC125-001,"Across risk tolerance, compare the average net cash flow, average signed cash-flow amount, and average cash-flow count of investors.",wealth_management_multi_step_comparative_125_questions.csv,PIPELINE_SUCCESS,PARTIAL,MATCH,SQL,,[],[],[],"The pipeline returns the correct risk-tolerance groups and cash-flow counts are materially correct, but the required average net cash flow and average signed cash-flow amount are substantially incorrect for every non-null risk-tolerance group. The null risk-tolerance group's required averages are missing.",61.235,"{""Q1"": ""WITH\n    net_per_inv AS (\n        SELECT investor_id,\n               SUM(CASE WHEN type IN ('Deposit','Dividend Reinvestment','Interest Credit','Lump Sum','SIP','Tax Refund')\n                        THEN amount ELSE -amount END) AS net_cash_flow\n        FROM ATOM_EVENT_CASH_FLOW_001\n        GROUP BY investor_id\n    ),\n    cnt_per_inv AS (\n        SELECT investor_id,\n               COUNT(cash_flow_id) AS cash_flow_cnt\n        FROM ATOM_EVENT_CASH_FLOW_001\n        GROUP BY investor_id\n    ),\n    avg_net_by_risk AS (\n        SELECT p.risk_tolerance,\n               AVG(n.net_cash_flow) AS avg_net_cash_flow\n        FROM ATOM_ENTITY_INVESTOR_PROFILE_001 p\n        LEFT JOIN net_per_inv n ON p.investor_id = n.investor_id\n        GROUP BY p.risk_tolerance\n    ),\n    avg_cnt_by_risk AS (\n        SELECT p.risk_tolerance,\n               AVG(c.cash_flow_cnt) AS avg_cash_flow_count\n        FROM ATOM_ENTITY_INVESTOR_PROFILE_001 p\n        LEFT JOIN cnt_per_inv c ON p.investor_id = c.investor_id\n        GROUP BY p.risk_tolerance\n    ),\n    avg_amount_by_risk AS (\n        SELECT p.risk_tolerance,\n               AVG(cf.amount) AS avg_signed_cash_flow_amount\n        FROM ATOM_ENTITY_INVESTOR_PROFILE_001 p\n        LEFT JOIN ATOM_EVENT_CASH_FLOW_001 cf ON p.investor_id = cf.investor_id\n        GROUP BY p.risk_tolerance\n    ),\n    risk_groups AS (\n        SELECT DISTINCT risk_tolerance\n        FROM ATOM_ENTITY_INVESTOR_PROFILE_001\n    )\nSELECT\n    rg.risk_tolerance,\n    an.avg_net_cash_flow,\n    aa.avg_signed_cash_flow_amount,\n    ac.avg_cash_flow_count\nFROM risk_groups rg\nLEFT JOIN avg_net_by_risk an  ON rg.risk_tolerance = an.risk_tolerance\nLEFT JOIN avg_amount_by_risk aa ON rg.risk_tolerance = aa.risk_tolerance\nLEFT JOIN avg_cnt_by_risk ac   ON rg.risk_tolerance = ac.risk_tolerance\nORDER BY rg.risk_tolerance;""}"
wealth_management_multi_step_comparative_125_questions:MC125-008,"Across time horizon, compare the average net cash flow, average signed cash-flow amount, and average cash-flow count of investors.",wealth_management_multi_step_comparative_125_questions.csv,DAG_NODE_ERROR,MISMATCH,MISMATCH,SQL,Q1:Query_Spec_Contract,"[""unresolved""]","[""Unresolved requirements: [{'text': 'Definition of \""net cash flow\"" (how to apply sign based on cash flow type) is not provided in the schema.', 'implemented_by': []}]""]",[],"The pipeline returned no result rows because the query failed, while the ground truth requires aggregated cash-flow metrics for four time-horizon groups.",13.234,"{""Q1"": """"}"
wealth_management_multi_step_comparative_125_questions:MC125-006,"Across risk tolerance, compare the average risk score, average liquidity score, average diversification score, and average goal-match percentage of investors.",wealth_management_multi_step_comparative_125_questions.csv,PIPELINE_SUCCESS,MATCH,MATCH,SQL,,[],[],[],"All four risk-tolerance groups are present, and each requested average metric matches the ground truth within rounding/tolerance. Investor count was not required by the question.",34.593,"{""Q1"": ""WITH per_inv AS (\n  SELECT\n    investor_id,\n    AVG(risk_score) AS avg_risk_score,\n    AVG(liquidity_score) AS avg_liquidity_score,\n    AVG(diversification_score) AS avg_diversification_score,\n    AVG(goal_match_pct) AS avg_goal_match_pct\n  FROM ATOM_ENTITY_PORTFOLIO_HEALTH_001\n  GROUP BY investor_id\n)\nSELECT\n  ip.risk_tolerance AS risk_tolerance,\n  AVG(per_inv.avg_risk_score) AS avg_risk_score,\n  AVG(per_inv.avg_liquidity_score) AS avg_liquidity_score,\n  AVG(per_inv.avg_diversification_score) AS avg_diversification_score,\n  AVG(per_inv.avg_goal_match_pct) AS avg_goal_match_pct\nFROM ATOM_ENTITY_INVESTOR_PROFILE_001 ip\nINNER JOIN per_inv ON ip.investor_id = per_inv.investor_id\nGROUP BY ip.risk_tolerance;""}"
wealth_management_multi_step_comparative_125_questions:MC125-009,"Across time horizon, compare the average total holding value, average holding return and average holding gain (counting only holdings with a recorded cost and current value), and average dividends of investors.",wealth_management_multi_step_comparative_125_questions.csv,DAG_NODE_ERROR,MISMATCH,PARTIAL,SQL,Q1:Query_Spec_Contract,"[""unknown_source"", ""empty_output_schema"", ""derived_operand_misclassified"", ""population_filter_contract""]","[""Unknown source: derived"", ""measures.2: unknown or self-referencing formula operand 'current_value'."", ""measures.2: unknown or self-referencing formula operand 'cost'."", ""measures.2.population_filters: Unknown base_entity: derived"", ""measures.2.population_filters: output_schema must contain named output columns.""]",[],"Pipeline returned no answer rows because the query failed, while ground truth contains four required time-horizon groups with averages.",18.883,"{""Q1"": """"}"
wealth_management_multi_step_comparative_125_questions:MC125-007,"Across risk tolerance, compare the average goal progress, average goal shortfall, average annual return, and average goal volatility of investors.",wealth_management_multi_step_comparative_125_questions.csv,PIPELINE_SUCCESS,PARTIAL,PARTIAL,SQL,,[],[],[],"All required risk-tolerance groups and the requested metrics are present. Average goal progress, annual return, and goal volatility are within tolerance, but average goal shortfall is materially incorrect for every risk-tolerance group.",38.81,"{""Q1"": ""SELECT\n  p.risk_tolerance AS risk_tolerance,\n  AVG(g.progress_pct) AS avg_goal_progress,\n  AVG(g.shortfall) AS avg_goal_shortfall,\n  AVG(g.avg_annual_return_pct) AS avg_annual_return,\n  AVG(g.avg_volatility_pct) AS avg_goal_volatility\nFROM ATOM_ENTITY_INVESTOR_PROFILE_001 p\nINNER JOIN ATOM_ENTITY_INVESTMENT_GOAL_001 g\n  ON p.investor_id = g.investor_id\nGROUP BY p.risk_tolerance;""}"
wealth_management_multi_step_comparative_125_questions:MC125-011,"Across time horizon, compare the average total sector investment and average allocation percentage of investors.",wealth_management_multi_step_comparative_125_questions.csv,PIPELINE_SUCCESS,PARTIAL,MISMATCH,SQL,,[],[],[],"All time-horizon groups and average allocation percentages match the ground truth within tolerance, but the required average total sector investment values are materially incorrect for every group.",19.149,"{""Q1"": ""WITH per_inv_total AS (\n    SELECT investor_id,\n           AVG(total_investment) AS avg_total_investment\n    FROM ATOM_ENTITY_SECTOR_ALLOCATION_001\n    GROUP BY investor_id\n),\nper_inv_alloc AS (\n    SELECT investor_id,\n           AVG(allocation_pct) AS avg_allocation_pct\n    FROM ATOM_ENTITY_SECTOR_ALLOCATION_001\n    GROUP BY investor_id\n)\nSELECT p.time_horizon AS time_horizon,\n       AVG(per_total.avg_total_investment) AS avg_total_investment,\n       AVG(per_alloc.avg_allocation_pct) AS avg_allocation_pct\nFROM ATOM_ENTITY_INVESTOR_PROFILE_001 p\nINNER JOIN per_inv_total per_total ON p.investor_id = per_total.investor_id\nINNER JOIN per_inv_alloc per_alloc ON p.investor_id = per_alloc.investor_id\nGROUP BY p.time_horizon;""}"
wealth_management_multi_step_comparative_125_questions:MC125-010,"Across time horizon, compare the average rebalance amount, average rebalance shift (target minus current allocation %), and average rebalance count (0 for investors with no rebalancing actions) of investors.",wealth_management_multi_step_comparative_125_questions.csv,PIPELINE_SUCCESS,MATCH,PARTIAL,SQL,,[],[],[],"All four time-horizon groups are present, and all requested average rebalance metrics match the ground truth within rounding tolerance.",26.303,"{""Q1"": ""WITH profile_groups AS (SELECT DISTINCT \""investor_id\"", \""time_horizon\"" AS \""time_horizon\"" FROM \""ATOM_ENTITY_INVESTOR_PROFILE_001\""),\nmetric_source_0 AS (SELECT \""investor_id\"", SUM(\""amount\"") AS \""avg_rebalance_amount\"", AVG((\""target_allocation_pct\"" - \""current_allocation_pct\"")) AS \""avg_rebalance_shift\"", COUNT(\""rebalance_id\"") AS \""avg_rebalance_count\"" FROM \""ATOM_EVENT_REBALANCING_ACTION_001\"" GROUP BY \""investor_id\""),\ngrouped_result AS (SELECT profile_groups.\""time_horizon\"" AS \""time_horizon\"", AVG(metric_source_0.\""avg_rebalance_amount\"") AS \""avg_rebalance_amount\"", AVG(metric_source_0.\""avg_rebalance_shift\"") AS \""avg_rebalance_shift\"", AVG(COALESCE(metric_source_0.\""avg_rebalance_count\"", 0)) AS \""avg_rebalance_count\"" FROM profile_groups LEFT JOIN metric_source_0 ON profile_groups.\""investor_id\"" = metric_source_0.\""investor_id\"" GROUP BY profile_groups.\""time_horizon\"")\nSELECT \""time_horizon\"", \""avg_rebalance_amount\"", \""avg_rebalance_shift\"", \""avg_rebalance_count\"" FROM grouped_result;""}"
wealth_management_multi_step_comparative_125_questions:MC125-014,"Across time horizon, compare the average goal progress, average goal shortfall, average annual return, and average goal volatility of investors.",wealth_management_multi_step_comparative_125_questions.csv,PIPELINE_SUCCESS,MATCH,MATCH,SQL,,[],[],[],"All four time-horizon groups are present, and the requested average goal progress, shortfall, annual return, and volatility values match the ground truth within rounding tolerance. Investor count is not required by the question.",25.832,"{""Q1"": ""WITH per_investor AS (\n    SELECT investor_id,\n           AVG(progress_pct) AS avg_progress_pct,\n           AVG(shortfall) AS avg_shortfall,\n           AVG(avg_annual_return_pct) AS avg_annual_return_pct,\n           AVG(avg_volatility_pct) AS avg_volatility_pct\n    FROM ATOM_ENTITY_INVESTMENT_GOAL_001\n    GROUP BY investor_id\n)\nSELECT p.time_horizon AS time_horizon,\n       AVG(per.avg_progress_pct) AS avg_progress_pct,\n       AVG(per.avg_shortfall) AS avg_shortfall,\n       AVG(per.avg_annual_return_pct) AS avg_annual_return_pct,\n       AVG(per.avg_volatility_pct) AS avg_volatility_pct\nFROM ATOM_ENTITY_INVESTOR_PROFILE_001 p\nINNER JOIN per_investor per ON p.investor_id = per.investor_id\nGROUP BY p.time_horizon\nORDER BY p.time_horizon;""}"
wealth_management_multi_step_comparative_125_questions:MC125-012,"Across time horizon, compare the average scenario shift (new minus current allocation %) and average scenario count (0 for investors with no scenario records) of investors.",wealth_management_multi_step_comparative_125_questions.csv,PIPELINE_SUCCESS,MATCH,MISMATCH,SQL,,[],[],[],"All four time-horizon groups are present, and both average scenario shift and average scenario count match the ground truth within the allowed numeric tolerance. Investor count is not required by the question.",45.284,"{""Q1"": ""WITH shift_per_investor AS (\n    SELECT investor_id,\n           AVG(new_allocation_pct - current_allocation_pct) AS shift_avg\n    FROM ATOM_EVENT_SCENARIO_REBALANCING_001\n    GROUP BY investor_id\n),\nscenario_count_per_investor AS (\n    SELECT investor_id,\n           COUNT(scenario_rebalance_id) AS scenario_cnt\n    FROM ATOM_EVENT_SCENARIO_REBALANCING_001\n    GROUP BY investor_id\n)\nSELECT p.time_horizon AS time_horizon,\n       AVG(shift_per_investor.shift_avg) AS avg_scenario_shift,\n       AVG(COALESCE(scenario_count_per_investor.scenario_cnt, 0)) AS avg_scenario_count\nFROM ATOM_ENTITY_INVESTOR_PROFILE_001 AS p\nLEFT JOIN shift_per_investor ON p.investor_id = shift_per_investor.investor_id\nLEFT JOIN scenario_count_per_investor ON p.investor_id = scenario_count_per_investor.investor_id\nGROUP BY p.time_horizon;""}"
wealth_management_multi_step_comparative_125_questions:MC125-013,"Across time horizon, compare the average risk score, average liquidity score, average diversification score, and average goal-match percentage of investors.",wealth_management_multi_step_comparative_125_questions.csv,PIPELINE_SUCCESS,MATCH,MATCH,SQL,,[],[],[],"All four time-horizon groups are present, and each requested average metric matches the ground truth within rounding tolerance. Investor count is not required by the question.",48.744,"{""Q1"": ""WITH per_investor AS (\n    SELECT investor_id,\n           AVG(risk_score) AS avg_risk_score,\n           AVG(liquidity_score) AS avg_liquidity_score,\n           AVG(diversification_score) AS avg_diversification_score,\n           AVG(goal_match_pct) AS avg_goal_match_pct\n    FROM ATOM_ENTITY_PORTFOLIO_HEALTH_001\n    GROUP BY investor_id\n)\nSELECT ip.time_horizon AS time_horizon,\n       AVG(per_investor.avg_risk_score) AS avg_risk_score,\n       AVG(per_investor.avg_liquidity_score) AS avg_liquidity_score,\n       AVG(per_investor.avg_diversification_score) AS avg_diversification_score,\n       AVG(per_investor.avg_goal_match_pct) AS avg_goal_match_pct\nFROM ATOM_ENTITY_INVESTOR_PROFILE_001 ip\nINNER JOIN per_investor ON ip.investor_id = per_investor.investor_id\nGROUP BY ip.time_horizon;""}"
wealth_management_multi_step_comparative_125_questions:MC125-015,"Across segment, compare the average net cash flow, average signed cash-flow amount, and average cash-flow count of investors.",wealth_management_multi_step_comparative_125_questions.csv,PIPELINE_SUCCESS,MATCH,MISMATCH,SQL,,[],[],[],"All five segment groups are present, and each required average metric matches the ground truth within rounding/precision tolerance. Investor count is not required by the question.",34.295,"{""Q1"": ""WITH profile_groups AS (SELECT DISTINCT \""investor_id\"", \""segment\"" AS \""segment\"" FROM \""ATOM_ENTITY_INVESTOR_PROFILE_001\""),\nmetric_source_0 AS (SELECT \""investor_id\"", SUM(\""amount\"") AS \""avg_net_cash_flow\"", AVG(\""amount\"") AS \""avg_signed_cash_flow_amount\"", COUNT(\""cash_flow_id\"") AS \""avg_cash_flow_count\"" FROM \""ATOM_EVENT_CASH_FLOW_001\"" GROUP BY \""investor_id\""),\ngrouped_result AS (SELECT profile_groups.\""segment\"" AS \""segment\"", AVG(metric_source_0.\""avg_net_cash_flow\"") AS \""avg_net_cash_flow\"", AVG(metric_source_0.\""avg_signed_cash_flow_amount\"") AS \""avg_signed_cash_flow_amount\"", AVG(metric_source_0.\""avg_cash_flow_count\"") AS \""avg_cash_flow_count\"" FROM profile_groups INNER JOIN metric_source_0 ON profile_groups.\""investor_id\"" = metric_source_0.\""investor_id\"" GROUP BY profile_groups.\""segment\"")\nSELECT \""segment\"", \""avg_net_cash_flow\"", \""avg_signed_cash_flow_amount\"", \""avg_cash_flow_count\"" FROM grouped_result;""}"
wealth_management_multi_step_comparative_125_questions:MC125-016,List the top 10 investors by total net cash flow.,wealth_management_multi_step_comparative_125_questions.csv,PIPELINE_SUCCESS,MATCH,MATCH,SQL,,[],[],"[""group_by.0 has no quoted requirement.""]","The pipeline returns the correct top 10 investor IDs in the correct descending order, with net cash flow totals matching the ground truth exactly. Investor names are not required to answer the question.",21.19,"{""Q1"": ""SELECT investor_id,\n       SUM(amount) AS total_net_cash_flow\nFROM ATOM_EVENT_CASH_FLOW_001\nGROUP BY investor_id\nORDER BY total_net_cash_flow DESC,\n         investor_id ASC\nLIMIT 10;""}"
wealth_management_multi_step_comparative_125_questions:MC125-019,List the top 10 investors by total sector investment.,wealth_management_multi_step_comparative_125_questions.csv,DAG_NODE_ERROR,MISMATCH,MATCH,SQL,Q1:Query_Spec_Contract,"[""unknown_source""]","[""Unknown source: entity"", ""group_by.0: unknown source 'entity'."", ""measures.0: unknown source 'entity'.""]",[],"Pipeline returned no answer rows because the query failed, while the ground truth contains 10 required ranked investors.",18.629,"{""Q1"": """"}"
wealth_management_multi_step_comparative_125_questions:MC125-018,List the top 10 investors by total rebalance amount.,wealth_management_multi_step_comparative_125_questions.csv,PIPELINE_SUCCESS,MATCH,MATCH,SQL,,[],[],"[""group_by.0 has no quoted requirement."", ""measures.0 has no quoted requirement.""]",The pipeline returns the same top 10 investor IDs in the correct descending order with rebalance totals matching the ground truth. Investor names are not required to answer the question.,23.165,"{""Q1"": ""SELECT investor_id,\n       SUM(amount) AS total_rebalance_amount\nFROM ATOM_EVENT_REBALANCING_ACTION_001\nGROUP BY investor_id\nORDER BY total_rebalance_amount DESC,\n         investor_id ASC\nLIMIT 10;""}"
wealth_management_multi_step_comparative_125_questions:MC125-020,List the top 10 investors by scenario-rebalancing action count (ties broken by investor ID ascending).,wealth_management_multi_step_comparative_125_questions.csv,DAG_NODE_ERROR,MISMATCH,MATCH,SQL,Q1:Query_Spec_Contract,"[""unknown_source"", ""physical_as_source""]","[""Unknown source: physical"", ""group_by.0: unknown source 'physical'."", ""measures.0: unknown source 'physical'.""]",[],"The pipeline returned no investor rows due to a query failure, while the ground truth requires 10 ranked investors.",12.236,"{""Q1"": """"}"
wealth_management_multi_step_comparative_125_questions:MC125-017,List the top 10 investors by total holding value.,wealth_management_multi_step_comparative_125_questions.csv,PIPELINE_SUCCESS,MATCH,MATCH,SQL,,[],[],"[""group_by.0 has no quoted requirement.""]","All 10 required investors are present in the correct descending order, with total holding values matching the ground truth. Investor names are not required because investor IDs uniquely identify the listed investors.",39.169,"{""Q1"": ""WITH total_per_investor AS (\n  SELECT investor_id,\n         MIN(holding_id) AS holding_id,\n         SUM(current_value) AS total_holding_value\n  FROM ATOM_ENTITY_PORTFOLIO_HOLDING_001\n  GROUP BY investor_id\n)\nSELECT holding_id,\n       investor_id,\n       total_holding_value\nFROM total_per_investor\nORDER BY total_holding_value DESC,\n         holding_id\nLIMIT 10;""}"
wealth_management_multi_step_comparative_125_questions:MC125-023,List the top 20 investors by total net cash flow.,wealth_management_multi_step_comparative_125_questions.csv,DAG_NODE_ERROR,MISMATCH,MISMATCH,SQL,Q1:Query_Spec_Contract,"[""unresolved""]","[""Unresolved requirements: [{'text': 'Definition of \""net\"" cash flow \u2013 whether amounts should be signed based on the cash flow type (e.g., Deposit positive, Withdrawal negative). No source metric definition is provided.', 'implemented_by': []}]""]",[],"Pipeline returned no answer rows because the query failed, while the ground truth contains 20 required ranked investors.",17.489,"{""Q1"": """"}"
wealth_management_multi_step_comparative_125_questions:MC125-021,List the top 10 investors by risk score (ties broken by investor ID ascending).,wealth_management_multi_step_comparative_125_questions.csv,PIPELINE_SUCCESS,MATCH,MATCH,SQL,,[],[],[],"The pipeline returns exactly the 10 required investors in the correct risk-score ranking and investor-ID tie-break order, with risk scores of 100.0. Investor names are not required to answer the question.",20.676,"{""Q1"": ""SELECT investor_id,\n       risk_score\nFROM   ATOM_ENTITY_PORTFOLIO_HEALTH_001\nORDER BY risk_score DESC,\n         investor_id ASC\nLIMIT 10;""}"
wealth_management_multi_step_comparative_125_questions:MC125-022,List the top 10 investors by average goal progress.,wealth_management_multi_step_comparative_125_questions.csv,PIPELINE_SUCCESS,MATCH,MATCH,SQL,,[],[],"[""group_by.0 has no quoted requirement.""]","The pipeline returns the same top 10 investor IDs in the correct descending order, with average goal progress values matching the ground truth within rounding tolerance. Investor names are not required to answer the ranking.",22.118,"{""Q1"": ""SELECT investor_id,\n       AVG(progress_pct) AS avg_progress_pct\nFROM ATOM_ENTITY_INVESTMENT_GOAL_001\nGROUP BY investor_id\nORDER BY avg_progress_pct DESC, investor_id\nLIMIT 10;""}"
wealth_management_multi_step_comparative_125_questions:MC125-024,List the top 20 investors by total holding value.,wealth_management_multi_step_comparative_125_questions.csv,PIPELINE_SUCCESS,MATCH,MATCH,SQL,,[],[],"[""group_by.0 has no quoted requirement."", ""group_by.1 has no quoted requirement.""]","The pipeline returns exactly the 20 highest-value investors in the same descending order as the ground truth, with matching investor IDs, names, and total holding values.",14.084,"{""Q1"": ""WITH holding_agg AS (\n    SELECT investor_id,\n           SUM(current_value) AS total_holding_value\n    FROM ATOM_ENTITY_PORTFOLIO_HOLDING_001\n    GROUP BY investor_id\n)\nSELECT p.investor_id,\n       p.investor_name,\n       h.total_holding_value\nFROM ATOM_ENTITY_INVESTOR_PROFILE_001 p\nINNER JOIN holding_agg h ON p.investor_id = h.investor_id\nORDER BY h.total_holding_value DESC, p.investor_id\nLIMIT 20;""}"
wealth_management_multi_step_comparative_125_questions:MC125-025,List the top 20 investors by total rebalance amount.,wealth_management_multi_step_comparative_125_questions.csv,PIPELINE_SUCCESS,MATCH,MATCH,SQL,,[],[],"[""group_by.0 has no quoted requirement.""]","All 20 required investors are present in the correct descending top-20 order, and every total rebalance amount matches the ground truth. Investor names are not required to answer the question.",18.465,"{""Q1"": ""WITH m1 AS (\n    SELECT investor_id,\n           SUM(amount) AS total_rebalance_amount\n    FROM ATOM_EVENT_REBALANCING_ACTION_001\n    GROUP BY investor_id\n)\nSELECT m1.investor_id,\n       m1.total_rebalance_amount\nFROM m1\nORDER BY m1.total_rebalance_amount DESC,\n         m1.investor_id ASC\nLIMIT 20;""}"
wealth_management_multi_step_comparative_125_questions:MC125-026,"Across risk tolerance, compare the average net cash flow, average signed cash-flow amount, and average total holding value of investors.",wealth_management_multi_step_comparative_125_questions.csv,DAG_NODE_ERROR,MISMATCH,MISMATCH,SQL,Q1:Query_Spec_Contract,"[""unresolved"", ""derived_expression_required""]","[""Unresolved requirements: [{'text': 'Definition of signed cash\u2011flow amount (how to apply sign based on cash\u2011flow type)', 'implemented_by': []}]"", ""measures.0: derived measure needs an expression."", ""measures.2: derived measure needs an expression.""]",[],"Pipeline produced no answer rows because the query stage failed, while the ground truth requires aggregated comparisons for four risk-tolerance groups.",21.435,"{""Q1"": """"}"
wealth_management_multi_step_comparative_125_questions:MC125-027,"Across risk tolerance, compare the average net cash flow, average signed cash-flow amount, and average rebalance amount of investors.",wealth_management_multi_step_comparative_125_questions.csv,DAG_NODE_ERROR,MISMATCH,MISMATCH,SQL,Q1:Query_Spec_Contract,"[""unresolved""]","[""Unresolved requirements: [{'text': 'Definition of \""signed cash\u2011flow amount\"" \u2013 whether the sign should be derived from the cash\u2011flow type (e.g., Deposit positive, Withdrawal negative) is not specified in the schema.'}]""]",[],"Pipeline returned no answer rows because the query failed, while the ground truth contains four required risk-tolerance groups with average metrics.",22.194,"{""Q1"": """"}"
wealth_management_multi_step_comparative_125_questions:MC125-030,"Across risk tolerance, compare the average net cash flow, average signed cash-flow amount, and average risk score of investors.",wealth_management_multi_step_comparative_125_questions.csv,PIPELINE_SUCCESS,MATCH,MISMATCH,SQL,,[],[],[],"All four risk-tolerance groups are present, and the three requested average metrics match the ground truth within tolerance. The pipeline's signed cash-flow amount field semantically corresponds to the ground-truth cashflow amount.",25.46,"{""Q1"": ""WITH profile_groups AS (SELECT DISTINCT \""investor_id\"", \""risk_tolerance\"" AS \""risk_tolerance\"" FROM \""ATOM_ENTITY_INVESTOR_PROFILE_001\""),\nmetric_source_0 AS (SELECT \""investor_id\"", SUM(\""amount\"") AS \""avg_net_cash_flow\"", AVG(\""amount\"") AS \""avg_signed_cash_flow_amount\"" FROM \""ATOM_EVENT_CASH_FLOW_001\"" GROUP BY \""investor_id\""),\nmetric_source_1 AS (SELECT \""investor_id\"", AVG(\""risk_score\"") AS \""avg_risk_score\"" FROM \""ATOM_ENTITY_PORTFOLIO_HEALTH_001\"" GROUP BY \""investor_id\""),\ngrouped_result AS (SELECT profile_groups.\""risk_tolerance\"" AS \""risk_tolerance\"", AVG(metric_source_0.\""avg_net_cash_flow\"") AS \""avg_net_cash_flow\"", AVG(metric_source_0.\""avg_signed_cash_flow_amount\"") AS \""avg_signed_cash_flow_amount\"", AVG(metric_source_1.\""avg_risk_score\"") AS \""avg_risk_score\"" FROM profile_groups LEFT JOIN metric_source_0 ON profile_groups.\""investor_id\"" = metric_source_0.\""investor_id\"" LEFT JOIN metric_source_1 ON profile_groups.\""investor_id\"" = metric_source_1.\""investor_id\"" GROUP BY profile_groups.\""risk_tolerance\"")\nSELECT \""risk_tolerance\"", \""avg_net_cash_flow\"", \""avg_signed_cash_flow_amount\"", \""avg_risk_score\"" FROM grouped_result;""}"
wealth_management_multi_step_comparative_125_questions:MC125-031,"Across risk tolerance, compare the average net cash flow, average signed cash-flow amount, and average goal progress of investors.",wealth_management_multi_step_comparative_125_questions.csv,DAG_NODE_ERROR,MISMATCH,PARTIAL,SQL,Q1:Query_Spec_Contract,"[""unresolved"", ""unknown_field_operand""]","[""Unresolved requirements: [{'text': 'Definition of \""net cash flow\"" sign handling (which cash\u2011flow types are positive vs. negative).', 'implemented_by': []}]"", ""measures.0: field 'amount' is not in 'ATOM_ENTITY_INVESTOR_PROFILE_001'."", ""measures.1: field 'amount' is not in 'ATOM_ENTITY_INVESTOR_PROFILE_001'."", ""measures.2: field 'progress_pct' is not in 'ATOM_ENTITY_INVESTOR_PROFILE_001'.""]",[],"Pipeline returned no answer rows because the query failed, while the ground truth requires aggregate comparisons for four risk-tolerance groups.",25.518,"{""Q1"": """"}"
wealth_management_multi_step_comparative_125_questions:MC125-033,"Across risk tolerance, compare the average total holding value, average holding return (counting only holdings with a recorded cost and current value), and average total sector investment of investors.",wealth_management_multi_step_comparative_125_questions.csv,DAG_NODE_ERROR,MISMATCH,PARTIAL,SQL,Q2:Binding,[],[],"[""Requirement introduces unsupported terms: ['include']""]","Pipeline produced no answer rows because the subquery DAG failed, while the ground truth contains required aggregates for four risk-tolerance groups.",13.249,"{""Q1"": ""WITH profile_groups AS (SELECT DISTINCT \""investor_id\"", \""risk_tolerance\"" AS \""risk_tolerance\"" FROM \""ATOM_ENTITY_INVESTOR_PROFILE_001\""),\nmetric_source_0 AS (SELECT \""investor_id\"", SUM(\""current_value\"") AS \""avg_total_holding_value\"" FROM \""ATOM_ENTITY_PORTFOLIO_HOLDING_001\"" GROUP BY \""investor_id\""),\nmetric_source_1 AS (SELECT \""investor_id\"", AVG(\""returns_pct\"") AS \""avg_holding_return\"" FROM \""ATOM_ENTITY_PORTFOLIO_HOLDING_001\"" WHERE \""cost\"" IS NOT NULL AND \""current_value\"" IS NOT NULL GROUP BY \""investor_id\""),\nmetric_source_2 AS (SELECT \""investor_id\"", SUM(\""total_investment\"") AS \""avg_total_sector_investment\"" FROM \""ATOM_ENTITY_SECTOR_ALLOCATION_001\"" GROUP BY \""investor_id\""),\ngrouped_result AS (SELECT profile_groups.\""risk_tolerance\"" AS \""risk_tolerance\"", AVG(metric_source_0.\""avg_total_holding_value\"") AS \""avg_total_holding_value\"", AVG(metric_source_1.\""avg_holding_return\"") AS \""avg_holding_return\"", AVG(metric_source_2.\""avg_total_sector_investment\"") AS \""avg_total_sector_investment\"" FROM profile_groups LEFT JOIN metric_source_0 ON profile_groups.\""investor_id\"" = metric_source_0.\""investor_id\"" LEFT JOIN metric_source_1 ON profile_groups.\""investor_id\"" = metric_source_1.\""investor_id\"" LEFT JOIN metric_source_2 ON profile_groups.\""investor_id\"" = metric_source_2.\""investor_id\"" GROUP BY profile_groups.\""risk_tolerance\"")\nSELECT \""risk_tolerance\"", \""avg_total_holding_value\"", \""avg_holding_return\"", \""avg_total_sector_investment\"" FROM grouped_result;"", ""Q2"": """"}"
wealth_management_multi_step_comparative_125_questions:MC125-032,"Across risk tolerance, compare the average total holding value, average holding return (counting only holdings with a recorded cost and current value), and average rebalance amount of investors.",wealth_management_multi_step_comparative_125_questions.csv,DAG_NODE_ERROR,MISMATCH,MISMATCH,SQL,Q1:Query_Spec_Contract,"[""invalid_operand_kind""]","[""measures.1: operand_kind must be physical or aliases.""]",[],"Pipeline produced no answer rows because the query stage failed, while the ground truth requires aggregated results for four risk-tolerance groups.",26.521,"{""Q1"": """"}"
wealth_management_multi_step_comparative_125_questions:MC125-029,"Across risk tolerance, compare the average net cash flow, average signed cash-flow amount, and average scenario shift (new minus current allocation %) of investors.",wealth_management_multi_step_comparative_125_questions.csv,DAG_NODE_ERROR,MISMATCH,PARTIAL,SQL,Q1:Query_Spec_Contract,"[""unknown_source"", ""derived_expression_required"", ""derived_operand_misclassified"", ""physical_as_source""]","[""Unknown source: physical"", ""group_by.0: unknown source 'physical'."", ""measures.0: derived measure needs an expression."", ""measures.1: unknown source 'physical'."", ""measures.2: unknown or self-referencing formula operand 'new_allocation_pct'."", ""measures.2: unknown or self-referencing formula operand 'current_allocation_pct'.""]",[],"Pipeline returned no answer rows due to a query failure, while the ground truth requires aggregated metrics for four risk-tolerance groups.",64.532,"{""Q1"": """"}"
wealth_management_multi_step_comparative_125_questions:MC125-028,"Across risk tolerance, compare the average net cash flow, average signed cash-flow amount, and average total sector investment of investors.",wealth_management_multi_step_comparative_125_questions.csv,PIPELINE_SUCCESS,PARTIAL,PARTIAL,SQL,,[],[],[],"Average net cash flow and average total sector investment match for Aggressive, Conservative, and Moderate risk tolerances, but the average signed cash-flow amounts are incorrect for all non-null groups and all required metrics are missing for the null risk-tolerance group.",80.322,"{""Q1"": ""WITH\n  -- per\u2011investor net cash flow sum\n  net_cash_per_investor AS (\n    SELECT\n      p.investor_id,\n      p.risk_tolerance,\n      SUM(cf.amount) AS per_inv_sum\n    FROM ATOM_ENTITY_INVESTOR_PROFILE_001 p\n    LEFT JOIN ATOM_EVENT_CASH_FLOW_001 cf ON p.investor_id = cf.investor_id\n    GROUP BY p.investor_id\n  ),\n  -- average of the per\u2011investor net cash flow sums per risk tolerance\n  avg_net_cash AS (\n    SELECT\n      risk_tolerance,\n      AVG(per_inv_sum) AS avg_net_cash_flow\n    FROM net_cash_per_investor\n    GROUP BY risk_tolerance\n  ),\n\n  -- average signed cash\u2011flow amount (raw amount) per risk tolerance\n  avg_signed_cash_flow AS (\n    SELECT\n      p.risk_tolerance,\n      AVG(cf.amount) AS avg_signed_cash_flow_amount\n    FROM ATOM_ENTITY_INVESTOR_PROFILE_001 p\n    LEFT JOIN ATOM_EVENT_CASH_FLOW_001 cf ON p.investor_id = cf.investor_id\n    GROUP BY p.risk_tolerance\n  ),\n\n  -- per\u2011investor total sector investment sum\n  sector_investment_per_investor AS (\n    SELECT\n      p.investor_id,\n      p.risk_tolerance,\n      SUM(sa.total_investment) AS per_inv_sum\n    FROM ATOM_ENTITY_INVESTOR_PROFILE_001 p\n    LEFT JOIN ATOM_ENTITY_SECTOR_ALLOCATION_001 sa ON p.investor_id = sa.investor_id\n    GROUP BY p.investor_id\n  ),\n  -- average of the per\u2011investor sector investment sums per risk tolerance\n  avg_sector_investment AS (\n    SELECT\n      risk_tolerance,\n      AVG(per_inv_sum) AS avg_total_sector_investment\n    FROM sector_investment_per_investor\n    GROUP BY risk_tolerance\n  ),\n\n  -- distinct risk tolerance values (preserve null groups)\n  risk_groups AS (\n    SELECT DISTINCT risk_tolerance\n    FROM ATOM_ENTITY_INVESTOR_PROFILE_001\n  )\nSELECT\n  rg.risk_tolerance,\n  an.avg_net_cash_flow,\n  asig.avg_signed_cash_flow_amount,\n  ase.avg_total_sector_investment\nFROM risk_groups rg\nLEFT JOIN avg_net_cash an   ON rg.risk_tolerance = an.risk_tolerance\nLEFT JOIN avg_signed_cash_flow asig ON rg.risk_tolerance = asig.risk_tolerance\nLEFT JOIN avg_sector_investment ase   ON rg.risk_tolerance = ase.risk_tolerance\nORDER BY rg.risk_tolerance;""}"
wealth_management_multi_step_comparative_125_questions:MC125-037,"Across risk tolerance, compare the average rebalance amount, average rebalance shift (target minus current allocation %), and average total sector investment of investors.",wealth_management_multi_step_comparative_125_questions.csv,DAG_NODE_ERROR,MISMATCH,PARTIAL,SQL,Q1:Query_Spec_Contract,[],"[""measures.1: formula_fields must be a list of names.""]",[],Pipeline returned a query failure rather than the required risk-tolerance grouped averages.,13.286,"{""Q1"": """"}"
wealth_management_multi_step_comparative_125_questions:MC125-034,"Across risk tolerance, compare the average total holding value, average holding return (counting only holdings with a recorded cost and current value), and average scenario shift (new minus current allocation %) of investors.",wealth_management_multi_step_comparative_125_questions.csv,DAG_NODE_ERROR,MISMATCH,MISMATCH,SQL,Q1:Query_Spec_Contract,"[""invalid_operand_kind""]","[""measures.2: operand_kind must be physical or aliases.""]",[],"Pipeline returned no answer rows because the query failed, while the ground truth contains four required risk-tolerance groups with aggregate metrics.",42.308,"{""Q1"": """"}"
wealth_management_multi_step_comparative_125_questions:MC125-036,"Across risk tolerance, compare the average total holding value, average holding return (counting only holdings with a recorded cost and current value), and average goal progress of investors.",wealth_management_multi_step_comparative_125_questions.csv,PIPELINE_SUCCESS,PARTIAL,PARTIAL,SQL,,[],[],[],"The pipeline correctly identifies all risk-tolerance groups and matches average total holding values for the non-null groups, but average holding returns and goal progress values do not match the ground truth. The null risk-tolerance group is present but all required metrics are incorrectly null.",30.103,"{""Q1"": ""WITH holdings_sum AS (\n  SELECT investor_id,\n         SUM(current_value) AS total_holding_value\n  FROM ATOM_ENTITY_PORTFOLIO_HOLDING_001\n  WHERE current_value IS NOT NULL\n  GROUP BY investor_id\n),\navg_total AS (\n  SELECT ip.risk_tolerance,\n         AVG(hs.total_holding_value) AS avg_total_holding_value\n  FROM ATOM_ENTITY_INVESTOR_PROFILE_001 ip\n  LEFT JOIN holdings_sum hs ON ip.investor_id = hs.investor_id\n  GROUP BY ip.risk_tolerance\n),\navg_return AS (\n  SELECT ip.risk_tolerance,\n         AVG(ph.returns_pct) AS avg_holding_return\n  FROM ATOM_ENTITY_INVESTOR_PROFILE_001 ip\n  LEFT JOIN ATOM_ENTITY_PORTFOLIO_HOLDING_001 ph\n    ON ip.investor_id = ph.investor_id\n   AND ph.cost IS NOT NULL\n   AND ph.current_value IS NOT NULL\n  GROUP BY ip.risk_tolerance\n),\navg_goal AS (\n  SELECT ip.risk_tolerance,\n         AVG(g.progress_pct) AS avg_goal_progress\n  FROM ATOM_ENTITY_INVESTOR_PROFILE_001 ip\n  LEFT JOIN ATOM_ENTITY_INVESTMENT_GOAL_001 g\n    ON ip.investor_id = g.investor_id\n  GROUP BY ip.risk_tolerance\n)\nSELECT rt.risk_tolerance,\n       at.avg_total_holding_value,\n       ar.avg_holding_return,\n       ag.avg_goal_progress\nFROM (SELECT DISTINCT risk_tolerance FROM ATOM_ENTITY_INVESTOR_PROFILE_001) rt\nLEFT JOIN avg_total at   ON rt.risk_tolerance = at.risk_tolerance\nLEFT JOIN avg_return ar  ON rt.risk_tolerance = ar.risk_tolerance\nLEFT JOIN avg_goal ag    ON rt.risk_tolerance = ag.risk_tolerance\nORDER BY rt.risk_tolerance;""}"
wealth_management_multi_step_comparative_125_questions:MC125-038,"Across risk tolerance, compare the average rebalance amount, average rebalance shift (target minus current allocation %), and average scenario shift (new minus current allocation %) of investors.",wealth_management_multi_step_comparative_125_questions.csv,DAG_NODE_ERROR,MISMATCH,MISMATCH,SQL,Q1:Query_Spec_Contract,"[""unknown_field_operand"", ""invalid_operand_kind""]","[""measures.1: field 'rebalance_shift' is not in 'ATOM_EVENT_REBALANCING_ACTION_001'."", ""measures.1: operand_kind must be physical or aliases."", ""measures.2: field 'scenario_shift' is not in 'ATOM_EVENT_SCENARIO_REBALANCING_001'."", ""measures.2: operand_kind must be physical or aliases.""]",[],"Pipeline produced no answer rows because the query failed, while the ground truth contains four required risk-tolerance groups with average metrics.",15.8,"{""Q1"": """"}"
wealth_management_multi_step_comparative_125_questions:MC125-039,"Across risk tolerance, compare the average rebalance amount, average rebalance shift (target minus current allocation %), and average risk score of investors.",wealth_management_multi_step_comparative_125_questions.csv,PIPELINE_SUCCESS,PARTIAL,MISMATCH,SQL,,[],[],[],"All four risk-tolerance groups are present, and the average rebalance shifts and average risk scores match the ground truth within tolerance. However, the average rebalance amounts are materially incorrect for every group.",17.983,"{""Q1"": ""WITH rebalance_amount AS (\n    SELECT investor_id,\n           AVG(amount) AS avg_amount\n    FROM ATOM_EVENT_REBALANCING_ACTION_001\n    GROUP BY investor_id\n),\nrebalance_shift AS (\n    SELECT investor_id,\n           AVG(target_allocation_pct - current_allocation_pct) AS avg_shift\n    FROM ATOM_EVENT_REBALANCING_ACTION_001\n    GROUP BY investor_id\n),\nrisk_score_cte AS (\n    SELECT investor_id,\n           AVG(risk_score) AS avg_risk_score\n    FROM ATOM_ENTITY_PORTFOLIO_HEALTH_001\n    GROUP BY investor_id\n)\nSELECT p.risk_tolerance AS risk_tolerance,\n       AVG(ra.avg_amount) AS avg_rebalance_amount,\n       AVG(rs.avg_shift) AS avg_rebalance_shift,\n       AVG(rc.avg_risk_score) AS avg_risk_score\nFROM ATOM_ENTITY_INVESTOR_PROFILE_001 p\nLEFT JOIN rebalance_amount ra   ON p.investor_id = ra.investor_id\nLEFT JOIN rebalance_shift rs    ON p.investor_id = rs.investor_id\nLEFT JOIN risk_score_cte rc     ON p.investor_id = rc.investor_id\nGROUP BY p.risk_tolerance\nORDER BY p.risk_tolerance;""}"
wealth_management_multi_step_comparative_125_questions:MC125-040,"Across risk tolerance, compare the average rebalance amount, average rebalance shift (target minus current allocation %), and average goal progress of investors.",wealth_management_multi_step_comparative_125_questions.csv,PIPELINE_SUCCESS,PARTIAL,PARTIAL,SQL,,[],[],[],"All risk-tolerance groups and the average rebalance shift and goal progress values match within tolerance, but average rebalance amounts are substantially incorrect for every group.",27.925,"{""Q1"": ""WITH profile_groups AS (SELECT DISTINCT \""investor_id\"", \""risk_tolerance\"" AS \""risk_tolerance\"" FROM \""ATOM_ENTITY_INVESTOR_PROFILE_001\""),\nmetric_source_0 AS (SELECT \""investor_id\"", AVG(\""amount\"") AS \""avg_rebalance_amount\"", AVG((\""target_allocation_pct\"" - \""current_allocation_pct\"")) AS \""avg_rebalance_shift\"" FROM \""ATOM_EVENT_REBALANCING_ACTION_001\"" GROUP BY \""investor_id\""),\nmetric_source_1 AS (SELECT \""investor_id\"", AVG(\""progress_pct\"") AS \""avg_goal_progress\"" FROM \""ATOM_ENTITY_INVESTMENT_GOAL_001\"" GROUP BY \""investor_id\""),\ngrouped_result AS (SELECT profile_groups.\""risk_tolerance\"" AS \""risk_tolerance\"", AVG(metric_source_0.\""avg_rebalance_amount\"") AS \""avg_rebalance_amount\"", AVG(metric_source_0.\""avg_rebalance_shift\"") AS \""avg_rebalance_shift\"", AVG(metric_source_1.\""avg_goal_progress\"") AS \""avg_goal_progress\"" FROM profile_groups LEFT JOIN metric_source_0 ON profile_groups.\""investor_id\"" = metric_source_0.\""investor_id\"" LEFT JOIN metric_source_1 ON profile_groups.\""investor_id\"" = metric_source_1.\""investor_id\"" GROUP BY profile_groups.\""risk_tolerance\"")\nSELECT \""risk_tolerance\"", \""avg_rebalance_amount\"", \""avg_rebalance_shift\"", \""avg_goal_progress\"" FROM grouped_result;""}"
wealth_management_multi_step_comparative_125_questions:MC125-041,"Across risk tolerance, compare the average total sector investment, average allocation percentage, and average scenario shift (new minus current allocation %) of investors.",wealth_management_multi_step_comparative_125_questions.csv,PIPELINE_SUCCESS,PARTIAL,MATCH,SQL,,[],[],[],"All risk-tolerance groups, average allocation percentages, and average scenario shifts match the ground truth within tolerance, but the required average total sector investment values are materially incorrect for every group.",29.905,"{""Q1"": ""WITH sector_agg AS (\n    SELECT investor_id,\n           AVG(total_investment) AS avg_total_investment_per_inv,\n           AVG(allocation_pct) AS avg_allocation_pct_per_inv\n    FROM ATOM_ENTITY_SECTOR_ALLOCATION_001\n    GROUP BY investor_id\n),\nscenario_agg AS (\n    SELECT investor_id,\n           AVG(new_allocation_pct - current_allocation_pct) AS avg_scenario_shift_per_inv\n    FROM ATOM_EVENT_SCENARIO_REBALANCING_001\n    GROUP BY investor_id\n)\nSELECT\n    p.risk_tolerance,\n    AVG(sector_agg.avg_total_investment_per_inv) AS avg_total_investment,\n    AVG(sector_agg.avg_allocation_pct_per_inv) AS avg_allocation_pct,\n    AVG(scenario_agg.avg_scenario_shift_per_inv) AS avg_scenario_shift\nFROM ATOM_ENTITY_INVESTOR_PROFILE_001 AS p\nLEFT JOIN sector_agg ON p.investor_id = sector_agg.investor_id\nLEFT JOIN scenario_agg ON p.investor_id = scenario_agg.investor_id\nGROUP BY p.risk_tolerance;""}"
wealth_management_multi_step_comparative_125_questions:MC125-043,"Across risk tolerance, compare the average total sector investment, average allocation percentage, and average goal progress of investors.",wealth_management_multi_step_comparative_125_questions.csv,PIPELINE_SUCCESS,MATCH,PARTIAL,SQL,,[],[],[],"All risk-tolerance groups are present, and the reported average total sector investment, allocation percentage, and goal progress values match the ground truth within rounding tolerance. Investor count is not required by the question.",14.363,"{""Q1"": ""WITH profile_groups AS (SELECT DISTINCT \""investor_id\"", \""risk_tolerance\"" AS \""risk_tolerance\"" FROM \""ATOM_ENTITY_INVESTOR_PROFILE_001\""),\nmetric_source_0 AS (SELECT \""investor_id\"", SUM(\""total_investment\"") AS \""avg_total_investment\"", AVG(\""allocation_pct\"") AS \""avg_allocation_pct\"" FROM \""ATOM_ENTITY_SECTOR_ALLOCATION_001\"" GROUP BY \""investor_id\""),\nmetric_source_1 AS (SELECT \""investor_id\"", AVG(\""progress_pct\"") AS \""avg_goal_progress\"" FROM \""ATOM_ENTITY_INVESTMENT_GOAL_001\"" GROUP BY \""investor_id\""),\ngrouped_result AS (SELECT profile_groups.\""risk_tolerance\"" AS \""risk_tolerance\"", AVG(metric_source_0.\""avg_total_investment\"") AS \""avg_total_investment\"", AVG(metric_source_0.\""avg_allocation_pct\"") AS \""avg_allocation_pct\"", AVG(metric_source_1.\""avg_goal_progress\"") AS \""avg_goal_progress\"" FROM profile_groups LEFT JOIN metric_source_0 ON profile_groups.\""investor_id\"" = metric_source_0.\""investor_id\"" LEFT JOIN metric_source_1 ON profile_groups.\""investor_id\"" = metric_source_1.\""investor_id\"" GROUP BY profile_groups.\""risk_tolerance\"")\nSELECT \""risk_tolerance\"", \""avg_total_investment\"", \""avg_allocation_pct\"", \""avg_goal_progress\"" FROM grouped_result;""}"
wealth_management_multi_step_comparative_125_questions:MC125-042,"Across risk tolerance, compare the average total sector investment, average allocation percentage, and average risk score of investors.",wealth_management_multi_step_comparative_125_questions.csv,PIPELINE_SUCCESS,PARTIAL,MATCH,SQL,,[],[],[],"All risk-tolerance groups are present and the average allocation percentages and average risk scores match the reference within tolerance, but the required average total sector investment values are substantially incorrect for every group.",32.608,"{""Q1"": ""WITH sector_agg AS (\n    SELECT investor_id,\n           AVG(total_investment) AS avg_total_investment_per_inv,\n           AVG(allocation_pct)    AS avg_allocation_pct_per_inv\n    FROM ATOM_ENTITY_SECTOR_ALLOCATION_001\n    GROUP BY investor_id\n),\nhealth_agg AS (\n    SELECT investor_id,\n           AVG(DISTINCT risk_score) AS avg_risk_score_per_inv\n    FROM ATOM_ENTITY_PORTFOLIO_HEALTH_001\n    GROUP BY investor_id\n)\nSELECT\n    p.risk_tolerance AS risk_tolerance,\n    AVG(sector_agg.avg_total_investment_per_inv) AS avg_total_investment,\n    AVG(sector_agg.avg_allocation_pct_per_inv)    AS avg_allocation_pct,\n    AVG(health_agg.avg_risk_score_per_inv)       AS avg_risk_score\nFROM ATOM_ENTITY_INVESTOR_PROFILE_001 p\nLEFT JOIN sector_agg ON p.investor_id = sector_agg.investor_id\nLEFT JOIN health_agg ON p.investor_id = health_agg.investor_id\nGROUP BY p.risk_tolerance;""}"
wealth_management_multi_step_comparative_125_questions:MC125-044,"Across risk tolerance, compare the average scenario shift (new minus current allocation %), average scenario count (0 for investors with no scenario records), and average risk score of investors.",wealth_management_multi_step_comparative_125_questions.csv,DAG_NODE_ERROR,MISMATCH,MATCH,SQL,Q1:Query_Spec_Contract,"[""invalid_operand_kind""]","[""measures.0: operand_kind must be physical or aliases.""]",[],Pipeline returned a failure message instead of the required risk-tolerance grouped comparison metrics.,27.503,"{""Q1"": """"}"
wealth_management_multi_step_comparative_125_questions:MC125-045,"Across risk tolerance, compare the average scenario shift (new minus current allocation %), average scenario count (0 for investors with no scenario records), and average goal progress of investors.",wealth_management_multi_step_comparative_125_questions.csv,DAG_NODE_ERROR,MISMATCH,MATCH,SQL,Q1:Query_Spec_Contract,"[""derived_expression_required""]","[""measures.1: derived measure needs an expression."", ""measures.1: measure needs a field or formula."", ""measures.3: derived measure needs an expression."", ""measures.3: measure needs a field or formula."", ""measures.5: derived measure needs an expression."", ""measures.5: measure needs a field or formula.""]","[""measures.0 has no quoted requirement."", ""measures.2 has no quoted requirement."", ""measures.4 has no quoted requirement.""]","Pipeline returned a query failure rather than results, while the ground truth contains four required risk-tolerance groups with aggregate metrics.",22.782,"{""Q1"": """"}"
wealth_management_multi_step_comparative_125_questions:MC125-048,"Among investors with every component recorded, list the top 10 ranked by a composite score defined as net cash flow plus total holding gain (counting only holdings with a recorded cost and current value; all components in INR); break ties by investor_id.",wealth_management_multi_step_comparative_125_questions.csv,DAG_NODE_ERROR,MISMATCH,MISMATCH,SQL,Q1:Query_Spec_Contract,"[""invalid_operand_kind""]","[""measures.1: operand_kind must be physical or aliases.""]","[""filters.0 has no quoted requirement."", ""filters.1 has no quoted requirement."", ""group_by.0 has no quoted requirement.""]","Pipeline returned no answer rows because the query failed, while the ground truth contains 10 required ranked investor results.",13.914,"{""Q1"": """"}"
wealth_management_multi_step_comparative_125_questions:MC125-046,"Across risk tolerance, compare the average risk score, average liquidity score, and average goal progress of investors.",wealth_management_multi_step_comparative_125_questions.csv,PIPELINE_SUCCESS,MATCH,MATCH,SQL,,[],[],[],"All risk-tolerance groups, including null, are present with average risk, liquidity, and goal-progress values matching the ground truth within tolerance. Investor count is not required by the question.",34.442,"{""Q1"": ""WITH m_portfolio AS (\n    SELECT investor_id,\n           AVG(risk_score) AS avg_risk_score,\n           AVG(liquidity_score) AS avg_liquidity_score\n    FROM ATOM_ENTITY_PORTFOLIO_HEALTH_001\n    GROUP BY investor_id\n),\nm_goal AS (\n    SELECT investor_id,\n           AVG(progress_pct) AS avg_goal_progress\n    FROM ATOM_ENTITY_INVESTMENT_GOAL_001\n    GROUP BY investor_id\n)\nSELECT p.risk_tolerance AS risk_tolerance,\n       AVG(m_portfolio.avg_risk_score) AS avg_risk_score,\n       AVG(m_portfolio.avg_liquidity_score) AS avg_liquidity_score,\n       AVG(m_goal.avg_goal_progress) AS avg_goal_progress\nFROM ATOM_ENTITY_INVESTOR_PROFILE_001 p\nLEFT JOIN m_portfolio ON p.investor_id = m_portfolio.investor_id\nLEFT JOIN m_goal ON p.investor_id = m_goal.investor_id\nGROUP BY p.risk_tolerance;""}"
wealth_management_multi_step_comparative_125_questions:MC125-035,"Across risk tolerance, compare the average total holding value, average holding return (counting only holdings with a recorded cost and current value), and average risk score of investors.",wealth_management_multi_step_comparative_125_questions.csv,PIPELINE_SUCCESS,MISMATCH,MISMATCH,SQL,,[],[],[],"All risk-tolerance groups are present and average risk scores are within tolerance, but the required average total holding values and average holding returns materially differ from the ground truth for every group.",126.925,"{""Q1"": ""WITH holding_sum AS (\n    SELECT investor_id,\n           SUM(current_value) AS total_holding_value\n    FROM ATOM_ENTITY_PORTFOLIO_HOLDING_001\n    WHERE cost IS NOT NULL\n      AND current_value IS NOT NULL\n    GROUP BY investor_id\n),\nholding_return AS (\n    SELECT investor_id,\n           AVG(returns_pct) AS avg_holding_return\n    FROM ATOM_ENTITY_PORTFOLIO_HOLDING_001\n    WHERE cost IS NOT NULL\n      AND current_value IS NOT NULL\n    GROUP BY investor_id\n),\nrisk_score AS (\n    SELECT investor_id,\n           AVG(risk_score) AS avg_risk_score\n    FROM ATOM_ENTITY_PORTFOLIO_HEALTH_001\n    GROUP BY investor_id\n)\nSELECT p.risk_tolerance,\n       AVG(hs.total_holding_value) AS avg_total_holding_value,\n       AVG(hr.avg_holding_return)   AS avg_holding_return,\n       AVG(rs.avg_risk_score)       AS avg_risk_score\nFROM ATOM_ENTITY_INVESTOR_PROFILE_001 p\nINNER JOIN holding_sum hs ON p.investor_id = hs.investor_id\nINNER JOIN holding_return hr ON p.investor_id = hr.investor_id\nINNER JOIN risk_score rs ON p.investor_id = rs.investor_id\nGROUP BY p.risk_tolerance\nORDER BY p.risk_tolerance;""}"
wealth_management_multi_step_comparative_125_questions:MC125-050,"Among investors with every component recorded, list the top 10 ranked by a composite score defined as net cash flow plus total sector investment (all components in INR); break ties by investor_id.",wealth_management_multi_step_comparative_125_questions.csv,PIPELINE_SUCCESS,MATCH,MISMATCH,SQL,,[],[],"[""Requirement introduces unsupported terms: ['both', 'have', 'must']"", ""Requirement introduces unsupported terms: ['rank']"", ""group_by.0 has no quoted requirement."", ""measures.0 has no quoted requirement."", ""measures.1 has no quoted requirement.""]","The pipeline returns the exact top 10 eligible investors in the correct descending composite-score order, with every composite score matching the ground truth.",15.941,"{""Q1"": ""WITH cash AS (\n    SELECT investor_id,\n           SUM(amount) AS net_cash_flow\n    FROM ATOM_EVENT_CASH_FLOW_001\n    GROUP BY investor_id\n),\nsector AS (\n    SELECT investor_id,\n           SUM(total_investment) AS total_sector_investment\n    FROM ATOM_ENTITY_SECTOR_ALLOCATION_001\n    GROUP BY investor_id\n)\nSELECT i.investor_id,\n       (cash.net_cash_flow + sector.total_sector_investment) AS composite_score\nFROM ATOM_ENTITY_INVESTOR_PROFILE_001 i\nINNER JOIN cash   ON i.investor_id = cash.investor_id\nINNER JOIN sector ON i.investor_id = sector.investor_id\nORDER BY composite_score DESC,\n         i.investor_id ASC\nLIMIT 10;""}"
wealth_management_multi_step_comparative_125_questions:MC125-049,"Among investors with every component recorded, list the top 10 ranked by a composite score defined as net cash flow plus total rebalance amount (all components in INR); break ties by investor_id.",wealth_management_multi_step_comparative_125_questions.csv,PIPELINE_SUCCESS,MATCH,MISMATCH,SQL,,[],[],"[""Requirement introduces unsupported terms: ['both', 'have', 'must']"", ""Requirement introduces unsupported terms: ['descending', 'limit', 'rank']"", ""group_by.0 has no quoted requirement."", ""measures.0 has no quoted requirement."", ""measures.1 has no quoted requirement.""]","The pipeline returns exactly the required top 10 investor IDs in the correct descending composite-score order, with composite scores matching the ground truth.",22.088,"{""Q1"": ""WITH cash AS (\n    SELECT investor_id, SUM(amount) AS net_cash_flow\n    FROM ATOM_EVENT_CASH_FLOW_001\n    GROUP BY investor_id\n),\nreb AS (\n    SELECT investor_id, SUM(amount) AS total_rebalance_amount\n    FROM ATOM_EVENT_REBALANCING_ACTION_001\n    GROUP BY investor_id\n)\nSELECT p.investor_id,\n       (cash.net_cash_flow + reb.total_rebalance_amount) AS composite_score\nFROM ATOM_ENTITY_INVESTOR_PROFILE_001 AS p\nINNER JOIN cash ON p.investor_id = cash.investor_id\nINNER JOIN reb ON p.investor_id = reb.investor_id\nORDER BY composite_score DESC, p.investor_id ASC\nLIMIT 10;""}"
wealth_management_multi_step_comparative_125_questions:MC125-047,"Across time horizon, compare the average net cash flow, average signed cash-flow amount, and average total holding value of investors.",wealth_management_multi_step_comparative_125_questions.csv,PIPELINE_SUCCESS,PARTIAL,MISMATCH,SQL,,[],[],[],"All time-horizon groups, average net cash flow, and average total holding value match the ground truth, but the required average signed cash-flow amounts are incorrect for every group (including null horizon, where the pipeline returns null instead of 217813.59).",45.672,"{""Q1"": ""WITH net_cf AS (\n    SELECT investor_id, SUM(amount) AS sum_amount\n    FROM ATOM_EVENT_CASH_FLOW_001\n    GROUP BY investor_id\n),\ntotal_holding AS (\n    SELECT investor_id, SUM(current_value) AS sum_value\n    FROM ATOM_ENTITY_PORTFOLIO_HOLDING_001\n    GROUP BY investor_id\n),\nsigned_cf_agg AS (\n    SELECT p.time_horizon, AVG(cf.amount) AS avg_amount\n    FROM ATOM_EVENT_CASH_FLOW_001 cf\n    JOIN ATOM_ENTITY_INVESTOR_PROFILE_001 p\n        ON cf.investor_id = p.investor_id\n    GROUP BY p.time_horizon\n)\nSELECT\n    p.time_horizon AS time_horizon,\n    AVG(nc.sum_amount) AS avg_net_cash_flow,\n    sc.avg_amount AS avg_signed_cash_flow_amount,\n    AVG(th.sum_value) AS avg_total_holding_value\nFROM ATOM_ENTITY_INVESTOR_PROFILE_001 p\nLEFT JOIN net_cf nc ON p.investor_id = nc.investor_id\nLEFT JOIN total_holding th ON p.investor_id = th.investor_id\nLEFT JOIN signed_cf_agg sc ON p.time_horizon = sc.time_horizon\nGROUP BY p.time_horizon\nORDER BY p.time_horizon;""}"
wealth_management_multi_step_comparative_125_questions:MC125-053,"Among investors with every component recorded, list the top 10 ranked by a composite score defined as net cash flow minus average goal shortfall (all components in INR); break ties by investor_id.",wealth_management_multi_step_comparative_125_questions.csv,PIPELINE_SUCCESS,MATCH,MISMATCH,SQL,,[],[],"[""Requirement introduces unsupported terms: ['rank']"", ""group_by.0 has no quoted requirement."", ""measures.0 has no quoted requirement."", ""measures.1 has no quoted requirement.""]","The pipeline returns exactly the required top 10 eligible investors in the correct composite-score ranking, with scores matching the ground truth within tolerance.",16.492,"{""Q1"": ""WITH cash_flow AS (\n    SELECT investor_id,\n           SUM(amount) AS net_cash_flow\n    FROM ATOM_EVENT_CASH_FLOW_001\n    GROUP BY investor_id\n),\ngoal AS (\n    SELECT investor_id,\n           AVG(shortfall) AS avg_shortfall\n    FROM ATOM_ENTITY_INVESTMENT_GOAL_001\n    GROUP BY investor_id\n)\nSELECT b.investor_id,\n       (cf.net_cash_flow - g.avg_shortfall) AS composite_score\nFROM ATOM_ENTITY_INVESTOR_PROFILE_001 AS b\nINNER JOIN cash_flow AS cf ON b.investor_id = cf.investor_id\nINNER JOIN goal AS g ON b.investor_id = g.investor_id\nORDER BY composite_score DESC, b.investor_id ASC\nLIMIT 10;""}"
wealth_management_multi_step_comparative_125_questions:MC125-052,"List the top 10 investors ranked by a composite score (0-100 index) combining net cash flow and risk score. Over investors that have both components, min-max normalise each component to 0-1, and take 100 times their equal-weighted mean; break ties by investor_id.",wealth_management_multi_step_comparative_125_questions.csv,DAG_NODE_ERROR,MISMATCH,MISMATCH,SQL,Q1:Query_Spec_Contract,"[""derived_expression_required""]","[""measures.2: derived measure needs an expression."", ""measures.2: measure needs a field or formula."", ""measures.3: derived measure needs an expression."", ""measures.3: measure needs a field or formula."", ""measures.4: derived measure needs an expression."", ""measures.4: measure needs a field or formula."", ""measures.5: derived measure needs an expression."", ""measures.5: measure needs a field or formula.""]","[""group_by.0 has no quoted requirement.""]",Pipeline returned a failure message instead of the required top 10 investor rows.,32.89,"{""Q1"": """"}"
wealth_management_multi_step_comparative_125_questions:MC125-051,"List the top 10 investors ranked by a composite score (0-100 index) combining net cash flow and total scenario allocation shift (sum of new minus current allocation %). Over investors that have both components, min-max normalise each component to 0-1, and take 100 times their equal-weighted mean; break ties by investor_id.",wealth_management_multi_step_comparative_125_questions.csv,DAG_NODE_ERROR,MISMATCH,MISMATCH,SQL,Q1:Query_Spec_Contract,"[""unknown_source"", ""unresolved"", ""derived_expression_required"", ""derived_operand_misclassified""]","[""Unresolved requirements: [{'text': 'definition of net cash flow sign (whether amounts need to be signed based on cash flow type)', 'reason': 'Schema provides cash flow amount but does not specify sign conventions for deposit vs withdrawal.'}]"", ""Unknown source: derived"", ""measures.1: unknown or self-referencing formula operand 'new_allocation_pct'."", ""measures.1: unknown or self-referencing formula operand 'current_allocation_pct'."", ""measures.2: derived measure needs an expression."", ""measures.2: measure needs a field or formula."", ""measures.3: derived measure needs an expression."", ""measures.3: measure needs a field or formula."", ""measures.4: derived measure needs an expression."", ""measures.4: measure needs a field or formula."", ""measures.5: derived measure needs an expression."", ""measures.5: measure needs a field or formula.""]",[],"Pipeline produced no answer rows because the query subgraph failed, while the ground truth contains 10 required ranked investors with composite scores.",39.781,"{""Q1"": """"}"
wealth_management_multi_step_comparative_125_questions:MC125-055,"Among investors with every component recorded, list the top 10 ranked by a composite score defined as total holding gain (counting only holdings with a recorded cost and current value) plus total sector investment (all components in INR); break ties by investor_id.",wealth_management_multi_step_comparative_125_questions.csv,DAG_NODE_ERROR,MISMATCH,PARTIAL,SQL,Q1:Query_Spec_Contract,"[""unknown_source"", ""empty_output_schema"", ""derived_operand_misclassified"", ""population_filter_contract""]","[""measures.0: unknown or self-referencing formula operand 'current_value'."", ""measures.0: unknown or self-referencing formula operand 'cost'."", ""measures.0.population_filters: Unknown base_entity: derived"", ""measures.0.population_filters: output_schema must contain named output columns.""]","[""group_by.0 has no quoted requirement."", ""measures.2 has no quoted requirement.""]","Pipeline returned no answer rows due to a subquery failure, while the ground truth contains 10 required ranked investor results.",27.672,"{""Q1"": """"}"
wealth_management_multi_step_comparative_125_questions:MC125-054,"Among investors with every component recorded, list the top 10 ranked by a composite score defined as total holding gain (counting only holdings with a recorded cost and current value) plus total rebalance amount (all components in INR); break ties by investor_id.",wealth_management_multi_step_comparative_125_questions.csv,DAG_NODE_ERROR,MISMATCH,MISMATCH,SQL,Q1:Query_Spec_Contract,"[""unknown_source"", ""empty_output_schema"", ""derived_operand_misclassified"", ""population_filter_contract""]","[""measures.0: unknown or self-referencing formula operand 'current_value'."", ""measures.0: unknown or self-referencing formula operand 'cost'."", ""measures.0.population_filters: Unknown base_entity: derived"", ""measures.0.population_filters: output_schema must contain named output columns.""]","[""Requirement introduces unsupported terms: ['rank']"", ""group_by.0 has no quoted requirement."", ""measures.2 has no quoted requirement.""]","Pipeline returned no answer rows because the query stage failed, while the ground truth contains 10 required ranked investors.",45.639,"{""Q1"": """"}"
wealth_management_multi_step_comparative_125_questions:MC125-057,"List the top 10 investors ranked by a composite score (0-100 index) combining total holding gain (counting only holdings with a recorded cost and current value) and risk score. Over investors that have both components, min-max normalise each component to 0-1, and take 100 times their equal-weighted mean; break ties by investor_id.",wealth_management_multi_step_comparative_125_questions.csv,PIPELINE_SUCCESS,PARTIAL,PARTIAL,SQL,,[],[],"[""Invalid requirement implementation: measures.9"", ""Requirement introduces unsupported terms: ['normalised', 'two']"", ""Invalid requirement implementation: measures.10"", ""Requirement introduces unsupported terms: ['rank']"", ""group_by.0 has no quoted requirement."", ""measures.2 has no quoted requirement."", ""measures.3 has no quoted requirement.""]","The pipeline returns 9 of the 10 correct top-ranked investors with materially matching composite scores, but omits required investor INV-213 and incorrectly includes INV-483 in the tenth position.",34.32,"{""Q1"": ""WITH total_gain AS (\n    SELECT investor_id,\n           SUM(current_value - cost) AS total_gain\n    FROM ATOM_ENTITY_PORTFOLIO_HOLDING_001\n    WHERE cost IS NOT NULL\n      AND current_value IS NOT NULL\n    GROUP BY investor_id\n),\nrisk AS (\n    SELECT investor_id,\n           risk_score\n    FROM ATOM_ENTITY_PORTFOLIO_HEALTH_001\n    WHERE risk_score IS NOT NULL\n)\nSELECT\n    b.investor_id,\n    100.0 * (\n        ( (g.total_gain - MIN(g.total_gain) OVER ()) / NULLIF(MAX(g.total_gain) OVER () - MIN(g.total_gain) OVER (), 0) )\n        +\n        ( (r.risk_score - MIN(r.risk_score) OVER ()) / NULLIF(MAX(r.risk_score) OVER () - MIN(r.risk_score) OVER (), 0) )\n    ) / 2.0 AS composite_score\nFROM ATOM_ENTITY_INVESTOR_PROFILE_001 AS b\nINNER JOIN total_gain AS g ON b.investor_id = g.investor_id\nINNER JOIN risk AS r ON b.investor_id = r.investor_id\nORDER BY composite_score DESC, b.investor_id ASC\nLIMIT 10;""}"
wealth_management_multi_step_comparative_125_questions:MC125-058,"Among investors with every component recorded, list the top 10 ranked by a composite score defined as total holding gain (counting only holdings with a recorded cost and current value) minus average goal shortfall (all components in INR); break ties by investor_id.",wealth_management_multi_step_comparative_125_questions.csv,PIPELINE_SUCCESS,PARTIAL,MISMATCH,SQL,,[],[],"[""Invalid requirement implementation: filters"", ""Requirement introduces unsupported terms: ['rank']"", ""group_by.0 has no quoted requirement."", ""measures.2 has no quoted requirement.""]","The pipeline returns the correct top-10 investor IDs in the correct ranking order, but composite scores are materially incorrect for INV-693, INV-1023, INV-663, and INV-483. Names and component metrics are omitted but are not necessary if the requested ranking and composite scores are otherwise provided.",38.512,"{""Q1"": ""WITH holding_gain AS (\n    SELECT investor_id,\n           SUM(current_value - cost) AS total_holding_gain\n    FROM ATOM_ENTITY_PORTFOLIO_HOLDING_001\n    WHERE cost IS NOT NULL\n      AND current_value IS NOT NULL\n    GROUP BY investor_id\n),\ngoal_shortfall AS (\n    SELECT investor_id,\n           AVG(shortfall) AS avg_goal_shortfall\n    FROM ATOM_ENTITY_INVESTMENT_GOAL_001\n    WHERE shortfall IS NOT NULL\n    GROUP BY investor_id\n)\nSELECT p.investor_id,\n       (hg.total_holding_gain - gs.avg_goal_shortfall) AS composite_score\nFROM ATOM_ENTITY_INVESTOR_PROFILE_001 AS p\nINNER JOIN holding_gain AS hg ON p.investor_id = hg.investor_id\nINNER JOIN goal_shortfall AS gs ON p.investor_id = gs.investor_id\nORDER BY composite_score DESC,\n         p.investor_id ASC\nLIMIT 10;""}"
wealth_management_multi_step_comparative_125_questions:MC125-059,"Among investors with every component recorded, list the top 10 ranked by a composite score defined as total rebalance amount plus total sector investment (all components in INR); break ties by investor_id.",wealth_management_multi_step_comparative_125_questions.csv,PIPELINE_SUCCESS,MATCH,MATCH,SQL,,[],[],"[""Requirement introduces unsupported terms: ['both', 'exist', 'must']"", ""Requirement introduces unsupported terms: ['rank']"", ""group_by.0 has no quoted requirement."", ""measures.0 has no quoted requirement."", ""measures.1 has no quoted requirement."", ""measures.2 has no quoted requirement.""]","The pipeline returns exactly the required top 10 investor IDs in the correct composite-score ranking order, with composite scores matching the ground truth. Investor names and individual component totals are not required to answer the question.",33.283,"{""Q1"": ""WITH rebalance_agg AS (\n    SELECT investor_id,\n           SUM(amount) AS total_rebalance_amount\n    FROM ATOM_EVENT_REBALANCING_ACTION_001\n    GROUP BY investor_id\n),\nsector_agg AS (\n    SELECT investor_id,\n           SUM(total_investment) AS total_sector_investment\n    FROM ATOM_ENTITY_SECTOR_ALLOCATION_001\n    GROUP BY investor_id\n)\nSELECT b.investor_id,\n       (r.total_rebalance_amount + s.total_sector_investment) AS composite_score\nFROM ATOM_ENTITY_INVESTOR_PROFILE_001 AS b\nINNER JOIN rebalance_agg r ON b.investor_id = r.investor_id\nINNER JOIN sector_agg s ON b.investor_id = s.investor_id\nORDER BY composite_score DESC, b.investor_id ASC\nLIMIT 10;""}"
wealth_management_multi_step_comparative_125_questions:MC125-061,"Across risk tolerance, compare the average net cash flow, average signed cash-flow amount, average total holding value, and average rebalance amount of investors.",wealth_management_multi_step_comparative_125_questions.csv,DAG_NODE_ERROR,MISMATCH,PARTIAL,SQL,Q1:Query_Spec_Contract,"[""unresolved""]","[""Unresolved requirements: [{'text': 'Definition of \""net cash flow\"" (how to sign cash\u2011flow amounts based on the \""type\"" field)', 'implemented_by': None}, {'text': 'Definition of \""signed cash\u2011flow amount\"" (whether it differs from raw amount)', 'implemented_by': None}]""]","[""group_by.0 has no quoted requirement.""]","Pipeline returned no answer rows because the query stage failed, while the ground truth contains four required risk-tolerance groups with aggregate metrics.",17.383,"{""Q1"": """"}"
wealth_management_multi_step_comparative_125_questions:MC125-060,"List the top 10 investors ranked by a composite score (0-100 index) combining total rebalance amount and total scenario allocation shift (sum of new minus current allocation %). Over investors that have both components, min-max normalise each component to 0-1, and take 100 times their equal-weighted mean; break ties by investor_id.",wealth_management_multi_step_comparative_125_questions.csv,PIPELINE_SUCCESS,MATCH,SCAN_ERROR,SQL,,[],[],"[""Requirement introduces unsupported terms: ['acros', 'all', 'eligible', 'minimum', 'normalisation']"", ""Requirement introduces unsupported terms: ['acros', 'all', 'eligible', 'maximum', 'normalisation']""]","The pipeline returns exactly the required top 10 investor IDs in the correct descending composite-score order, with scores matching the ground truth within rounding precision.",60.052,"{""Q1"": ""WITH rebalance AS (\n        SELECT investor_id,\n               SUM(amount) AS total_rebalance_amount\n        FROM ATOM_EVENT_REBALANCING_ACTION_001\n        GROUP BY investor_id\n    ),\n    scenario AS (\n        SELECT investor_id,\n               SUM(new_allocation_pct - current_allocation_pct) AS total_scenario_shift\n        FROM ATOM_EVENT_SCENARIO_REBALANCING_001\n        GROUP BY investor_id\n    ),\n    combined AS (\n        SELECT p.investor_id,\n               r.total_rebalance_amount,\n               s.total_scenario_shift\n        FROM ATOM_ENTITY_INVESTOR_PROFILE_001 AS p\n        INNER JOIN rebalance AS r ON p.investor_id = r.investor_id\n        INNER JOIN scenario AS s ON p.investor_id = s.investor_id\n    ),\n    stats AS (\n        SELECT MIN(total_rebalance_amount) AS min_total_rebalance,\n               MAX(total_rebalance_amount) AS max_total_rebalance,\n               MIN(total_scenario_shift)   AS min_total_shift,\n               MAX(total_scenario_shift)   AS max_total_shift\n        FROM combined\n    )\nSELECT\n    c.investor_id,\n    100.0 * ((\n                (c.total_rebalance_amount - stats.min_total_rebalance) / NULLIF(stats.max_total_rebalance - stats.min_total_rebalance, 0)\n           ) + (\n                (c.total_scenario_shift - stats.min_total_shift) / NULLIF(stats.max_total_shift - stats.min_total_shift, 0)\n           )) / 2.0 AS composite_score\nFROM combined AS c\nCROSS JOIN stats\nORDER BY composite_score DESC,\n         c.investor_id ASC\nLIMIT 10;""}"
wealth_management_multi_step_comparative_125_questions:MC125-062,"Across risk tolerance, compare the average net cash flow, average signed cash-flow amount, average total holding value, and average total sector investment of investors.",wealth_management_multi_step_comparative_125_questions.csv,DAG_NODE_ERROR,MISMATCH,PARTIAL,SQL,Q1:Query_Spec_Contract,"[""unknown_source"", ""physical_as_source""]","[""Unknown source: physical"", ""group_by.0: unknown source 'physical'."", ""measures.0: unknown source 'physical'."", ""measures.1: unknown source 'physical'."", ""measures.2: unknown source 'physical'."", ""measures.3: unknown source 'physical'.""]",[],"The pipeline returned no answer rows due to a subquery failure, while the ground truth contains required aggregate results for four risk-tolerance groups.",36.544,"{""Q1"": """"}"
wealth_management_multi_step_comparative_125_questions:MC125-056,"List the top 10 investors ranked by a composite score (0-100 index) combining total holding gain (counting only holdings with a recorded cost and current value) and total scenario allocation shift (sum of new minus current allocation %). Over investors that have both components, min-max normalise each component to 0-1, and take 100 times their equal-weighted mean; break ties by investor_id.",wealth_management_multi_step_comparative_125_questions.csv,PIPELINE_SUCCESS,PARTIAL,PARTIAL,SQL,,[],[],"[""Requirement introduces unsupported terms: ['scale']"", ""group_by.0 has no quoted requirement.""]","The pipeline includes all 10 required investors and generally matching composite scores, but the ranking order is incorrect for ranks 6-8.",108.846,"{""Q1"": ""WITH holdings AS (\n        SELECT investor_id,\n               SUM(current_value - cost) AS total_holding_gain\n        FROM ATOM_ENTITY_PORTFOLIO_HOLDING_001\n        WHERE cost IS NOT NULL\n          AND current_value IS NOT NULL\n        GROUP BY investor_id\n    ),\n    shifts AS (\n        SELECT investor_id,\n               SUM(new_allocation_pct - current_allocation_pct) AS total_scenario_shift\n        FROM ATOM_EVENT_SCENARIO_REBALANCING_001\n        GROUP BY investor_id\n    ),\n    base AS (\n        SELECT p.investor_id,\n               h.total_holding_gain,\n               s.total_scenario_shift\n        FROM ATOM_ENTITY_INVESTOR_PROFILE_001 p\n        INNER JOIN holdings h ON p.investor_id = h.investor_id\n        INNER JOIN shifts s ON p.investor_id = s.investor_id\n    ),\n    stats AS (\n        SELECT MIN(total_holding_gain) AS min_gain,\n               MAX(total_holding_gain) AS max_gain,\n               MIN(total_scenario_shift) AS min_shift,\n               MAX(total_scenario_shift) AS max_shift\n        FROM base\n    )\nSELECT\n    b.investor_id,\n    100.0 * (\n        ( (b.total_holding_gain - st.min_gain) / NULLIF(st.max_gain - st.min_gain, 0) ) +\n        ( (b.total_scenario_shift - st.min_shift) / NULLIF(st.max_shift - st.min_shift, 0) )\n    ) / 2.0 AS composite_score\nFROM base b\nCROSS JOIN stats st\nORDER BY composite_score DESC, b.investor_id\nLIMIT 10;""}"
wealth_management_multi_step_comparative_125_questions:MC125-063,"Across risk tolerance, compare the average net cash flow, average signed cash-flow amount, average total holding value, and average scenario shift (new minus current allocation %) of investors.",wealth_management_multi_step_comparative_125_questions.csv,DAG_NODE_ERROR,MISMATCH,MISMATCH,SQL,Q1:Query_Spec_Contract,"[""derived_expression_required"", ""derived_operand_misclassified""]","[""measures.3: unknown or self-referencing formula operand 'new_allocation_pct'."", ""measures.3: unknown or self-referencing formula operand 'current_allocation_pct'."", ""measures.4: derived measure needs an expression.""]","[""measures.3 has no quoted requirement.""]","Pipeline returned no answer rows because the query failed, while the ground truth contains four required risk-tolerance groups with aggregate metrics.",53.904,"{""Q1"": """"}"
wealth_management_multi_step_comparative_125_questions:MC125-065,"Across risk tolerance, compare the average net cash flow, average cash-flow amount, average total holding value, and average goal progress of investors.",wealth_management_multi_step_comparative_125_questions.csv,PIPELINE_SUCCESS,MATCH,MATCH,SQL,,[],[],[],"All four risk-tolerance groups are present, and each requested average metric matches the ground truth within tolerance. Omitted investor_count is not required by the question.",35.286,"{""Q1"": ""WITH profile_groups AS (SELECT DISTINCT \""investor_id\"", \""risk_tolerance\"" AS \""risk_tolerance\"" FROM \""ATOM_ENTITY_INVESTOR_PROFILE_001\""),\nmetric_source_0 AS (SELECT \""investor_id\"", SUM(\""amount\"") AS \""avg_net_cash_flow\"", AVG(\""amount\"") AS \""avg_cash_flow_amount\"" FROM \""ATOM_EVENT_CASH_FLOW_001\"" GROUP BY \""investor_id\""),\nmetric_source_1 AS (SELECT \""investor_id\"", SUM(\""current_value\"") AS \""avg_total_holding_value\"" FROM \""ATOM_ENTITY_PORTFOLIO_HOLDING_001\"" GROUP BY \""investor_id\""),\nmetric_source_2 AS (SELECT \""investor_id\"", AVG(\""progress_pct\"") AS \""avg_goal_progress\"" FROM \""ATOM_ENTITY_INVESTMENT_GOAL_001\"" GROUP BY \""investor_id\""),\ngrouped_result AS (SELECT profile_groups.\""risk_tolerance\"" AS \""risk_tolerance\"", AVG(metric_source_0.\""avg_net_cash_flow\"") AS \""avg_net_cash_flow\"", AVG(metric_source_0.\""avg_cash_flow_amount\"") AS \""avg_cash_flow_amount\"", AVG(metric_source_1.\""avg_total_holding_value\"") AS \""avg_total_holding_value\"", AVG(metric_source_2.\""avg_goal_progress\"") AS \""avg_goal_progress\"" FROM profile_groups LEFT JOIN metric_source_0 ON profile_groups.\""investor_id\"" = metric_source_0.\""investor_id\"" LEFT JOIN metric_source_1 ON profile_groups.\""investor_id\"" = metric_source_1.\""investor_id\"" LEFT JOIN metric_source_2 ON profile_groups.\""investor_id\"" = metric_source_2.\""investor_id\"" GROUP BY profile_groups.\""risk_tolerance\"")\nSELECT \""risk_tolerance\"", \""avg_net_cash_flow\"", \""avg_cash_flow_amount\"", \""avg_total_holding_value\"", \""avg_goal_progress\"" FROM grouped_result;""}"
wealth_management_multi_step_comparative_125_questions:MC125-066,"Across risk tolerance, compare the average net cash flow, average cash-flow amount, average total rebalance amount, and average total sector investment of investors.",wealth_management_multi_step_comparative_125_questions.csv,PIPELINE_SUCCESS,MATCH,PARTIAL,SQL,,[],[],[],"All four risk-tolerance groups, including the null group, are present with the requested average metrics. Values match the ground truth within rounding tolerance; omitted investor_count was not requested.",30.745,"{""Q1"": ""WITH profile_groups AS (SELECT DISTINCT \""investor_id\"", \""risk_tolerance\"" AS \""risk_tolerance\"" FROM \""ATOM_ENTITY_INVESTOR_PROFILE_001\""),\nmetric_source_0 AS (SELECT \""investor_id\"", SUM(\""amount\"") AS \""avg_net_cash_flow\"", AVG(\""amount\"") AS \""avg_cash_flow_amount\"" FROM \""ATOM_EVENT_CASH_FLOW_001\"" GROUP BY \""investor_id\""),\nmetric_source_1 AS (SELECT \""investor_id\"", SUM(\""amount\"") AS \""avg_total_rebalance_amount\"" FROM \""ATOM_EVENT_REBALANCING_ACTION_001\"" GROUP BY \""investor_id\""),\nmetric_source_2 AS (SELECT \""investor_id\"", SUM(\""total_investment\"") AS \""avg_total_sector_investment\"" FROM \""ATOM_ENTITY_SECTOR_ALLOCATION_001\"" GROUP BY \""investor_id\""),\ngrouped_result AS (SELECT profile_groups.\""risk_tolerance\"" AS \""risk_tolerance\"", AVG(metric_source_0.\""avg_net_cash_flow\"") AS \""avg_net_cash_flow\"", AVG(metric_source_0.\""avg_cash_flow_amount\"") AS \""avg_cash_flow_amount\"", AVG(metric_source_1.\""avg_total_rebalance_amount\"") AS \""avg_total_rebalance_amount\"", AVG(metric_source_2.\""avg_total_sector_investment\"") AS \""avg_total_sector_investment\"" FROM profile_groups LEFT JOIN metric_source_0 ON profile_groups.\""investor_id\"" = metric_source_0.\""investor_id\"" LEFT JOIN metric_source_1 ON profile_groups.\""investor_id\"" = metric_source_1.\""investor_id\"" LEFT JOIN metric_source_2 ON profile_groups.\""investor_id\"" = metric_source_2.\""investor_id\"" GROUP BY profile_groups.\""risk_tolerance\"")\nSELECT \""risk_tolerance\"", \""avg_net_cash_flow\"", \""avg_cash_flow_amount\"", \""avg_total_rebalance_amount\"", \""avg_total_sector_investment\"" FROM grouped_result;""}"
wealth_management_multi_step_comparative_125_questions:MC125-064,"Across risk tolerance, compare the average net cash flow, average cash-flow amount, average total holding value, and average risk score of investors.",wealth_management_multi_step_comparative_125_questions.csv,DAG_NODE_ERROR,MISMATCH,MATCH,SQL,Q1:Query_Spec_Contract,"[""unknown_source""]","[""Unknown source: ATOM_ENTITY_INVORER_PROFILE_001"", ""group_by.0: unknown source 'ATOM_ENTITY_INVORER_PROFILE_001'.""]",[],"The pipeline returned no answer rows because the query failed, while the ground truth requires aggregated metrics for four risk-tolerance groups.",45.353,"{""Q1"": """"}"
wealth_management_multi_step_comparative_125_questions:MC125-067,"Across risk tolerance, compare the average net cash flow, average cash-flow amount, average total rebalance amount, and average scenario allocation shift (new minus current allocation %) of investors.",wealth_management_multi_step_comparative_125_questions.csv,DAG_NODE_ERROR,MISMATCH,PARTIAL,SQL,Q1:Query_Spec_Contract,"[""unresolved"", ""unknown_field_operand""]","[""Unresolved requirements: [{'text': 'Definition of \""net cash flow\"" (whether it requires sign handling based on cash\u2011flow type).', 'implemented_by': []}]"", ""measures.3: field 'allocation_shift' is not in 'ATOM_EVENT_SCENARIO_REBALANCING_001'.""]","[""Every subquery needs a requirement ledger.""]",The pipeline returned a query failure instead of the required risk-tolerance-level averages.,23.006,"{""Q1"": """"}"
wealth_management_multi_step_comparative_125_questions:MC125-069,"Across risk tolerance, compare the average net cash flow, average cash-flow amount, average total rebalance amount, and average goal progress of investors.",wealth_management_multi_step_comparative_125_questions.csv,DAG_NODE_ERROR,MISMATCH,MISMATCH,SQL,Q1:Query_Spec_Contract,"[""unresolved""]","[""Unresolved requirements: [{'text': 'average net cash flow', 'reason': 'No explicit definition of \""net cash flow\"" exists in the schema (e.g., sign handling of deposit vs withdrawal).'}]""]","[""Invalid requirement implementation: measures[0]"", ""Invalid requirement implementation: measures[1]"", ""Invalid requirement implementation: measures[2]"", ""measures.0 has no quoted requirement."", ""measures.1 has no quoted requirement."", ""measures.2 has no quoted requirement.""]",Pipeline returned a query failure rather than the required risk-tolerance comparison metrics.,18.171,"{""Q1"": """"}"
wealth_management_multi_step_comparative_125_questions:MC125-068,"Across risk tolerance, compare the average net cash flow, average cash-flow amount, average total rebalance amount, and average risk score of investors.",wealth_management_multi_step_comparative_125_questions.csv,DAG_NODE_ERROR,MISMATCH,MISMATCH,SQL,Q2:Binding,[],[],"[""Invalid requirement implementation: measures[0]"", ""Invalid requirement implementation: measures[1]"", ""Invalid requirement implementation: measures[2]"", ""Requirement introduces unsupported terms: ['include']"", ""Invalid requirement implementation: measures[3]"", ""Invalid requirement implementation: group_by[0]"", ""Requirement introduces unsupported terms: ['acros', 'compare']"", ""group_by.0 has no quoted requirement."", ""measures.0 has no quoted requirement."", ""measures.1 has no quoted requirement."", ""measures.2 has no quoted requirement."", ""measures.3 has no quoted requirement.""]","Pipeline produced no answer rows because the subquery DAG failed, while the ground truth requires aggregated comparison metrics for four risk-tolerance groups.",29.515,"{""Q1"": ""WITH profile_groups AS (SELECT DISTINCT \""investor_id\"", \""risk_tolerance\"" AS \""risk_tolerance\"" FROM \""ATOM_ENTITY_INVESTOR_PROFILE_001\""),\nmetric_source_0 AS (SELECT \""investor_id\"", SUM(\""amount\"") AS \""avg_net_cash_flow\"", AVG(\""amount\"") AS \""avg_cash_flow_amount\"" FROM \""ATOM_EVENT_CASH_FLOW_001\"" GROUP BY \""investor_id\""),\nmetric_source_1 AS (SELECT \""investor_id\"", SUM(\""amount\"") AS \""avg_total_rebalance_amount\"" FROM \""ATOM_EVENT_REBALANCING_ACTION_001\"" GROUP BY \""investor_id\""),\nmetric_source_2 AS (SELECT \""investor_id\"", AVG(\""risk_score\"") AS \""avg_risk_score\"" FROM \""ATOM_ENTITY_PORTFOLIO_HEALTH_001\"" GROUP BY \""investor_id\""),\ngrouped_result AS (SELECT profile_groups.\""risk_tolerance\"" AS \""risk_tolerance\"", AVG(metric_source_0.\""avg_net_cash_flow\"") AS \""avg_net_cash_flow\"", AVG(metric_source_0.\""avg_cash_flow_amount\"") AS \""avg_cash_flow_amount\"", AVG(metric_source_1.\""avg_total_rebalance_amount\"") AS \""avg_total_rebalance_amount\"", AVG(metric_source_2.\""avg_risk_score\"") AS \""avg_risk_score\"" FROM profile_groups LEFT JOIN metric_source_0 ON profile_groups.\""investor_id\"" = metric_source_0.\""investor_id\"" LEFT JOIN metric_source_1 ON profile_groups.\""investor_id\"" = metric_source_1.\""investor_id\"" LEFT JOIN metric_source_2 ON profile_groups.\""investor_id\"" = metric_source_2.\""investor_id\"" GROUP BY profile_groups.\""risk_tolerance\"")\nSELECT \""risk_tolerance\"", \""avg_net_cash_flow\"", \""avg_cash_flow_amount\"", \""avg_total_rebalance_amount\"", \""avg_risk_score\"" FROM grouped_result;"", ""Q2"": """"}"
wealth_management_multi_step_comparative_125_questions:MC125-070,"Across risk tolerance, compare the average net cash flow, average cash-flow amount, average total sector investment, and average scenario allocation shift (new minus current allocation %) of investors.",wealth_management_multi_step_comparative_125_questions.csv,DAG_NODE_ERROR,MISMATCH,MATCH,SQL,Q1:Query_Spec_Contract,"[""unresolved""]","[""Unresolved requirements: [{'text': 'Definition of \""net cash flow\"" sign (how to treat Deposit vs Withdrawal etc.)'}]""]",[],"Pipeline produced no answer rows because the query failed, while the ground truth contains four required risk-tolerance groups with aggregated metrics.",23.488,"{""Q1"": """"}"
wealth_management_multi_step_comparative_125_questions:MC125-074,"Across risk tolerance, compare the average net cash flow, average cash-flow amount, average scenario allocation shift (new minus current allocation %), and average goal progress of investors.",wealth_management_multi_step_comparative_125_questions.csv,DAG_NODE_ERROR,MISMATCH,MISMATCH,SQL,Q1:Query_Spec_Contract,"[""unknown_source"", ""unresolved"", ""derived_operand_misclassified"", ""physical_as_source""]","[""Unresolved requirements: [{'text': 'Definition of \""net cash flow\"" (how to assign sign to cash\u2011flow amounts based on the type column).', 'implemented_by': []}]"", ""Unknown source: physical"", ""group_by.0: unknown source 'physical'."", ""measures.0: unknown or self-referencing formula operand 'ATOM_EVENT_CASH_FLOW_001.amount'."", ""measures.0: unknown or self-referencing formula operand 'ATOM_EVENT_CASH_FLOW_001.type'."", ""measures.1: unknown source 'physical'."", ""measures.2: unknown or self-referencing formula operand 'ATOM_EVENT_SCENARIO_REBALANCING_001.new_allocation_pct'."", ""measures.2: unknown or self-referencing formula operand 'ATOM_EVENT_SCENARIO_REBALANCING_001.current_allocation_pct'."", ""measures.3: unknown source 'physical'.""]",[],"Pipeline returned no answer rows because the query failed, while the ground truth contains four required risk-tolerance groups with aggregate metrics.",23.598,"{""Q1"": """"}"
wealth_management_multi_step_comparative_125_questions:MC125-071,"Across risk tolerance, compare the average net cash flow, average cash-flow amount, average total sector investment, and average risk score of investors.",wealth_management_multi_step_comparative_125_questions.csv,PIPELINE_SUCCESS,PARTIAL,MATCH,SQL,,[],[],[],"The pipeline returns all four required risk-tolerance groups and its average risk scores are within tolerance, but the required cash-flow and sector-investment averages materially differ from the ground truth for multiple groups.",41.17,"{""Q1"": ""WITH net_cash AS (\n        SELECT investor_id, SUM(amount) AS net_cash_flow\n        FROM ATOM_EVENT_CASH_FLOW_001\n        GROUP BY investor_id\n    ),\n    cash_flow AS (\n        SELECT investor_id, amount\n        FROM ATOM_EVENT_CASH_FLOW_001\n    ),\n    sector_inv AS (\n        SELECT investor_id, SUM(total_investment) AS total_sector_investment\n        FROM ATOM_ENTITY_SECTOR_ALLOCATION_001\n        GROUP BY investor_id\n    ),\n    risk_sc AS (\n        SELECT investor_id, risk_score\n        FROM ATOM_ENTITY_PORTFOLIO_HEALTH_001\n    )\nSELECT\n    p.risk_tolerance AS risk_tolerance,\n    AVG(net_cash.net_cash_flow) AS avg_net_cash_flow,\n    AVG(cash_flow.amount) AS avg_cash_flow_amount,\n    AVG(sector_inv.total_sector_investment) AS avg_total_sector_investment,\n    AVG(risk_sc.risk_score) AS avg_risk_score\nFROM ATOM_ENTITY_INVESTOR_PROFILE_001 AS p\nLEFT JOIN net_cash ON p.investor_id = net_cash.investor_id\nLEFT JOIN cash_flow ON p.investor_id = cash_flow.investor_id\nLEFT JOIN sector_inv ON p.investor_id = sector_inv.investor_id\nLEFT JOIN risk_sc ON p.investor_id = risk_sc.investor_id\nGROUP BY p.risk_tolerance;""}"
wealth_management_multi_step_comparative_125_questions:MC125-072,"Across risk tolerance, compare the average net cash flow, average cash-flow amount, average total sector investment, and average goal progress of investors.",wealth_management_multi_step_comparative_125_questions.csv,PIPELINE_SUCCESS,PARTIAL,PARTIAL,SQL,,[],[],[],"All risk-tolerance groups are present, and average cash-flow amount and average goal progress match the ground truth within tolerance. However, average net cash flow and average total sector investment are materially incorrect for every group.",40.002,"{""Q1"": ""WITH net_cash_flow_per_inv AS (\n    SELECT investor_id,\n           SUM(CASE WHEN type IN ('Deposit','Dividend Reinvestment','Interest Credit','Lump Sum','SIP','Tax Refund')\n                    THEN amount ELSE -amount END) AS net_cash_flow\n    FROM ATOM_EVENT_CASH_FLOW_001\n    GROUP BY investor_id\n),\ncash_flow_amount_per_inv AS (\n    SELECT investor_id,\n           AVG(amount) AS avg_cash_flow_amount\n    FROM ATOM_EVENT_CASH_FLOW_001\n    GROUP BY investor_id\n),\ntotal_sector_investment_per_inv AS (\n    SELECT investor_id,\n           AVG(total_investment) AS avg_total_sector_investment\n    FROM ATOM_ENTITY_SECTOR_ALLOCATION_001\n    GROUP BY investor_id\n),\ngoal_progress_per_inv AS (\n    SELECT investor_id,\n           AVG(progress_pct) AS avg_goal_progress\n    FROM ATOM_ENTITY_INVESTMENT_GOAL_001\n    GROUP BY investor_id\n)\nSELECT\n    b.risk_tolerance,\n    AVG(nc.net_cash_flow) AS avg_net_cash_flow,\n    AVG(cfa.avg_cash_flow_amount) AS avg_cash_flow_amount,\n    AVG(tsi.avg_total_sector_investment) AS avg_total_sector_investment,\n    AVG(gp.avg_goal_progress) AS avg_goal_progress\nFROM ATOM_ENTITY_INVESTOR_PROFILE_001 b\nLEFT JOIN net_cash_flow_per_inv nc ON b.investor_id = nc.investor_id\nLEFT JOIN cash_flow_amount_per_inv cfa ON b.investor_id = cfa.investor_id\nLEFT JOIN total_sector_investment_per_inv tsi ON b.investor_id = tsi.investor_id\nLEFT JOIN goal_progress_per_inv gp ON b.investor_id = gp.investor_id\nGROUP BY b.risk_tolerance;""}"
wealth_management_multi_step_comparative_125_questions:MC125-073,"Across risk tolerance, compare the average net cash flow, average cash-flow amount, average scenario allocation shift (new minus current allocation %), and average risk score of investors.",wealth_management_multi_step_comparative_125_questions.csv,PIPELINE_SUCCESS,MATCH,MATCH,SQL,,[],[],[],"All four risk-tolerance groups are present, and each requested average metric matches the ground truth within rounding/tolerance. Investor count is not required by the question.",46.623,"{""Q1"": ""WITH profile_groups AS (SELECT DISTINCT \""investor_id\"", \""risk_tolerance\"" AS \""risk_tolerance\"" FROM \""ATOM_ENTITY_INVESTOR_PROFILE_001\""),\nmetric_source_0 AS (SELECT \""investor_id\"", SUM(\""amount\"") AS \""avg_net_cash_flow\"", AVG(\""amount\"") AS \""avg_cash_flow_amount\"" FROM \""ATOM_EVENT_CASH_FLOW_001\"" GROUP BY \""investor_id\""),\nmetric_source_1 AS (SELECT \""investor_id\"", AVG((\""new_allocation_pct\"" - \""current_allocation_pct\"")) AS \""avg_scenario_allocation_shift\"" FROM \""ATOM_EVENT_SCENARIO_REBALANCING_001\"" GROUP BY \""investor_id\""),\nmetric_source_2 AS (SELECT \""investor_id\"", AVG(\""risk_score\"") AS \""avg_risk_score\"" FROM \""ATOM_ENTITY_PORTFOLIO_HEALTH_001\"" GROUP BY \""investor_id\""),\ngrouped_result AS (SELECT profile_groups.\""risk_tolerance\"" AS \""risk_tolerance\"", AVG(metric_source_0.\""avg_net_cash_flow\"") AS \""avg_net_cash_flow\"", AVG(metric_source_0.\""avg_cash_flow_amount\"") AS \""avg_cash_flow_amount\"", AVG(metric_source_1.\""avg_scenario_allocation_shift\"") AS \""avg_scenario_allocation_shift\"", AVG(metric_source_2.\""avg_risk_score\"") AS \""avg_risk_score\"" FROM profile_groups LEFT JOIN metric_source_0 ON profile_groups.\""investor_id\"" = metric_source_0.\""investor_id\"" LEFT JOIN metric_source_1 ON profile_groups.\""investor_id\"" = metric_source_1.\""investor_id\"" LEFT JOIN metric_source_2 ON profile_groups.\""investor_id\"" = metric_source_2.\""investor_id\"" GROUP BY profile_groups.\""risk_tolerance\"")\nSELECT \""risk_tolerance\"", \""avg_net_cash_flow\"", \""avg_cash_flow_amount\"", \""avg_scenario_allocation_shift\"", \""avg_risk_score\"" FROM grouped_result;""}"
wealth_management_multi_step_comparative_125_questions:MC125-076,"Across risk tolerance, compare the average total holding value, average holding return (counting only holdings with a recorded cost and current value), average total rebalance amount, and average total sector investment of investors.",wealth_management_multi_step_comparative_125_questions.csv,PIPELINE_SUCCESS,PARTIAL,PARTIAL,SQL,,[],[],[],"All risk-tolerance groups and the average holding value, rebalance amount, and sector investment metrics match the ground truth within tolerance. However, the average holding return is incorrect for every group, indicating the required recorded-cost/current-value filter or return calculation was not applied correctly.",15.996,"{""Q1"": ""WITH profile_groups AS (SELECT DISTINCT \""investor_id\"", \""risk_tolerance\"" AS \""risk_tolerance\"" FROM \""ATOM_ENTITY_INVESTOR_PROFILE_001\""),\nmetric_source_0 AS (SELECT \""investor_id\"", SUM(\""current_value\"") AS \""avg_total_holding_value\"" FROM \""ATOM_ENTITY_PORTFOLIO_HOLDING_001\"" GROUP BY \""investor_id\""),\nmetric_source_1 AS (SELECT \""investor_id\"", AVG(\""returns_pct\"") AS \""avg_holding_return\"" FROM \""ATOM_ENTITY_PORTFOLIO_HOLDING_001\"" WHERE \""cost\"" IS NOT NULL AND \""current_value\"" IS NOT NULL GROUP BY \""investor_id\""),\nmetric_source_2 AS (SELECT \""investor_id\"", SUM(\""amount\"") AS \""avg_total_rebalance_amount\"" FROM \""ATOM_EVENT_REBALANCING_ACTION_001\"" GROUP BY \""investor_id\""),\nmetric_source_3 AS (SELECT \""investor_id\"", SUM(\""total_investment\"") AS \""avg_total_sector_investment\"" FROM \""ATOM_ENTITY_SECTOR_ALLOCATION_001\"" GROUP BY \""investor_id\""),\ngrouped_result AS (SELECT profile_groups.\""risk_tolerance\"" AS \""risk_tolerance\"", AVG(metric_source_0.\""avg_total_holding_value\"") AS \""avg_total_holding_value\"", AVG(metric_source_1.\""avg_holding_return\"") AS \""avg_holding_return\"", AVG(metric_source_2.\""avg_total_rebalance_amount\"") AS \""avg_total_rebalance_amount\"", AVG(metric_source_3.\""avg_total_sector_investment\"") AS \""avg_total_sector_investment\"" FROM profile_groups LEFT JOIN metric_source_0 ON profile_groups.\""investor_id\"" = metric_source_0.\""investor_id\"" LEFT JOIN metric_source_1 ON profile_groups.\""investor_id\"" = metric_source_1.\""investor_id\"" LEFT JOIN metric_source_2 ON profile_groups.\""investor_id\"" = metric_source_2.\""investor_id\"" LEFT JOIN metric_source_3 ON profile_groups.\""investor_id\"" = metric_source_3.\""investor_id\"" GROUP BY profile_groups.\""risk_tolerance\"")\nSELECT \""risk_tolerance\"", \""avg_total_holding_value\"", \""avg_holding_return\"", \""avg_total_rebalance_amount\"", \""avg_total_sector_investment\"" FROM grouped_result;""}"
wealth_management_multi_step_comparative_125_questions:MC125-075,"Across risk tolerance, compare the average net cash flow, average cash-flow amount, average risk score, and average goal progress of investors.",wealth_management_multi_step_comparative_125_questions.csv,PIPELINE_SUCCESS,MATCH,PARTIAL,SQL,,[],[],[],"All four risk-tolerance groups are present, and each requested average metric matches the ground truth within rounding/tolerance. Investor count is not required by the question.",22.619,"{""Q1"": ""WITH cash_sum_per_inv AS (\n    SELECT investor_id, SUM(amount) AS net_cash_flow_sum\n    FROM ATOM_EVENT_CASH_FLOW_001\n    GROUP BY investor_id\n),\ncash_avg_per_inv AS (\n    SELECT investor_id, AVG(amount) AS cash_flow_avg\n    FROM ATOM_EVENT_CASH_FLOW_001\n    GROUP BY investor_id\n),\nrisk_score_per_inv AS (\n    SELECT investor_id, AVG(risk_score) AS risk_score_avg\n    FROM ATOM_ENTITY_PORTFOLIO_HEALTH_001\n    GROUP BY investor_id\n),\ngoal_progress_per_inv AS (\n    SELECT investor_id, AVG(progress_pct) AS goal_progress_avg\n    FROM ATOM_ENTITY_INVESTMENT_GOAL_001\n    GROUP BY investor_id\n)\nSELECT\n    p.risk_tolerance,\n    AVG(cs.net_cash_flow_sum) AS avg_net_cash_flow,\n    AVG(ca.cash_flow_avg) AS avg_cash_flow_amount,\n    AVG(r.risk_score_avg) AS avg_risk_score,\n    AVG(g.goal_progress_avg) AS avg_goal_progress\nFROM ATOM_ENTITY_INVESTOR_PROFILE_001 p\nLEFT JOIN cash_sum_per_inv cs ON p.investor_id = cs.investor_id\nLEFT JOIN cash_avg_per_inv ca ON p.investor_id = ca.investor_id\nLEFT JOIN risk_score_per_inv r ON p.investor_id = r.investor_id\nLEFT JOIN goal_progress_per_inv g ON p.investor_id = g.investor_id\nGROUP BY p.risk_tolerance;""}"
wealth_management_multi_step_comparative_125_questions:MC125-078,"Across risk tolerance, compare the average total holding value, average holding return (counting only holdings with a recorded cost and current value), average total rebalance amount, and average risk score of investors.",wealth_management_multi_step_comparative_125_questions.csv,DAG_NODE_ERROR,MISMATCH,PARTIAL,SQL,Q1:Query_Spec_Contract,"[""derived_expression_required"", ""derived_operand_misclassified""]","[""measures.0: derived measure needs an expression."", ""measures.0: unknown or self-referencing formula operand 'total_holding_value'."", ""measures.0: measure needs a field or formula."", ""measures.1: derived measure needs an expression."", ""measures.1: unknown or self-referencing formula operand 'holding_return'."", ""measures.1: measure needs a field or formula."", ""measures.2: derived measure needs an expression."", ""measures.2: unknown or self-referencing formula operand 'total_rebalance_amount'."", ""measures.2: measure needs a field or formula."", ""measures.3: derived measure needs an expression."", ""measures.3: unknown or self-referencing formula operand 'risk_score'."", ""measures.3: measure needs a field or formula.""]",[],"Pipeline returned no answer rows because the query failed, while the ground truth contains four required risk-tolerance groups with aggregate metrics.",17.948,"{""Q1"": """"}"
wealth_management_multi_step_comparative_125_questions:MC125-080,"Across risk tolerance, compare the average total holding value, average holding return (counting only holdings with a recorded cost and current value), average total sector investment, and average scenario allocation shift (new minus current allocation %) of investors.",wealth_management_multi_step_comparative_125_questions.csv,DAG_NODE_ERROR,MISMATCH,PARTIAL,SQL,Q1:Query_Spec_Contract,"[""unknown_source"", ""empty_output_schema"", ""population_filter_contract"", ""physical_as_source""]","[""Unknown source: physical"", ""group_by.0: unknown source 'physical'."", ""measures.0: unknown source 'physical'."", ""measures.1: unknown source 'physical'."", ""measures.1.population_filters: Unknown base_entity: physical"", ""measures.1.population_filters: filters.0: unknown source 'physical'."", ""measures.1.population_filters: filters.1: unknown source 'physical'."", ""measures.1.population_filters: output_schema must contain named output columns."", ""measures.2: unknown source 'physical'."", ""measures.3: unknown source 'physical'.""]","[""Invalid requirement implementation: measures[0]"", ""Invalid requirement implementation: measures[1].population_filters"", ""Invalid requirement implementation: measures[2]"", ""Invalid requirement implementation: measures[3]"", ""group_by.0 has no quoted requirement."", ""measures.0 has no quoted requirement."", ""measures.1 has no quoted requirement."", ""measures.2 has no quoted requirement."", ""measures.3 has no quoted requirement.""]","Pipeline returned no answer rows because the query stage failed, while the ground truth contains required aggregate results for four risk-tolerance groups.",20.195,"{""Q1"": """"}"
wealth_management_multi_step_comparative_125_questions:MC125-079,"Across risk tolerance, compare the average total holding value, average holding return (counting only holdings with a recorded cost and current value), average total rebalance amount, and average goal progress of investors.",wealth_management_multi_step_comparative_125_questions.csv,PIPELINE_SUCCESS,PARTIAL,MISMATCH,SQL,,[],[],[],"All risk-tolerance groups and the average holding value, rebalance amount, and goal progress are correct within tolerance, but the average holding return is materially incorrect for every group.",29.84,"{""Q1"": ""WITH profile_groups AS (SELECT DISTINCT \""investor_id\"", \""risk_tolerance\"" AS \""risk_tolerance\"" FROM \""ATOM_ENTITY_INVESTOR_PROFILE_001\""),\nmetric_source_0 AS (SELECT \""investor_id\"", SUM(\""current_value\"") AS \""avg_total_holding_value\"" FROM \""ATOM_ENTITY_PORTFOLIO_HOLDING_001\"" GROUP BY \""investor_id\""),\nmetric_source_1 AS (SELECT \""investor_id\"", AVG(\""returns_pct\"") AS \""avg_holding_return\"" FROM \""ATOM_ENTITY_PORTFOLIO_HOLDING_001\"" WHERE \""cost\"" IS NOT NULL AND \""current_value\"" IS NOT NULL GROUP BY \""investor_id\""),\nmetric_source_2 AS (SELECT \""investor_id\"", SUM(\""amount\"") AS \""avg_total_rebalance_amount\"" FROM \""ATOM_EVENT_REBALANCING_ACTION_001\"" GROUP BY \""investor_id\""),\nmetric_source_3 AS (SELECT \""investor_id\"", AVG(\""progress_pct\"") AS \""avg_goal_progress\"" FROM \""ATOM_ENTITY_INVESTMENT_GOAL_001\"" GROUP BY \""investor_id\""),\ngrouped_result AS (SELECT profile_groups.\""risk_tolerance\"" AS \""risk_tolerance\"", AVG(metric_source_0.\""avg_total_holding_value\"") AS \""avg_total_holding_value\"", AVG(metric_source_1.\""avg_holding_return\"") AS \""avg_holding_return\"", AVG(metric_source_2.\""avg_total_rebalance_amount\"") AS \""avg_total_rebalance_amount\"", AVG(metric_source_3.\""avg_goal_progress\"") AS \""avg_goal_progress\"" FROM profile_groups LEFT JOIN metric_source_0 ON profile_groups.\""investor_id\"" = metric_source_0.\""investor_id\"" LEFT JOIN metric_source_1 ON profile_groups.\""investor_id\"" = metric_source_1.\""investor_id\"" LEFT JOIN metric_source_2 ON profile_groups.\""investor_id\"" = metric_source_2.\""investor_id\"" LEFT JOIN metric_source_3 ON profile_groups.\""investor_id\"" = metric_source_3.\""investor_id\"" GROUP BY profile_groups.\""risk_tolerance\"")\nSELECT \""risk_tolerance\"", \""avg_total_holding_value\"", \""avg_holding_return\"", \""avg_total_rebalance_amount\"", \""avg_goal_progress\"" FROM grouped_result;""}"
wealth_management_multi_step_comparative_125_questions:MC125-077,"Across risk tolerance, compare the average total holding value, average holding return (counting only holdings with a recorded cost and current value), average total rebalance amount, and average scenario allocation shift (new minus current allocation %) of investors.",wealth_management_multi_step_comparative_125_questions.csv,PIPELINE_SUCCESS,PARTIAL,MISMATCH,SQL,,[],[],[],"All risk-tolerance groups are present and the average holding value, rebalance amount, and scenario allocation shift agree with the ground truth within tolerance. However, average holding return is incorrect for every group, with several differences materially exceeding the allowed tolerance.",44.34,"{""Q1"": ""WITH profile_groups AS (SELECT DISTINCT \""investor_id\"", \""risk_tolerance\"" AS \""risk_tolerance\"" FROM \""ATOM_ENTITY_INVESTOR_PROFILE_001\""),\nmetric_source_0 AS (SELECT \""investor_id\"", SUM(\""current_value\"") AS \""avg_total_holding_value\"" FROM \""ATOM_ENTITY_PORTFOLIO_HOLDING_001\"" GROUP BY \""investor_id\""),\nmetric_source_1 AS (SELECT \""investor_id\"", AVG(\""returns_pct\"") AS \""avg_holding_return\"" FROM \""ATOM_ENTITY_PORTFOLIO_HOLDING_001\"" WHERE \""cost\"" IS NOT NULL AND \""current_value\"" IS NOT NULL GROUP BY \""investor_id\""),\nmetric_source_2 AS (SELECT \""investor_id\"", SUM(\""amount\"") AS \""avg_total_rebalance_amount\"" FROM \""ATOM_EVENT_REBALANCING_ACTION_001\"" GROUP BY \""investor_id\""),\nmetric_source_3 AS (SELECT \""investor_id\"", AVG((\""new_allocation_pct\"" - \""current_allocation_pct\"")) AS \""avg_scenario_allocation_shift\"" FROM \""ATOM_EVENT_SCENARIO_REBALANCING_001\"" GROUP BY \""investor_id\""),\ngrouped_result AS (SELECT profile_groups.\""risk_tolerance\"" AS \""risk_tolerance\"", AVG(metric_source_0.\""avg_total_holding_value\"") AS \""avg_total_holding_value\"", AVG(metric_source_1.\""avg_holding_return\"") AS \""avg_holding_return\"", AVG(metric_source_2.\""avg_total_rebalance_amount\"") AS \""avg_total_rebalance_amount\"", AVG(metric_source_3.\""avg_scenario_allocation_shift\"") AS \""avg_scenario_allocation_shift\"" FROM profile_groups LEFT JOIN metric_source_0 ON profile_groups.\""investor_id\"" = metric_source_0.\""investor_id\"" LEFT JOIN metric_source_1 ON profile_groups.\""investor_id\"" = metric_source_1.\""investor_id\"" LEFT JOIN metric_source_2 ON profile_groups.\""investor_id\"" = metric_source_2.\""investor_id\"" LEFT JOIN metric_source_3 ON profile_groups.\""investor_id\"" = metric_source_3.\""investor_id\"" GROUP BY profile_groups.\""risk_tolerance\"")\nSELECT \""risk_tolerance\"", \""avg_total_holding_value\"", \""avg_holding_return\"", \""avg_total_rebalance_amount\"", \""avg_scenario_allocation_shift\"" FROM grouped_result;""}"
wealth_management_multi_step_comparative_125_questions:MC125-084,"List the top 10 investors ranked by a composite score (0-100 index) combining net cash flow, total holding gain (counting only holdings with a recorded cost and current value) and risk score. Over investors that have all 3 components, min-max normalise each component to 0-1, and take 100 times their equal-weighted mean; break ties by investor_id.",wealth_management_multi_step_comparative_125_questions.csv,DAG_NODE_ERROR,MISMATCH,MISMATCH,SQL,Q1:Query_Spec_Contract,"[""unknown_source"", ""empty_output_schema"", ""derived_operand_misclassified"", ""population_filter_contract""]","[""measures.1: unknown or self-referencing formula operand 'current_value'."", ""measures.1: unknown or self-referencing formula operand 'cost'."", ""measures.1.population_filters: Unknown base_entity: derived"", ""measures.1.population_filters: output_schema must contain named output columns."", ""measures.3: unknown or self-referencing formula operand 'min_net_cash_flow'."", ""measures.3: unknown or self-referencing formula operand 'max_net_cash_flow'."", ""measures.4: unknown or self-referencing formula operand 'min_holding_gain'."", ""measures.4: unknown or self-referencing formula operand 'max_holding_gain'."", ""measures.5: unknown or self-referencing formula operand 'min_risk_score'."", ""measures.5: unknown or self-referencing formula operand 'max_risk_score'.""]","[""Requirement introduces unsupported terms: ['normalize']"", ""group_by.0 has no quoted requirement.""]","The pipeline returned no answer rows because the query failed, while the ground truth contains 10 required ranked investors with composite scores and component values.",15.421,"{""Q1"": """"}"
wealth_management_multi_step_comparative_125_questions:MC125-083,"List the top 10 investors ranked by a composite score (0-100 index) combining net cash flow, total holding gain (counting only holdings with a recorded cost and current value) and total scenario allocation shift (sum of new minus current allocation %). Over investors that have all 3 components, min-max normalise each component to 0-1, and take 100 times their equal-weighted mean; break ties by investor_id.",wealth_management_multi_step_comparative_125_questions.csv,DAG_NODE_ERROR,MISMATCH,MISMATCH,SQL,Q1:Query_Spec_Contract,"[""unknown_source"", ""empty_output_schema"", ""derived_operand_misclassified"", ""population_filter_contract""]","[""measures.1: unknown or self-referencing formula operand 'current_value'."", ""measures.1: unknown or self-referencing formula operand 'cost'."", ""measures.1.population_filters: Unknown base_entity: derived"", ""measures.1.population_filters: output_schema must contain named output columns."", ""measures.2: unknown or self-referencing formula operand 'new_allocation_pct'."", ""measures.2: unknown or self-referencing formula operand 'current_allocation_pct'.""]","[""Requirement introduces unsupported terms: ['considered']"", ""Requirement introduces unsupported terms: ['normalised']"", ""Requirement introduces unsupported terms: ['broken', 'descending', 'ordered']"", ""group_by.0 has no quoted requirement."", ""measures.0 has no quoted requirement."", ""measures.1 has no quoted requirement."", ""measures.2 has no quoted requirement."", ""measures.3 has no quoted requirement."", ""measures.4 has no quoted requirement."", ""measures.5 has no quoted requirement."", ""measures.6 has no quoted requirement."", ""measures.7 has no quoted requirement."", ""measures.8 has no quoted requirement.""]","Pipeline returned no answer rows due to a query-spec failure, while the ground truth contains 10 required ranked investors.",29.092,"{""Q1"": """"}"
wealth_management_multi_step_comparative_125_questions:MC125-082,"Among investors with every component recorded, list the top 10 ranked by a composite score defined as net cash flow plus total holding gain (counting only holdings with a recorded cost and current value) plus total sector investment (all components in INR); break ties by investor_id.",wealth_management_multi_step_comparative_125_questions.csv,PIPELINE_SUCCESS,PARTIAL,MISMATCH,SQL,,[],[],"[""filters.0 has no quoted requirement."", ""filters.1 has no quoted requirement."", ""group_by.0 has no quoted requirement.""]","The pipeline includes six of the correct top-10 investors with correct composite scores, but it uses incorrect scores/rankings for some investors and omits three required investors while adding two incorrect ones.",36.171,"{""Q1"": ""WITH cash AS (\n    SELECT investor_id,\n           SUM(amount) AS net_cash_flow\n    FROM ATOM_EVENT_CASH_FLOW_001\n    GROUP BY investor_id\n),\nholdings AS (\n    SELECT investor_id,\n           SUM(current_value - cost) AS total_holding_gain\n    FROM ATOM_ENTITY_PORTFOLIO_HOLDING_001\n    WHERE cost IS NOT NULL\n      AND current_value IS NOT NULL\n    GROUP BY investor_id\n),\nsector AS (\n    SELECT investor_id,\n           SUM(total_investment) AS total_sector_investment\n    FROM ATOM_ENTITY_SECTOR_ALLOCATION_001\n    GROUP BY investor_id\n)\nSELECT i.investor_id,\n       (cash.net_cash_flow + holdings.total_holding_gain + sector.total_sector_investment) AS composite_score\nFROM ATOM_ENTITY_INVESTOR_PROFILE_001 AS i\nINNER JOIN cash      ON i.investor_id = cash.investor_id\nINNER JOIN holdings  ON i.investor_id = holdings.investor_id\nINNER JOIN sector    ON i.investor_id = sector.investor_id\nORDER BY composite_score DESC,\n         i.investor_id ASC\nLIMIT 10;""}"
wealth_management_multi_step_comparative_125_questions:MC125-081,"Among investors with every component recorded, list the top 10 ranked by a composite score defined as net cash flow plus total holding gain (counting only holdings with a recorded cost and current value) plus total rebalance amount (all components in INR); break ties by investor_id.",wealth_management_multi_step_comparative_125_questions.csv,DAG_NODE_ERROR,MISMATCH,MISMATCH,SQL,Q1:Query_Spec_Contract,"[""derived_operand_misclassified""]","[""measures.1: unknown or self-referencing formula operand 'current_value'."", ""measures.1: unknown or self-referencing formula operand 'cost'.""]","[""Requirement introduces unsupported terms: ['descending', 'rank']"", ""group_by.0 has no quoted requirement."", ""measures.3 has no quoted requirement.""]","Pipeline returned no answer rows because the query stage failed, while the ground truth contains 10 required ranked investor results.",46.759,"{""Q1"": """"}"
wealth_management_multi_step_comparative_125_questions:MC125-085,"Among investors with every component recorded, list the top 10 ranked by a composite score defined as net cash flow plus total holding gain (counting only holdings with a recorded cost and current value) minus average goal shortfall (all components in INR); break ties by investor_id.",wealth_management_multi_step_comparative_125_questions.csv,PIPELINE_SUCCESS,PARTIAL,PARTIAL,SQL,,[],[],"[""group_by.0 has no quoted requirement.""]","The pipeline returns 8 of the 10 required investors with materially correct composite scores, but includes two incorrect investors (INV-042 with an incorrect score and INV-1202) and omits required investor INV-162. The ranking/order is consequently incorrect.",33.622,"{""Q1"": ""WITH net_cash AS (\n    SELECT investor_id,\n           SUM(amount) AS net_cash_flow\n    FROM ATOM_EVENT_CASH_FLOW_001\n    GROUP BY investor_id\n),\nholding_gain AS (\n    SELECT investor_id,\n           SUM(current_value - cost) AS total_holding_gain\n    FROM ATOM_ENTITY_PORTFOLIO_HOLDING_001\n    WHERE cost IS NOT NULL\n      AND current_value IS NOT NULL\n    GROUP BY investor_id\n),\ngoal_shortfall AS (\n    SELECT investor_id,\n           AVG(shortfall) AS avg_goal_shortfall\n    FROM ATOM_ENTITY_INVESTMENT_GOAL_001\n    GROUP BY investor_id\n)\nSELECT p.investor_id,\n       (nc.net_cash_flow + hg.total_holding_gain - gs.avg_goal_shortfall) AS composite_score\nFROM ATOM_ENTITY_INVESTOR_PROFILE_001 p\nINNER JOIN net_cash nc ON p.investor_id = nc.investor_id\nINNER JOIN holding_gain hg ON p.investor_id = hg.investor_id\nINNER JOIN goal_shortfall gs ON p.investor_id = gs.investor_id\nORDER BY composite_score DESC, p.investor_id ASC\nLIMIT 10;""}"
wealth_management_multi_step_comparative_125_questions:MC125-086,"Among investors with every component recorded, list the top 10 ranked by a composite score defined as net cash flow plus total rebalance amount plus total sector investment (all components in INR); break ties by investor_id.",wealth_management_multi_step_comparative_125_questions.csv,DAG_NODE_ERROR,MISMATCH,MATCH,SQL,Q1:Query_Spec_Contract,"[""unknown_source"", ""physical_as_source""]","[""Unknown source: physical"", ""group_by.0: unknown source 'physical'."", ""measures.0: unknown source 'physical'."", ""measures.1: unknown source 'physical'."", ""measures.2: unknown source 'physical'.""]","[""Requirement introduces unsupported terms: ['rank']"", ""group_by.0 has no quoted requirement."", ""measures.0 has no quoted requirement."", ""measures.1 has no quoted requirement."", ""measures.2 has no quoted requirement.""]","Pipeline returned no answer rows due to a subquery failure, while the ground truth requires 10 ranked investor records with composite scores and component values.",26.012,"{""Q1"": """"}"
wealth_management_multi_step_comparative_125_questions:MC125-087,"List the top 10 investors ranked by the transaction_rebalance_index (a 0-100 composite index) combining net cash flow, total rebalance amount and total scenario allocation shift (sum of new minus current allocation %). Over investors that have all 3 components, min-max normalise each component to 0-1, and take 100 times their equal-weighted mean; break ties by investor_id.",wealth_management_multi_step_comparative_125_questions.csv,DAG_NODE_ERROR,MISMATCH,MATCH,SQL,Q1:Query_Spec_Contract,"[""unresolved"", ""derived_expression_required""]","[""Unresolved requirements: [{'text': 'Definition of net cash flow sign (which cash flow types are positive vs negative)', 'reason': 'Schema provides cash flow type but no explicit rule for sign; cannot infer without business logic.'}]"", ""measures.3: derived measure needs an expression."", ""measures.4: derived measure needs an expression."", ""measures.5: derived measure needs an expression."", ""measures.6: derived measure needs an expression."", ""measures.7: derived measure needs an expression."", ""measures.8: derived measure needs an expression.""]","[""Requirement introduces unsupported terms: ['must', 'three']"", ""Requirement introduces unsupported terms: ['acros', 'eligible', 'normalize', 'using']"", ""Invalid requirement implementation: measures.14"", ""Invalid requirement implementation: measures.15"", ""Invalid requirement implementation: measures.16"", ""Invalid requirement implementation: measures.17"", ""Requirement introduces unsupported terms: ['normalized', 'three']"", ""Invalid requirement implementation: measures.18"", ""Invalid requirement implementation: measures.19"", ""Requirement introduces unsupported terms: ['rank']"", ""group_by.0 has no quoted requirement."", ""measures.0 has no quoted requirement."", ""measures.1 has no quoted requirement."", ""measures.2 has no quoted requirement."", ""measures.3 has no quoted requirement."", ""measures.4 has no quoted requirement."", ""measures.5 has no quoted requirement."", ""measures.6 has no quoted requirement."", ""measures.7 has no quoted requirement."", ""measures.8 has no quoted requirement.""]","Pipeline produced no answer rows because the query specification failed, while the ground truth contains 10 required ranked investors.",43.251,"{""Q1"": """"}"
wealth_management_multi_step_comparative_125_questions:MC125-089,"Among investors with every component recorded, list the top 10 ranked by a composite score defined as net cash flow plus total rebalance amount minus average goal shortfall (all components in INR); break ties by investor_id.",wealth_management_multi_step_comparative_125_questions.csv,DAG_NODE_ERROR,MISMATCH,MATCH,SQL,Q1:Query_Spec_Contract,"[""unknown_source"", ""physical_as_source""]","[""Unknown source: physical"", ""group_by.0: unknown source 'physical'.""]","[""group_by.0 has no quoted requirement."", ""measures.0 has no quoted requirement."", ""measures.1 has no quoted requirement."", ""measures.2 has no quoted requirement."", ""measures.3 has no quoted requirement.""]",The pipeline returned a failure message rather than the required top-10 investor ranking and composite-score results.,20.737,"{""Q1"": """"}"
wealth_management_multi_step_comparative_125_questions:MC125-088,"List the top 10 investors ranked by a composite score (0-100 index) combining net cash flow, total rebalance amount and risk score. Over investors that have all 3 components, min-max normalise each component to 0-1, and take 100 times their equal-weighted mean; break ties by investor_id.",wealth_management_multi_step_comparative_125_questions.csv,PIPELINE_SUCCESS,MATCH,MATCH,SQL,,[],[],"[""Every subquery needs a requirement ledger.""]","The pipeline returns the same top 10 investor IDs in the correct descending composite-score order, with scores matching the ground truth within rounding tolerance.",55.474,"{""Q1"": ""WITH\nc AS (\n    SELECT investor_id, SUM(amount) AS net_cash_flow_raw\n    FROM ATOM_EVENT_CASH_FLOW_001\n    GROUP BY investor_id\n),\nr AS (\n    SELECT investor_id, SUM(amount) AS total_rebalance_raw\n    FROM ATOM_EVENT_REBALANCING_ACTION_001\n    GROUP BY investor_id\n),\ns AS (\n    SELECT investor_id, AVG(risk_score) AS risk_score_raw\n    FROM ATOM_ENTITY_PORTFOLIO_HEALTH_001\n    GROUP BY investor_id\n),\njoined AS (\n    SELECT i.investor_id,\n           c.net_cash_flow_raw,\n           r.total_rebalance_raw,\n           s.risk_score_raw\n    FROM ATOM_ENTITY_INVESTOR_PROFILE_001 i\n    INNER JOIN c ON i.investor_id = c.investor_id\n    INNER JOIN r ON i.investor_id = r.investor_id\n    INNER JOIN s ON i.investor_id = s.investor_id\n),\nstats AS (\n    SELECT\n        MIN(net_cash_flow_raw) AS net_cash_min,\n        MAX(net_cash_flow_raw) AS net_cash_max,\n        MIN(total_rebalance_raw) AS rebalance_min,\n        MAX(total_rebalance_raw) AS rebalance_max,\n        MIN(risk_score_raw) AS risk_min,\n        MAX(risk_score_raw) AS risk_max\n    FROM joined\n),\nfinal AS (\n    SELECT\n        j.investor_id,\n        100.0 * (\n            (\n                (j.net_cash_flow_raw - st.net_cash_min) / NULLIF(st.net_cash_max - st.net_cash_min, 0) +\n                (j.total_rebalance_raw - st.rebalance_min) / NULLIF(st.rebalance_max - st.rebalance_min, 0) +\n                (j.risk_score_raw - st.risk_min) / NULLIF(st.risk_max - st.risk_min, 0)\n            ) / 3.0\n        ) AS composite_score\n    FROM joined j\n    CROSS JOIN stats st\n)\nSELECT investor_id, composite_score\nFROM final\nORDER BY composite_score DESC, investor_id\nLIMIT 10;""}"
wealth_management_multi_step_comparative_125_questions:MC125-092,"Among investors with every component recorded, list the top 10 ranked by a composite score defined as net cash flow plus total sector investment minus average goal shortfall (all components in INR); break ties by investor_id.",wealth_management_multi_step_comparative_125_questions.csv,PIPELINE_SUCCESS,MATCH,MATCH,SQL,,[],[],"[""group_by.0 has no quoted requirement.""]","The pipeline returns exactly the 10 required investors in the correct descending composite-score ranking, with scores matching the ground truth within tolerance.",39.088,"{""Q1"": ""WITH net_cash AS (\n       SELECT investor_id, SUM(amount) AS net_cash_flow\n       FROM ATOM_EVENT_CASH_FLOW_001\n       GROUP BY investor_id\n   ),\n   sector_inv AS (\n       SELECT investor_id, SUM(total_investment) AS total_sector_investment\n       FROM ATOM_ENTITY_SECTOR_ALLOCATION_001\n       GROUP BY investor_id\n   ),\n   goal_sf AS (\n       SELECT investor_id, AVG(shortfall) AS avg_goal_shortfall\n       FROM ATOM_ENTITY_INVESTMENT_GOAL_001\n       GROUP BY investor_id\n   )\nSELECT p.investor_id,\n       (nc.net_cash_flow + si.total_sector_investment - gs.avg_goal_shortfall) AS composite_score\nFROM ATOM_ENTITY_INVESTOR_PROFILE_001 p\nINNER JOIN net_cash nc ON p.investor_id = nc.investor_id\nINNER JOIN sector_inv si ON p.investor_id = si.investor_id\nINNER JOIN goal_sf gs ON p.investor_id = gs.investor_id\nORDER BY composite_score DESC, p.investor_id ASC\nLIMIT 10;""}"
wealth_management_multi_step_comparative_125_questions:MC125-093,"List the top 10 investors ranked by a composite score (0-100 index) combining net cash flow, total scenario allocation shift (sum of new minus current allocation %) and risk score. Over investors that have all 3 components, min-max normalise each component to 0-1, and take 100 times their equal-weighted mean; break ties by investor_id.",wealth_management_multi_step_comparative_125_questions.csv,DAG_NODE_ERROR,MISMATCH,MISMATCH,SQL,Q1:Query_Spec_Contract,"[""derived_expression_required"", ""derived_operand_misclassified""]","[""measures.1: unknown or self-referencing formula operand 'new_allocation_pct'."", ""measures.1: unknown or self-referencing formula operand 'current_allocation_pct'."", ""measures.3: derived measure needs an expression."", ""measures.3: measure needs a field or formula."", ""measures.4: derived measure needs an expression."", ""measures.4: measure needs a field or formula."", ""measures.5: derived measure needs an expression."", ""measures.5: measure needs a field or formula."", ""measures.6: derived measure needs an expression."", ""measures.6: measure needs a field or formula."", ""measures.7: derived measure needs an expression."", ""measures.7: measure needs a field or formula."", ""measures.8: derived measure needs an expression."", ""measures.8: measure needs a field or formula.""]","[""Invalid requirement implementation: measures.13"", ""group_by.0 has no quoted requirement."", ""measures.3 has no quoted requirement.""]","Pipeline returned no answer rows because the query specification failed, while the ground truth contains 10 required ranked investors.",27.57,"{""Q1"": """"}"
wealth_management_multi_step_comparative_125_questions:MC125-090,"List the top 10 investors ranked by a composite score (0-100 index) combining net cash flow, total sector investment and total scenario allocation shift (sum of new minus current allocation %). Over investors that have all 3 components, min-max normalise each component to 0-1, and take 100 times their equal-weighted mean; break ties by investor_id.",wealth_management_multi_step_comparative_125_questions.csv,DAG_NODE_ERROR,MISMATCH,MATCH,SQL,Q1:Query_Spec_Contract,"[""unknown_source"", ""derived_expression_required""]","[""Unknown source: derived"", ""measures.3: derived measure needs an expression."", ""measures.4: derived measure needs an expression."", ""measures.5: derived measure needs an expression."", ""measures.6: derived measure needs an expression."", ""measures.7: derived measure needs an expression."", ""measures.8: derived measure needs an expression."", ""measures.9: derived measure needs an expression.""]","[""Requirement introduces unsupported terms: ['normalised']"", ""Requirement introduces unsupported terms: ['considered', 'only', 'three']"", ""Requirement introduces unsupported terms: ['when']"", ""group_by.0 has no quoted requirement."", ""measures.0 has no quoted requirement."", ""measures.1 has no quoted requirement."", ""measures.2 has no quoted requirement."", ""measures.3 has no quoted requirement."", ""measures.4 has no quoted requirement."", ""measures.5 has no quoted requirement."", ""measures.6 has no quoted requirement."", ""measures.7 has no quoted requirement."", ""measures.8 has no quoted requirement."", ""measures.9 has no quoted requirement."", ""measures.10 has no quoted requirement."", ""measures.11 has no quoted requirement."", ""measures.13 has no quoted requirement.""]",Pipeline returned a failure message instead of the requested top-10 investor ranking and composite-score results.,77.065,"{""Q1"": """"}"
wealth_management_multi_step_comparative_125_questions:MC125-091,"List the top 10 investors ranked by a composite score (0-100 index) combining net cash flow, total sector investment and risk score. Over investors that have all 3 components, min-max normalise each component to 0-1, and take 100 times their equal-weighted mean; break ties by investor_id.",wealth_management_multi_step_comparative_125_questions.csv,PIPELINE_SUCCESS,MATCH,MISMATCH,SQL,,[],[],[],"The pipeline returns exactly the ground-truth top 10 investor IDs in the correct descending composite-score order, with scores matching the reference within rounding tolerance.",69.107,"{""Q1"": ""WITH cash AS (\n    SELECT investor_id,\n           SUM(amount) AS net_cash_flow_raw\n    FROM ATOM_EVENT_CASH_FLOW_001\n    GROUP BY investor_id\n),\nsector AS (\n    SELECT investor_id,\n           SUM(total_investment) AS total_sector_investment_raw\n    FROM ATOM_ENTITY_SECTOR_ALLOCATION_001\n    GROUP BY investor_id\n),\nrisk AS (\n    SELECT investor_id,\n           AVG(risk_score) AS risk_score_raw\n    FROM ATOM_ENTITY_PORTFOLIO_HEALTH_001\n    GROUP BY investor_id\n)\nSELECT investor_id,\n       ((net_cash_flow_norm + total_sector_investment_norm + risk_score_norm) / 3.0) * 100.0 AS composite_score\nFROM (\n    SELECT b.investor_id,\n           cash.net_cash_flow_raw,\n           sector.total_sector_investment_raw,\n           risk.risk_score_raw,\n           MIN(cash.net_cash_flow_raw) OVER () AS net_cash_flow_min,\n           MAX(cash.net_cash_flow_raw) OVER () AS net_cash_flow_max,\n           MIN(sector.total_sector_investment_raw) OVER () AS total_sector_investment_min,\n           MAX(sector.total_sector_investment_raw) OVER () AS total_sector_investment_max,\n           MIN(risk.risk_score_raw) OVER () AS risk_score_min,\n           MAX(risk.risk_score_raw) OVER () AS risk_score_max,\n           (cash.net_cash_flow_raw - MIN(cash.net_cash_flow_raw) OVER ()) / NULLIF(MAX(cash.net_cash_flow_raw) OVER () - MIN(cash.net_cash_flow_raw) OVER (), 0) AS net_cash_flow_norm,\n           (sector.total_sector_investment_raw - MIN(sector.total_sector_investment_raw) OVER ()) / NULLIF(MAX(sector.total_sector_investment_raw) OVER () - MIN(sector.total_sector_investment_raw) OVER (), 0) AS total_sector_investment_norm,\n           (risk.risk_score_raw - MIN(risk.risk_score_raw) OVER ()) / NULLIF(MAX(risk.risk_score_raw) OVER () - MIN(risk.risk_score_raw) OVER (), 0) AS risk_score_norm\n    FROM ATOM_ENTITY_INVESTOR_PROFILE_001 AS b\n    INNER JOIN cash   ON b.investor_id = cash.investor_id\n    INNER JOIN sector ON b.investor_id = sector.investor_id\n    INNER JOIN risk   ON b.investor_id = risk.investor_id\n) sub\nORDER BY composite_score DESC, investor_id\nLIMIT 10;""}"
wealth_management_multi_step_comparative_125_questions:MC125-096,"Across risk tolerance, compare the average net cash flow, average cash-flow amount, average total holding value, average total rebalance amount, and average total sector investment of investors.",wealth_management_multi_step_comparative_125_questions.csv,DAG_NODE_ERROR,MISMATCH,PARTIAL,SQL,Q1:Query_Spec_Contract,"[""unknown_source""]","[""Unknown source: entity"", ""Unknown source: event"", ""group_by.0: unknown source 'entity'."", ""measures.0: unknown source 'event'."", ""measures.1: unknown source 'event'."", ""measures.2: unknown source 'entity'."", ""measures.3: unknown source 'event'."", ""measures.4: unknown source 'entity'.""]",[],"The pipeline returned no answer rows because the query failed, while the ground truth contains four required risk-tolerance groups with five average metrics each.",21.331,"{""Q1"": """"}"
wealth_management_multi_step_comparative_125_questions:MC125-095,"List the top 10 investors ranked by a composite score (0-100 index) combining net cash flow and risk score, with average goal shortfall counting against the score. Over investors that have all 3 components, min-max normalise each component to 0-1 (use 1 minus the normalised value for average goal shortfall), and take 100 times their equal-weighted mean; break ties by investor_id.",wealth_management_multi_step_comparative_125_questions.csv,DAG_NODE_ERROR,MISMATCH,MISMATCH,SQL,Q1:Query_Spec_Contract,"[""unknown_source""]","[""Unknown source: derived""]","[""group_by.0 has no quoted requirement."", ""measures.3 has no quoted requirement."", ""measures.4 has no quoted requirement."", ""measures.5 has no quoted requirement."", ""measures.6 has no quoted requirement."", ""measures.7 has no quoted requirement."", ""measures.8 has no quoted requirement.""]","Pipeline returned no answer rows because the query failed, while the ground truth contains 10 required ranked investors.",44.149,"{""Q1"": """"}"
wealth_management_multi_step_comparative_125_questions:MC125-094,"List the top 10 investors ranked by a composite score (0-100 index) combining net cash flow and total scenario allocation shift (sum of new minus current allocation %), with average goal shortfall counting against the score. Over investors that have all 3 components, min-max normalise each component to 0-1 (use 1 minus the normalised value for average goal shortfall), and take 100 times their equal-weighted mean; break ties by investor_id.",wealth_management_multi_step_comparative_125_questions.csv,DAG_NODE_ERROR,MISMATCH,MISMATCH,SQL,Q1:Query_Spec_Contract,"[""unknown_source""]","[""Unknown source: derived""]","[""Requirement introduces unsupported terms: ['rank']"", ""Requirement introduces unsupported terms: ['combine']"", ""Requirement introduces unsupported terms: ['three']"", ""group_by.0 has no quoted requirement."", ""measures.3 has no quoted requirement."", ""measures.4 has no quoted requirement."", ""measures.5 has no quoted requirement."", ""measures.6 has no quoted requirement."", ""measures.7 has no quoted requirement."", ""measures.8 has no quoted requirement.""]","The pipeline produced no answer rows because the query failed, while the ground truth contains 10 required ranked investors.",50.568,"{""Q1"": """"}"
wealth_management_multi_step_comparative_125_questions:MC125-097,"Across risk tolerance, compare the average net cash flow, average cash-flow amount, average total holding value, average total rebalance amount, and average scenario allocation shift (new minus current allocation %) of investors.",wealth_management_multi_step_comparative_125_questions.csv,PIPELINE_SUCCESS,PARTIAL,MISMATCH,SQL,,[],[],[],"All four risk-tolerance groups and the average net cash flow, holding value, rebalance amount, and scenario allocation shift metrics match the ground truth within tolerance. However, the required average cash-flow amount is missing for the null group and is materially incorrect for Aggressive, Conservative, and Moderate.",28.806,"{""Q1"": ""WITH\n  cash_sum AS (\n    SELECT investor_id, SUM(amount) AS sum_amount\n    FROM ATOM_EVENT_CASH_FLOW_001\n    GROUP BY investor_id\n  ),\n  hold_sum AS (\n    SELECT investor_id, SUM(current_value) AS sum_current_value\n    FROM ATOM_ENTITY_PORTFOLIO_HOLDING_001\n    GROUP BY investor_id\n  ),\n  rebalance_sum AS (\n    SELECT investor_id, SUM(amount) AS sum_amount\n    FROM ATOM_EVENT_REBALANCING_ACTION_001\n    GROUP BY investor_id\n  ),\n  scenario_shift AS (\n    SELECT investor_id, AVG(new_allocation_pct - current_allocation_pct) AS avg_shift\n    FROM ATOM_EVENT_SCENARIO_REBALANCING_001\n    GROUP BY investor_id\n  )\nSELECT\n  p.risk_tolerance,\n  AVG(cs.sum_amount) AS avg_net_cash_flow,\n  (\n    SELECT AVG(cf.amount)\n    FROM ATOM_EVENT_CASH_FLOW_001 cf\n    JOIN ATOM_ENTITY_INVESTOR_PROFILE_001 p2 ON cf.investor_id = p2.investor_id\n    WHERE p2.risk_tolerance = p.risk_tolerance\n  ) AS avg_cash_flow_amount,\n  AVG(hs.sum_current_value) AS avg_total_holding_value,\n  AVG(rs.sum_amount) AS avg_total_rebalance_amount,\n  AVG(ss.avg_shift) AS avg_scenario_allocation_shift\nFROM ATOM_ENTITY_INVESTOR_PROFILE_001 p\nLEFT JOIN cash_sum cs ON p.investor_id = cs.investor_id\nLEFT JOIN hold_sum hs ON p.investor_id = hs.investor_id\nLEFT JOIN rebalance_sum rs ON p.investor_id = rs.investor_id\nLEFT JOIN scenario_shift ss ON p.investor_id = ss.investor_id\nGROUP BY p.risk_tolerance\nORDER BY p.risk_tolerance;""}"
wealth_management_multi_step_comparative_125_questions:MC125-098,"Across risk tolerance, compare the average net cash flow, average cash-flow amount, average total holding value, average total rebalance amount, and average risk score of investors.",wealth_management_multi_step_comparative_125_questions.csv,DAG_NODE_ERROR,MISMATCH,MATCH,SQL,Q1:Query_Spec_Contract,"[""unresolved""]","[""Unresolved requirements: [{'text': 'Definition of \""net cash flow\"" (sign handling based on cash\u2011flow type)', 'reason': 'Schema provides cash\u2011flow amount but no explicit sign; cannot infer whether withdrawals should be subtracted.'}]""]",[],"Pipeline produced no answer rows due to a Q1 query-specification failure, while the ground truth requires aggregated results for four risk-tolerance groups.",28.103,"{""Q1"": """"}"
wealth_management_multi_step_comparative_125_questions:MC125-101,"Across risk tolerance, compare the average net cash flow, average cash-flow amount, average total holding value, average total sector investment, and average risk score of investors.",wealth_management_multi_step_comparative_125_questions.csv,DAG_NODE_ERROR,MISMATCH,MATCH,SQL,Q1:Query_Spec_Contract,"[""unknown_source"", ""unresolved""]","[""Unresolved requirements: [{'text': 'Definition of \""net cash flow\"" (sign handling based on cash\u2011flow type) is not present in the schema or supplied metric definitions.'}]"", ""Unknown source: column"", ""group_by.0: unknown source 'column'."", ""measures.0: unknown source 'column'."", ""measures.1: unknown source 'column'."", ""measures.2: unknown source 'column'."", ""measures.3: unknown source 'column'."", ""measures.4: unknown source 'column'.""]",[],"Pipeline returned no answer rows because the query stage failed, while the ground truth contains four required risk-tolerance groups with comparison metrics.",18.542,"{""Q1"": """"}"
wealth_management_multi_step_comparative_125_questions:MC125-099,"Across risk tolerance, compare the average net cash flow, average cash-flow amount, average total holding value, average total rebalance amount, and average goal progress of investors.",wealth_management_multi_step_comparative_125_questions.csv,PIPELINE_SUCCESS,MATCH,MATCH,SQL,,[],[],[],"All four risk-tolerance groups are present, and every requested average metric matches the ground truth within tolerance. Investor count is not required by the question.",36.136,"{""Q1"": ""WITH\nnet_cash_flow AS (\n  SELECT investor_id, SUM(amount) AS sum_amount\n  FROM ATOM_EVENT_CASH_FLOW_001\n  GROUP BY investor_id\n),\ncash_flow_avg AS (\n  SELECT investor_id, AVG(amount) AS avg_amount\n  FROM ATOM_EVENT_CASH_FLOW_001\n  GROUP BY investor_id\n),\nholding_value AS (\n  SELECT investor_id, SUM(current_value) AS sum_current_value\n  FROM ATOM_ENTITY_PORTFOLIO_HOLDING_001\n  GROUP BY investor_id\n),\nrebalance_amount AS (\n  SELECT investor_id, SUM(amount) AS sum_amount\n  FROM ATOM_EVENT_REBALANCING_ACTION_001\n  GROUP BY investor_id\n),\ngoal_progress AS (\n  SELECT investor_id, AVG(progress_pct) AS avg_progress\n  FROM ATOM_ENTITY_INVESTMENT_GOAL_001\n  GROUP BY investor_id\n)\nSELECT\n  p.risk_tolerance AS risk_tolerance,\n  AVG(nc.sum_amount) AS avg_net_cash_flow,\n  AVG(cf.avg_amount) AS avg_cash_flow_amount,\n  AVG(hv.sum_current_value) AS avg_total_holding_value,\n  AVG(rb.sum_amount) AS avg_total_rebalance_amount,\n  AVG(gp.avg_progress) AS avg_goal_progress\nFROM ATOM_ENTITY_INVESTOR_PROFILE_001 AS p\nLEFT JOIN net_cash_flow nc ON p.investor_id = nc.investor_id\nLEFT JOIN cash_flow_avg cf ON p.investor_id = cf.investor_id\nLEFT JOIN holding_value hv ON p.investor_id = hv.investor_id\nLEFT JOIN rebalance_amount rb ON p.investor_id = rb.investor_id\nLEFT JOIN goal_progress gp ON p.investor_id = gp.investor_id\nGROUP BY p.risk_tolerance\nORDER BY p.risk_tolerance;""}"
wealth_management_multi_step_comparative_125_questions:MC125-100,"Across risk tolerance, compare the average net cash flow, average cash-flow amount, average total holding value, average total sector investment, and average scenario allocation shift (new minus current allocation %) of investors.",wealth_management_multi_step_comparative_125_questions.csv,PIPELINE_SUCCESS,PARTIAL,MISMATCH,SQL,,[],[],[],"The result correctly groups by all four risk-tolerance categories and correctly reports average cash-flow amount, holding value, sector investment, and scenario allocation shift within tolerance. However, average net cash flow is materially incorrect for every risk-tolerance group.",52.166,"{""Q1"": ""WITH net_cash_flow AS (\n        SELECT investor_id,\n               SUM(CASE WHEN type IN ('Deposit','Dividend Reinvestment','Interest Credit','Lump Sum','SIP','Tax Refund')\n                        THEN amount ELSE -amount END) AS net_cash_flow_sum\n        FROM ATOM_EVENT_CASH_FLOW_001\n        GROUP BY investor_id\n    ),\n    cash_flow_amount_avg AS (\n        SELECT investor_id,\n               AVG(amount) AS cash_flow_amount_avg\n        FROM ATOM_EVENT_CASH_FLOW_001\n        GROUP BY investor_id\n    ),\n    holding_total AS (\n        SELECT investor_id,\n               SUM(current_value) AS holding_total_sum\n        FROM ATOM_ENTITY_PORTFOLIO_HOLDING_001\n        GROUP BY investor_id\n    ),\n    sector_investment_total AS (\n        SELECT investor_id,\n               SUM(total_investment) AS sector_investment_sum\n        FROM ATOM_ENTITY_SECTOR_ALLOCATION_001\n        GROUP BY investor_id\n    ),\n    scenario_shift_avg AS (\n        SELECT investor_id,\n               AVG(new_allocation_pct - current_allocation_pct) AS scenario_shift_avg\n        FROM ATOM_EVENT_SCENARIO_REBALANCING_001\n        GROUP BY investor_id\n    )\nSELECT\n    b.risk_tolerance,\n    AVG(net_cash_flow.net_cash_flow_sum) AS avg_net_cash_flow,\n    AVG(cash_flow_amount_avg.cash_flow_amount_avg) AS avg_cash_flow_amount,\n    AVG(holding_total.holding_total_sum) AS avg_total_holding_value,\n    AVG(sector_investment_total.sector_investment_sum) AS avg_total_sector_investment,\n    AVG(scenario_shift_avg.scenario_shift_avg) AS avg_scenario_allocation_shift\nFROM ATOM_ENTITY_INVESTOR_PROFILE_001 AS b\nLEFT JOIN net_cash_flow ON b.investor_id = net_cash_flow.investor_id\nLEFT JOIN cash_flow_amount_avg ON b.investor_id = cash_flow_amount_avg.investor_id\nLEFT JOIN holding_total ON b.investor_id = holding_total.investor_id\nLEFT JOIN sector_investment_total ON b.investor_id = sector_investment_total.investor_id\nLEFT JOIN scenario_shift_avg ON b.investor_id = scenario_shift_avg.investor_id\nGROUP BY b.risk_tolerance;""}"
wealth_management_multi_step_comparative_125_questions:MC125-102,"Across risk tolerance, compare the average net cash flow, average cash-flow amount, average total holding value, average total sector investment, and average goal progress of investors.",wealth_management_multi_step_comparative_125_questions.csv,PIPELINE_SUCCESS,PARTIAL,PRE_SCAN_ERROR,SQL,,[],[],[],"All risk-tolerance groups are present, and net cash flow, holding value, sector investment, and goal progress averages match the reference. However, the required average cash-flow amount is incorrect for every group.",38.991,"{""Q1"": ""WITH\ncash_flow_sum AS (\n    SELECT investor_id,\n           SUM(amount) AS net_cash_flow\n    FROM ATOM_EVENT_CASH_FLOW_001\n    GROUP BY investor_id\n),\ncash_flow_agg AS (\n    SELECT investor_id,\n           SUM(amount) AS cash_sum,\n           COUNT(*) AS cash_cnt\n    FROM ATOM_EVENT_CASH_FLOW_001\n    GROUP BY investor_id\n),\nholding_sum AS (\n    SELECT investor_id,\n           SUM(current_value) AS total_holding_value\n    FROM ATOM_ENTITY_PORTFOLIO_HOLDING_001\n    GROUP BY investor_id\n),\nsector_sum AS (\n    SELECT investor_id,\n           SUM(total_investment) AS total_sector_investment\n    FROM ATOM_ENTITY_SECTOR_ALLOCATION_001\n    GROUP BY investor_id\n),\ngoal_progress AS (\n    SELECT investor_id,\n           AVG(progress_pct) AS avg_progress\n    FROM ATOM_ENTITY_INVESTMENT_GOAL_001\n    GROUP BY investor_id\n)\nSELECT\n    ip.risk_tolerance AS risk_tolerance,\n    AVG(cfs.net_cash_flow) AS avg_net_cash_flow,\n    CASE WHEN SUM(cfa.cash_cnt) = 0 THEN NULL\n         ELSE SUM(cfa.cash_sum) * 1.0 / SUM(cfa.cash_cnt)\n    END AS avg_cash_flow_amount,\n    AVG(hs.total_holding_value) AS avg_total_holding_value,\n    AVG(ss.total_sector_investment) AS avg_total_sector_investment,\n    AVG(gp.avg_progress) AS avg_goal_progress\nFROM ATOM_ENTITY_INVESTOR_PROFILE_001 ip\nLEFT JOIN cash_flow_sum cfs ON ip.investor_id = cfs.investor_id\nLEFT JOIN cash_flow_agg cfa ON ip.investor_id = cfa.investor_id\nLEFT JOIN holding_sum hs ON ip.investor_id = hs.investor_id\nLEFT JOIN sector_sum ss ON ip.investor_id = ss.investor_id\nLEFT JOIN goal_progress gp ON ip.investor_id = gp.investor_id\nGROUP BY ip.risk_tolerance;""}"
wealth_management_multi_step_comparative_125_questions:MC125-103,"Across risk tolerance, compare the average net cash flow, average cash-flow amount, average total holding value, average scenario allocation shift (new minus current allocation %), and average risk score of investors.",wealth_management_multi_step_comparative_125_questions.csv,PIPELINE_SUCCESS,MATCH,MATCH,SQL,,[],[],[],"All four risk-tolerance groups are present, and every requested average metric matches the ground truth within tolerance. Investor count is not required by the question.",35.789,"{""Q1"": ""WITH cash_flow_sum AS (\n    SELECT investor_id,\n           SUM(amount) AS sum_amount\n    FROM ATOM_EVENT_CASH_FLOW_001\n    GROUP BY investor_id\n),\ncash_flow_avg AS (\n    SELECT investor_id,\n           AVG(amount) AS avg_amount\n    FROM ATOM_EVENT_CASH_FLOW_001\n    GROUP BY investor_id\n),\nholding_sum AS (\n    SELECT investor_id,\n           SUM(current_value) AS sum_current_value\n    FROM ATOM_ENTITY_PORTFOLIO_HOLDING_001\n    GROUP BY investor_id\n),\nscenario_shift_avg AS (\n    SELECT investor_id,\n           AVG(new_allocation_pct - current_allocation_pct) AS avg_shift\n    FROM ATOM_EVENT_SCENARIO_REBALANCING_001\n    GROUP BY investor_id\n),\nrisk_score_avg AS (\n    SELECT investor_id,\n           AVG(risk_score) AS avg_risk_score\n    FROM ATOM_ENTITY_PORTFOLIO_HEALTH_001\n    GROUP BY investor_id\n)\nSELECT\n    b.risk_tolerance AS risk_tolerance,\n    AVG(cs.sum_amount) AS avg_net_cash_flow,\n    AVG(ca.avg_amount) AS avg_cash_flow_amount,\n    AVG(hs.sum_current_value) AS avg_total_holding_value,\n    AVG(ss.avg_shift) AS avg_scenario_allocation_shift,\n    AVG(rs.avg_risk_score) AS avg_risk_score\nFROM ATOM_ENTITY_INVESTOR_PROFILE_001 AS b\nLEFT JOIN cash_flow_sum cs ON b.investor_id = cs.investor_id\nLEFT JOIN cash_flow_avg ca ON b.investor_id = ca.investor_id\nLEFT JOIN holding_sum hs ON b.investor_id = hs.investor_id\nLEFT JOIN scenario_shift_avg ss ON b.investor_id = ss.investor_id\nLEFT JOIN risk_score_avg rs ON b.investor_id = rs.investor_id\nGROUP BY b.risk_tolerance\nORDER BY b.risk_tolerance;""}"
wealth_management_multi_step_comparative_125_questions:MC125-105,"Across risk tolerance, compare the average net cash flow, average cash-flow amount, average total holding value, average risk score, and average goal progress of investors.",wealth_management_multi_step_comparative_125_questions.csv,DAG_NODE_ERROR,MISMATCH,MISMATCH,SQL,Q1:Query_Spec_Contract,"[""unknown_source"", ""derived_expression_required"", ""derived_operand_misclassified"", ""physical_as_source""]","[""Unknown source: physical"", ""group_by.0: unknown source 'physical'."", ""measures.0: derived measure needs an expression."", ""measures.0: unknown or self-referencing formula operand 'net_cash_flow'."", ""measures.1: unknown source 'physical'."", ""measures.2: derived measure needs an expression."", ""measures.2: unknown or self-referencing formula operand 'total_holding_value'."", ""measures.3: unknown source 'physical'."", ""measures.4: derived measure needs an expression."", ""measures.4: unknown or self-referencing formula operand 'avg_progress_per_investor'.""]",[],"The pipeline produced no answer rows because the query subgraph failed, while the ground truth requires aggregated comparison metrics for four risk-tolerance groups.",16.536,"{""Q1"": """"}"
wealth_management_multi_step_comparative_125_questions:MC125-104,"Across risk tolerance, compare the average net cash flow, average cash-flow amount, average total holding value, average scenario allocation shift (new minus current allocation %), and average goal progress of investors.",wealth_management_multi_step_comparative_125_questions.csv,PIPELINE_SUCCESS,PARTIAL,MISMATCH,SQL,,[],[],[],"All risk-tolerance groups are present, and the average cash-flow amount, holding value, scenario allocation shift, and goal progress match the ground truth within tolerance. However, average net cash flow is materially incorrect for every group.",44.573,"{""Q1"": ""WITH cash_flow_net AS (\n    SELECT investor_id,\n           SUM(CASE WHEN type IN ('Deposit','Dividend Reinvestment','Interest Credit','Lump Sum','SIP','Tax Refund')\n                    THEN amount\n                    ELSE -amount\n               END) AS net_cash_flow\n    FROM ATOM_EVENT_CASH_FLOW_001\n    GROUP BY investor_id\n),\ncash_flow_amount AS (\n    SELECT investor_id,\n           AVG(amount) AS avg_cash_flow_amount_per_investor\n    FROM ATOM_EVENT_CASH_FLOW_001\n    GROUP BY investor_id\n),\nholding_total AS (\n    SELECT investor_id,\n           SUM(current_value) AS total_holding_value\n    FROM ATOM_ENTITY_PORTFOLIO_HOLDING_001\n    GROUP BY investor_id\n),\nscenario_shift AS (\n    SELECT investor_id,\n           AVG(new_allocation_pct - current_allocation_pct) AS avg_shift_per_investor\n    FROM ATOM_EVENT_SCENARIO_REBALANCING_001\n    GROUP BY investor_id\n),\ngoal_progress AS (\n    SELECT investor_id,\n           AVG(progress_pct) AS avg_goal_progress_per_investor\n    FROM ATOM_ENTITY_INVESTMENT_GOAL_001\n    GROUP BY investor_id\n)\nSELECT\n    b.risk_tolerance AS risk_tolerance,\n    AVG(cn.net_cash_flow) AS avg_net_cash_flow,\n    AVG(ca.avg_cash_flow_amount_per_investor) AS avg_cash_flow_amount,\n    AVG(ht.total_holding_value) AS avg_total_holding_value,\n    AVG(ss.avg_shift_per_investor) AS avg_scenario_allocation_shift,\n    AVG(gp.avg_goal_progress_per_investor) AS avg_goal_progress\nFROM ATOM_ENTITY_INVESTOR_PROFILE_001 AS b\nLEFT JOIN cash_flow_net cn ON b.investor_id = cn.investor_id\nLEFT JOIN cash_flow_amount ca ON b.investor_id = ca.investor_id\nLEFT JOIN holding_total ht ON b.investor_id = ht.investor_id\nLEFT JOIN scenario_shift ss ON b.investor_id = ss.investor_id\nLEFT JOIN goal_progress gp ON b.investor_id = gp.investor_id\nGROUP BY b.risk_tolerance;""}"
wealth_management_multi_step_comparative_125_questions:MC125-108,"Across risk tolerance, compare the average net cash flow, average cash-flow amount, average total rebalance amount, average total sector investment, and average goal progress of investors.",wealth_management_multi_step_comparative_125_questions.csv,PIPELINE_SUCCESS,MATCH,MATCH,SQL,,[],[],[],"All four risk-tolerance groups are present, and every requested average metric matches the ground truth within tolerance. Investor count is not required by the question.",17.631,"{""Q1"": ""WITH profile_groups AS (SELECT DISTINCT \""investor_id\"", \""risk_tolerance\"" AS \""risk_tolerance\"" FROM \""ATOM_ENTITY_INVESTOR_PROFILE_001\""),\nmetric_source_0 AS (SELECT \""investor_id\"", SUM(\""amount\"") AS \""average_net_cash_flow\"", AVG(\""amount\"") AS \""average_cash_flow_amount\"" FROM \""ATOM_EVENT_CASH_FLOW_001\"" GROUP BY \""investor_id\""),\nmetric_source_1 AS (SELECT \""investor_id\"", SUM(\""amount\"") AS \""average_total_rebalance_amount\"" FROM \""ATOM_EVENT_REBALANCING_ACTION_001\"" GROUP BY \""investor_id\""),\nmetric_source_2 AS (SELECT \""investor_id\"", SUM(\""total_investment\"") AS \""average_total_sector_investment\"" FROM \""ATOM_ENTITY_SECTOR_ALLOCATION_001\"" GROUP BY \""investor_id\""),\nmetric_source_3 AS (SELECT \""investor_id\"", AVG(\""progress_pct\"") AS \""average_goal_progress\"" FROM \""ATOM_ENTITY_INVESTMENT_GOAL_001\"" GROUP BY \""investor_id\""),\ngrouped_result AS (SELECT profile_groups.\""risk_tolerance\"" AS \""risk_tolerance\"", AVG(metric_source_0.\""average_net_cash_flow\"") AS \""average_net_cash_flow\"", AVG(metric_source_0.\""average_cash_flow_amount\"") AS \""average_cash_flow_amount\"", AVG(metric_source_1.\""average_total_rebalance_amount\"") AS \""average_total_rebalance_amount\"", AVG(metric_source_2.\""average_total_sector_investment\"") AS \""average_total_sector_investment\"", AVG(metric_source_3.\""average_goal_progress\"") AS \""average_goal_progress\"" FROM profile_groups LEFT JOIN metric_source_0 ON profile_groups.\""investor_id\"" = metric_source_0.\""investor_id\"" LEFT JOIN metric_source_1 ON profile_groups.\""investor_id\"" = metric_source_1.\""investor_id\"" LEFT JOIN metric_source_2 ON profile_groups.\""investor_id\"" = metric_source_2.\""investor_id\"" LEFT JOIN metric_source_3 ON profile_groups.\""investor_id\"" = metric_source_3.\""investor_id\"" GROUP BY profile_groups.\""risk_tolerance\"")\nSELECT \""risk_tolerance\"", \""average_net_cash_flow\"", \""average_cash_flow_amount\"", \""average_total_rebalance_amount\"", \""average_total_sector_investment\"", \""average_goal_progress\"" FROM grouped_result;""}"
wealth_management_multi_step_comparative_125_questions:MC125-106,"Across risk tolerance, compare the average net cash flow, average cash-flow amount, average total rebalance amount, average total sector investment, and average scenario allocation shift (new minus current allocation %) of investors.",wealth_management_multi_step_comparative_125_questions.csv,DAG_NODE_ERROR,MISMATCH,MISMATCH,SQL,Q1:Query_Spec_Contract,"[""unknown_source"", ""unresolved"", ""derived_expression_required"", ""derived_operand_misclassified"", ""physical_as_source""]","[""Unresolved requirements: [{'text': 'Definition of \""net cash flow\"" (sign handling based on cash\u2011flow type) is not present in the schema.'}]"", ""Unknown source: physical"", ""group_by.0: unknown source 'physical'."", ""measures.0: derived measure needs an expression."", ""measures.0: measure needs a field or formula."", ""measures.1: unknown source 'physical'."", ""measures.2: unknown source 'physical'."", ""measures.3: unknown source 'physical'."", ""measures.4: unknown or self-referencing formula operand 'new_allocation_pct'."", ""measures.4: unknown or self-referencing formula operand 'current_allocation_pct'.""]",[],"Pipeline returned no answer rows due to a query failure, while the ground truth contains four required risk-tolerance groups with aggregate metrics.",44.66,"{""Q1"": """"}"
wealth_management_multi_step_comparative_125_questions:MC125-107,"Across risk tolerance, compare the average net cash flow, average cash-flow amount, average total rebalance amount, average total sector investment, and average risk score of investors.",wealth_management_multi_step_comparative_125_questions.csv,PIPELINE_SUCCESS,MATCH,MATCH,SQL,,[],[],[],"All four risk-tolerance groups are present, and every requested average metric matches the ground truth within the allowed numeric tolerance. Field-name aliases are semantically equivalent.",48.54,"{""Q1"": ""WITH cash_sum AS (\n        SELECT investor_id, SUM(amount) AS sum_amount\n        FROM ATOM_EVENT_CASH_FLOW_001\n        GROUP BY investor_id\n    ),\n    cash_avg AS (\n        SELECT investor_id, AVG(amount) AS avg_amount\n        FROM ATOM_EVENT_CASH_FLOW_001\n        GROUP BY investor_id\n    ),\n    rebalance_sum AS (\n        SELECT investor_id, SUM(amount) AS sum_amount\n        FROM ATOM_EVENT_REBALANCING_ACTION_001\n        GROUP BY investor_id\n    ),\n    sector_sum AS (\n        SELECT investor_id, SUM(total_investment) AS sum_investment\n        FROM ATOM_ENTITY_SECTOR_ALLOCATION_001\n        GROUP BY investor_id\n    ),\n    risk_score AS (\n        SELECT investor_id, AVG(risk_score) AS risk_score\n        FROM ATOM_ENTITY_PORTFOLIO_HEALTH_001\n        GROUP BY investor_id\n    )\nSELECT\n    p.risk_tolerance,\n    AVG(cash_sum.sum_amount) AS avg_net_cash_flow,\n    AVG(cash_avg.avg_amount) AS avg_cash_flow_amount,\n    AVG(rebalance_sum.sum_amount) AS avg_total_rebalance_amount,\n    AVG(sector_sum.sum_investment) AS avg_total_sector_investment,\n    AVG(risk_score.risk_score) AS avg_risk_score\nFROM ATOM_ENTITY_INVESTOR_PROFILE_001 AS p\nLEFT JOIN cash_sum ON p.investor_id = cash_sum.investor_id\nLEFT JOIN cash_avg ON p.investor_id = cash_avg.investor_id\nLEFT JOIN rebalance_sum ON p.investor_id = rebalance_sum.investor_id\nLEFT JOIN sector_sum ON p.investor_id = sector_sum.investor_id\nLEFT JOIN risk_score ON p.investor_id = risk_score.investor_id\nGROUP BY p.risk_tolerance;""}"
wealth_management_multi_step_comparative_125_questions:MC125-110,"List the top 10 investors ranked by a composite score (0-100 index) combining net cash flow, total holding gain (counting only holdings with a recorded cost and current value), total rebalance amount and total scenario allocation shift (sum of new minus current allocation %). Over investors that have all 4 components, min-max normalise each component to 0-1, and take 100 times their equal-weighted mean; break ties by investor_id.",wealth_management_multi_step_comparative_125_questions.csv,DAG_NODE_ERROR,MISMATCH,PARTIAL,SQL,Q1:Query_Spec_Contract,"[""unknown_source"", ""physical_as_source"", ""invalid_operand_kind""]","[""Unknown source: physical"", ""group_by.0: unknown source 'physical'."", ""measures.1: operand_kind must be physical or aliases."", ""measures.3: operand_kind must be physical or aliases.""]","[""Requirement introduces unsupported terms: ['eligible', 'four']"", ""Invalid requirement implementation: measures.0.aggregate_filters"", ""Invalid requirement implementation: measures.1.aggregate_filters"", ""Invalid requirement implementation: measures.2.aggregate_filters"", ""Invalid requirement implementation: measures.3.aggregate_filters"", ""Requirement introduces unsupported terms: ['acros', 'eligible']"", ""Invalid requirement implementation: measures.17"", ""Invalid requirement implementation: measures.18"", ""Invalid requirement implementation: measures.19"", ""Invalid requirement implementation: measures.20"", ""Invalid requirement implementation: measures.21"", ""Invalid requirement implementation: measures.22"", ""Invalid requirement implementation: measures.23"", ""Invalid requirement implementation: measures.24"", ""Invalid requirement implementation: measures.25"", ""Invalid requirement implementation: measures.26"", ""Invalid requirement implementation: measures.27"", ""Requirement introduces unsupported terms: ['four', 'normalised']"", ""Invalid requirement implementation: measures.28"", ""Requirement introduces unsupported terms: ['breaking']"", ""group_by.0 has no quoted requirement."", ""measures.0 has no quoted requirement."", ""measures.1 has no quoted requirement."", ""measures.2 has no quoted requirement."", ""measures.3 has no quoted requirement."", ""measures.4 has no quoted requirement."", ""measures.5 has no quoted requirement."", ""measures.6 has no quoted requirement."", ""measures.7 has no quoted requirement.""]","The pipeline returned no answer rows because the query failed, while the ground truth contains 10 required ranked investor results.",36.213,"{""Q1"": """"}"
wealth_management_multi_step_comparative_125_questions:MC125-111,"List the top 10 investors ranked by a composite score (0-100 index) combining net cash flow, total holding gain (counting only holdings with a recorded cost and current value), total rebalance amount and risk score. Over investors that have all 4 components, min-max normalise each component to 0-1, and take 100 times their equal-weighted mean; break ties by investor_id.",wealth_management_multi_step_comparative_125_questions.csv,DAG_NODE_ERROR,MISMATCH,MISMATCH,SQL,Q1:Query_Spec_Contract,"[""unresolved"", ""derived_operand_misclassified""]","[""Unresolved requirements: [{'text': 'Min\u2011max normalization requires the global minimum and maximum of each raw component (net_cash_flow_raw, total_holding_gain_raw, total_rebalance_amount_raw, risk_score_raw) across the eligible investor set.', 'reason': 'The plan references derived fields net_cash_flow_norm, holding_gain_norm, rebalance_amount_norm, risk_score_norm but does not compute the required min and max aggregates; these need additional measures or window functions not expressed here.'}]"", ""measures.4: unknown or self-referencing formula operand 'net_cash_flow_norm'."", ""measures.4: unknown or self-referencing formula operand 'holding_gain_norm'."", ""measures.4: unknown or self-referencing formula operand 'rebalance_amount_norm'."", ""measures.4: unknown or self-referencing formula operand 'risk_score_norm'.""]","[""Requirement introduces unsupported terms: ['normalize']"", ""group_by.0 has no quoted requirement.""]","Pipeline returned no answer rows because the query failed, while the ground truth contains 10 required ranked investors.",24.671,"{""Q1"": """"}"
wealth_management_multi_step_comparative_125_questions:MC125-109,"Among investors with every component recorded, list the top 10 ranked by a composite score defined as net cash flow plus total holding gain (counting only holdings with a recorded cost and current value) plus total rebalance amount plus total sector investment (all components in INR); break ties by investor_id.",wealth_management_multi_step_comparative_125_questions.csv,PIPELINE_SUCCESS,PARTIAL,MISMATCH,SQL,,[],[],"[""Requirement introduces unsupported terms: ['at', 'have', 'least', 'must', 'one']"", ""Requirement introduces unsupported terms: ['ascending', 'descending', 'rank']"", ""group_by.0 has no quoted requirement.""]","The pipeline returns several correct top-10 investors and scores, but includes incorrect composite scores/ranking for INV-1242 and INV-202, omits required INV-402, and includes incorrect INV-042.",50.767,"{""Q1"": ""WITH cash AS (\n        SELECT investor_id,\n               SUM(amount) AS net_cash_flow\n        FROM ATOM_EVENT_CASH_FLOW_001\n        GROUP BY investor_id\n    ),\n    holding AS (\n        SELECT investor_id,\n               SUM(current_value - cost) AS total_holding_gain\n        FROM ATOM_ENTITY_PORTFOLIO_HOLDING_001\n        WHERE cost IS NOT NULL AND current_value IS NOT NULL\n        GROUP BY investor_id\n    ),\n    rebalance AS (\n        SELECT investor_id,\n               SUM(amount) AS total_rebalance_amount\n        FROM ATOM_EVENT_REBALANCING_ACTION_001\n        GROUP BY investor_id\n    ),\n    sector AS (\n        SELECT investor_id,\n               SUM(total_investment) AS total_sector_investment\n        FROM ATOM_ENTITY_SECTOR_ALLOCATION_001\n        GROUP BY investor_id\n    )\nSELECT i.investor_id,\n       (cash.net_cash_flow + holding.total_holding_gain + rebalance.total_rebalance_amount + sector.total_sector_investment) AS composite_score\nFROM ATOM_ENTITY_INVESTOR_PROFILE_001 AS i\nINNER JOIN cash ON i.investor_id = cash.investor_id\nINNER JOIN holding ON i.investor_id = holding.investor_id\nINNER JOIN rebalance ON i.investor_id = rebalance.investor_id\nINNER JOIN sector ON i.investor_id = sector.investor_id\nORDER BY composite_score DESC, i.investor_id ASC\nLIMIT 10;""}"
wealth_management_multi_step_comparative_125_questions:MC125-115,"Among investors with every component recorded, list the top 10 ranked by a composite score defined as net cash flow plus total holding gain (counting only holdings with a recorded cost and current value) plus total sector investment minus average goal shortfall (all components in INR); break ties by investor_id.",wealth_management_multi_step_comparative_125_questions.csv,PIPELINE_SUCCESS,PARTIAL,PARTIAL,SQL,,[],[],"[""filters.0 has no quoted requirement."", ""filters.1 has no quoted requirement."", ""group_by.0 has no quoted requirement."", ""measures.0 has no quoted requirement."", ""measures.1 has no quoted requirement."", ""measures.2 has no quoted requirement."", ""measures.3 has no quoted requirement."", ""measures.4 has no quoted requirement.""]","The pipeline returns 9 of the 10 required investor IDs, but omits INV-402 and incorrectly includes INV-1202. Several composite scores are also materially incorrect, causing an incorrect ranking/order for those rows.",31.782,"{""Q1"": ""WITH cash_flow_agg AS (\n    SELECT investor_id, SUM(amount) AS net_cash_flow\n    FROM ATOM_EVENT_CASH_FLOW_001\n    GROUP BY investor_id\n),\nholding_gain_agg AS (\n    SELECT investor_id, SUM(current_value - cost) AS total_holding_gain\n    FROM ATOM_ENTITY_PORTFOLIO_HOLDING_001\n    WHERE cost IS NOT NULL AND current_value IS NOT NULL\n    GROUP BY investor_id\n),\nsector_invest_agg AS (\n    SELECT investor_id, SUM(total_investment) AS total_sector_investment\n    FROM ATOM_ENTITY_SECTOR_ALLOCATION_001\n    GROUP BY investor_id\n),\ngoal_shortfall_agg AS (\n    SELECT investor_id, AVG(shortfall) AS avg_goal_shortfall\n    FROM ATOM_ENTITY_INVESTMENT_GOAL_001\n    GROUP BY investor_id\n)\nSELECT ip.investor_id,\n       (cf.net_cash_flow + hg.total_holding_gain + si.total_sector_investment - gs.avg_goal_shortfall) AS composite_score\nFROM ATOM_ENTITY_INVESTOR_PROFILE_001 ip\nINNER JOIN cash_flow_agg cf ON ip.investor_id = cf.investor_id\nINNER JOIN holding_gain_agg hg ON ip.investor_id = hg.investor_id\nINNER JOIN sector_invest_agg si ON ip.investor_id = si.investor_id\nINNER JOIN goal_shortfall_agg gs ON ip.investor_id = gs.investor_id\nORDER BY composite_score DESC, ip.investor_id ASC\nLIMIT 10;""}"
wealth_management_multi_step_comparative_125_questions:MC125-112,"Among investors with every component recorded, list the top 10 ranked by a composite score defined as net cash flow plus total holding gain (counting only holdings with a recorded cost and current value) plus total rebalance amount minus average goal shortfall (all components in INR); break ties by investor_id.",wealth_management_multi_step_comparative_125_questions.csv,PIPELINE_SUCCESS,PARTIAL,PARTIAL,SQL,,[],[],"[""Requirement introduces unsupported terms: ['at', 'have', 'least', 'must', 'one']"", ""Requirement introduces unsupported terms: ['at', 'both', 'have', 'least', 'must', 'one']"", ""Requirement introduces unsupported terms: ['ascending', 'descending', 'rank']"", ""group_by.0 has no quoted requirement."", ""measures.0 has no quoted requirement."", ""measures.1 has no quoted requirement."", ""measures.2 has no quoted requirement."", ""measures.3 has no quoted requirement.""]",Nine of the ten required investors and their composite scores match. INV-042 has an incorrect composite score and is incorrectly ranked fourth; the correct score is 100844425.6 and it should be tenth.,52.241,"{""Q1"": ""WITH cash AS (\n        SELECT investor_id,\n               SUM(amount) AS net_cash_flow\n        FROM ATOM_EVENT_CASH_FLOW_001\n        GROUP BY investor_id\n    ),\n    holding AS (\n        SELECT investor_id,\n               SUM(current_value - cost) AS total_holding_gain\n        FROM ATOM_ENTITY_PORTFOLIO_HOLDING_001\n        WHERE cost IS NOT NULL\n          AND current_value IS NOT NULL\n        GROUP BY investor_id\n    ),\n    rebalance AS (\n        SELECT investor_id,\n               SUM(amount) AS total_rebalance_amount\n        FROM ATOM_EVENT_REBALANCING_ACTION_001\n        GROUP BY investor_id\n    ),\n    goal AS (\n        SELECT investor_id,\n               AVG(shortfall) AS avg_goal_shortfall\n        FROM ATOM_ENTITY_INVESTMENT_GOAL_001\n        WHERE shortfall IS NOT NULL\n        GROUP BY investor_id\n    )\nSELECT i.investor_id,\n       (cash.net_cash_flow + holding.total_holding_gain + rebalance.total_rebalance_amount - goal.avg_goal_shortfall) AS composite_score\nFROM ATOM_ENTITY_INVESTOR_PROFILE_001 AS i\nINNER JOIN cash ON i.investor_id = cash.investor_id\nINNER JOIN holding ON i.investor_id = holding.investor_id\nINNER JOIN rebalance ON i.investor_id = rebalance.investor_id\nINNER JOIN goal ON i.investor_id = goal.investor_id\nORDER BY composite_score DESC, i.investor_id ASC\nLIMIT 10;""}"
wealth_management_multi_step_comparative_125_questions:MC125-113,"List the top 10 investors ranked by a composite score (0-100 index) combining net cash flow, total holding gain (counting only holdings with a recorded cost and current value), total sector investment and total scenario allocation shift (sum of new minus current allocation %). Over investors that have all 4 components, min-max normalise each component to 0-1, and take 100 times their equal-weighted mean; break ties by investor_id.",wealth_management_multi_step_comparative_125_questions.csv,PIPELINE_SUCCESS,MATCH,MISMATCH,SQL,,[],[],"[""Every subquery needs a requirement ledger.""]",The pipeline returns the same top 10 investor IDs in the correct ranked order. All composite scores are materially consistent with the ground truth and within the stated numeric tolerance; omitted component metrics and names were not required in the final output.,49.017,"{""Q1"": ""WITH\n  m_cash AS (\n    SELECT investor_id,\n           SUM(amount) AS net_cash_flow\n    FROM ATOM_EVENT_CASH_FLOW_001\n    GROUP BY investor_id\n  ),\n  m_holding AS (\n    SELECT investor_id,\n           SUM(current_value - cost) AS total_holding_gain\n    FROM ATOM_ENTITY_PORTFOLIO_HOLDING_001\n    WHERE cost IS NOT NULL\n      AND current_value IS NOT NULL\n    GROUP BY investor_id\n  ),\n  m_sector AS (\n    SELECT investor_id,\n           SUM(total_investment) AS total_sector_investment\n    FROM ATOM_ENTITY_SECTOR_ALLOCATION_001\n    GROUP BY investor_id\n  ),\n  m_scenario AS (\n    SELECT investor_id,\n           SUM(new_allocation_pct - current_allocation_pct) AS total_scenario_shift\n    FROM ATOM_EVENT_SCENARIO_REBALANCING_001\n    GROUP BY investor_id\n  ),\n  combined AS (\n    SELECT i.investor_id,\n           c.net_cash_flow,\n           h.total_holding_gain,\n           s.total_sector_investment,\n           sc.total_scenario_shift\n    FROM ATOM_ENTITY_INVESTOR_PROFILE_001 i\n    INNER JOIN m_cash c ON i.investor_id = c.investor_id\n    INNER JOIN m_holding h ON i.investor_id = h.investor_id\n    INNER JOIN m_sector s ON i.investor_id = s.investor_id\n    INNER JOIN m_scenario sc ON i.investor_id = sc.investor_id\n  ),\n  mins AS (\n    SELECT MIN(net_cash_flow) AS net_cash_flow_min,\n           MIN(total_holding_gain) AS total_holding_gain_min,\n           MIN(total_sector_investment) AS total_sector_investment_min,\n           MIN(total_scenario_shift) AS total_scenario_shift_min\n    FROM combined\n  ),\n  maxs AS (\n    SELECT MAX(net_cash_flow) AS net_cash_flow_max,\n           MAX(total_holding_gain) AS total_holding_gain_max,\n           MAX(total_sector_investment) AS total_sector_investment_max,\n           MAX(total_scenario_shift) AS total_scenario_shift_max\n    FROM combined\n  )\nSELECT\n  c.investor_id,\n  100.0 * (\n    (\n      (c.net_cash_flow - mins.net_cash_flow_min) / NULLIF(maxs.net_cash_flow_max - mins.net_cash_flow_min, 0)\n    ) +\n    (\n      (c.total_holding_gain - mins.total_holding_gain_min) / NULLIF(maxs.total_holding_gain_max - mins.total_holding_gain_min, 0)\n    ) +\n    (\n      (c.total_sector_investment - mins.total_sector_investment_min) / NULLIF(maxs.total_sector_investment_max - mins.total_sector_investment_min, 0)\n    ) +\n    (\n      (c.total_scenario_shift - mins.total_scenario_shift_min) / NULLIF(maxs.total_scenario_shift_max - mins.total_scenario_shift_min, 0)\n    )\n  ) / 4.0 AS composite_score\nFROM combined c\nCROSS JOIN mins\nCROSS JOIN maxs\nORDER BY composite_score DESC, c.investor_id ASC\nLIMIT 10;""}"
wealth_management_multi_step_comparative_125_questions:MC125-114,"List the top 10 investors ranked by a composite score (0-100 index) combining net cash flow, total holding gain (counting only holdings with a recorded cost and current value), total sector investment and risk score. Over investors that have all 4 components, min-max normalise each component to 0-1, and take 100 times their equal-weighted mean; break ties by investor_id.",wealth_management_multi_step_comparative_125_questions.csv,DAG_NODE_ERROR,MISMATCH,MATCH,SQL,Q1:Query_Spec_Contract,"[""unknown_source"", ""derived_expression_required""]","[""Unknown source: derived"", ""measures.4: derived measure needs an expression."", ""measures.4: measure needs a field or formula."", ""measures.5: derived measure needs an expression."", ""measures.5: measure needs a field or formula."", ""measures.6: derived measure needs an expression."", ""measures.6: measure needs a field or formula."", ""measures.7: derived measure needs an expression."", ""measures.7: measure needs a field or formula."", ""measures.8: derived measure needs an expression."", ""measures.8: measure needs a field or formula."", ""measures.9: derived measure needs an expression."", ""measures.9: measure needs a field or formula."", ""measures.10: derived measure needs an expression."", ""measures.10: measure needs a field or formula."", ""measures.11: derived measure needs an expression."", ""measures.11: measure needs a field or formula.""]","[""Requirement introduces unsupported terms: ['considered', 'four']"", ""Requirement introduces unsupported terms: ['normalised']"", ""Requirement introduces unsupported terms: ['descending', 'rank']"", ""group_by.0 has no quoted requirement."", ""measures.0 has no quoted requirement."", ""measures.1 has no quoted requirement."", ""measures.2 has no quoted requirement."", ""measures.3 has no quoted requirement."", ""measures.4 has no quoted requirement."", ""measures.5 has no quoted requirement."", ""measures.6 has no quoted requirement."", ""measures.7 has no quoted requirement."", ""measures.8 has no quoted requirement."", ""measures.9 has no quoted requirement."", ""measures.10 has no quoted requirement."", ""measures.11 has no quoted requirement.""]","Pipeline returned no answer rows because the query failed, while the ground truth contains 10 required ranked investors and their composite scores.",58.305,"{""Q1"": """"}"
wealth_management_multi_step_comparative_125_questions:MC125-118,"List the top 10 investors ranked by a composite score (0-100 index) combining net cash flow, total holding gain (counting only holdings with a recorded cost and current value) and risk score, with average goal shortfall counting against the score. Over investors that have all 4 components, min-max normalise each component to 0-1 (use 1 minus the normalised value for average goal shortfall), and take 100 times their equal-weighted mean; break ties by investor_id.",wealth_management_multi_step_comparative_125_questions.csv,DAG_NODE_ERROR,MISMATCH,MISMATCH,SQL,Q1:Query_Spec_Contract,"[""unknown_source"", ""invalid_operand_kind""]","[""Unknown source: derived"", ""measures.1: operand_kind must be physical or aliases.""]","[""Requirement introduces unsupported terms: ['counted']"", ""Requirement introduces unsupported terms: ['four', 'include']"", ""filters.0 has no quoted requirement."", ""filters.1 has no quoted requirement."", ""filters.2 has no quoted requirement."", ""filters.3 has no quoted requirement."", ""filters.4 has no quoted requirement."", ""group_by.0 has no quoted requirement."", ""measures.16 has no quoted requirement.""]",Pipeline returned a query failure message instead of the requested top-10 investor results.,37.808,"{""Q1"": """"}"
wealth_management_multi_step_comparative_125_questions:MC125-119,"List the top 10 investors ranked by a composite score (0-100 index) combining net cash flow, total rebalance amount, total sector investment and total scenario allocation shift (sum of new minus current allocation %). Over investors that have all 4 components, min-max normalise each component to 0-1, and take 100 times their equal-weighted mean; break ties by investor_id.",wealth_management_multi_step_comparative_125_questions.csv,DAG_NODE_ERROR,MISMATCH,MISMATCH,SQL,Q1:Query_Spec_Contract,"[""unknown_source"", ""derived_operand_misclassified"", ""physical_as_source""]","[""Unknown source: physical"", ""group_by.0: unknown source 'physical'."", ""measures.4: unknown or self-referencing formula operand 'min_net_cash_flow_raw'."", ""measures.4: unknown or self-referencing formula operand 'max_net_cash_flow_raw'."", ""measures.5: unknown or self-referencing formula operand 'min_total_rebalance_amount_raw'."", ""measures.5: unknown or self-referencing formula operand 'max_total_rebalance_amount_raw'."", ""measures.6: unknown or self-referencing formula operand 'min_total_sector_investment_raw'."", ""measures.6: unknown or self-referencing formula operand 'max_total_sector_investment_raw'."", ""measures.7: unknown or self-referencing formula operand 'min_total_scenario_shift_raw'."", ""measures.7: unknown or self-referencing formula operand 'max_total_scenario_shift_raw'.""]","[""group_by.0 has no quoted requirement.""]","Pipeline returned no answer rows because the query failed, while the ground truth contains 10 required ranked investors.",27.416,"{""Q1"": """"}"
wealth_management_multi_step_comparative_125_questions:MC125-117,"List the top 10 investors ranked by a composite score (0-100 index) combining net cash flow, total holding gain (counting only holdings with a recorded cost and current value) and total scenario allocation shift (sum of new minus current allocation %), with average goal shortfall counting against the score. Over investors that have all 4 components, min-max normalise each component to 0-1 (use 1 minus the normalised value for average goal shortfall), and take 100 times their equal-weighted mean; break ties by investor_id.",wealth_management_multi_step_comparative_125_questions.csv,DAG_NODE_ERROR,MISMATCH,MISMATCH,SQL,Q1:Query_Spec_Contract,"[""derived_expression_required"", ""derived_operand_misclassified""]","[""measures.1: unknown or self-referencing formula operand 'current_value'."", ""measures.1: unknown or self-referencing formula operand 'cost'."", ""measures.2: unknown or self-referencing formula operand 'new_allocation_pct'."", ""measures.2: unknown or self-referencing formula operand 'current_allocation_pct'."", ""measures.4: derived measure needs an expression."", ""measures.5: derived measure needs an expression."", ""measures.6: derived measure needs an expression."", ""measures.7: derived measure needs an expression."", ""measures.8: derived measure needs an expression."", ""measures.9: derived measure needs an expression."", ""measures.10: derived measure needs an expression."", ""measures.11: derived measure needs an expression.""]","[""Requirement introduces unsupported terms: ['four', 'must', 'present']"", ""Requirement introduces unsupported terms: ['invert', 'multiply', 'normalize', 'scaling', 'then']"", ""Requirement introduces unsupported terms: ['descending', 'rank']"", ""filters.0 has no quoted requirement."", ""filters.1 has no quoted requirement."", ""group_by.0 has no quoted requirement."", ""measures.0 has no quoted requirement."", ""measures.1 has no quoted requirement."", ""measures.2 has no quoted requirement."", ""measures.3 has no quoted requirement."", ""measures.4 has no quoted requirement."", ""measures.5 has no quoted requirement."", ""measures.6 has no quoted requirement."", ""measures.7 has no quoted requirement."", ""measures.8 has no quoted requirement."", ""measures.9 has no quoted requirement."", ""measures.10 has no quoted requirement."", ""measures.11 has no quoted requirement.""]","The pipeline returned no answer rows due to a query failure, while the ground truth contains 10 required ranked investors and composite scores.",52.576,"{""Q1"": """"}"
wealth_management_multi_step_comparative_125_questions:MC125-116,"List the top 10 investors ranked by a composite score (0-100 index) combining net cash flow, total holding gain (counting only holdings with a recorded cost and current value), total scenario allocation shift (sum of new minus current allocation %) and risk score. Over investors that have all 4 components, min-max normalise each component to 0-1, and take 100 times their equal-weighted mean; break ties by investor_id.",wealth_management_multi_step_comparative_125_questions.csv,DAG_NODE_ERROR,MISMATCH,MISMATCH,SQL,Q1:Query_Spec_Contract,"[""derived_expression_required""]","[""measures.10: derived measure needs an expression."", ""measures.11: derived measure needs an expression."", ""measures.12: derived measure needs an expression."", ""measures.13: derived measure needs an expression.""]","[""Requirement introduces unsupported terms: ['rank']"", ""Requirement introduces unsupported terms: ['combine']"", ""Requirement introduces unsupported terms: ['normalize']"", ""Requirement introduces unsupported terms: ['four', 'multiplied', 'normalized']"", ""group_by.0 has no quoted requirement."", ""measures.1 has no quoted requirement."", ""measures.2 has no quoted requirement."", ""measures.4 has no quoted requirement."", ""measures.5 has no quoted requirement."", ""measures.8 has no quoted requirement."", ""measures.9 has no quoted requirement."", ""measures.10 has no quoted requirement."", ""measures.11 has no quoted requirement."", ""measures.12 has no quoted requirement."", ""measures.13 has no quoted requirement."", ""measures.14 has no quoted requirement."", ""measures.15 has no quoted requirement.""]","Pipeline returned no answer rows because the query failed, while the ground truth contains 10 required ranked investors.",58.985,"{""Q1"": """"}"
wealth_management_multi_step_comparative_125_questions:MC125-121,"Among investors with every component recorded, list the top 10 ranked by a composite score defined as net cash flow plus total rebalance amount plus total sector investment minus average goal shortfall (all components in INR); break ties by investor_id.",wealth_management_multi_step_comparative_125_questions.csv,PIPELINE_SUCCESS,MATCH,MATCH,SQL,,[],[],"[""group_by.0 has no quoted requirement.""]","The pipeline returns exactly the required top 10 investor IDs in the correct descending composite-score order, and all composite scores match the ground truth within tolerance.",20.929,"{""Q1"": ""WITH cash AS (\n    SELECT investor_id, SUM(amount) AS net_cash_flow\n    FROM ATOM_EVENT_CASH_FLOW_001\n    GROUP BY investor_id\n),\nreb AS (\n    SELECT investor_id, SUM(amount) AS total_rebalance_amount\n    FROM ATOM_EVENT_REBALANCING_ACTION_001\n    GROUP BY investor_id\n),\nsector AS (\n    SELECT investor_id, SUM(total_investment) AS total_sector_investment\n    FROM ATOM_ENTITY_SECTOR_ALLOCATION_001\n    GROUP BY investor_id\n),\ngoal AS (\n    SELECT investor_id, AVG(shortfall) AS avg_goal_shortfall\n    FROM ATOM_ENTITY_INVESTMENT_GOAL_001\n    GROUP BY investor_id\n)\nSELECT\n    i.investor_id,\n    (cash.net_cash_flow + reb.total_rebalance_amount + sector.total_sector_investment - goal.avg_goal_shortfall) AS composite_score\nFROM ATOM_ENTITY_INVESTOR_PROFILE_001 i\nINNER JOIN cash   ON i.investor_id = cash.investor_id\nINNER JOIN reb    ON i.investor_id = reb.investor_id\nINNER JOIN sector ON i.investor_id = sector.investor_id\nINNER JOIN goal   ON i.investor_id = goal.investor_id\nORDER BY composite_score DESC, i.investor_id ASC\nLIMIT 10;""}"
wealth_management_multi_step_comparative_125_questions:MC125-120,"List the top 10 investors ranked by a composite score (0-100 index) combining net cash flow, total rebalance amount, total sector investment and risk score. Over investors that have all 4 components, min-max normalise each component to 0-1, and take 100 times their equal-weighted mean; break ties by investor_id.",wealth_management_multi_step_comparative_125_questions.csv,PIPELINE_SUCCESS,PARTIAL,MISMATCH,SQL,,[],[],"[""Requirement introduces unsupported terms: ['combine']"", ""Requirement introduces unsupported terms: ['normalize']"", ""group_by.0 has no quoted requirement."", ""measures.4 has no quoted requirement."", ""measures.5 has no quoted requirement."", ""measures.7 has no quoted requirement."", ""measures.8 has no quoted requirement."", ""measures.10 has no quoted requirement."", ""measures.11 has no quoted requirement."", ""measures.13 has no quoted requirement."", ""measures.14 has no quoted requirement.""]","The pipeline returns the correct first eight ranked investor IDs in the correct order, but composite scores materially differ from the ground truth and the 9th and 10th required investors are replaced by incorrect investors.",52.372,"{""Q1"": ""WITH profile AS (\n        SELECT investor_id\n        FROM ATOM_ENTITY_INVESTOR_PROFILE_001\n    ),\n    cash AS (\n        SELECT investor_id,\n               SUM(amount) AS net_cash_flow_raw\n        FROM ATOM_EVENT_CASH_FLOW_001\n        GROUP BY investor_id\n    ),\n    reb AS (\n        SELECT investor_id,\n               SUM(amount) AS total_rebalance_amount_raw\n        FROM ATOM_EVENT_REBALANCING_ACTION_001\n        GROUP BY investor_id\n    ),\n    sector AS (\n        SELECT investor_id,\n               SUM(total_investment) AS total_sector_investment_raw\n        FROM ATOM_ENTITY_SECTOR_ALLOCATION_001\n        GROUP BY investor_id\n    ),\n    risk AS (\n        SELECT investor_id,\n               AVG(risk_score) AS risk_score_raw\n        FROM ATOM_ENTITY_PORTFOLIO_HEALTH_001\n        GROUP BY investor_id\n    ),\n    joined AS (\n        SELECT p.investor_id,\n               c.net_cash_flow_raw,\n               r.total_rebalance_amount_raw,\n               s.total_sector_investment_raw,\n               k.risk_score_raw\n        FROM profile p\n        INNER JOIN cash c ON p.investor_id = c.investor_id\n        INNER JOIN reb r ON p.investor_id = r.investor_id\n        INNER JOIN sector s ON p.investor_id = s.investor_id\n        INNER JOIN risk k ON p.investor_id = k.investor_id\n    ),\n    norm AS (\n        SELECT investor_id,\n               net_cash_flow_raw,\n               total_rebalance_amount_raw,\n               total_sector_investment_raw,\n               risk_score_raw,\n               (net_cash_flow_raw - MIN(net_cash_flow_raw) OVER ()) / NULLIF((MAX(net_cash_flow_raw) OVER ()) - MIN(net_cash_flow_raw) OVER (), 0) AS net_cash_flow_norm,\n               (total_rebalance_amount_raw - MIN(total_rebalance_amount_raw) OVER ()) / NULLIF((MAX(total_rebalance_amount_raw) OVER ()) - MIN(total_rebalance_amount_raw) OVER (), 0) AS rebalance_amount_norm,\n               (total_sector_investment_raw - MIN(total_sector_investment_raw) OVER ()) / NULLIF((MAX(total_sector_investment_raw) OVER ()) - MIN(total_sector_investment_raw) OVER (), 0) AS sector_investment_norm,\n               (risk_score_raw - MIN(risk_score_raw) OVER ()) / NULLIF((MAX(risk_score_raw) OVER ()) - MIN(risk_score_raw) OVER (), 0) AS risk_score_norm\n        FROM joined\n    ),\n    final AS (\n        SELECT investor_id,\n               100.0 * (net_cash_flow_norm + rebalance_amount_norm + sector_investment_norm + risk_score_norm) / 4.0 AS composite_score\n        FROM norm\n    )\nSELECT investor_id,\n       composite_score\nFROM final\nORDER BY composite_score DESC,\n         investor_id ASC\nLIMIT 10;""}"
wealth_management_multi_step_comparative_125_questions:MC125-122,"List the top 10 investors ranked by a composite score (0-100 index) combining net cash flow, total rebalance amount, total scenario allocation shift (sum of new minus current allocation %) and risk score. Over investors that have all 4 components, min-max normalise each component to 0-1, and take 100 times their equal-weighted mean; break ties by investor_id.",wealth_management_multi_step_comparative_125_questions.csv,DAG_NODE_ERROR,MISMATCH,MISMATCH,SQL,Q1:Query_Spec_Contract,"[""derived_expression_required""]","[""measures.4: derived measure needs an expression."", ""measures.4: measure needs a field or formula."", ""measures.5: derived measure needs an expression."", ""measures.5: measure needs a field or formula."", ""measures.6: derived measure needs an expression."", ""measures.6: measure needs a field or formula."", ""measures.7: derived measure needs an expression."", ""measures.7: measure needs a field or formula."", ""measures.8: derived measure needs an expression."", ""measures.8: measure needs a field or formula."", ""measures.9: derived measure needs an expression."", ""measures.9: measure needs a field or formula."", ""measures.10: derived measure needs an expression."", ""measures.10: measure needs a field or formula."", ""measures.11: derived measure needs an expression."", ""measures.11: measure needs a field or formula.""]","[""Requirement introduces unsupported terms: ['normalize']""]","The pipeline returned no answer rows because the query failed, while the ground truth contains 10 required ranked investors and composite scores.",60.115,"{""Q1"": """"}"
wealth_management_multi_step_comparative_125_questions:MC125-123,"List the top 10 investors ranked by a composite score (0-100 index) combining net cash flow, total rebalance amount and total scenario allocation shift (sum of new minus current allocation %), with average goal shortfall counting against the score. Over investors that have all 4 components, min-max normalise each component to 0-1 (use 1 minus the normalised value for average goal shortfall), and take 100 times their equal-weighted mean; break ties by investor_id.",wealth_management_multi_step_comparative_125_questions.csv,DAG_NODE_ERROR,MISMATCH,MATCH,SQL,Q1:Query_Spec_Contract,"[""invalid_operand_kind""]","[""measures.2: operand_kind must be physical or aliases.""]","[""Invalid requirement implementation: join_policy.inner_join"", ""Invalid requirement implementation: measures.min_*"", ""Invalid requirement implementation: measures.max_*"", ""Invalid requirement implementation: measures.norm_*"", ""group_by.0 has no quoted requirement."", ""measures.4 has no quoted requirement."", ""measures.5 has no quoted requirement."", ""measures.6 has no quoted requirement."", ""measures.7 has no quoted requirement."", ""measures.8 has no quoted requirement."", ""measures.9 has no quoted requirement."", ""measures.10 has no quoted requirement."", ""measures.11 has no quoted requirement."", ""measures.12 has no quoted requirement."", ""measures.13 has no quoted requirement."", ""measures.14 has no quoted requirement."", ""measures.15 has no quoted requirement.""]","The pipeline returned no answer rows because the query failed, while the ground truth contains 10 required ranked investors.",62.006,"{""Q1"": """"}"
wealth_management_multi_step_comparative_125_questions:MC125-124,"List the top 10 investors ranked by a composite score (0-100 index) combining net cash flow, total rebalance amount and risk score, with average goal shortfall counting against the score. Over investors that have all 4 components, min-max normalise each component to 0-1 (use 1 minus the normalised value for average goal shortfall), and take 100 times their equal-weighted mean; break ties by investor_id.",wealth_management_multi_step_comparative_125_questions.csv,PIPELINE_SUCCESS,MATCH,MISMATCH,SQL,,[],[],"[""group_by.0 has no quoted requirement.""]","The pipeline returns exactly the 10 ground-truth investors in the correct composite-score descending order, with scores matching the reference values within rounding precision.",49.433,"{""Q1"": ""WITH cash AS (\n        SELECT investor_id, SUM(amount) AS net_cash_flow_sum\n        FROM ATOM_EVENT_CASH_FLOW_001\n        GROUP BY investor_id\n    ),\n    rebalance AS (\n        SELECT investor_id, SUM(amount) AS total_rebalance_amount_sum\n        FROM ATOM_EVENT_REBALANCING_ACTION_001\n        GROUP BY investor_id\n    ),\n    risk AS (\n        SELECT investor_id, risk_score\n        FROM ATOM_ENTITY_PORTFOLIO_HEALTH_001\n    ),\n    goal AS (\n        SELECT investor_id, AVG(shortfall) AS avg_goal_shortfall\n        FROM ATOM_ENTITY_INVESTMENT_GOAL_001\n        GROUP BY investor_id\n    ),\n    joined AS (\n        SELECT i.investor_id,\n               c.net_cash_flow_sum,\n               r.total_rebalance_amount_sum,\n               k.risk_score,\n               g.avg_goal_shortfall\n        FROM ATOM_ENTITY_INVESTOR_PROFILE_001 i\n        INNER JOIN cash c ON i.investor_id = c.investor_id\n        INNER JOIN rebalance r ON i.investor_id = r.investor_id\n        INNER JOIN risk k ON i.investor_id = k.investor_id\n        INNER JOIN goal g ON i.investor_id = g.investor_id\n    ),\n    stats AS (\n        SELECT MIN(net_cash_flow_sum) AS min_net_cash_flow,\n               MAX(net_cash_flow_sum) AS max_net_cash_flow,\n               MIN(total_rebalance_amount_sum) AS min_total_rebalance_amount,\n               MAX(total_rebalance_amount_sum) AS max_total_rebalance_amount,\n               MIN(risk_score) AS min_risk_score,\n               MAX(risk_score) AS max_risk_score,\n               MIN(avg_goal_shortfall) AS min_avg_shortfall,\n               MAX(avg_goal_shortfall) AS max_avg_shortfall\n        FROM joined\n    ),\n    final AS (\n        SELECT j.investor_id,\n               ( (\n                   (j.net_cash_flow_sum - s.min_net_cash_flow) / NULLIF(s.max_net_cash_flow - s.min_net_cash_flow, 0) +\n                   (j.total_rebalance_amount_sum - s.min_total_rebalance_amount) / NULLIF(s.max_total_rebalance_amount - s.min_total_rebalance_amount, 0) +\n                   (j.risk_score - s.min_risk_score) / NULLIF(s.max_risk_score - s.min_risk_score, 0) +\n                   (1 - (j.avg_goal_shortfall - s.min_avg_shortfall) / NULLIF(s.max_avg_shortfall - s.min_avg_shortfall, 0))\n                 ) / 4.0) * 100.0 AS composite_score\n        FROM joined j\n        CROSS JOIN stats s\n    )\nSELECT investor_id,\n       composite_score\nFROM final\nORDER BY composite_score DESC, investor_id\nLIMIT 10;""}"
wealth_management_multi_step_comparative_125_questions:MC125-125,"List the top 10 investors ranked by a composite score (0-100 index) combining net cash flow, total sector investment, total scenario allocation shift (sum of new minus current allocation %) and risk score. Over investors that have all 4 components, min-max normalise each component to 0-1, and take 100 times their equal-weighted mean; break ties by investor_id.",wealth_management_multi_step_comparative_125_questions.csv,DAG_NODE_ERROR,MISMATCH,MISMATCH,SQL,Q1:Query_Spec_Contract,"[""derived_expression_required"", ""invalid_operand_kind""]","[""measures.3: operand_kind must be physical or aliases."", ""measures.4: measure needs a field or formula."", ""measures.6: derived measure needs an expression."", ""measures.6: measure needs a field or formula."", ""measures.7: derived measure needs an expression."", ""measures.7: measure needs a field or formula."", ""measures.8: derived measure needs an expression."", ""measures.8: measure needs a field or formula."", ""measures.9: derived measure needs an expression."", ""measures.9: measure needs a field or formula."", ""measures.10: derived measure needs an expression."", ""measures.10: measure needs a field or formula."", ""measures.11: derived measure needs an expression."", ""measures.11: measure needs a field or formula."", ""measures.12: derived measure needs an expression."", ""measures.12: measure needs a field or formula."", ""measures.13: derived measure needs an expression."", ""measures.13: measure needs a field or formula.""]","[""group_by.0 has no quoted requirement."", ""measures.18 has no quoted requirement.""]","The pipeline returned no answer rows because the query failed, while the ground truth contains 10 required ranked investors and composite scores.",33.418,"{""Q1"": """"}"
wealth_management_reference_compliance_125_questions:RC125-003,"Using the allowed segment values Diversified, Large Cap, Mid Cap, Small Cap, which investor profiles have a segment value outside this set?",wealth_management_reference_compliance_125_questions.csv,DAG_NODE_ERROR,MISMATCH,MATCH,SQL,Q1:Query_Spec_Contract,"[""unknown_source"", ""physical_as_source""]","[""Unknown source: physical"", ""filters.0: unknown source 'physical'.""]",[],"The ground truth is empty, indicating no investor profiles have a segment outside the allowed set. The pipeline returned a failure message rather than an empty result set.",17.131,"{""Q1"": """"}"
wealth_management_reference_compliance_125_questions:RC125-004,"Using the allowed category values Debt, Equity, Gold, Hybrid, Real Estate, which investor profiles have a category value outside this set?",wealth_management_reference_compliance_125_questions.csv,PIPELINE_SUCCESS,MATCH,MATCH,SQL,,[],[],"[""measures.0 has no quoted requirement."", ""measures.1 has no quoted requirement."", ""measures.2 has no quoted requirement.""]","The ground truth is empty, indicating no investor profiles have a category outside the allowed set. The pipeline likewise returned no data.",12.667,"{""Q1"": ""SELECT investor_id, investor_name, category\nFROM ATOM_ENTITY_INVESTOR_PROFILE_001\nWHERE category NOT IN ('Debt', 'Equity', 'Gold', 'Hybrid', 'Real Estate');""}"
wealth_management_reference_compliance_125_questions:RC125-002,"Using the allowed time_horizon values Long-term, Medium-term, Short-term, which investor profiles have a time_horizon value outside this set?",wealth_management_reference_compliance_125_questions.csv,PIPELINE_SUCCESS,MATCH,MATCH,KG,,[],[],"[""measures.0 has no quoted requirement."", ""measures.1 has no quoted requirement."", ""measures.2 has no quoted requirement.""]","The ground truth is empty, and the pipeline reports no data found, correctly indicating that no investor profiles have a time_horizon outside the allowed set.",39.713,"{""Q1"": ""PREFIX wm: <https://wealth.example.org/ontology/>\nPREFIX rdf: <http://www.w3.org/1999/02/22-rdf-syntax-ns#>\n\nSELECT ?investorId ?investorName ?timeHorizon\nWHERE {\n  ?investor a wm:Investor .\n  ?investor wm:investorId ?investorId .\n  ?investor wm:investorName ?investorName .\n  ?investor wm:timeHorizon ?timeHorizon .\n  FILTER(?timeHorizon NOT IN (\""Long-term\"", \""Medium-term\"", \""Short-term\""))\n}""}"
wealth_management_reference_compliance_125_questions:RC125-006,"Using the allowed investment_type values Corporate Bond, ETF, Equity, Global Equity, Gold, Government Bond, Hedge Fund, InVIT, Index Fund, Mutual Fund, Private Equity, REIT, Real Estate, Venture Capital, which portfolio holdings have a investment_type value outside this set?",wealth_management_reference_compliance_125_questions.csv,PIPELINE_SUCCESS,MATCH,MATCH,SQL,,[],[],[],No holdings have an investment_type outside the allowed set; the ground truth is empty and the pipeline reports no data found.,13.305,"{""Q1"": ""SELECT holding_id,\n       investor_id,\n       investment_type,\n       investment_name,\n       sector,\n       segment,\n       category,\n       purchase_date,\n       cost,\n       current_value,\n       returns_pct,\n       dividends,\n       taxes_paid\nFROM ATOM_ENTITY_PORTFOLIO_HOLDING_001\nWHERE investment_type NOT IN (\n    'Corporate Bond',\n    'ETF',\n    'Equity',\n    'Global Equity',\n    'Gold',\n    'Government Bond',\n    'Hedge Fund',\n    'InVIT',\n    'Index Fund',\n    'Mutual Fund',\n    'Private Equity',\n    'REIT',\n    'Real Estate',\n    'Venture Capital'\n);""}"
wealth_management_reference_compliance_125_questions:RC125-001,"Using the allowed risk_tolerance values Aggressive, Conservative, Moderate, which investor profiles have a risk_tolerance value outside this set?",wealth_management_reference_compliance_125_questions.csv,PIPELINE_SUCCESS,MATCH,MATCH,KG,,[],[],"[""measures.0 has no quoted requirement."", ""measures.1 has no quoted requirement."", ""measures.2 has no quoted requirement.""]",No investor profiles have a risk_tolerance value outside the allowed set; the pipeline also returned no data.,49.859,"{""Q1"": ""PREFIX wm: <https://wealth.example.org/ontology/>\nPREFIX rdf: <http://www.w3.org/1999/02/22-rdf-syntax-ns#>\n\nSELECT ?inv ?investorId ?investorName ?riskTolerance\nWHERE {\n  ?inv a wm:Investor ;\n       wm:investorId ?investorId ;\n       wm:investorName ?investorName ;\n       wm:riskTolerance ?riskTolerance .\n  FILTER(?riskTolerance NOT IN (\""Aggressive\"", \""Conservative\"", \""Moderate\""))\n}""}"
wealth_management_reference_compliance_125_questions:RC125-005,"Using the allowed investment_goal values Child Education, Emergency Fund, Growth, Income Generation, Retirement Planning, Wealth Preservation, which investor profiles have a investment_goal value outside this set?",wealth_management_reference_compliance_125_questions.csv,PIPELINE_SUCCESS,MATCH,MATCH,KG,,[],[],"[""Requirement introduces unsupported terms: ['where']"", ""measures.0 has no quoted requirement."", ""measures.1 has no quoted requirement."", ""measures.2 has no quoted requirement.""]","The ground truth is empty, and the pipeline reports no data found, correctly indicating no investor profiles have an investment_goal outside the allowed set.",30.683,"{""Q1"": ""PREFIX wm: <https://wealth.example.org/ontology/>\nPREFIX rdf: <http://www.w3.org/1999/02/22-rdf-syntax-ns#>\n\nSELECT ?investorId ?investorName ?investmentGoal\nWHERE {\n  ?investor a wm:Investor .\n  ?investor wm:investorId ?investorId .\n  ?investor wm:investorName ?investorName .\n  ?investor wm:investmentGoal ?investmentGoal .\n  FILTER(?investmentGoal NOT IN (\n    \""Child Education\"",\n    \""Emergency Fund\"",\n    \""Growth\"",\n    \""Income Generation\"",\n    \""Retirement Planning\"",\n    \""Wealth Preservation\""\n  ))\n}""}"
wealth_management_reference_compliance_125_questions:RC125-009,How many investor profiles are missing a required risk_tolerance value (risk_tolerance IS NULL)?,wealth_management_reference_compliance_125_questions.csv,DAG_NODE_ERROR,MISMATCH,MATCH,SQL,Q1:Query_Spec_Contract,"[""empty_output_schema""]","[""Query_Spec could not be parsed."", ""output_schema must contain named output columns.""]","[""Every subquery needs a requirement ledger.""]",The pipeline returned an execution failure rather than the required count of investor profiles with NULL risk_tolerance.,14.168,"{""Q1"": """"}"
wealth_management_reference_compliance_125_questions:RC125-008,"For the reference attribute risk_tolerance, which values are actually in use across investor profiles, and how many records use each? (compare against the allowed set Aggressive, Conservative, Moderate)",wealth_management_reference_compliance_125_questions.csv,DAG_NODE_ERROR,MISMATCH,PARTIAL,SQL,Q1:Query_Spec_Contract,"[""unknown_source"", ""physical_as_source""]","[""Unknown source: physical"", ""group_by.0: unknown source 'physical'."", ""measures.0: unknown source 'physical'.""]","[""Requirement has no implementation: compare against the allowed set Aggressive, Conservative, Moderate""]",The pipeline returned a failure message instead of the required risk_tolerance values and record counts.,26.763,"{""Q1"": """"}"
wealth_management_reference_compliance_125_questions:RC125-010,List the investor profiles that are missing a required risk_tolerance value (risk_tolerance IS NULL).,wealth_management_reference_compliance_125_questions.csv,PIPELINE_SUCCESS,MATCH,MATCH,KG,,[],[],[],"The pipeline returns the complete set of investor IDs whose risk_tolerance is NULL, matching the ground-truth entity set. Additional name and empty risk-tolerance fields are harmless.",21.461,"{""Q1"": ""PREFIX wm: <https://wealth.example.org/ontology/>\nPREFIX rdf: <http://www.w3.org/1999/02/22-rdf-syntax-ns#>\n\nSELECT ?investorId ?investorName ?riskTolerance\nWHERE {\n  ?inv rdf:type wm:Investor .\n  ?inv wm:investorId ?investorId .\n  OPTIONAL { ?inv wm:investorName ?investorName . }\n  OPTIONAL { ?inv wm:riskTolerance ?riskTolerance . }\n  FILTER (!BOUND(?riskTolerance))\n}""}"
wealth_management_reference_compliance_125_questions:RC125-011,"For the reference attribute time_horizon, which values are actually in use across investor profiles, and how many records use each? (compare against the allowed set Long-term, Medium-term, Short-term)",wealth_management_reference_compliance_125_questions.csv,DAG_NODE_ERROR,MISMATCH,PARTIAL,SQL,Q1:Query_Spec_Contract,"[""unresolved""]","[""Unresolved requirements: [{'text': 'Group by time_horizon and count investor profiles per value', 'implemented_by': ['group_by.0', 'measures.0']}]""]","[""group_by.0 has no quoted requirement."", ""measures.0 has no quoted requirement.""]",The pipeline returned a failure message rather than the requested time_horizon values and record counts.,17.421,"{""Q1"": """"}"
wealth_management_reference_compliance_125_questions:RC125-012,How many investor profiles are missing a required time_horizon value (time_horizon IS NULL)?,wealth_management_reference_compliance_125_questions.csv,DAG_NODE_ERROR,MISMATCH,MATCH,SQL,Q1:Query_Spec_Contract,"[""unknown_source"", ""physical_as_source""]","[""Unknown source: physical"", ""measures.0: unknown source 'physical'."", ""filters.0: unknown source 'physical'.""]","[""Requirement introduces unsupported terms: ['count']""]",The pipeline returned a failure message instead of the required count of investor profiles with NULL time_horizon.,13.406,"{""Q1"": """"}"
wealth_management_reference_compliance_125_questions:RC125-014,"For the reference attribute segment, which values are actually in use across investor profiles, and how many records use each? (compare against the allowed set Diversified, Large Cap, Mid Cap, Small Cap)",wealth_management_reference_compliance_125_questions.csv,DAG_NODE_ERROR,MISMATCH,PARTIAL,SQL,Q1:Query_Spec_Contract,"[""unknown_source"", ""physical_as_source""]","[""Unknown source: physical"", ""group_by.0: unknown source 'physical'."", ""measures.0: unknown source 'physical'.""]","[""Requirement introduces unsupported terms: ['distinct']"", ""Requirement introduces unsupported terms: ['count']""]",The pipeline returned a query failure message instead of the required segment values and record counts.,12.733,"{""Q1"": """"}"
wealth_management_reference_compliance_125_questions:RC125-015,How many investor profiles are missing a required investment_goal value (investment_goal IS NULL)?,wealth_management_reference_compliance_125_questions.csv,PIPELINE_SUCCESS,MATCH,MATCH,SQL,,[],[],"[""measures.0 has no quoted requirement.""]","The pipeline returns the required count of investor profiles with NULL investment_goal, matching the ground truth.",16.755,"{""Q1"": ""SELECT COUNT(investor_id) AS missing_investor_profiles_count\nFROM ATOM_ENTITY_INVESTOR_PROFILE_001\nWHERE investment_goal IS NULL;""}"
wealth_management_reference_compliance_125_questions:RC125-013,List the investor profiles that are missing a required time_horizon value (time_horizon IS NULL).,wealth_management_reference_compliance_125_questions.csv,PIPELINE_SUCCESS,MATCH,MATCH,SQL,,[],[],[],"The pipeline returns all and only the investor profiles whose time_horizon is NULL. Additional profile columns are harmless, and no ordering was requested.",36.208,"{""Q1"": ""SELECT investor_id,\n       investor_name,\n       investment_goal,\n       risk_tolerance,\n       time_horizon,\n       sector_focus,\n       segment,\n       category,\n       notes\nFROM ATOM_ENTITY_INVESTOR_PROFILE_001\nWHERE time_horizon IS NULL;""}"
wealth_management_reference_compliance_125_questions:RC125-017,"For the reference attribute category, which values are actually in use across investor profiles, and how many records use each? (compare against the allowed set Debt, Equity, Gold, Hybrid, Real Estate)",wealth_management_reference_compliance_125_questions.csv,DAG_NODE_ERROR,MISMATCH,PARTIAL,SQL,Q1:Query_Spec_Contract,"[""unknown_source"", ""physical_as_source""]","[""Unknown source: physical"", ""group_by.0: unknown source 'physical'."", ""measures.0: unknown source 'physical'."", ""filters.0: unknown source 'physical'.""]","[""Requirement introduces unsupported terms: ['count', 'per']""]",Pipeline returned a failure message rather than the required category values and record counts.,10.03,"{""Q1"": """"}"
wealth_management_reference_compliance_125_questions:RC125-016,List the investor profiles that are missing a required segment value (segment IS NULL).,wealth_management_reference_compliance_125_questions.csv,PIPELINE_SUCCESS,MATCH,MATCH,KG,,[],[],[],The pipeline returns exactly the full set of investor IDs whose segment is NULL in the ground truth. Additional name and empty-segment fields are harmless.,27.553,"{""Q1"": ""PREFIX wm: <https://wealth.example.org/ontology/>\nPREFIX rdf: <http://www.w3.org/1999/02/22-rdf-syntax-ns#>\n\nSELECT ?investorId ?investorName ?segment\nWHERE {\n  ?investor a wm:Investor .\n  OPTIONAL { ?investor wm:investorId ?investorId . }\n  OPTIONAL { ?investor wm:investorName ?investorName . }\n  FILTER NOT EXISTS { ?investor wm:segment ?segment . }\n}""}"
wealth_management_reference_compliance_125_questions:RC125-020,"For the reference attribute investment_goal, which values are actually in use across investor profiles, and how many records use each? (compare against the allowed set Child Education, Emergency Fund, Growth, Income Generation, Retirement Planning, Wealth Preservation)",wealth_management_reference_compliance_125_questions.csv,DAG_NODE_ERROR,MISMATCH,MISMATCH,SQL,Q1:Query_Spec_Contract,"[""unknown_source"", ""physical_as_source""]","[""Unknown source: physical"", ""group_by.0: unknown source 'physical'."", ""measures.0: unknown source 'physical'."", ""filters.0: unknown source 'physical'.""]","[""Requirement introduces unsupported terms: ['count']"", ""Requirement introduces unsupported terms: ['restrict']""]","Pipeline returned no answer rows due to a query failure, while the ground truth requires counts for six investment_goal values.",12.609,"{""Q1"": """"}"
wealth_management_reference_compliance_125_questions:RC125-018,How many investor profiles are missing a required segment value (segment IS NULL)?,wealth_management_reference_compliance_125_questions.csv,PIPELINE_SUCCESS,MATCH,MATCH,SQL,,[],[],"[""measures.0 has no quoted requirement.""]",The pipeline returns the correct count of investor profiles with segment IS NULL.,22.812,"{""Q1"": ""SELECT COUNT(investor_id) AS missing_segment_count\nFROM ATOM_ENTITY_INVESTOR_PROFILE_001\nWHERE segment IS NULL;""}"
wealth_management_reference_compliance_125_questions:RC125-019,List the investor profiles that are missing a required investment_goal value (investment_goal IS NULL).,wealth_management_reference_compliance_125_questions.csv,PIPELINE_SUCCESS,MATCH,MATCH,KG,,[],[],"[""measures.0 has no quoted requirement."", ""measures.1 has no quoted requirement."", ""measures.2 has no quoted requirement.""]",The pipeline returns exactly the investor ID set from the ground truth for profiles with NULL investment_goal. Additional name and empty-string goal fields are harmless.,26.063,"{""Q1"": ""PREFIX rdf: <http://www.w3.org/1999/02/22-rdf-syntax-ns#>\nPREFIX wm: <https://wealth.example.org/ontology/>\n\nSELECT ?investorId ?investorName ?investmentGoal\nWHERE {\n  ?inv rdf:type wm:Investor .\n  ?inv wm:investorId ?investorId .\n  ?inv wm:investorName ?investorName .\n  FILTER NOT EXISTS { ?inv wm:investmentGoal ?goal . }\n  BIND (\""\"" AS ?investmentGoal)\n}""}"
wealth_management_reference_compliance_125_questions:RC125-021,How many investor profiles are missing a required category value (category IS NULL)?,wealth_management_reference_compliance_125_questions.csv,DAG_NODE_ERROR,MISMATCH,MATCH,SQL,Q1:Query_Spec_Contract,"[""unknown_source"", ""physical_as_source""]","[""Unknown source: physical"", ""measures.0: unknown source 'physical'."", ""filters.0: unknown source 'physical'.""]","[""measures.0 has no quoted requirement.""]",The pipeline returned a failure message instead of the required count of investor profiles with NULL category.,9.684,"{""Q1"": """"}"
wealth_management_reference_compliance_125_questions:RC125-007,"Using the allowed sector values Automobile, Banking, Consumer Goods, Corporate, Financial Services, Government, Healthcare, Infrastructure, Pharma, Private Equity, Real Estate, Technology, which portfolio holdings have a sector value outside this set?",wealth_management_reference_compliance_125_questions.csv,PIPELINE_SUCCESS,MISMATCH,MISMATCH,KG,,[],[],"[""measures.0 has no quoted requirement.""]","Ground truth contains no holdings with sector values outside the allowed set, but the pipeline returns numerous holdings labeled UNKNOWN.",97.264,"{""Q1"": ""PREFIX wm: <https://wealth.example.org/ontology/>\nPREFIX rdfs: <http://www.w3.org/2000/01/rdf-schema#>\n\nSELECT ?holdingId ?sector\nWHERE {\n  ?ph a wm:PortfolioHolding .\n  ?ph wm:holdingId ?holdingId .\n  OPTIONAL { ?ph wm:sector ?sectorLit . }\n  OPTIONAL {\n    ?ph wm:hasSector ?sectorEnt .\n    ?sectorEnt rdfs:label ?sectorEntLabel .\n  }\n  BIND( COALESCE(?sectorLit, ?sectorEntLabel, \""UNKNOWN\"") AS ?sector )\n  FILTER ( ! (?sector IN (\n    \""Automobile\"",\n    \""Banking\"",\n    \""Consumer Goods\"",\n    \""Corporate\"",\n    \""Financial Services\"",\n    \""Government\"",\n    \""Healthcare\"",\n    \""Infrastructure\"",\n    \""Pharma\"",\n    \""Private Equity\"",\n    \""Real Estate\"",\n    \""Technology\""\n  )) )\n}""}"
wealth_management_reference_compliance_125_questions:RC125-023,"For the reference attribute investment_type, which values are actually in use across portfolio holdings, and how many records use each? (compare against the allowed set Corporate Bond, ETF, Equity, Global Equity, Gold, Government Bond, Hedge Fund, InVIT, Index Fund, Mutual Fund, Private Equity, REIT, Real Estate, Venture Capital)",wealth_management_reference_compliance_125_questions.csv,DAG_NODE_ERROR,MISMATCH,MISMATCH,SQL,Q1:Query_Spec_Contract,"[""unknown_source"", ""physical_as_source""]","[""Unknown source: physical"", ""group_by.0: unknown source 'physical'."", ""measures.0: unknown source 'physical'.""]",[],The pipeline returned a query failure instead of the requested investment_type values and record counts.,614.335,"{""Q1"": """"}"
wealth_management_reference_compliance_125_questions:RC125-024,How many investor profiles are missing a required sector_focus value (sector_focus IS NULL)?,wealth_management_reference_compliance_125_questions.csv,DAG_NODE_ERROR,MISMATCH,MATCH,SQL,Q1:Query_Spec_Contract,"[""unknown_source"", ""physical_as_source""]","[""Unknown source: physical"", ""measures.0: unknown source 'physical'."", ""filters.0: unknown source 'physical'.""]","[""Requirement introduces unsupported terms: ['count']""]",The pipeline returned a failure message rather than the required count of investor profiles with NULL sector_focus.,618.754,"{""Q1"": """"}"
wealth_management_reference_compliance_125_questions:RC125-022,List the portfolio-health records that are missing a required risk_score value (risk_score IS NULL).,wealth_management_reference_compliance_125_questions.csv,PIPELINE_SUCCESS,MATCH,MATCH,KG,,[],[],[],The pipeline returns the complete set of portfolio-health record IDs whose risk_score is null. The empty riskScore values semantically represent the missing required risk_score condition.,627.291,"{""Q1"": ""PREFIX wm: <https://wealth.example.org/ontology/>\nPREFIX rdf: <http://www.w3.org/1999/02/22-rdf-syntax-ns#>\n\nSELECT ?portfolioHealthId ?riskScore\nWHERE {\n  ?ph a wm:PortfolioHealth .\n  ?ph wm:portfolioHealthId ?portfolioHealthId .\n  OPTIONAL { ?ph wm:riskScore ?riskScore . }\n  FILTER (!BOUND(?riskScore))\n}""}"
wealth_management_reference_compliance_125_questions:RC125-028,List the portfolio holdings that are missing a required investment_type value (investment_type IS NULL).,wealth_management_reference_compliance_125_questions.csv,DAG_NODE_ERROR,MISMATCH,MATCH,SQL,Q1:Query_Spec_Contract,"[""unknown_source""]","[""Unknown source: entity"", ""filters.0: unknown source 'entity'.""]",[],The pipeline returned a query failure instead of the required list of holdings with NULL investment_type.,14.879,"{""Q1"": """"}"
wealth_management_reference_compliance_125_questions:RC125-027,How many portfolio-health records are missing a required risk_score value (risk_score IS NULL)?,wealth_management_reference_compliance_125_questions.csv,PIPELINE_SUCCESS,MATCH,MATCH,SQL,,[],[],"[""measures.0 has no quoted requirement.""]",The pipeline correctly reports 77 portfolio-health records with a NULL risk_score.,16.143,"{""Q1"": ""SELECT COUNT(portfolio_health_id) AS missing_risk_score_count\nFROM ATOM_ENTITY_PORTFOLIO_HEALTH_001\nWHERE risk_score IS NULL;""}"
wealth_management_reference_compliance_125_questions:RC125-025,List the portfolio-health records that are missing a required liquidity_score value (liquidity_score IS NULL).,wealth_management_reference_compliance_125_questions.csv,PIPELINE_SUCCESS,MATCH,MATCH,KG,,[],[],[],"The pipeline returns the complete set of portfolio-health records with missing liquidity scores. Each returned portfolioHealthId and investorId pair matches the ground truth, and liquidityScore is represented as an empty string for all rows.",635.876,"{""Q1"": ""PREFIX wm: <https://wealth.example.org/ontology/>\nPREFIX rdfs: <http://www.w3.org/2000/01/rdf-schema#>\nPREFIX rdf: <http://www.w3.org/1999/02/22-rdf-syntax-ns#>\n\nSELECT ?goalMatchPct ?diversificationScore ?label ?portfolioHealthId ?riskScore ?liquidityScore ?investorId ?healthOfInvestor ?sourceTable\nWHERE {\n  ?ph rdf:type wm:PortfolioHealth .\n  OPTIONAL { ?ph wm:goalMatchPct ?goalMatchPct . }\n  OPTIONAL { ?ph wm:diversificationScore ?diversificationScore . }\n  OPTIONAL { ?ph rdfs:label ?label . }\n  OPTIONAL { ?ph wm:portfolioHealthId ?portfolioHealthId . }\n  OPTIONAL { ?ph wm:riskScore ?riskScore . }\n  OPTIONAL { ?ph wm:liquidityScore ?liquidityScore . }\n  OPTIONAL { ?ph wm:investorId ?investorId . }\n  OPTIONAL { ?ph wm:healthOfInvestor ?healthOfInvestor . }\n  OPTIONAL { ?ph wm:sourceTable ?sourceTable . }\n  FILTER (!BOUND(?liquidityScore))\n}""}"
wealth_management_reference_compliance_125_questions:RC125-026,"For the reference attribute sector, which values are actually in use across portfolio holdings, and how many records use each? (compare against the allowed set Automobile, Banking, Consumer Goods, Corporate, Financial Services, Government, Healthcare, Infrastructure, Pharma, Private Equity, Real Estate, Technology)",wealth_management_reference_compliance_125_questions.csv,DAG_NODE_ERROR,MISMATCH,MATCH,SQL,Q1:Query_Spec_Contract,"[""unknown_source"", ""physical_as_source""]","[""Unknown source: physical"", ""group_by.0: unknown source 'physical'."", ""measures.0: unknown source 'physical'.""]",[],"Pipeline produced no answer rows due to a query failure, while the ground truth requires sector usage counts for 12 sectors.",35.62,"{""Q1"": """"}"
wealth_management_reference_compliance_125_questions:RC125-029,"For the reference attribute segment, which values are actually in use across portfolio holdings, and how many records use each? (compare against the allowed set Diversified, Large Cap, Mid Cap, Small Cap)",wealth_management_reference_compliance_125_questions.csv,DAG_NODE_ERROR,MISMATCH,MATCH,SQL,Q1:Query_Spec_Contract,"[""unknown_source"", ""physical_as_source""]","[""Unknown source: physical"", ""group_by.0: unknown source 'physical'."", ""measures.0: unknown source 'physical'.""]",[],The pipeline returned a failure message instead of the required segment values and record counts.,12.945,"{""Q1"": """"}"
wealth_management_reference_compliance_125_questions:RC125-030,How many portfolio-health records are missing a required liquidity_score value (liquidity_score IS NULL)?,wealth_management_reference_compliance_125_questions.csv,PIPELINE_SUCCESS,MATCH,MATCH,SQL,,[],[],"[""measures.0 has no quoted requirement.""]",The pipeline returns the correct count of portfolio-health records with NULL liquidity_score.,15.525,"{""Q1"": ""SELECT COUNT(portfolio_health_id) AS missing_liquidity_score_count\nFROM ATOM_ENTITY_PORTFOLIO_HEALTH_001\nWHERE liquidity_score IS NULL;""}"
wealth_management_reference_compliance_125_questions:RC125-031,List the portfolio holdings that are missing a required sector value (sector IS NULL).,wealth_management_reference_compliance_125_questions.csv,DAG_NODE_ERROR,MISMATCH,MATCH,SQL,Q1:Query_Spec_Contract,"[""unknown_source"", ""physical_as_source""]","[""Unknown source: physical"", ""filters.0: unknown source 'physical'.""]",[],The pipeline returned a query failure rather than the required list of holdings with sector IS NULL.,23.148,"{""Q1"": """"}"
wealth_management_reference_compliance_125_questions:RC125-032,"For the reference attribute category, which values are actually in use across portfolio holdings, and how many records use each? (compare against the allowed set Alternative, Bonds, Cash Equivalent, Commodities, Crypto, Debt, ETF, Equity, Fixed Income, Hybrid, International, MF, PPF, REIT, SGB)",wealth_management_reference_compliance_125_questions.csv,DAG_NODE_ERROR,MISMATCH,PARTIAL,SQL,Q1:Query_Spec_Contract,"[""unknown_source"", ""physical_as_source""]","[""Unknown source: physical"", ""group_by.0: unknown source 'physical'."", ""measures.0: unknown source 'physical'.""]",[],"The pipeline produced no answer rows because the query stage failed, while the ground truth requires counts for 15 in-use category values.",14.483,"{""Q1"": """"}"
wealth_management_reference_compliance_125_questions:RC125-034,List the portfolio holdings that are missing a required cost value (cost IS NULL).,wealth_management_reference_compliance_125_questions.csv,PIPELINE_SUCCESS,OTHER,MATCH,SQL,,[],[],[],"The ground truth and pipeline result sets are both truncated in the provided prompt, so the complete required holding-id/entity sets cannot be compared reliably.",10.842,"{""Q1"": ""SELECT holding_id,\n       investor_id,\n       investment_type,\n       investment_name,\n       sector,\n       segment,\n       category,\n       purchase_date,\n       cost,\n       current_value,\n       returns_pct,\n       dividends,\n       taxes_paid\nFROM ATOM_ENTITY_PORTFOLIO_HOLDING_001\nWHERE cost IS NULL;""}"
wealth_management_reference_compliance_125_questions:RC125-033,How many portfolio-health records are missing a required diversification_score value (diversification_score IS NULL)?,wealth_management_reference_compliance_125_questions.csv,PIPELINE_SUCCESS,MATCH,MATCH,SQL,,[],[],"[""Requirement introduces unsupported terms: ['count']""]","The pipeline reports 77 portfolio-health records with NULL diversification_score, matching the ground truth missing_count of 77.",22.454,"{""Q1"": ""SELECT COUNT(portfolio_health_id) AS missing_diversification_score_count\nFROM ATOM_ENTITY_PORTFOLIO_HEALTH_001\nWHERE diversification_score IS NULL;""}"
wealth_management_reference_compliance_125_questions:RC125-036,How many portfolio-health records are missing a required goal_match_pct value (goal_match_pct IS NULL)?,wealth_management_reference_compliance_125_questions.csv,PIPELINE_SUCCESS,MATCH,MATCH,SQL,,[],[],"[""measures.0 has no quoted requirement.""]",The pipeline returns the correct count of portfolio-health records with NULL goal_match_pct.,15.507,"{""Q1"": ""SELECT COUNT(portfolio_health_id) AS missing_goal_match_pct_count\nFROM ATOM_ENTITY_PORTFOLIO_HEALTH_001\nWHERE goal_match_pct IS NULL;""}"
wealth_management_reference_compliance_125_questions:RC125-035,"For the reference attribute sector, which values are actually in use across sector-allocation records, and how many records use each? (compare against the allowed set Automobile, Banking, Consumer Goods, Corporate, Financial Services, Government, Healthcare, Infrastructure, Pharma, Private Equity, Real Estate, Technology)",wealth_management_reference_compliance_125_questions.csv,DAG_NODE_ERROR,MISMATCH,PARTIAL,SQL,Q1:Query_Spec_Contract,"[""unknown_source"", ""physical_as_source""]","[""Unknown source: physical"", ""group_by.0: unknown source 'physical'."", ""measures.0: unknown source 'physical'.""]","[""Requirement introduces unsupported terms: ['count', 'per']""]","The pipeline returned no sector-allocation results because the query failed, while the ground truth requires counts for 12 sector values.",26.423,"{""Q1"": """"}"
wealth_management_reference_compliance_125_questions:RC125-040,List the sector-allocation records that are missing a required allocation_pct value (allocation_pct IS NULL).,wealth_management_reference_compliance_125_questions.csv,PIPELINE_SUCCESS,MATCH,MATCH,SQL,,[],[],[],"The pipeline returns sector-allocation records with allocation_pct null, and the listed sector_id/investor_id pairs align with the ground-truth null-allocation records. Additional displayed columns are harmless.",10.456,"{""Q1"": ""SELECT sector_id,\n       investor_id,\n       sector,\n       total_investment,\n       allocation_pct\nFROM ATOM_ENTITY_SECTOR_ALLOCATION_001\nWHERE allocation_pct IS NULL;""}"
wealth_management_reference_compliance_125_questions:RC125-038,"For the reference attribute type, which values are actually in use across cash-flow records, and how many records use each? (compare against the allowed set Deposit, Dividend Reinvestment, Interest Credit, Lump Sum, Redemption, SIP, Tax Refund, Withdrawal)",wealth_management_reference_compliance_125_questions.csv,PIPELINE_SUCCESS,PARTIAL,PARTIAL,SQL,,[],[],[],"All eight allowed reference attribute values and their record counts match the ground truth, but the output also includes an extra null type row not in the requested allowed-set comparison.",26.886,"{""Q1"": ""SELECT type, COUNT(cash_flow_id) AS record_count\nFROM ATOM_EVENT_CASH_FLOW_001\nGROUP BY type;""}"
wealth_management_reference_compliance_125_questions:RC125-039,How many portfolio holdings are missing a required investment_type value (investment_type IS NULL)?,wealth_management_reference_compliance_125_questions.csv,PIPELINE_SUCCESS,MATCH,MATCH,SQL,,[],[],"[""measures.0 has no quoted requirement.""]","The pipeline correctly reports 755 portfolio holdings with NULL investment_type, matching the ground truth.",20.041,"{""Q1"": ""SELECT COUNT(holding_id) AS missing_investment_type_count\nFROM ATOM_ENTITY_PORTFOLIO_HOLDING_001\nWHERE investment_type IS NULL;""}"
wealth_management_reference_compliance_125_questions:RC125-037,List the sector-allocation records that are missing a required sector value (sector IS NULL).,wealth_management_reference_compliance_125_questions.csv,PIPELINE_SUCCESS,MATCH,MATCH,SQL,,[],[],"[""measures.0 has no quoted requirement."", ""measures.1 has no quoted requirement."", ""measures.3 has no quoted requirement."", ""measures.4 has no quoted requirement.""]","The pipeline returns the complete set of sector-allocation records whose sector is null, with matching sector_id and investor_id pairs. Additional null-valued columns are harmless.",44.265,"{""Q1"": ""SELECT sector_id,\n       investor_id,\n       sector,\n       total_investment,\n       allocation_pct\nFROM ATOM_ENTITY_SECTOR_ALLOCATION_001\nWHERE sector IS NULL;""}"
wealth_management_reference_compliance_125_questions:RC125-042,How many portfolio holdings are missing a required sector value (sector IS NULL)?,wealth_management_reference_compliance_125_questions.csv,DAG_NODE_ERROR,MISMATCH,MATCH,SQL,Q1:Query_Spec_Contract,"[""unknown_source"", ""physical_as_source""]","[""Unknown source: physical"", ""measures.0: unknown source 'physical'."", ""filters.0: unknown source 'physical'.""]","[""measures.0 has no quoted requirement.""]",The pipeline returned a failure message rather than the required count of holdings with NULL sector.,14.177,"{""Q1"": """"}"
wealth_management_reference_compliance_125_questions:RC125-043,List the investment-goal records that are missing a required investment_goal value (investment_goal IS NULL).,wealth_management_reference_compliance_125_questions.csv,PIPELINE_SUCCESS,MATCH,MATCH,KG,,[],[],[],"The pipeline returns the same set of goal identifiers as the ground-truth records satisfying investment_goal IS NULL. The omitted investor_id is not necessary to identify the requested investment-goal records, and the empty investmentGoal display is consistent with indicating the missing value.",17.095,"{""Q1"": ""PREFIX wm: <https://wealth.example.org/ontology/>\nPREFIX rdf: <http://www.w3.org/1999/02/22-rdf-syntax-ns#>\n\nSELECT ?goalId ?investmentGoal\nWHERE {\n  ?ig rdf:type wm:InvestmentGoal .\n  ?ig wm:goalId ?goalId .\n  OPTIONAL { ?ig wm:investmentGoal ?investmentGoal . }\n  FILTER (!BOUND(?investmentGoal))\n}""}"
wealth_management_reference_compliance_125_questions:RC125-045,How many portfolio holdings are missing a required cost value (cost IS NULL)?,wealth_management_reference_compliance_125_questions.csv,PIPELINE_SUCCESS,MATCH,MATCH,SQL,,[],[],"[""measures.0 has no quoted requirement.""]",The pipeline returns the correct count of portfolio holdings with NULL cost values.,16.105,"{""Q1"": ""SELECT COUNT(holding_id) AS missing_cost_count\nFROM ATOM_ENTITY_PORTFOLIO_HOLDING_001\nWHERE cost IS NULL;""}"
wealth_management_reference_compliance_125_questions:RC125-046,List the investment-goal records that are missing a required target_amount value (target_amount IS NULL).,wealth_management_reference_compliance_125_questions.csv,PIPELINE_SUCCESS,MATCH,MATCH,SQL,,[],[],[],"The pipeline returns the investment-goal records with target_amount set to null, including the required goal_id and investor_id pairs. Additional descriptive and metric columns are harmless.",13.243,"{""Q1"": ""SELECT goal_id,\n       investor_id,\n       investment_goal,\n       description,\n       target_amount,\n       current_value,\n       progress_pct,\n       shortfall,\n       time_to_goal_months,\n       avg_annual_return_pct,\n       avg_post_tax_return_pct,\n       avg_sharpe_ratio,\n       avg_volatility_pct,\n       std_dev_annual_return_pct\nFROM ATOM_ENTITY_INVESTMENT_GOAL_001\nWHERE target_amount IS NULL;""}"
wealth_management_reference_compliance_125_questions:RC125-041,"For the reference attribute source, which values are actually in use across cash-flow records, and how many records use each? (compare against the allowed set Auto-debit, Bank Transfer, Cash, Cheque, Credit Card, Internal Transfer, Net Banking, Systematic, UPI, Wallet)",wealth_management_reference_compliance_125_questions.csv,PIPELINE_SUCCESS,MATCH,PARTIAL,SQL,,[],[],[],All 10 allowed reference attribute source values are present with record counts exactly matching the ground truth. The additional null-source row does not affect the requested comparison against the allowed set.,33.008,"{""Q1"": ""SELECT source,\n       COUNT(cash_flow_id) AS record_count\nFROM ATOM_EVENT_CASH_FLOW_001\nGROUP BY source\nORDER BY source;""}"
wealth_management_reference_compliance_125_questions:RC125-048,How many portfolio holdings are missing a required current_value value (current_value IS NULL)?,wealth_management_reference_compliance_125_questions.csv,PIPELINE_SUCCESS,MATCH,MATCH,SQL,,[],[],"[""Requirement introduces unsupported terms: ['count']""]","The pipeline reports 755 holdings with NULL current_value, matching the ground truth count.",9.942,"{""Q1"": ""SELECT COUNT(holding_id) AS missing_current_value_count\nFROM ATOM_ENTITY_PORTFOLIO_HOLDING_001\nWHERE current_value IS NULL;""}"
wealth_management_reference_compliance_125_questions:RC125-044,"For the reference attribute action, which values are actually in use across rebalancing-action records, and how many records use each? (compare against the allowed set Aggressive Entry, Asset Reallocation, Buy, Cash Deployment, De-risking, Defensive Shift, Dividend Reinvestment, Goal Alignment Buy, Goal Alignment Sell, Hold, Partial Exit, Portfolio Trim, Profit Booking, Rebalance Buy, Rebalance Sell, Sector Rotation Buy, Sector Rotation Sell, Sell, Stop Loss Exit, Switch In, Switch Out, Tactical Decrease, Tactical Increase)",wealth_management_reference_compliance_125_questions.csv,DAG_NODE_ERROR,MISMATCH,PARTIAL,SQL,Q1:Query_Spec_Contract,"[""unresolved""]","[""Unresolved requirements: [{'text': 'Identify which values of the reference attribute **action** are actually in use across rebalancing\u2011action records and count how many records use each value.', 'implemented_by': ['group_by.0', 'measures.0']}]""]","[""Every subquery needs a requirement ledger.""]",Pipeline returned no action values or record counts because the query failed.,35.378,"{""Q1"": """"}"
wealth_management_reference_compliance_125_questions:RC125-050,"For the reference attribute scenario, which values are actually in use across scenario-rebalancing records, and how many records use each? (compare against the allowed set Approaching Goal, Bear Market, Bull Market, Currency Depreciation, Economic Growth, Flash Crash, Geopolitical Tension, Inflation Surge, Interest Rate Cut, Interest Rate Hike, Market Volatility, Sector Rotation)",wealth_management_reference_compliance_125_questions.csv,PIPELINE_SUCCESS,PARTIAL,MISMATCH,SQL,,[],[],"[""Requirement introduces unsupported terms: ['count', 'limited']""]","All 12 allowed scenario values and their record counts match the ground truth, but the output includes an extra null scenario row with 77 records, which is not part of the requested allowed-set comparison.",19.024,"{""Q1"": ""SELECT scenario AS scenario,\n       COUNT(scenario_rebalance_id) AS record_count\nFROM ATOM_EVENT_SCENARIO_REBALANCING_001\nGROUP BY scenario\nORDER BY scenario;""}"
wealth_management_reference_compliance_125_questions:RC125-047,"For the reference attribute logic, which values are actually in use across rebalancing-action records, and how many records use each? (compare against the allowed set Automated Trigger, Calendar-based, Manual Override, Mean-reversion, Momentum-driven, Risk-parity, Scenario-based, Tactical, Threshold-based, Valuation-based)",wealth_management_reference_compliance_125_questions.csv,PIPELINE_SUCCESS,MATCH,MISMATCH,SQL,,[],[],[],All ten allowed reference attribute logic values are present with record counts matching the ground truth exactly. The additional null-logic row is harmless because the question asks which values from the specified allowed set are in use.,29.807,"{""Q1"": ""SELECT logic, COUNT(rebalance_id) AS record_count\nFROM ATOM_EVENT_REBALANCING_ACTION_001\nGROUP BY logic""}"
wealth_management_reference_compliance_125_questions:RC125-051,How many portfolio holdings are missing a required purchase_date value (purchase_date IS NULL)?,wealth_management_reference_compliance_125_questions.csv,PIPELINE_SUCCESS,MATCH,MATCH,SQL,,[],[],"[""Requirement has no implementation: purchase_date IS NULL"", ""filters.0 has no quoted requirement."", ""measures.0 has no quoted requirement.""]",The pipeline returns the correct count of portfolio holdings with NULL purchase_date values.,25.656,"{""Q1"": ""SELECT COUNT(holding_id) AS missing_purchase_date_count\nFROM ATOM_ENTITY_PORTFOLIO_HOLDING_001\nWHERE purchase_date IS NULL;""}"
wealth_management_reference_compliance_125_questions:RC125-052,List the cash-flow records that are missing a required type value (type IS NULL).,wealth_management_reference_compliance_125_questions.csv,PIPELINE_SUCCESS,MATCH,MATCH,SQL,,[],[],[],"The pipeline returns the cash-flow records with type set to null, and the shown cash_flow_id/investor_id pairs correspond to the ground-truth null-type records. Additional record fields are harmless.",13.02,"{""Q1"": ""SELECT cash_flow_id, investor_id, date, type, amount, source, notes FROM ATOM_EVENT_CASH_FLOW_001 WHERE type IS NULL;""}"
wealth_management_reference_compliance_125_questions:RC125-053,"For the reference attribute triggered_action, which values are actually in use across scenario-rebalancing records, and how many records use each? (compare against the allowed set Add Gold, Buy Defensive Stocks, Exit sector positions, Hedge Currency Risk, Increase Bonds, Increase Cash Position, Increase Equity, Reduce Equity, Reduce Gold, Reduce Long Bonds, Shift to Debt)",wealth_management_reference_compliance_125_questions.csv,DAG_NODE_ERROR,MISMATCH,PARTIAL,SQL,Q1:Query_Spec_Contract,"[""unknown_source"", ""physical_as_source""]","[""Unknown source: physical"", ""group_by.0: unknown source 'physical'."", ""measures.0: unknown source 'physical'."", ""filters.0: unknown source 'physical'.""]","[""Requirement introduces unsupported terms: ['count']""]","Pipeline returned no answer rows due to a query failure, while the ground truth requires counts for 11 triggered_action values.",12.429,"{""Q1"": """"}"
wealth_management_reference_compliance_125_questions:RC125-055,List the cash-flow records that are missing a required amount value (amount IS NULL).,wealth_management_reference_compliance_125_questions.csv,PIPELINE_SUCCESS,MATCH,MATCH,SQL,,[],[],[],"The pipeline returns the cash-flow records with amount set to null, including the required cash_flow_id and investor_id pairs. The additional descriptive fields are harmless.",10.155,"{""Q1"": ""SELECT cash_flow_id,\n       investor_id,\n       date,\n       type,\n       amount,\n       source,\n       notes\nFROM ATOM_EVENT_CASH_FLOW_001\nWHERE amount IS NULL;""}"
wealth_management_reference_compliance_125_questions:RC125-054,How many portfolio holdings are missing a required returns_pct value (returns_pct IS NULL)?,wealth_management_reference_compliance_125_questions.csv,PIPELINE_SUCCESS,MATCH,MATCH,SQL,,[],[],"[""measures.0 has no quoted requirement.""]","The pipeline reports 71 holdings with NULL returns_pct, matching the ground truth count.",17.002,"{""Q1"": ""SELECT COUNT(holding_id) AS missing_returns_pct_count FROM ATOM_ENTITY_PORTFOLIO_HOLDING_001 WHERE returns_pct IS NULL""}"
wealth_management_reference_compliance_125_questions:RC125-049,List the investment-goal records that are missing a required shortfall value (shortfall IS NULL).,wealth_management_reference_compliance_125_questions.csv,PIPELINE_SUCCESS,MATCH,MATCH,KG,,[],[],[],"The pipeline rows represent investment-goal records with an empty shortfall value, and the visible goalId/investorId pairs align with the ground-truth records. The additional descriptive and metric columns are harmless.",60.296,"{""Q1"": ""PREFIX rdf: <http://www.w3.org/1999/02/22-rdf-syntax-ns#>\nPREFIX rdfs: <http://www.w3.org/2000/01/rdf-schema#>\nPREFIX wm: <https://wealth.example.org/ontology/>\n\nSELECT ?goalId ?shortfall ?label ?investmentGoal ?targetAmount ?currentValue ?progressPct ?timeToGoalMonths ?avgAnnualReturnPct ?avgSharpeRatio ?avgVolatilityPct ?stdDevAnnualReturnPct ?avgPostTaxReturnPct ?description ?belongsToInvestor ?investorId ?sourceTable ?hasInvestmentGoalType\nWHERE {\n  ?ig rdf:type wm:InvestmentGoal .\n  OPTIONAL { ?ig wm:goalId ?goalId . }\n  OPTIONAL { ?ig wm:shortfall ?shortfall . }\n  FILTER (!BOUND(?shortfall))\n  OPTIONAL { ?ig rdfs:label ?label . }\n  OPTIONAL { ?ig wm:investmentGoal ?investmentGoal . }\n  OPTIONAL { ?ig wm:targetAmount ?targetAmount . }\n  OPTIONAL { ?ig wm:currentValue ?currentValue . }\n  OPTIONAL { ?ig wm:progressPct ?progressPct . }\n  OPTIONAL { ?ig wm:timeToGoalMonths ?timeToGoalMonths . }\n  OPTIONAL { ?ig wm:avgAnnualReturnPct ?avgAnnualReturnPct . }\n  OPTIONAL { ?ig wm:avgSharpeRatio ?avgSharpeRatio . }\n  OPTIONAL { ?ig wm:avgVolatilityPct ?avgVolatilityPct . }\n  OPTIONAL { ?ig wm:stdDevAnnualReturnPct ?stdDevAnnualReturnPct . }\n  OPTIONAL { ?ig wm:avgPostTaxReturnPct ?avgPostTaxReturnPct . }\n  OPTIONAL { ?ig wm:description ?description . }\n  OPTIONAL { ?ig wm:belongsToInvestor ?belongsToInvestor . }\n  OPTIONAL { ?ig wm:investorId ?investorId . }\n  OPTIONAL { ?ig wm:sourceTable ?sourceTable . }\n  OPTIONAL { ?ig wm:hasInvestmentGoalType ?hasInvestmentGoalType . }\n}""}"
wealth_management_reference_compliance_125_questions:RC125-057,How many sector-allocation records are missing a required sector value (sector IS NULL)?,wealth_management_reference_compliance_125_questions.csv,PIPELINE_SUCCESS,MATCH,MATCH,SQL,,[],[],"[""measures.0 has no quoted requirement.""]",The pipeline returns the correct count of sector-allocation records with NULL sector values.,17.93,"{""Q1"": ""SELECT COUNT(sector_id) AS missing_sector_allocation_count\nFROM ATOM_ENTITY_SECTOR_ALLOCATION_001\nWHERE sector IS NULL;""}"
wealth_management_reference_compliance_125_questions:RC125-056,"For the reference attribute investment_goal, which values are actually in use across investment-goal records, and how many records use each? (compare against the allowed set Child Education, Emergency Fund, Growth, Income Generation, Retirement Planning, Wealth Preservation)",wealth_management_reference_compliance_125_questions.csv,PIPELINE_SUCCESS,MATCH,PARTIAL,SQL,,[],[],"[""Requirement introduces unsupported terms: ['count', 'per']"", ""Requirement introduces unsupported terms: ['restrict']""]","All six allowed investment_goal values in use are present, and each record_count exactly matches the ground truth.",29.183,"{""Q1"": ""SELECT\n  investment_goal,\n  COUNT(goal_id) AS record_count\nFROM ATOM_ENTITY_INVESTMENT_GOAL_001\nWHERE investment_goal IN (\n    'Child Education',\n    'Emergency Fund',\n    'Growth',\n    'Income Generation',\n    'Retirement Planning',\n    'Wealth Preservation'\n  )\nGROUP BY investment_goal\nORDER BY investment_goal;""}"
wealth_management_reference_compliance_125_questions:RC125-058,List the cash-flow records that are missing a required source value (source IS NULL).,wealth_management_reference_compliance_125_questions.csv,PIPELINE_SUCCESS,MATCH,MATCH,KG,,[],[],[],The pipeline rows identify cash-flow records with empty source fields and include matching cashFlowId/investorId pairs for the source-NULL records in the ground truth. Extra descriptive columns are harmless.,29.257,"{""Q1"": ""PREFIX wm: <https://wealth.example.org/ontology/>\nPREFIX rdfs: <http://www.w3.org/2000/01/rdf-schema#>\n\nSELECT ?cf ?cashFlowId ?source ?amount ?date ?label ?cashFlowOfInvestor ?type ?investorId ?hasCashFlowSource ?sourceTable ?hasCashFlowType ?notes\nWHERE {\n  ?cf a wm:CashFlow .\n  OPTIONAL { ?cf wm:source ?source . }\n  FILTER (!BOUND(?source))\n  OPTIONAL { ?cf wm:cashFlowId ?cashFlowId . }\n  OPTIONAL { ?cf wm:amount ?amount . }\n  OPTIONAL { ?cf wm:date ?date . }\n  OPTIONAL { ?cf rdfs:label ?label . }\n  OPTIONAL { ?cf wm:cashFlowOfInvestor ?cashFlowOfInvestor . }\n  OPTIONAL { ?cf wm:type ?type . }\n  OPTIONAL { ?cf wm:investorId ?investorId . }\n  OPTIONAL { ?cf wm:hasCashFlowSource ?hasCashFlowSource . }\n  OPTIONAL { ?cf wm:sourceTable ?sourceTable . }\n  OPTIONAL { ?cf wm:hasCashFlowType ?hasCashFlowType . }\n  OPTIONAL { ?cf wm:notes ?notes . }\n}""}"
wealth_management_reference_compliance_125_questions:RC125-060,How many sector-allocation records are missing a required total_investment value (total_investment IS NULL)?,wealth_management_reference_compliance_125_questions.csv,PIPELINE_SUCCESS,MATCH,MATCH,SQL,,[],[],"[""measures.0 has no quoted requirement.""]",The pipeline correctly reports 1459 sector-allocation records with total_investment IS NULL.,24.347,"{""Q1"": ""SELECT COUNT(sector_id) AS missing_total_investment_count\nFROM ATOM_ENTITY_SECTOR_ALLOCATION_001\nWHERE total_investment IS NULL;""}"
wealth_management_reference_compliance_125_questions:RC125-059,List the distinct risk_tolerance values present in the investor-profile table (for coverage against the allowed reference set).,wealth_management_reference_compliance_125_questions.csv,DAG_NODE_ERROR,MISMATCH,MISMATCH,KG,Q1:Query_Spec_Contract,[],"[""Analytic plan has no measures after recovery.""]",[],The pipeline returned a failure message rather than the distinct risk_tolerance values requested.,34.758,"{""Q1"": """"}"
wealth_management_reference_compliance_125_questions:RC125-061,List the rebalancing-action records that are missing a required action value (action IS NULL).,wealth_management_reference_compliance_125_questions.csv,PIPELINE_SUCCESS,OTHER,MATCH,KG,,[],[],[],"The pipeline answer is explicitly truncated in the provided input, so the complete entity set cannot be compared against the ground truth.",28.313,"{""Q1"": ""PREFIX wm: <https://wealth.example.org/ontology/>\nPREFIX rdfs: <http://www.w3.org/2000/01/rdf-schema#>\n\nSELECT ?ra\n       ?currentAllocationPct\n       ?amount\n       ?targetAllocationPct\n       ?label\n       ?hasRebalancingLogic\n       ?rebalanceId\n       ?hasRebalancingDecision\n       ?investorId\n       ?rebalancingActionOfInvestor\n       ?action\n       ?sourceTable\n       ?logic\n       ?notes\nWHERE {\n  ?ra a wm:RebalancingAction .\n  FILTER NOT EXISTS { ?ra wm:action ?anyAction . }\n\n  OPTIONAL { ?ra wm:currentAllocationPct ?currentAllocationPct . }\n  OPTIONAL { ?ra wm:amount ?amount . }\n  OPTIONAL { ?ra wm:targetAllocationPct ?targetAllocationPct . }\n  OPTIONAL { ?ra rdfs:label ?label . }\n  OPTIONAL { ?ra wm:hasRebalancingLogic ?hasRebalancingLogic . }\n  OPTIONAL { ?ra wm:rebalanceId ?rebalanceId . }\n  OPTIONAL { ?ra wm:hasRebalancingDecision ?hasRebalancingDecision . }\n  OPTIONAL { ?ra wm:investorId ?investorId . }\n  OPTIONAL { ?ra wm:rebalancingActionOfInvestor ?rebalancingActionOfInvestor . }\n  OPTIONAL { ?ra wm:action ?action . }   # will be unbound due to filter\n  OPTIONAL { ?ra wm:sourceTable ?sourceTable . }\n  OPTIONAL { ?ra wm:logic ?logic . }\n  OPTIONAL { ?ra wm:notes ?notes . }\n}""}"
wealth_management_reference_compliance_125_questions:RC125-062,List the distinct time_horizon values present in the investor-profile table (for coverage against the allowed reference set).,wealth_management_reference_compliance_125_questions.csv,DAG_NODE_ERROR,MISMATCH,MISMATCH,KG,Q1:Query_Spec_Contract,[],"[""measures.0: unsupported final_operation 'identity'.""]","[""measures.0 has no quoted requirement.""]",The pipeline returned a failure message instead of the distinct time_horizon values requested.,20.372,"{""Q1"": """"}"
wealth_management_reference_compliance_125_questions:RC125-063,How many sector-allocation records are missing a required allocation_pct value (allocation_pct IS NULL)?,wealth_management_reference_compliance_125_questions.csv,DAG_NODE_ERROR,MISMATCH,MATCH,SQL,Q1:Query_Spec_Contract,"[""unknown_source"", ""physical_as_source""]","[""Unknown source: physical"", ""measures.0: unknown source 'physical'."", ""filters.0: unknown source 'physical'.""]","[""measures.0 has no quoted requirement.""]",The pipeline returned an execution failure instead of the required count of sector-allocation records with NULL allocation_pct.,18.692,"{""Q1"": """"}"
wealth_management_reference_compliance_125_questions:RC125-066,How many investment-goal records are missing a required investment_goal value (investment_goal IS NULL)?,wealth_management_reference_compliance_125_questions.csv,PIPELINE_SUCCESS,MATCH,MATCH,SQL,,[],[],"[""measures.0 has no quoted requirement.""]",The pipeline returns the correct count of investment-goal records with investment_goal IS NULL.,9.211,"{""Q1"": ""SELECT COUNT(*) AS missing_investment_goal_count FROM ATOM_ENTITY_INVESTMENT_GOAL_001 WHERE investment_goal IS NULL;""}"
wealth_management_reference_compliance_125_questions:RC125-065,List the distinct segment values present in the investor-profile table (for coverage against the allowed reference set).,wealth_management_reference_compliance_125_questions.csv,DAG_NODE_ERROR,MISMATCH,MISMATCH,SQL,Q1:Query_Spec_Contract,[],"[""Analytic plan has no measures after recovery.""]",[],The pipeline returned a failure message instead of the required distinct segment values.,20.665,"{""Q1"": """"}"
wealth_management_reference_compliance_125_questions:RC125-064,List the rebalancing-action records that are missing a required logic value (logic IS NULL).,wealth_management_reference_compliance_125_questions.csv,PIPELINE_SUCCESS,MATCH,OTHER,SQL,,[],[],[],"The pipeline output lists the rebalancing-action records with logic set to null, with rebalance_id and investor_id pairs corresponding to the ground-truth result. Additional action and allocation fields are harmless.",25.205,"{""Q1"": ""SELECT rebalance_id, investor_id, logic, action, current_allocation_pct, target_allocation_pct, amount, notes\nFROM ATOM_EVENT_REBALANCING_ACTION_001\nWHERE logic IS NULL;""}"
wealth_management_reference_compliance_125_questions:RC125-067,List the scenario-rebalancing records that are missing a required scenario value (scenario IS NULL).,wealth_management_reference_compliance_125_questions.csv,PIPELINE_SUCCESS,MATCH,MATCH,SQL,,[],[],[],"The pipeline returns the complete set of scenario-rebalancing records whose scenario is null, with every scenario_rebalance_id correctly paired to its investor_id. Additional record fields are harmless.",19.074,"{""Q1"": ""SELECT scenario_rebalance_id,\n       investor_id,\n       scenario,\n       triggered_action,\n       affected_assets_sectors,\n       rationale,\n       current_allocation_pct,\n       new_allocation_pct\nFROM ATOM_EVENT_SCENARIO_REBALANCING_001\nWHERE scenario IS NULL;""}"
wealth_management_reference_compliance_125_questions:RC125-069,How many investment-goal records are missing a required target_amount value (target_amount IS NULL)?,wealth_management_reference_compliance_125_questions.csv,PIPELINE_SUCCESS,MATCH,MATCH,SQL,,[],[],"[""measures.0 has no quoted requirement.""]",The pipeline returns the correct count of investment-goal records with NULL target_amount.,19.433,"{""Q1"": ""SELECT COUNT(goal_id) AS missing_target_amount_count FROM ATOM_ENTITY_INVESTMENT_GOAL_001 WHERE target_amount IS NULL;""}"
wealth_management_reference_compliance_125_questions:RC125-068,List the distinct category values present in the investor-profile table (for coverage against the allowed reference set).,wealth_management_reference_compliance_125_questions.csv,PIPELINE_SUCCESS,MATCH,PARTIAL,KG,,[],[],[],The pipeline returns exactly the five distinct category values in the ground truth; order is not required.,24.653,"{""Q1"": ""PREFIX wm: <https://wealth.example.org/ontology/>\nPREFIX rdf: <http://www.w3.org/1999/02/22-rdf-syntax-ns#>\n\nSELECT DISTINCT ?category\nWHERE {\n  ?investor a wm:Investor .\n  ?investor wm:category ?category .\n}""}"
wealth_management_reference_compliance_125_questions:RC125-070,List the scenario-rebalancing records that are missing a required triggered_action value (triggered_action IS NULL).,wealth_management_reference_compliance_125_questions.csv,PIPELINE_SUCCESS,MATCH,MATCH,KG,,[],[],[],"The pipeline output lists the scenario-rebalancing records with blank triggeredAction values, corresponding to the ground-truth records where triggered_action is NULL. It includes the required scenario rebalance and investor identifiers; repeated rows are attributable to additional asset/sector relationship fields and do not introduce incorrect records.",28.991,"{""Q1"": ""PREFIX wm: <https://wealth.example.org/ontology/>\nPREFIX rdfs: <http://www.w3.org/2000/01/rdf-schema#>\n\nSELECT ?scenarioRebalanceId ?investorId ?scenario ?label ?triggeredAction ?currentAllocationPct ?newAllocationPct ?rationale ?sourceTable ?affectedAssetsSectors (GROUP_CONCAT(DISTINCT ?affectsAssetOrSector; separator=\"",\"") AS ?affectsAssetOrSector) ?hasMarketScenario ?scenarioRebalancingOfInvestor ?hasTriggeredAction\nWHERE {\n  ?sr a wm:ScenarioRebalancing .\n  FILTER NOT EXISTS { ?sr wm:triggeredAction ?any . }\n  OPTIONAL { ?sr wm:scenarioRebalanceId ?scenarioRebalanceId . }\n  OPTIONAL { ?sr wm:investorId ?investorId . }\n  OPTIONAL { ?sr wm:scenario ?scenario . }\n  OPTIONAL { ?sr rdfs:label ?label . }\n  OPTIONAL { ?sr wm:triggeredAction ?triggeredAction . }\n  OPTIONAL { ?sr wm:currentAllocationPct ?currentAllocationPct . }\n  OPTIONAL { ?sr wm:newAllocationPct ?newAllocationPct . }\n  OPTIONAL { ?sr wm:rationale ?rationale . }\n  OPTIONAL { ?sr wm:sourceTable ?sourceTable . }\n  OPTIONAL { ?sr wm:affectedAssetsSectors ?affectedAssetsSectors . }\n  OPTIONAL { ?sr wm:affectsAssetOrSector ?affectsAssetOrSector . }\n  OPTIONAL { ?sr wm:hasMarketScenario ?hasMarketScenario . }\n  OPTIONAL { ?sr wm:scenarioRebalancingOfInvestor ?scenarioRebalancingOfInvestor . }\n  OPTIONAL { ?sr wm:hasTriggeredAction ?hasTriggeredAction . }\n}\nGROUP BY ?scenarioRebalanceId ?investorId ?scenario ?label ?triggeredAction ?currentAllocationPct ?newAllocationPct ?rationale ?sourceTable ?affectedAssetsSectors ?hasMarketScenario ?scenarioRebalancingOfInvestor ?hasTriggeredAction""}"
wealth_management_reference_compliance_125_questions:RC125-071,Referential integrity check: which investor_ids referenced by portfolio-health records are not found in the investor-profile table?,wealth_management_reference_compliance_125_questions.csv,DAG_NODE_ERROR,MISMATCH,MATCH,SQL,Q1:Query_Spec_Contract,"[""unknown_source"", ""physical_as_source""]","[""Unknown source: physical"", ""group_by.0: unknown source 'physical'.""]","[""group_by.0 has no quoted requirement.""]","Ground truth is empty, indicating no investor_ids referenced by portfolio-health records are missing from the investor-profile table. The pipeline returned a query failure message rather than an empty result set.",26.367,"{""Q1"": """"}"
wealth_management_reference_compliance_125_questions:RC125-073,Referential integrity check: which investor_ids referenced by portfolio-holding records are not found in the investor-profile table?,wealth_management_reference_compliance_125_questions.csv,PIPELINE_SUCCESS,MATCH,MATCH,SQL,,[],[],[],"The ground truth is empty, indicating no portfolio-holding investor_ids are absent from the investor-profile table. The pipeline likewise returned no data.",32.167,"{""Q1"": ""SELECT DISTINCT ph.investor_id\nFROM ATOM_ENTITY_PORTFOLIO_HOLDING_001 AS ph\nLEFT JOIN ATOM_ENTITY_INVESTOR_PROFILE_001 AS ip\n  ON ph.investor_id = ip.investor_id\nWHERE ph.investor_id IS NOT NULL\n  AND ip.investor_id IS NULL;""}"
wealth_management_reference_compliance_125_questions:RC125-075,Referential integrity check: which investor_ids referenced by sector-allocation records are not found in the investor-profile table?,wealth_management_reference_compliance_125_questions.csv,PIPELINE_SUCCESS,MATCH,MATCH,SQL,,[],[],[],"The ground truth is empty, indicating no sector-allocation investor_ids are missing from the investor-profile table. The pipeline likewise reports no data found.",33.917,"{""Q1"": ""SELECT DISTINCT s.investor_id AS investor_id\nFROM ATOM_ENTITY_SECTOR_ALLOCATION_001 AS s\nLEFT JOIN ATOM_ENTITY_INVESTOR_PROFILE_001 AS p\nON s.investor_id = p.investor_id\nWHERE p.investor_id IS NULL;""}"
wealth_management_reference_compliance_125_questions:RC125-074,"Using the allowed profile risk_tolerance values Aggressive, Conservative, Moderate, which investment-goal records belong to an investor whose profile risk_tolerance is outside this set?",wealth_management_reference_compliance_125_questions.csv,PIPELINE_SUCCESS,MISMATCH,MISMATCH,SQL,,[],[],"[""Requirement introduces unsupported terms: ['belonging']"", ""measures.0 has no quoted requirement."", ""measures.1 has no quoted requirement."", ""measures.3 has no quoted requirement."", ""measures.4 has no quoted requirement."", ""measures.5 has no quoted requirement."", ""measures.6 has no quoted requirement."", ""measures.7 has no quoted requirement."", ""measures.8 has no quoted requirement."", ""measures.9 has no quoted requirement."", ""measures.10 has no quoted requirement."", ""measures.11 has no quoted requirement."", ""measures.12 has no quoted requirement."", ""measures.13 has no quoted requirement.""]","The ground truth is empty, meaning no investment-goal records belong to investors with risk_tolerance outside the allowed set. The pipeline returned numerous goal records, all of which are incorrect extra results.",50.389,"{""Q1"": ""SELECT\n    MIN(g.goal_id) AS goal_id,\n    g.investor_id,\n    MIN(g.investment_goal) AS investment_goal,\n    MIN(g.description) AS description,\n    MIN(g.target_amount) AS target_amount,\n    MIN(g.current_value) AS current_value,\n    MIN(g.progress_pct) AS progress_pct,\n    MIN(g.shortfall) AS shortfall,\n    MIN(g.time_to_goal_months) AS time_to_goal_months,\n    MIN(g.avg_annual_return_pct) AS avg_annual_return_pct,\n    MIN(g.avg_post_tax_return_pct) AS avg_post_tax_return_pct,\n    MIN(g.avg_sharpe_ratio) AS avg_sharpe_ratio,\n    MIN(g.avg_volatility_pct) AS avg_volatility_pct,\n    MIN(g.std_dev_annual_return_pct) AS std_dev_annual_return_pct\nFROM ATOM_ENTITY_INVESTMENT_GOAL_001 AS g\nINNER JOIN ATOM_ENTITY_INVESTOR_PROFILE_001 AS p\n    ON g.investor_id = p.investor_id\nWHERE p.risk_tolerance NOT IN ('Aggressive', 'Conservative', 'Moderate')\n   OR p.risk_tolerance IS NULL\nGROUP BY g.investor_id;""}"
wealth_management_reference_compliance_125_questions:RC125-077,Cross-reference validation: which investors appearing in the investor-profile table have an investor_id not found in the rebalancing-action table?,wealth_management_reference_compliance_125_questions.csv,PIPELINE_SUCCESS,MATCH,MATCH,KG,,[],[],"[""Invalid requirement implementation: join_policy (anti_join on Investor.investorId vs RebalancingAction.investorId)""]","The pipeline returns the complete set of investor IDs present in investor-profile but absent from rebalancing-action. All ground-truth IDs are included, with no apparent extra IDs; investorName is an acceptable additional harmless field.",14.345,"{""Q1"": ""PREFIX wm: <https://wealth.example.org/ontology/>\nPREFIX rdf: <http://www.w3.org/1999/02/22-rdf-syntax-ns#>\n\nSELECT ?investorId ?investorName\nWHERE {\n  ?inv rdf:type wm:Investor .\n  ?inv wm:investorId ?investorId .\n  OPTIONAL { ?inv wm:investorName ?investorName . }\n  FILTER NOT EXISTS {\n    ?ra rdf:type wm:RebalancingAction .\n    ?ra wm:investorId ?investorId .\n  }\n}""}"
wealth_management_reference_compliance_125_questions:RC125-078,How many distinct investors in the investor-profile table have an investor_id not found in the rebalancing-action table?,wealth_management_reference_compliance_125_questions.csv,PIPELINE_SUCCESS,MATCH,MATCH,SQL,,[],[],"[""measures.0 has no quoted requirement.""]","The pipeline returns 180, which matches the ground-truth count of distinct investor-profile investors absent from the rebalancing-action table.",13.256,"{""Q1"": ""SELECT COUNT(DISTINCT ip.investor_id) AS distinct_investor_count\nFROM ATOM_ENTITY_INVESTOR_PROFILE_001 ip\nLEFT JOIN ATOM_EVENT_REBALANCING_ACTION_001 ra ON ip.investor_id = ra.investor_id\nWHERE ra.investor_id IS NULL;""}"
wealth_management_reference_compliance_125_questions:RC125-076,"Using the allowed profile time_horizon values Long-term, Medium-term, Short-term, which cash-flow records belong to an investor whose profile time_horizon is outside this set?",wealth_management_reference_compliance_125_questions.csv,PIPELINE_SUCCESS,MISMATCH,MATCH,KG,,[],[],"[""measures.0 has no quoted requirement."", ""measures.1 has no quoted requirement."", ""measures.2 has no quoted requirement."", ""measures.3 has no quoted requirement."", ""measures.4 has no quoted requirement.""]","The ground truth has no cash-flow records for investors whose time_horizon is outside the allowed set, but the pipeline returned many records.",46.006,"{""Q1"": ""PREFIX rdf: <http://www.w3.org/1999/02/22-rdf-syntax-ns#>\nPREFIX rdfs: <http://www.w3.org/2000/01/rdf-schema#>\nPREFIX wm: <https://wealth.example.org/ontology/>\n\nSELECT ?cashFlowId ?amount ?date ?type ?investorId\nWHERE {\n  ?cf rdf:type wm:CashFlow .\n  ?cf wm:cashFlowId ?cashFlowId .\n  ?cf wm:amount ?amount .\n  ?cf wm:date ?date .\n  ?cf wm:type ?type .\n  ?cf wm:investorId ?investorId .\n  ?cf wm:cashFlowOfInvestor ?inv .\n\n  OPTIONAL { ?inv wm:timeHorizon ?timeHorizon . }\n  FILTER ( !BOUND(?timeHorizon) || ?timeHorizon NOT IN (\""Long-term\"", \""Medium-term\"", \""Short-term\"") )\n}""}"
wealth_management_reference_compliance_125_questions:RC125-079,"How many portfolio holdings belong to an investor whose profile risk_tolerance conforms to the allowed set (Aggressive, Conservative, Moderate)?",wealth_management_reference_compliance_125_questions.csv,PIPELINE_SUCCESS,MATCH,MATCH,SQL,,[],[],"[""Requirement introduces unsupported terms: ['in']"", ""measures.0 has no quoted requirement.""]",The pipeline returns the same required count of portfolio holdings for investors with allowed risk tolerances.,11.593,"{""Q1"": ""SELECT COUNT(ph.holding_id) AS holdings_count\nFROM ATOM_ENTITY_PORTFOLIO_HOLDING_001 AS ph\nINNER JOIN ATOM_ENTITY_INVESTOR_PROFILE_001 AS ip\n  ON ph.investor_id = ip.investor_id\nWHERE ip.risk_tolerance IN ('Aggressive', 'Conservative', 'Moderate');""}"
wealth_management_reference_compliance_125_questions:RC125-072,"Using the allowed profile segment values Diversified, Large Cap, Mid Cap, Small Cap, which portfolio holdings belong to an investor whose profile segment is outside this set?",wealth_management_reference_compliance_125_questions.csv,PIPELINE_SUCCESS,MATCH,MISMATCH,KG,,[],[],"[""Requirement introduces unsupported terms: ['belonging']""]","The ground truth is empty, so no holdings meet the condition. The pipeline likewise returned no data.",82.148,"{""Q1"": ""PREFIX wm: <https://wealth.example.org/ontology/>\nPREFIX rdfs: <http://www.w3.org/2000/01/rdf-schema#>\nPREFIX xsd: <http://www.w3.org/2001/XMLSchema#>\n\nSELECT ?holdingId ?investmentName\nWHERE {\n  ?holding a wm:PortfolioHolding ;\n           wm:heldByInvestor ?investor ;\n           wm:holdingId ?holdingId ;\n           wm:investmentName ?investmentName .\n\n  {\n    ?investor wm:segment ?segLabel .\n  }\n  UNION\n  {\n    ?investor wm:hasSegment ?segNode .\n    ?segNode rdfs:label ?segLabel .\n  }\n\n  FILTER ( BOUND(?segLabel) && ?segLabel NOT IN ( \""Diversified\""^^xsd:string, \""Large Cap\""^^xsd:string, \""Mid Cap\""^^xsd:string, \""Small Cap\""^^xsd:string ) )\n}""}"
wealth_management_reference_compliance_125_questions:RC125-081,How many distinct investors in the investor-profile table have an investor_id not found in the scenario-rebalancing table?,wealth_management_reference_compliance_125_questions.csv,PIPELINE_SUCCESS,MATCH,MATCH,SQL,,[],[],"[""measures.0 has no quoted requirement.""]","The pipeline returns 573, which matches the ground-truth count of distinct investor-profile investors whose investor_id is absent from the scenario-rebalancing table.",10.529,"{""Q1"": ""SELECT COUNT(DISTINCT ip.investor_id) AS distinct_investor_count\nFROM ATOM_ENTITY_INVESTOR_PROFILE_001 ip\nLEFT JOIN ATOM_EVENT_SCENARIO_REBALANCING_001 sr\n  ON ip.investor_id = sr.investor_id\nWHERE sr.investor_id IS NULL;""}"
wealth_management_reference_compliance_125_questions:RC125-083,Cross-reference validation: which investors appearing in the portfolio-health table have an investor_id not found in the rebalancing-action table?,wealth_management_reference_compliance_125_questions.csv,DAG_NODE_ERROR,MISMATCH,MATCH,SQL,Q1:Query_Spec_Contract,"[""unknown_source""]","[""Unknown source: entity"", ""group_by.0: unknown source 'entity'.""]","[""Invalid requirement implementation: join_policy (anti_join between ATOM_ENTITY_PORTFOLIO_HEALTH_001 and ATOM_EVENT_REBALANCING_ACTION_001 on investor_id)"", ""group_by.0 has no quoted requirement.""]",The pipeline returned a failure message rather than the required list of investor IDs. The ground truth contains many matching investors.,13.633,"{""Q1"": """"}"
wealth_management_reference_compliance_125_questions:RC125-080,Cross-reference validation: which investors appearing in the investor-profile table have an investor_id not found in the scenario-rebalancing table?,wealth_management_reference_compliance_125_questions.csv,PIPELINE_SUCCESS,MATCH,MATCH,KG,,[],[],"[""measures.0 has no quoted requirement."", ""measures.1 has no quoted requirement.""]",The pipeline returns the same set of investor IDs present in the investor-profile table but absent from the scenario-rebalancing table. The additional investorName field is harmless.,22.036,"{""Q1"": ""PREFIX wm: <https://wealth.example.org/ontology/>\nPREFIX rdf: <http://www.w3.org/1999/02/22-rdf-syntax-ns#>\n\nSELECT ?investorId ?investorName\nWHERE {\n  ?inv a wm:Investor ;\n       wm:investorId ?investorId ;\n       wm:investorName ?investorName .\n  FILTER NOT EXISTS {\n    ?sr a wm:ScenarioRebalancing ;\n        wm:investorId ?investorId .\n  }\n}""}"
wealth_management_reference_compliance_125_questions:RC125-084,How many distinct investors in the portfolio-health table have an investor_id not found in the rebalancing-action table?,wealth_management_reference_compliance_125_questions.csv,PIPELINE_SUCCESS,MATCH,MATCH,SQL,,[],[],[],The pipeline returns the correct count of distinct portfolio-health investors absent from the rebalancing-action table.,17.768,"{""Q1"": ""SELECT COUNT(DISTINCT ph.investor_id) AS distinct_investor_count\nFROM ATOM_ENTITY_PORTFOLIO_HEALTH_001 ph\nWHERE NOT EXISTS (\n    SELECT 1\n    FROM ATOM_EVENT_REBALANCING_ACTION_001 ra\n    WHERE ra.investor_id = ph.investor_id\n);""}"
wealth_management_reference_compliance_125_questions:RC125-082,"How many portfolio holdings belong to an investor whose profile segment conforms to the allowed set (Diversified, Large Cap, Mid Cap, Small Cap)?",wealth_management_reference_compliance_125_questions.csv,PIPELINE_SUCCESS,MATCH,MATCH,SQL,,[],[],"[""measures.0 has no quoted requirement.""]","The pipeline returns the required count of portfolio holdings for investors in the allowed profile segments, matching the ground truth.",31.337,"{""Q1"": ""SELECT COUNT(ph.holding_id) AS holding_count\nFROM ATOM_ENTITY_PORTFOLIO_HOLDING_001 AS ph\nINNER JOIN ATOM_ENTITY_INVESTOR_PROFILE_001 AS ip\n  ON ph.investor_id = ip.investor_id\nWHERE ip.segment IN ('Diversified', 'Large Cap', 'Mid Cap', 'Small Cap');""}"
wealth_management_reference_compliance_125_questions:RC125-085,"How many portfolio holdings belong to an investor whose profile time_horizon conforms to the allowed set (Long-term, Medium-term, Short-term)?",wealth_management_reference_compliance_125_questions.csv,PIPELINE_SUCCESS,MATCH,MATCH,SQL,,[],[],"[""Requirement introduces unsupported terms: ['belonging', 'count', 'in']""]",The pipeline returns the same required count of portfolio holdings for investors with allowed time horizons.,15.216,"{""Q1"": ""SELECT COUNT(h.holding_id) AS holding_count FROM ATOM_ENTITY_PORTFOLIO_HOLDING_001 h INNER JOIN ATOM_ENTITY_INVESTOR_PROFILE_001 p ON h.investor_id = p.investor_id WHERE p.time_horizon IN ('Long-term','Medium-term','Short-term');""}"
wealth_management_reference_compliance_125_questions:RC125-087,How many distinct investors in the portfolio-health table have an investor_id not found in the scenario-rebalancing table?,wealth_management_reference_compliance_125_questions.csv,DAG_NODE_ERROR,MISMATCH,MATCH,SQL,Q1:Query_Spec_Contract,"[""unknown_source"", ""physical_as_source""]","[""Unknown source: physical"", ""measures.0: unknown source 'physical'.""]","[""measures.0 has no quoted requirement.""]",The pipeline returned a failure message rather than the required count of distinct investors absent from the scenario-rebalancing table.,8.813,"{""Q1"": """"}"
wealth_management_reference_compliance_125_questions:RC125-086,Cross-reference validation: which investors appearing in the portfolio-health table have an investor_id not found in the scenario-rebalancing table?,wealth_management_reference_compliance_125_questions.csv,PIPELINE_SUCCESS,MATCH,PRE_SCAN_ERROR,SQL,,[],[],"[""measures.0 has no quoted requirement.""]",The pipeline returns the same set of investor_id values as the ground truth. The differing presentation order is not material because the question asks for the qualifying investor set without specifying an order.,19.502,"{""Q1"": ""SELECT DISTINCT ph.investor_id\nFROM ATOM_ENTITY_PORTFOLIO_HEALTH_001 AS ph\nWHERE ph.investor_id IS NOT NULL\n  AND ph.investor_id NOT IN (\n    SELECT sr.investor_id FROM ATOM_EVENT_SCENARIO_REBALANCING_001 AS sr WHERE sr.investor_id IS NOT NULL\n  );""}"
wealth_management_reference_compliance_125_questions:RC125-090,How many distinct investors in the portfolio-holding table have an investor_id not found in the rebalancing-action table?,wealth_management_reference_compliance_125_questions.csv,PIPELINE_SUCCESS,MATCH,MATCH,SQL,,[],[],"[""measures.0 has no quoted requirement.""]","The pipeline reports 180 distinct investors, matching the ground-truth count of investors present in portfolio holdings but absent from rebalancing actions.",16.563,"{""Q1"": ""SELECT COUNT(DISTINCT ph.investor_id) AS distinct_investor_count\nFROM ATOM_ENTITY_PORTFOLIO_HOLDING_001 ph\nWHERE NOT EXISTS (\n    SELECT 1 FROM ATOM_EVENT_REBALANCING_ACTION_001 r\n    WHERE r.investor_id = ph.investor_id\n);""}"
wealth_management_reference_compliance_125_questions:RC125-091,"How many investment-goal records belong to an investor whose profile time_horizon conforms to the allowed set (Long-term, Medium-term, Short-term)?",wealth_management_reference_compliance_125_questions.csv,PIPELINE_SUCCESS,MATCH,MATCH,SQL,,[],[],"[""measures.0 has no quoted requirement.""]",The pipeline returns the correct count of investment-goal records for investors with allowed profile time horizons.,17.472,"{""Q1"": ""SELECT COUNT(g.goal_id) AS investment_goal_count\nFROM ATOM_ENTITY_INVESTMENT_GOAL_001 AS g\nINNER JOIN ATOM_ENTITY_INVESTOR_PROFILE_001 AS p\n  ON g.investor_id = p.investor_id\nWHERE p.time_horizon IN ('Long-term', 'Medium-term', 'Short-term');""}"
wealth_management_reference_compliance_125_questions:RC125-088,"How many investment-goal records belong to an investor whose profile risk_tolerance conforms to the allowed set (Aggressive, Conservative, Moderate)?",wealth_management_reference_compliance_125_questions.csv,PIPELINE_SUCCESS,MATCH,MATCH,SQL,,[],[],"[""Requirement introduces unsupported terms: ['count']""]",The pipeline returns the correct count of investment-goal records for investors with allowed risk tolerances.,24.811,"{""Q1"": ""SELECT COUNT(ig.goal_id) AS investment_goal_count\nFROM ATOM_ENTITY_INVESTMENT_GOAL_001 AS ig\nINNER JOIN ATOM_ENTITY_INVESTOR_PROFILE_001 AS ip\n  ON ig.investor_id = ip.investor_id\nWHERE ip.risk_tolerance IN ('Aggressive', 'Conservative', 'Moderate');""}"
wealth_management_reference_compliance_125_questions:RC125-089,Cross-reference validation: which investors appearing in the portfolio-holding table have an investor_id not found in the rebalancing-action table?,wealth_management_reference_compliance_125_questions.csv,PRE_SCAN_ERROR,PRE_SCAN_ERROR,MATCH,KG,Q1:Pre_Scan_Validate,[],[],"[""group_by.0 has no quoted requirement.""]",,49.639,"{""Q1"": ""PREFIX wm: <https://wealth.example.org/ontology/>\nPREFIX rdf: <http://www.w3.org/1999/02/22-rdf-syntax-ns#>\n\nSELECT DISTINCT ?investorId\nWHERE {\n  ?ph a wm:PortfolioHolding ;\n      wm:investorId ?investorId .\n  FILTER NOT EXISTS {\n    ?ra a wm:RebalancingAction ;\n        wm:investorId ?investorId .\n  }\n}""}"
wealth_management_reference_compliance_125_questions:RC125-094,"How many cash-flow records belong to an investor whose profile risk_tolerance conforms to the allowed set (Aggressive, Conservative, Moderate)?",wealth_management_reference_compliance_125_questions.csv,PIPELINE_SUCCESS,MATCH,MATCH,SQL,,[],[],"[""measures.0 has no quoted requirement.""]",The pipeline returns the correct count of cash-flow records for investors with allowed risk tolerances.,26.371,"{""Q1"": ""SELECT COUNT(cf.cash_flow_id) AS cash_flow_record_count\nFROM ATOM_EVENT_CASH_FLOW_001 cf\nINNER JOIN ATOM_ENTITY_INVESTOR_PROFILE_001 ip\n  ON cf.investor_id = ip.investor_id\nWHERE ip.risk_tolerance IN ('Aggressive', 'Conservative', 'Moderate');""}"
wealth_management_reference_compliance_125_questions:RC125-093,How many distinct investors in the portfolio-holding table have an investor_id not found in the scenario-rebalancing table?,wealth_management_reference_compliance_125_questions.csv,PIPELINE_SUCCESS,MATCH,MATCH,SQL,,[],[],[],"The pipeline returns 573 distinct investors, matching the ground-truth count of investors in portfolio holdings whose investor_id is absent from scenario rebalancing.",29.073,"{""Q1"": ""SELECT COUNT(DISTINCT ph.investor_id) AS distinct_investor_count\nFROM ATOM_ENTITY_PORTFOLIO_HOLDING_001 ph\nWHERE NOT EXISTS (\n    SELECT 1 FROM ATOM_EVENT_SCENARIO_REBALANCING_001 sr\n    WHERE sr.investor_id = ph.investor_id\n);""}"
wealth_management_reference_compliance_125_questions:RC125-095,Cross-reference validation: which investors appearing in the investment-goal table have an investor_id not found in the rebalancing-action table?,wealth_management_reference_compliance_125_questions.csv,DAG_NODE_ERROR,MISMATCH,MATCH,SQL,Q1:Query_Spec_Contract,"[""unknown_source"", ""physical_as_source""]","[""Unknown source: physical"", ""group_by.0: unknown source 'physical'.""]","[""group_by.0 has no quoted requirement.""]",The pipeline returned a query failure message rather than the required list of investor IDs.,9.348,"{""Q1"": """"}"
wealth_management_reference_compliance_125_questions:RC125-096,How many distinct investors in the investment-goal table have an investor_id not found in the rebalancing-action table?,wealth_management_reference_compliance_125_questions.csv,DAG_NODE_ERROR,MISMATCH,MATCH,SQL,Q1:Query_Spec_Contract,"[""unknown_source"", ""physical_as_source""]","[""Unknown source: physical"", ""measures.0: unknown source 'physical'.""]","[""measures.0 has no quoted requirement.""]",The pipeline returned an execution failure instead of the required count of distinct investors.,12.787,"{""Q1"": """"}"
wealth_management_reference_compliance_125_questions:RC125-092,Cross-reference validation: which investors appearing in the portfolio-holding table have an investor_id not found in the scenario-rebalancing table?,wealth_management_reference_compliance_125_questions.csv,PRE_SCAN_ERROR,PRE_SCAN_ERROR,MATCH,KG,Q1:Pre_Scan_Validate,[],[],"[""group_by.0 has no quoted requirement.""]",,47.554,"{""Q1"": ""PREFIX wm: <https://wealth.example.org/ontology/>\nPREFIX rdf: <http://www.w3.org/1999/02/22-rdf-syntax-ns#>\n\nSELECT DISTINCT ?investorId\nWHERE {\n  ?ph a wm:PortfolioHolding ;\n      wm:investorId ?investorId .\n  FILTER NOT EXISTS {\n    ?sr a wm:ScenarioRebalancing ;\n        wm:investorId ?investorId .\n  }\n}""}"
wealth_management_reference_compliance_125_questions:RC125-099,How many distinct investors in the investment-goal table have an investor_id not found in the scenario-rebalancing table?,wealth_management_reference_compliance_125_questions.csv,DAG_NODE_ERROR,MISMATCH,MATCH,SQL,Q1:Query_Spec_Contract,"[""unknown_source"", ""physical_as_source""]","[""Unknown source: physical"", ""measures.0: unknown source 'physical'.""]","[""measures.0 has no quoted requirement.""]",The pipeline returned a failure message instead of the required count of distinct investors.,8.4,"{""Q1"": """"}"
wealth_management_reference_compliance_125_questions:RC125-097,"How many cash-flow records belong to an investor whose profile segment conforms to the allowed set (Diversified, Large Cap, Mid Cap, Small Cap)?",wealth_management_reference_compliance_125_questions.csv,PIPELINE_SUCCESS,MATCH,MATCH,SQL,,[],[],"[""measures.0 has no quoted requirement.""]","The pipeline returns the required count of cash-flow records for investors in the allowed profile segments, matching the ground truth.",25.591,"{""Q1"": ""SELECT COUNT(cf.cash_flow_id) AS cash_flow_count\nFROM ATOM_EVENT_CASH_FLOW_001 cf\nINNER JOIN ATOM_ENTITY_INVESTOR_PROFILE_001 ip ON cf.investor_id = ip.investor_id\nWHERE ip.segment IN ('Diversified', 'Large Cap', 'Mid Cap', 'Small Cap')""}"
wealth_management_reference_compliance_125_questions:RC125-100,"How many sector-allocation records belong to an investor whose profile risk_tolerance conforms to the allowed set (Aggressive, Conservative, Moderate)?",wealth_management_reference_compliance_125_questions.csv,DAG_NODE_ERROR,MISMATCH,MATCH,SQL,Q1:Query_Spec_Contract,"[""unknown_source"", ""physical_as_source""]","[""Unknown source: physical"", ""measures.0: unknown source 'physical'.""]","[""measures.0 has no quoted requirement.""]",The pipeline returned a failure message rather than the requested count of sector-allocation records.,22.223,"{""Q1"": """"}"
wealth_management_reference_compliance_125_questions:RC125-101,Cross-reference validation: which investors appearing in the cash-flow table have an investor_id not found in the rebalancing-action table?,wealth_management_reference_compliance_125_questions.csv,PIPELINE_SUCCESS,MATCH,MATCH,SQL,,[],[],"[""group_by.0 has no quoted requirement.""]",The pipeline returns the same complete set of investor IDs present in the cash-flow table but absent from the rebalancing-action table. Ordering differs but no ordering was requested.,20.407,"{""Q1"": ""SELECT DISTINCT cf.investor_id\nFROM ATOM_EVENT_CASH_FLOW_001 AS cf\nWHERE NOT EXISTS (\n    SELECT 1\n    FROM ATOM_EVENT_REBALANCING_ACTION_001 AS ra\n    WHERE ra.investor_id = cf.investor_id\n);""}"
wealth_management_reference_compliance_125_questions:RC125-102,How many distinct investors in the cash-flow table have an investor_id not found in the rebalancing-action table?,wealth_management_reference_compliance_125_questions.csv,PIPELINE_SUCCESS,MATCH,MATCH,SQL,,[],[],"[""measures.0 has no quoted requirement.""]",The pipeline returns the correct count of distinct investors whose investor_id is absent from the rebalancing-action table.,15.002,"{""Q1"": ""SELECT COUNT(DISTINCT cf.investor_id) AS distinct_investor_count\nFROM ATOM_EVENT_CASH_FLOW_001 AS cf\nWHERE cf.investor_id IS NOT NULL\n  AND NOT EXISTS (\n    SELECT 1\n    FROM ATOM_EVENT_REBALANCING_ACTION_001 AS ra\n    WHERE ra.investor_id = cf.investor_id\n  );""}"
wealth_management_reference_compliance_125_questions:RC125-098,Cross-reference validation: which investors appearing in the investment-goal table have an investor_id not found in the scenario-rebalancing table?,wealth_management_reference_compliance_125_questions.csv,PIPELINE_SUCCESS,MATCH,MATCH,KG,,[],[],"[""group_by.0 has no quoted requirement.""]","The pipeline returns investment-goal records whose investorId values correspond to the required investors absent from the scenario-rebalancing table. Although it includes investment-goal URIs and repeated rows for investors with multiple goals, those are harmless because the requested investor entity set is represented.",39.908,"{""Q1"": ""PREFIX wm: <https://wealth.example.org/ontology/>\nPREFIX rdf: <http://www.w3.org/1999/02/22-rdf-syntax-ns#>\n\nSELECT DISTINCT ?ig ?investorId\nWHERE {\n  ?ig a wm:InvestmentGoal ;\n      wm:investorId ?investorId .\n  FILTER NOT EXISTS {\n    ?sr a wm:ScenarioRebalancing ;\n        wm:investorId ?investorId .\n  }\n}""}"
wealth_management_reference_compliance_125_questions:RC125-105,Cross-reference validation: which investors appearing in the sector-allocation table have an investor_id not found in the rebalancing-action table?,wealth_management_reference_compliance_125_questions.csv,PIPELINE_SUCCESS,MATCH,MATCH,SQL,,[],[],"[""group_by.0 has no quoted requirement.""]",The pipeline returns the same complete set of investor_ids present in sector allocation but absent from rebalancing actions. Ordering differs but was not requested.,11.415,"{""Q1"": ""SELECT DISTINCT sa.investor_id\nFROM ATOM_ENTITY_SECTOR_ALLOCATION_001 AS sa\nWHERE NOT EXISTS (\n    SELECT 1\n    FROM ATOM_EVENT_REBALANCING_ACTION_001 AS ra\n    WHERE ra.investor_id = sa.investor_id\n);""}"
wealth_management_reference_compliance_125_questions:RC125-104,How many distinct investors in the cash-flow table have an investor_id not found in the scenario-rebalancing table?,wealth_management_reference_compliance_125_questions.csv,PIPELINE_SUCCESS,MATCH,MATCH,SQL,,[],[],"[""measures.0 has no quoted requirement.""]","The pipeline returns 573 distinct investors, matching the ground-truth count of cash-flow investors whose investor_id is absent from the scenario-rebalancing table.",13.201,"{""Q1"": ""SELECT COUNT(DISTINCT cf.investor_id) AS distinct_investor_count\nFROM ATOM_EVENT_CASH_FLOW_001 AS cf\nWHERE NOT EXISTS (\n    SELECT 1 FROM ATOM_EVENT_SCENARIO_REBALANCING_001 AS sr\n    WHERE sr.investor_id = cf.investor_id\n);""}"
wealth_management_reference_compliance_125_questions:RC125-106,How many distinct investors in the sector-allocation table have an investor_id not found in the rebalancing-action table?,wealth_management_reference_compliance_125_questions.csv,DAG_NODE_ERROR,MISMATCH,MATCH,SQL,Q1:Query_Spec_Contract,"[""unknown_source""]","[""Unknown source: sector_allocation"", ""measures.0: unknown source 'sector_allocation'.""]","[""measures.0 has no quoted requirement.""]",The pipeline returned a failure message instead of the required count of distinct investors.,17.081,"{""Q1"": """"}"
wealth_management_reference_compliance_125_questions:RC125-108,How many distinct investors in the sector-allocation table have an investor_id not found in the scenario-rebalancing table?,wealth_management_reference_compliance_125_questions.csv,PIPELINE_SUCCESS,MATCH,MATCH,SQL,,[],[],[],"The pipeline returns 573, matching the ground-truth count of distinct sector-allocation investors absent from the scenario-rebalancing table.",21.094,"{""Q1"": ""SELECT COUNT(DISTINCT a.investor_id) AS distinct_investor_count\nFROM ATOM_ENTITY_SECTOR_ALLOCATION_001 AS a\nWHERE NOT EXISTS (\n    SELECT 1 FROM ATOM_EVENT_SCENARIO_REBALANCING_001 AS s\n    WHERE s.investor_id = a.investor_id\n);""}"
wealth_management_reference_compliance_125_questions:RC125-103,Cross-reference validation: which investors appearing in the cash-flow table have an investor_id not found in the scenario-rebalancing table?,wealth_management_reference_compliance_125_questions.csv,PRE_SCAN_ERROR,PRE_SCAN_ERROR,MISMATCH,KG,Q1:Pre_Scan_Validate,[],[],"[""group_by.0 has no quoted requirement.""]",,51.92,"{""Q1"": ""PREFIX wm: <https://wealth.example.org/ontology/>\nPREFIX rdf: <http://www.w3.org/1999/02/22-rdf-syntax-ns#>\n\nSELECT ?investorId (SAMPLE(?cf) AS ?cashFlowSample)\nWHERE {\n  ?cf a wm:CashFlow ;\n      wm:investorId ?investorId .\n  FILTER NOT EXISTS {\n    ?sr a wm:ScenarioRebalancing ;\n        wm:investorId ?investorId .\n  }\n}\nGROUP BY ?investorId""}"
wealth_management_reference_compliance_125_questions:RC125-110,How many investor profiles have no associated rebalancing-action record (a referential-integrity gap)?,wealth_management_reference_compliance_125_questions.csv,PIPELINE_SUCCESS,MATCH,MATCH,SQL,,[],[],[],The pipeline returns the correct count of investor profiles with no associated rebalancing-action record.,24.451,"{""Q1"": ""SELECT COUNT(p.investor_id) AS investor_profile_gap_count\nFROM ATOM_ENTITY_INVESTOR_PROFILE_001 AS p\nWHERE NOT EXISTS (\n    SELECT 1\n    FROM ATOM_EVENT_REBALANCING_ACTION_001 AS r\n    WHERE r.investor_id = p.investor_id\n);""}"
wealth_management_reference_compliance_125_questions:RC125-111,How many investors have a portfolio-health record but are missing a rebalancing-action record?,wealth_management_reference_compliance_125_questions.csv,DAG_NODE_ERROR,MISMATCH,MISMATCH,SQL,Q1:Query_Spec_Contract,"[""unknown_source"", ""physical_as_source""]","[""Unknown source: physical"", ""measures.0: unknown source 'physical'.""]","[""Requirement introduces unsupported terms: ['must']"", ""measures.0 has no quoted requirement.""]",The pipeline returned a failure message rather than the required count of investors.,9.084,"{""Q1"": """"}"
wealth_management_reference_compliance_125_questions:RC125-109,List the investor profiles that have no associated rebalancing-action record.,wealth_management_reference_compliance_125_questions.csv,PIPELINE_SUCCESS,MATCH,MATCH,KG,,[],[],"[""measures.0 has no quoted requirement."", ""measures.1 has no quoted requirement.""]","The pipeline returns the same set of investor profiles with no associated rebalancing-action record as the ground truth. Identifier and name fields are semantically equivalent, and differing row order is not relevant.",41.55,"{""Q1"": ""PREFIX wm: <https://wealth.example.org/ontology/>\nPREFIX rdf: <http://www.w3.org/1999/02/22-rdf-syntax-ns#>\n\nSELECT ?investorId ?investorName\nWHERE {\n  ?inv a wm:Investor ;\n       wm:investorId ?investorId ;\n       wm:investorName ?investorName .\n  FILTER NOT EXISTS { ?inv wm:hasRebalancingAction ?ra . }\n}""}"
wealth_management_reference_compliance_125_questions:RC125-107,Cross-reference validation: which investors appearing in the sector-allocation table have an investor_id not found in the scenario-rebalancing table?,wealth_management_reference_compliance_125_questions.csv,PRE_SCAN_ERROR,PRE_SCAN_ERROR,MATCH,KG,Q1:Pre_Scan_Validate,[],[],"[""group_by.0 has no quoted requirement.""]",,57.73,"{""Q1"": ""PREFIX rdf: <http://www.w3.org/1999/02/22-rdf-syntax-ns#>\nPREFIX wm: <https://wealth.example.org/ontology/>\n\nSELECT DISTINCT ?investorId\nWHERE {\n  ?sa rdf:type wm:SectorAllocation ;\n      wm:investorId ?investorId .\n  FILTER NOT EXISTS {\n    ?sr rdf:type wm:ScenarioRebalancing ;\n        wm:investorId ?investorId .\n  }\n}""}"
wealth_management_reference_compliance_125_questions:RC125-112,List investors who have a portfolio-health record but are missing a rebalancing-action record.,wealth_management_reference_compliance_125_questions.csv,PIPELINE_SUCCESS,MATCH,MATCH,SQL,,[],[],"[""group_by.0 has no quoted requirement.""]","The pipeline returns exactly the same investor_id set as the ground truth, with no missing or extra investors.",18.229,"{""Q1"": ""SELECT ph.investor_id\nFROM ATOM_ENTITY_PORTFOLIO_HEALTH_001 AS ph\nWHERE NOT EXISTS (\n    SELECT 1\n    FROM ATOM_EVENT_REBALANCING_ACTION_001 AS ra\n    WHERE ra.investor_id = ph.investor_id\n)\nGROUP BY ph.investor_id;""}"
wealth_management_reference_compliance_125_questions:RC125-113,How many investors have a portfolio-health record but are missing a scenario-rebalancing record?,wealth_management_reference_compliance_125_questions.csv,PIPELINE_SUCCESS,MATCH,GRADER_API_ERROR,SQL,,[],[],"[""Every subquery needs a requirement ledger.""]","The pipeline returns 573 investors, matching the ground-truth count for investors with a portfolio-health record and no scenario-rebalancing record.",19.076,"{""Q1"": ""SELECT COUNT(DISTINCT ph.investor_id) AS investor_count\nFROM ATOM_ENTITY_PORTFOLIO_HEALTH_001 ph\nWHERE NOT EXISTS (\n    SELECT 1\n    FROM ATOM_EVENT_SCENARIO_REBALANCING_001 sr\n    WHERE sr.investor_id = ph.investor_id\n);""}"
wealth_management_reference_compliance_125_questions:RC125-114,List investors who have a portfolio-health record but are missing a scenario-rebalancing record.,wealth_management_reference_compliance_125_questions.csv,PIPELINE_SUCCESS,MATCH,MATCH,SQL,,[],[],"[""group_by.0 has no quoted requirement.""]",The pipeline returns the same complete set of investor IDs as the ground truth. Ordering differs but the question only requests a list and does not specify an order.,16.282,"{""Q1"": ""SELECT DISTINCT ph.investor_id\nFROM ATOM_ENTITY_PORTFOLIO_HEALTH_001 AS ph\nLEFT JOIN ATOM_EVENT_SCENARIO_REBALANCING_001 AS sr\n  ON ph.investor_id = sr.investor_id\nWHERE sr.investor_id IS NULL;""}"
wealth_management_reference_compliance_125_questions:RC125-115,How many investors have a portfolio-holding record but are missing a rebalancing-action record?,wealth_management_reference_compliance_125_questions.csv,PIPELINE_SUCCESS,MATCH,MATCH,SQL,,[],[],"[""Invalid requirement implementation: joins.type = anti"", ""Invalid requirement implementation: measures.aggregate = count_distinct investor_id"", ""measures.0 has no quoted requirement.""]","The pipeline reports 180 investors, matching the ground-truth count for investors with a portfolio-holding record and no rebalancing-action record.",13.538,"{""Q1"": ""WITH holding_investors AS (\n    SELECT DISTINCT investor_id\n    FROM ATOM_ENTITY_PORTFOLIO_HOLDING_001\n),\nmissing_rebalance AS (\n    SELECT h.investor_id\n    FROM holding_investors h\n    LEFT JOIN ATOM_EVENT_REBALANCING_ACTION_001 r\n        ON h.investor_id = r.investor_id\n    WHERE r.investor_id IS NULL\n)\nSELECT COUNT(*) AS investor_count\nFROM missing_rebalance;""}"
wealth_management_reference_compliance_125_questions:RC125-118,List investors who have a portfolio-holding record but are missing a scenario-rebalancing record.,wealth_management_reference_compliance_125_questions.csv,PIPELINE_SUCCESS,MATCH,MATCH,SQL,,[],[],"[""group_by.0 has no quoted requirement.""]",The pipeline returns the same set of investor IDs as the ground truth: investors with portfolio-holding records and no scenario-rebalancing record. The ordering differs but no ordering was requested.,18.609,"{""Q1"": ""SELECT DISTINCT h.investor_id\nFROM ATOM_ENTITY_PORTFOLIO_HOLDING_001 AS h\nWHERE NOT EXISTS (\n    SELECT 1\n    FROM ATOM_EVENT_SCENARIO_REBALANCING_001 AS s\n    WHERE s.investor_id = h.investor_id\n);""}"
wealth_management_reference_compliance_125_questions:RC125-119,How many investors have an investment-goal record but are missing a rebalancing-action record?,wealth_management_reference_compliance_125_questions.csv,PIPELINE_SUCCESS,MATCH,MISMATCH,SQL,,[],[],"[""measures.0 has no quoted requirement.""]","The pipeline returns 180 investors, which matches the ground-truth count for investors with an investment-goal record and no rebalancing-action record.",17.428,"{""Q1"": ""SELECT COUNT(DISTINCT ig.investor_id) AS investor_count\nFROM ATOM_ENTITY_INVESTMENT_GOAL_001 AS ig\nLEFT JOIN ATOM_EVENT_REBALANCING_ACTION_001 AS ra\n       ON ig.investor_id = ra.investor_id\nWHERE ra.investor_id IS NULL;""}"
wealth_management_reference_compliance_125_questions:RC125-117,How many investors have a portfolio-holding record but are missing a scenario-rebalancing record?,wealth_management_reference_compliance_125_questions.csv,DAG_NODE_ERROR,MISMATCH,MISMATCH,SQL,Q1:Query_Spec_Contract,"[""unknown_source"", ""physical_as_source""]","[""Unknown source: physical"", ""measures.0: unknown source 'physical'.""]","[""Requirement introduces unsupported terms: ['at', 'least', 'must', 'one']"", ""Requirement introduces unsupported terms: ['must']"", ""measures.0 has no quoted requirement.""]",The pipeline returned a failure message rather than the required count of investors.,24.691,"{""Q1"": """"}"
wealth_management_reference_compliance_125_questions:RC125-116,List investors who have a portfolio-holding record but are missing a rebalancing-action record.,wealth_management_reference_compliance_125_questions.csv,DAG_NODE_ERROR,MISMATCH,MATCH,KG,Q1:Query_Spec_Contract,"[""unresolved""]","[""Unresolved requirements: [{'text': 'detect absence of a RebalancingAction via the hasRebalancingAction property (object_reference)', 'reason': 'The schema provides only an object_reference; there is no built\u2011in operator for \u201cis null\u201d or \u201cdoes not exist\u201d.'}]""]",[],The pipeline returned a failure message rather than the required investor list.,32.173,"{""Q1"": """"}"
wealth_management_reference_compliance_125_questions:RC125-120,List investors who have an investment-goal record but are missing a rebalancing-action record.,wealth_management_reference_compliance_125_questions.csv,PIPELINE_SUCCESS,MATCH,MATCH,SQL,,[],[],"[""group_by.0 has no quoted requirement.""]",The pipeline returns the same complete set of investors with investment-goal records and no rebalancing-action records as the ground truth. Ordering differs but was not requested.,11.421,"{""Q1"": ""SELECT DISTINCT g.investor_id\nFROM ATOM_ENTITY_INVESTMENT_GOAL_001 AS g\nWHERE NOT EXISTS (\n    SELECT 1\n    FROM ATOM_EVENT_REBALANCING_ACTION_001 AS r\n    WHERE r.investor_id = g.investor_id\n);""}"
wealth_management_reference_compliance_125_questions:RC125-121,How many investors have an investment-goal record but are missing a scenario-rebalancing record?,wealth_management_reference_compliance_125_questions.csv,PIPELINE_SUCCESS,MATCH,MISMATCH,SQL,,[],[],"[""Requirement introduces unsupported terms: ['at', 'least', 'must', 'one']"", ""Requirement introduces unsupported terms: ['any', 'must']"", ""measures.0 has no quoted requirement.""]",The pipeline returns the correct count of investors with an investment-goal record and no scenario-rebalancing record.,22.588,"{""Q1"": ""SELECT COUNT(DISTINCT g.investor_id) AS investor_count\nFROM ATOM_ENTITY_INVESTMENT_GOAL_001 AS g\nLEFT JOIN ATOM_EVENT_SCENARIO_REBALANCING_001 AS s\n  ON g.investor_id = s.investor_id\nWHERE s.investor_id IS NULL;""}"
wealth_management_reference_compliance_125_questions:RC125-122,List investors who have an investment-goal record but are missing a scenario-rebalancing record.,wealth_management_reference_compliance_125_questions.csv,DAG_NODE_ERROR,MISMATCH,MATCH,mixed,Q3:Binding,[],[],"[""Requirement introduces unsupported terms: ['have']"", ""Requirement introduces unsupported terms: ['missing']"", ""group_by.0 has no quoted requirement."", ""group_by.1 has no quoted requirement."", ""Requirement introduces unsupported terms: ['goal', 'have', 'investment', 'must']"", ""Requirement introduces unsupported terms: ['missing', 'must']""]","The pipeline returned a failure message rather than investor rows, while the ground truth contains a large non-empty set of qualifying investors.",21.455,"{""Q1"": ""SELECT p.investor_id,\n       p.investor_name\nFROM ATOM_ENTITY_INVESTOR_PROFILE_001 AS p\nINNER JOIN ATOM_ENTITY_INVESTMENT_GOAL_001 AS g\n        ON p.investor_id = g.investor_id\nWHERE NOT EXISTS (\n    SELECT 1\n    FROM ATOM_EVENT_SCENARIO_REBALANCING_001 AS s\n    WHERE s.investor_id = p.investor_id\n);"", ""Q2"": ""PREFIX rdf: <http://www.w3.org/1999/02/22-rdf-syntax-ns#>\nPREFIX wm: <https://wealth.example.org/ontology/>\n\nSELECT ?investorId ?investorName\nWHERE {\n  ?investor rdf:type wm:Investor .\n  ?investor wm:investorId ?investorId .\n  ?investor wm:investorName ?investorName .\n  FILTER EXISTS { ?investor wm:hasInvestmentGoal ?goal . }\n  FILTER NOT EXISTS { ?investor wm:hasScenarioRebalancing ?sr . }\n}"", ""Q3"": """"}"
wealth_management_reference_compliance_125_questions:RC125-124,List investors who have a sector-allocation record but are missing a rebalancing-action record.,wealth_management_reference_compliance_125_questions.csv,PIPELINE_SUCCESS,MATCH,MATCH,SQL,,[],[],"[""Invalid requirement implementation: join_policy (anti_join between ATOM_ENTITY_SECTOR_ALLOCATION_001 and ATOM_EVENT_REBALANCING_ACTION_001 on investor_id)"", ""Invalid requirement implementation: group_by investor_id from ATOM_ENTITY_SECTOR_ALLOCATION_001"", ""group_by.0 has no quoted requirement.""]",The pipeline returns exactly the full set of investors with a sector-allocation record and no rebalancing-action record.,14.873,"{""Q1"": ""SELECT sa.investor_id\nFROM ATOM_ENTITY_SECTOR_ALLOCATION_001 AS sa\nLEFT JOIN ATOM_EVENT_REBALANCING_ACTION_001 AS ra\n  ON sa.investor_id = ra.investor_id\nWHERE ra.investor_id IS NULL\nGROUP BY sa.investor_id;""}"
wealth_management_reference_compliance_125_questions:RC125-123,How many investors have a sector-allocation record but are missing a rebalancing-action record?,wealth_management_reference_compliance_125_questions.csv,DAG_NODE_ERROR,MISMATCH,MATCH,SQL,Q1:Query_Spec_Contract,"[""derived_expression_required""]","[""measures.0: derived measure needs an expression.""]","[""Requirement introduces unsupported terms: ['must']"", ""measures.0 has no quoted requirement.""]",The pipeline returned a failure message rather than the required count of investors.,21.179,"{""Q1"": """"}"
wealth_management_scoring_quantitative_125_questions:SQA125-1T-003,Which 10 investment goals have the highest Sharpe ratio (ties broken by goal ID)?,wealth_management_scoring_quantitative_125_questions.csv,PIPELINE_SUCCESS,MATCH,MATCH,SQL,,[],[],[],"The pipeline returns exactly the 10 highest-Sharpe goals in the correct ranked order, with matching Sharpe ratios. Investor IDs are not required by the question.",15.337,"{""Q1"": ""SELECT goal_id,\n       avg_sharpe_ratio\nFROM   ATOM_ENTITY_INVESTMENT_GOAL_001\nORDER BY avg_sharpe_ratio DESC,\n         goal_id ASC\nLIMIT 10;""}"
wealth_management_reference_compliance_125_questions:RC125-125,How many investors have a sector-allocation record but are missing a scenario-rebalancing record?,wealth_management_reference_compliance_125_questions.csv,PIPELINE_SUCCESS,MATCH,MISMATCH,SQL,,[],[],"[""measures.0 has no quoted requirement.""]","The pipeline reports 573 investors, matching the ground-truth count for investors with a sector-allocation record and no scenario-rebalancing record.",22.653,"{""Q1"": ""WITH sector_investors AS (\n  SELECT investor_id\n  FROM ATOM_ENTITY_SECTOR_ALLOCATION_001\n  GROUP BY investor_id\n)\nSELECT COUNT(*) AS investor_count\nFROM sector_investors si\nLEFT JOIN ATOM_EVENT_SCENARIO_REBALANCING_001 sr\n  ON si.investor_id = sr.investor_id\nWHERE sr.investor_id IS NULL;""}"
wealth_management_scoring_quantitative_125_questions:SQA125-1T-002,List the investment goals whose progress is below 30.,wealth_management_scoring_quantitative_125_questions.csv,PIPELINE_SUCCESS,MATCH,MATCH,KG,,[],[],"[""measures.0 has no quoted requirement."", ""measures.1 has no quoted requirement."", ""measures.2 has no quoted requirement.""]","The pipeline returns investment-goal records with progress percentages below 30, and the sampled identifiable goal IDs, labels, and progress values agree with the ground truth. Investor IDs are not required by the question.",22.996,"{""Q1"": ""PREFIX wm: <https://wealth.example.org/ontology/>\nPREFIX rdfs: <http://www.w3.org/2000/01/rdf-schema#>\nPREFIX rdf: <http://www.w3.org/1999/02/22-rdf-syntax-ns#>\n\nSELECT ?goalId ?label ?progressPct\nWHERE {\n  ?ig rdf:type wm:InvestmentGoal .\n  ?ig wm:progressPct ?progressPct .\n  FILTER(?progressPct < 30) .\n  ?ig wm:goalId ?goalId .\n  ?ig rdfs:label ?label .\n}""}"
wealth_management_scoring_quantitative_125_questions:SQA125-1T-001,What is the average goal progress for each investment goal type?,wealth_management_scoring_quantitative_125_questions.csv,PIPELINE_SUCCESS,MATCH,MISMATCH,SQL,,[],[],[],"The pipeline returns all seven investment goal categories, including the null category, with average progress values matching the ground truth within tolerance.",33.181,"{""Q1"": ""SELECT\n    investment_goal,\n    AVG(progress_pct) AS avg_progress_pct\nFROM ATOM_ENTITY_INVESTMENT_GOAL_001\nGROUP BY investment_goal;""}"
wealth_management_scoring_quantitative_125_questions:SQA125-1T-004,What is the average Sharpe ratio for each investment goal type?,wealth_management_scoring_quantitative_125_questions.csv,DAG_NODE_ERROR,MISMATCH,MISMATCH,mixed,Q2:Binding,[],[],[],The pipeline returned a failure message rather than average Sharpe ratios by investment goal type.,15.191,"{""Q1"": ""PREFIX wm: <https://wealth.example.org/ontology/>\nPREFIX rdfs: <http://www.w3.org/2000/01/rdf-schema#>\nPREFIX rdf: <http://www.w3.org/1999/02/22-rdf-syntax-ns#>\n\nSELECT ?goalId ?investmentGoalTypeLabel WHERE {\n  ?ig rdf:type wm:InvestmentGoal .\n  ?ig wm:goalId ?goalId .\n  ?ig wm:hasInvestmentGoalType ?igt .\n  ?igt rdfs:label ?investmentGoalTypeLabel .\n}"", ""Q2"": """"}"
wealth_management_scoring_quantitative_125_questions:SQA125-1T-006,Which 10 investment goals have the highest progress?,wealth_management_scoring_quantitative_125_questions.csv,PIPELINE_SUCCESS,MATCH,MATCH,SQL,,[],[],"[""group_by.0 has no quoted requirement."", ""group_by.1 has no quoted requirement.""]","The pipeline returns exactly the 10 highest-progress goal IDs in the correct descending order, with progress percentages matching the ground truth within tolerance. Investor IDs are not required to answer the question.",13.299,"{""Q1"": ""SELECT goal_id, investment_goal, progress_pct\nFROM ATOM_ENTITY_INVESTMENT_GOAL_001\nORDER BY progress_pct DESC, goal_id ASC\nLIMIT 10;""}"
wealth_management_scoring_quantitative_125_questions:SQA125-1T-008,List the investment goals whose volatility is above 15.,wealth_management_scoring_quantitative_125_questions.csv,PIPELINE_SUCCESS,PARTIAL,PARTIAL,KG,,[],[],"[""measures.0 has no quoted requirement."", ""measures.1 has no quoted requirement.""]","The pipeline returns many correct goal IDs with volatility above 15, but it omits required goals from the ground-truth set.",14.334,"{""Q1"": ""PREFIX wm: <https://wealth.example.org/ontology/>\nPREFIX rdfs: <http://www.w3.org/2000/01/rdf-schema#>\nPREFIX xsd: <http://www.w3.org/2001/XMLSchema#>\n\nSELECT ?goalId ?label\nWHERE {\n  ?ig a wm:InvestmentGoal .\n  ?ig wm:avgVolatilityPct ?vol .\n  FILTER(?vol > 15) .\n  ?ig wm:goalId ?goalId .\n  ?ig rdfs:label ?label .\n}""}"
wealth_management_scoring_quantitative_125_questions:SQA125-1T-005,List the investment goals whose Sharpe ratio is above 2.5.,wealth_management_scoring_quantitative_125_questions.csv,PIPELINE_SUCCESS,MATCH,MATCH,KG,,[],[],"[""measures.0 has no quoted requirement.""]",The pipeline returns the investment-goal entity set matching the ground-truth goals with average Sharpe ratios above 2.5. It provides goal IDs and harmless descriptive labels; investor IDs and Sharpe values are not required to list the qualifying goals.,30.423,"{""Q1"": ""PREFIX wm: <https://wealth.example.org/ontology/>\nPREFIX rdfs: <http://www.w3.org/2000/01/rdf-schema#>\nSELECT ?goalId ?label WHERE {\n  ?goal a wm:InvestmentGoal ;\n        wm:goalId ?goalId ;\n        wm:avgSharpeRatio ?sharpe ;\n        rdfs:label ?label .\n  FILTER(?sharpe > 2.5)\n}""}"
wealth_management_scoring_quantitative_125_questions:SQA125-1T-007,What is the average volatility for each investment goal type?,wealth_management_scoring_quantitative_125_questions.csv,DAG_NODE_ERROR,MISMATCH,MISMATCH,mixed,Q2:Binding,[],[],"[""Requirement introduces unsupported terms: ['average', 'volatility']""]",The pipeline returned a failure message rather than the required average volatility values for each investment goal type.,21.249,"{""Q1"": ""PREFIX wm: <https://wealth.example.org/ontology/>\nPREFIX rdfs: <http://www.w3.org/2000/01/rdf-schema#>\nPREFIX rdf: <http://www.w3.org/1999/02/22-rdf-syntax-ns#>\n\nSELECT ?investmentGoalType (AVG(?vol) AS ?averageVolatilityPct)\nWHERE {\n  ?goal a wm:InvestmentGoal .\n  ?goal wm:hasInvestmentGoalType ?type .\n  ?type rdfs:label ?investmentGoalType .\n  ?goal wm:avgVolatilityPct ?vol .\n}\nGROUP BY ?investmentGoalType"", ""Q2"": """"}"
wealth_management_scoring_quantitative_125_questions:SQA125-1T-009,Which 10 investment goals have the lowest progress (excluding goals with missing progress; ties broken by goal ID)?,wealth_management_scoring_quantitative_125_questions.csv,PIPELINE_SUCCESS,MATCH,MATCH,SQL,,[],[],"[""Requirement introduces unsupported terms: ['exclude']"", ""Requirement introduces unsupported terms: ['ascending']"", ""Requirement has no implementation: ties broken by goal ID (ascending)"", ""measures.0 has no quoted requirement.""]","The pipeline returns exactly the 10 lowest-progress non-missing goals in the correct goal-ID tie-break order, each with progress_pct 0.0. Investor IDs are not required by the question.",32.223,"{""Q1"": ""SELECT goal_id, progress_pct\nFROM ATOM_ENTITY_INVESTMENT_GOAL_001\nWHERE progress_pct IS NOT NULL\nORDER BY progress_pct ASC, goal_id ASC\nLIMIT 10;""}"
wealth_management_scoring_quantitative_125_questions:SQA125-1T-010,What is the average annual return for each investment goal type?,wealth_management_scoring_quantitative_125_questions.csv,PIPELINE_SUCCESS,MATCH,MISMATCH,SQL,,[],[],[],"All seven investment goal categories, including the null goal category, are present with average annual returns matching the ground truth within tolerance. The differing row order is not material because no ordering was requested.",24.067,"{""Q1"": ""SELECT\n  investment_goal AS investment_goal,\n  AVG(avg_annual_return_pct) AS average_annual_return_pct\nFROM ATOM_ENTITY_INVESTMENT_GOAL_001\nGROUP BY investment_goal""}"
wealth_management_scoring_quantitative_125_questions:SQA125-1T-011,List the investment goals whose shortfall is above 10000000.,wealth_management_scoring_quantitative_125_questions.csv,PIPELINE_SUCCESS,MATCH,MATCH,KG,,[],[],"[""measures.0 has no quoted requirement.""]","Pipeline lists the qualifying goal IDs with matching shortfall values; all displayed rows have shortfall above 10,000,000. Labels are harmless extra fields, and investor IDs are not required by the question.",26.988,"{""Q1"": ""PREFIX wm: <https://wealth.example.org/ontology/>\nPREFIX rdfs: <http://www.w3.org/2000/01/rdf-schema#>\nPREFIX rdf: <http://www.w3.org/1999/02/22-rdf-syntax-ns#>\nPREFIX xsd: <http://www.w3.org/2001/XMLSchema#>\n\nSELECT ?goalId ?label ?shortfall\nWHERE {\n  ?goal rdf:type wm:InvestmentGoal .\n  ?goal wm:goalId ?goalId .\n  ?goal rdfs:label ?label .\n  ?goal wm:shortfall ?shortfall .\n  FILTER(xsd:decimal(?shortfall) > 10000000)\n}""}"
wealth_management_scoring_quantitative_125_questions:SQA125-1T-012,Which 10 investment goals have the highest annual return?,wealth_management_scoring_quantitative_125_questions.csv,PIPELINE_SUCCESS,MATCH,MATCH,SQL,,[],[],"[""Invalid requirement implementation: measures[0]"", ""Invalid requirement implementation: measures[1]"", ""measures.0 has no quoted requirement."", ""measures.1 has no quoted requirement.""]","The pipeline returns exactly the 10 highest-return goal IDs in the correct descending order, with annual return percentages matching the ground truth within tolerance. Investor IDs are not required to answer the question.",24.207,"{""Q1"": ""SELECT goal_id,\n       investment_goal,\n       avg_annual_return_pct\nFROM ATOM_ENTITY_INVESTMENT_GOAL_001\nORDER BY avg_annual_return_pct DESC,\n         goal_id\nLIMIT 10;""}"
wealth_management_scoring_quantitative_125_questions:SQA125-1T-015,Which 10 investment goals have the highest volatility?,wealth_management_scoring_quantitative_125_questions.csv,DAG_NODE_ERROR,MISMATCH,MATCH,SQL,Q1:Query_Spec_Contract,"[""unknown_source"", ""physical_as_source""]","[""Unknown source: physical"", ""group_by.0: unknown source 'physical'."", ""measures.0: unknown source 'physical'.""]",[],"The pipeline returned no answer rows because the query failed, while the ground truth contains 10 required investment goals ranked by average volatility.",9.521,"{""Q1"": """"}"
wealth_management_scoring_quantitative_125_questions:SQA125-1T-013,What is the average return standard deviation for each investment goal type?,wealth_management_scoring_quantitative_125_questions.csv,DAG_NODE_ERROR,MISMATCH,MISMATCH,mixed,Q2:Binding,[],[],[],"Pipeline returned no answer rows because the subquery DAG failed, while the ground truth requires average return standard deviation values for seven investment-goal groups.",23.536,"{""Q1"": ""PREFIX wm: <https://wealth.example.org/ontology/>\nPREFIX rdfs: <http://www.w3.org/2000/01/rdf-schema#>\nPREFIX rdf: <http://www.w3.org/1999/02/22-rdf-syntax-ns#>\n\nSELECT ?investmentGoalTypeLabel (AVG(?stdDevAnnualReturnPct) AS ?averageStdDevAnnualReturnPct)\nWHERE {\n  ?goal a wm:InvestmentGoal .\n  ?goal wm:stdDevAnnualReturnPct ?stdDevAnnualReturnPct .\n  ?goal wm:hasInvestmentGoalType ?type .\n  ?type rdfs:label ?investmentGoalTypeLabel .\n}\nGROUP BY ?investmentGoalTypeLabel"", ""Q2"": """"}"
wealth_management_scoring_quantitative_125_questions:SQA125-1T-014,List the holdings whose return % is above 100 (counting only holdings with a recorded cost and current value).,wealth_management_scoring_quantitative_125_questions.csv,PIPELINE_SUCCESS,MATCH,MATCH,KG,,[],[],[],"The pipeline returns the complete set of holdings with returns above 100% and recorded cost/current value. Each returned holding ID, investment name, and return percentage matches the ground truth.",21.156,"{""Q1"": ""PREFIX wm: <https://wealth.example.org/ontology/>\nPREFIX rdf: <http://www.w3.org/1999/02/22-rdf-syntax-ns#>\nPREFIX xsd: <http://www.w3.org/2001/XMLSchema#>\n\nSELECT ?holdingId ?investmentName ?returnsPct ?cost ?currentValue\nWHERE {\n  ?holding a wm:PortfolioHolding .\n  ?holding wm:holdingId ?holdingId .\n  OPTIONAL { ?holding wm:investmentName ?investmentName . }\n  ?holding wm:returnsPct ?returnsPct .\n  ?holding wm:cost ?cost .\n  ?holding wm:currentValue ?currentValue .\n  FILTER (xsd:decimal(?returnsPct) > 100)\n}""}"
wealth_management_scoring_quantitative_125_questions:SQA125-1T-016,What is the average return % (counting only holdings with a recorded cost and current value) broken down by investment type?,wealth_management_scoring_quantitative_125_questions.csv,DAG_NODE_ERROR,MISMATCH,MISMATCH,SQL,Q1:Query_Spec_Contract,"[""unknown_source"", ""physical_as_source""]","[""Unknown source: physical"", ""group_by.0: unknown source 'physical'."", ""measures.0: unknown source 'physical'."", ""filters.0: unknown source 'physical'."", ""filters.1: unknown source 'physical'.""]",[],The pipeline produced a query failure instead of the requested average return percentages by investment type.,18.215,"{""Q1"": """"}"
wealth_management_scoring_quantitative_125_questions:SQA125-1T-017,List the holdings whose dividend is above 27000.,wealth_management_scoring_quantitative_125_questions.csv,PIPELINE_SUCCESS,MATCH,MATCH,SQL,,[],[],[],"The pipeline returns holdings with dividends above 27000, including the required holding identifiers and matching dividend values. Extra holding attributes are harmless.",10.236,"{""Q1"": ""SELECT holding_id,\n       investor_id,\n       investment_type,\n       investment_name,\n       sector,\n       segment,\n       category,\n       purchase_date,\n       cost,\n       current_value,\n       returns_pct,\n       dividends,\n       taxes_paid\nFROM ATOM_ENTITY_PORTFOLIO_HOLDING_001\nWHERE dividends > 27000;""}"
wealth_management_scoring_quantitative_125_questions:SQA125-1T-021,Which 10 holdings have the highest tax paid?,wealth_management_scoring_quantitative_125_questions.csv,PIPELINE_SUCCESS,MATCH,MATCH,SQL,,[],[],[],"The pipeline returns exactly the 10 highest-tax holdings in the correct descending order, with matching tax-paid values. Investor IDs are not required by the question.",11.483,"{""Q1"": ""SELECT holding_id, taxes_paid\nFROM ATOM_ENTITY_PORTFOLIO_HOLDING_001\nORDER BY taxes_paid DESC, holding_id ASC\nLIMIT 10;""}"
wealth_management_scoring_quantitative_125_questions:SQA125-1T-018,Which 10 holdings have the highest dividends (ties broken by holding ID)?,wealth_management_scoring_quantitative_125_questions.csv,PIPELINE_SUCCESS,MATCH,MATCH,SQL,,[],[],[],"The pipeline returns exactly the 10 holdings with the highest dividends, with matching holding IDs, dividend values, and correct descending order including tie ordering by holding ID.",20.444,"{""Q1"": ""SELECT holding_id, dividends\nFROM ATOM_ENTITY_PORTFOLIO_HOLDING_001\nORDER BY dividends DESC, holding_id ASC\nLIMIT 10;""}"
wealth_management_scoring_quantitative_125_questions:SQA125-1T-020,List the holdings whose tax paid is above 20000.,wealth_management_scoring_quantitative_125_questions.csv,PIPELINE_SUCCESS,MATCH,MATCH,KG,,[],[],"[""measures.0 has no quoted requirement."", ""measures.1 has no quoted requirement."", ""measures.2 has no quoted requirement.""]","All 35 ground-truth holdings with taxes paid above 20000 are present, and each holding ID and tax-paid value matches. Investor IDs are not required by the question; added investment names are harmless.",18.654,"{""Q1"": ""PREFIX wm: <https://wealth.example.org/ontology/>\nPREFIX rdf: <http://www.w3.org/1999/02/22-rdf-syntax-ns#>\nPREFIX xsd: <http://www.w3.org/2001/XMLSchema#>\n\nSELECT ?holdingId ?investmentName ?taxesPaid\nWHERE {\n  ?holding a wm:PortfolioHolding .\n  ?holding wm:holdingId ?holdingId .\n  ?holding wm:investmentName ?investmentName .\n  ?holding wm:taxesPaid ?taxesPaid .\n  FILTER (xsd:decimal(?taxesPaid) > 20000)\n}""}"
wealth_management_scoring_quantitative_125_questions:SQA125-1T-019,What is the average return % (counting only holdings with a recorded cost and current value) broken down by sector?,wealth_management_scoring_quantitative_125_questions.csv,DAG_NODE_ERROR,MISMATCH,MISMATCH,SQL,Q1:Query_Spec_Contract,"[""unknown_source"", ""empty_output_schema"", ""population_filter_contract"", ""physical_as_source""]","[""Unknown source: physical"", ""group_by.0: unknown source 'physical'."", ""measures.0: unknown source 'physical'."", ""measures.0.population_filters: Unknown base_entity: physical"", ""measures.0.population_filters: filters.0: unknown source 'physical'."", ""measures.0.population_filters: filters.1: unknown source 'physical'."", ""measures.0.population_filters: output_schema must contain named output columns.""]",[],"The pipeline returned no answer rows because the query failed, while the ground truth requires average return percentages for 13 sector groups.",28.25,"{""Q1"": """"}"
wealth_management_scoring_quantitative_125_questions:SQA125-1T-023,List the sector allocations whose allocation % is above 30.,wealth_management_scoring_quantitative_125_questions.csv,DAG_NODE_ERROR,MISMATCH,MATCH,SQL,Q1:Query_Spec_Contract,"[""unknown_source"", ""physical_as_source""]","[""Unknown source: physical"", ""measures.0: unknown source 'physical'."", ""measures.1: unknown source 'physical'."", ""filters.0: unknown source 'physical'.""]","[""measures.1 has no quoted requirement.""]","The pipeline returned no sector-allocation rows because the query failed, while the ground truth contains many allocations above 30%.",17.233,"{""Q1"": """"}"
wealth_management_scoring_quantitative_125_questions:SQA125-1T-024,Which 10 holdings have the highest return % (counting only holdings with a recorded cost and current value; ties broken by holding ID)?,wealth_management_scoring_quantitative_125_questions.csv,DAG_NODE_ERROR,MISMATCH,MATCH,SQL,Q1:Query_Spec_Contract,"[""unknown_source"", ""unresolved"", ""physical_as_source""]","[""Unresolved requirements: [{'text': 'ties broken by holding ID', 'reason': 'Tie\u2011break ordering is not explicitly represented in the current JSON schema; it will be applied in the final ORDER BY clause after ranking.'}]"", ""Unknown source: physical"", ""measures.0: unknown source 'physical'."", ""filters.0: unknown source 'physical'."", ""filters.1: unknown source 'physical'.""]","[""Requirement has no implementation: ties broken by holding ID"", ""measures.0 has no quoted requirement.""]","Pipeline returned no answer rows because the query failed, while the ground truth contains 10 required holdings.",16.536,"{""Q1"": """"}"
wealth_management_scoring_quantitative_125_questions:SQA125-1T-022,What is the average dividend broken down by sector?,wealth_management_scoring_quantitative_125_questions.csv,PIPELINE_SUCCESS,MATCH,MATCH,SQL,,[],[],[],"The pipeline returns the average dividend for every ground-truth sector, including the null sector, with values matching within tolerance. The differing row order is not material because no ordering was requested.",27.619,"{""Q1"": ""SELECT sector AS sector,\n       AVG(dividends) AS average_dividend\nFROM ATOM_ENTITY_PORTFOLIO_HOLDING_001\nGROUP BY sector;""}"
wealth_management_scoring_quantitative_125_questions:SQA125-1T-025,What is the average tax paid broken down by investment type?,wealth_management_scoring_quantitative_125_questions.csv,PIPELINE_SUCCESS,MATCH,MATCH,SQL,,[],[],[],"The pipeline returns the average tax paid for all 15 investment-type groups, including the null investment type, with values matching the ground truth within tolerance.",23.884,"{""Q1"": ""SELECT investment_type AS investment_type,\n       AVG(taxes_paid) AS average_tax_paid\nFROM ATOM_ENTITY_PORTFOLIO_HOLDING_001\nGROUP BY investment_type;""}"
wealth_management_scoring_quantitative_125_questions:SQA125-1T-028,What is the average allocation % broken down by sector?,wealth_management_scoring_quantitative_125_questions.csv,PIPELINE_SUCCESS,MATCH,MATCH,SQL,,[],[],[],"The pipeline returns the average allocation percentage for every sector in the ground truth, including the null-sector group. All average values match within tolerance; the ground-truth count field is not required by the question.",12.455,"{""Q1"": ""SELECT sector, AVG(allocation_pct) AS avg_allocation_pct FROM ATOM_ENTITY_SECTOR_ALLOCATION_001 GROUP BY sector""}"
wealth_management_scoring_quantitative_125_questions:SQA125-1T-026,List the investors whose risk score is above 90.,wealth_management_scoring_quantitative_125_questions.csv,PIPELINE_SUCCESS,MATCH,MATCH,SQL,,[],[],[],The pipeline returns the complete set of investor IDs whose risk scores exceed 90. Investor names are harmless additional information; risk scores were not required by the question.,28.737,"{""Q1"": ""SELECT p.investor_id,\n       p.investor_name\nFROM ATOM_ENTITY_INVESTOR_PROFILE_001 AS p\nINNER JOIN ATOM_ENTITY_PORTFOLIO_HEALTH_001 AS h\n        ON p.investor_id = h.investor_id\nWHERE h.risk_score > 90;""}"
wealth_management_scoring_quantitative_125_questions:SQA125-1T-027,Which 10 sector allocations have the largest allocation %?,wealth_management_scoring_quantitative_125_questions.csv,PIPELINE_SUCCESS,MATCH,MATCH,SQL,,[],[],[],"The pipeline returns exactly the 10 sector allocation records with the highest allocation percentages, in the same descending order as the ground truth. Omitted investor_id fields are not required to answer the question.",28.247,"{""Q1"": ""SELECT sector_id, sector, allocation_pct\nFROM ATOM_ENTITY_SECTOR_ALLOCATION_001\nORDER BY allocation_pct DESC, sector_id ASC\nLIMIT 10;""}"
wealth_management_scoring_quantitative_125_questions:SQA125-1T-029,List the investors whose liquidity score is below 25.,wealth_management_scoring_quantitative_125_questions.csv,PIPELINE_SUCCESS,MATCH,MATCH,SQL,,[],[],"[""measures.0 has no quoted requirement."", ""measures.1 has no quoted requirement.""]",The pipeline returns the complete set of investor IDs whose liquidity scores are below 25. Investor names are harmless additional information; liquidity-score values were not required by the question.,15.097,"{""Q1"": ""SELECT ph.investor_id,\n       ip.investor_name\nFROM ATOM_ENTITY_PORTFOLIO_HEALTH_001 AS ph\nLEFT JOIN ATOM_ENTITY_INVESTOR_PROFILE_001 AS ip\n       ON ph.investor_id = ip.investor_id\nWHERE ph.liquidity_score < 25;""}"
wealth_management_scoring_quantitative_125_questions:SQA125-1T-033,How many investment goals have an average Sharpe ratio above 1.0?,wealth_management_scoring_quantitative_125_questions.csv,PIPELINE_SUCCESS,MATCH,MATCH,SQL,,[],[],"[""measures.0 has no quoted requirement.""]","The pipeline returns 1109, which matches the ground-truth count of investment goals with average Sharpe ratio above 1.0.",10.17,"{""Q1"": ""SELECT COUNT(goal_id) AS goal_count\nFROM ATOM_ENTITY_INVESTMENT_GOAL_001\nWHERE avg_sharpe_ratio > 1.0;""}"
wealth_management_scoring_quantitative_125_questions:SQA125-1T-031,How many investment goals have a goal progress below 30?,wealth_management_scoring_quantitative_125_questions.csv,PIPELINE_SUCCESS,MATCH,MATCH,SQL,,[],[],"[""measures.0 has no quoted requirement.""]","The pipeline returns 2420 investment goals, matching the ground-truth count for goals with progress below 30.",13.248,"{""Q1"": ""SELECT COUNT(goal_id) AS goal_count FROM ATOM_ENTITY_INVESTMENT_GOAL_001 WHERE progress_pct < 30;""}"
wealth_management_scoring_quantitative_125_questions:SQA125-1T-032,Which 10 investors have the highest risk score (ties broken by investor ID)?,wealth_management_scoring_quantitative_125_questions.csv,PIPELINE_SUCCESS,MATCH,MATCH,SQL,,[],[],[],"The pipeline returns exactly the 10 highest-risk investors in the required tie-broken investor-ID order, with matching risk scores.",15.64,"{""Q1"": ""SELECT investor_id, risk_score\nFROM ATOM_ENTITY_PORTFOLIO_HEALTH_001\nORDER BY risk_score DESC, investor_id ASC\nLIMIT 10;""}"
wealth_management_scoring_quantitative_125_questions:SQA125-1T-030,Which 10 sector allocations have the largest total investment?,wealth_management_scoring_quantitative_125_questions.csv,PIPELINE_SUCCESS,MATCH,MATCH,SQL,,[],[],"[""group_by.0 has no quoted requirement."", ""measures.0 has no quoted requirement.""]","The pipeline returns the same 10 sector allocation records in the correct descending total-investment order, with matching sector IDs, sectors, and total investment values. Investor IDs were omitted but are not required to answer the question.",28.594,"{""Q1"": ""SELECT sector_id,\n       sector,\n       SUM(total_investment) AS total_investment\nFROM ATOM_ENTITY_SECTOR_ALLOCATION_001\nGROUP BY sector_id, sector\nORDER BY total_investment DESC, sector_id ASC\nLIMIT 10;""}"
wealth_management_scoring_quantitative_125_questions:SQA125-1T-034,Which 10 investors have the highest goal match (ties broken by investor ID)?,wealth_management_scoring_quantitative_125_questions.csv,PIPELINE_SUCCESS,MATCH,MATCH,SQL,,[],[],"[""group_by.0 has no quoted requirement."", ""measures.0 has no quoted requirement.""]","The pipeline returns exactly the 10 investors with the highest goal match percentage, all at 100.0%, in the same investor-ID tie-break order as the ground truth.",12.889,"{""Q1"": ""SELECT investor_id,\n       goal_match_pct\nFROM ATOM_ENTITY_PORTFOLIO_HEALTH_001\nORDER BY goal_match_pct DESC,\n         investor_id ASC\nLIMIT 10;""}"
wealth_management_scoring_quantitative_125_questions:SQA125-1T-035,How many investment goals have an average volatility above 15?,wealth_management_scoring_quantitative_125_questions.csv,PIPELINE_SUCCESS,MATCH,MATCH,SQL,,[],[],"[""measures.0 has no quoted requirement.""]","The pipeline returns 336, matching the ground-truth count of investment goals with average volatility above 15.",12.565,"{""Q1"": ""SELECT COUNT(goal_id) AS goal_count\nFROM ATOM_ENTITY_INVESTMENT_GOAL_001\nWHERE avg_volatility_pct > 15;""}"
wealth_management_scoring_quantitative_125_questions:SQA125-1T-038,How many holdings have a return percentage above 80 (counting only holdings with a recorded cost and current value)?,wealth_management_scoring_quantitative_125_questions.csv,DAG_NODE_ERROR,MISMATCH,MATCH,SQL,Q1:Query_Spec_Contract,"[""unknown_source"", ""physical_as_source""]","[""Unknown source: physical"", ""measures.0: unknown source 'physical'."", ""filters.0: unknown source 'physical'."", ""filters.1: unknown source 'physical'."", ""filters.2: unknown source 'physical'.""]","[""measures.0 has no quoted requirement.""]",The pipeline returned a failure message instead of the required count.,6.25,"{""Q1"": """"}"
wealth_management_scoring_quantitative_125_questions:SQA125-1T-037,How many investment goals have an average annual return above 35?,wealth_management_scoring_quantitative_125_questions.csv,PIPELINE_SUCCESS,MATCH,MATCH,SQL,,[],[],"[""measures.0 has no quoted requirement.""]","The pipeline returns 452 investment goals, matching the ground-truth count for goals with average annual return above 35.",16.049,"{""Q1"": ""SELECT COUNT(goal_id) AS goal_count\nFROM ATOM_ENTITY_INVESTMENT_GOAL_001\nWHERE avg_annual_return_pct > 35;""}"
wealth_management_scoring_quantitative_125_questions:SQA125-1T-040,How many holdings have a tax paid above 3500?,wealth_management_scoring_quantitative_125_questions.csv,DAG_NODE_ERROR,MISMATCH,MATCH,SQL,Q1:Query_Spec_Contract,"[""unknown_source"", ""physical_as_source""]","[""Unknown source: physical"", ""measures.0: unknown source 'physical'."", ""filters.0: unknown source 'physical'.""]","[""measures.0 has no quoted requirement.""]",The pipeline returned an execution failure rather than the required count of holdings with tax paid above 3500.,9.307,"{""Q1"": """"}"
wealth_management_scoring_quantitative_125_questions:SQA125-1T-036,Which 10 investors have the lowest liquidity score (excluding investors with no liquidity score; ties broken by investor ID)?,wealth_management_scoring_quantitative_125_questions.csv,DAG_NODE_ERROR,MISMATCH,MATCH,SQL,Q1:Query_Spec_Contract,"[""unresolved""]","[""Unresolved requirements: [{'text': 'ties broken by investor ID', 'reason': 'Ranking tie\u2011break on a secondary column is not explicitly supported in the current plan schema.'}]""]","[""Requirement introduces unsupported terms: ['exclude']"", ""Requirement introduces unsupported terms: ['rank']"", ""Requirement introduces unsupported terms: ['limit']"", ""Requirement has no implementation: ties broken by investor ID"", ""measures.0 has no quoted requirement.""]",The pipeline returned a failure message instead of the required 10 investors and liquidity scores.,27.684,"{""Q1"": """"}"
wealth_management_scoring_quantitative_125_questions:SQA125-1T-039,How many holdings have a dividend payout above 22000?,wealth_management_scoring_quantitative_125_questions.csv,PIPELINE_SUCCESS,MATCH,MATCH,SQL,,[],[],"[""measures.0 has no quoted requirement.""]",The pipeline returns the correct count of holdings with dividend payout above 22000.,25.222,"{""Q1"": ""SELECT COUNT(holding_id) AS holding_count\nFROM ATOM_ENTITY_PORTFOLIO_HOLDING_001\nWHERE dividends > 22000;""}"
wealth_management_scoring_quantitative_125_questions:SQA125-2T-001,What is the average risk score by investor risk tolerance?,wealth_management_scoring_quantitative_125_questions.csv,PIPELINE_SUCCESS,MATCH,MATCH,SQL,,[],[],[],"The pipeline returns the average risk score for every risk-tolerance group, including the null group, with values matching the ground truth within tolerance.",16.876,"{""Q1"": ""WITH per_inv AS (\n    SELECT investor_id,\n           AVG(risk_score) AS avg_risk_score_per_inv\n    FROM ATOM_ENTITY_PORTFOLIO_HEALTH_001\n    GROUP BY investor_id\n)\nSELECT p.risk_tolerance AS risk_tolerance,\n       AVG(per_inv.avg_risk_score_per_inv) AS avg_risk_score\nFROM ATOM_ENTITY_INVESTOR_PROFILE_001 AS p\nINNER JOIN per_inv ON p.investor_id = per_inv.investor_id\nGROUP BY p.risk_tolerance;""}"
wealth_management_scoring_quantitative_125_questions:SQA125-2T-002,Which investors have an average goal progress below 30 across their goals?,wealth_management_scoring_quantitative_125_questions.csv,DAG_NODE_ERROR,MISMATCH,MATCH,SQL,Q1:Query_Spec_Contract,"[""unknown_source"", ""physical_as_source"", ""aggregate_alias_contract""]","[""Unknown source: physical"", ""group_by.0: unknown source 'physical'."", ""group_by.1: unknown source 'physical'."", ""measures.0: unknown source 'physical'."", ""measures.0.aggregate_filters.0: predicate must reference the owning measure alias.""]","[""group_by.0 has no quoted requirement."", ""group_by.1 has no quoted requirement.""]","The pipeline produced no answer rows because the query subgraph failed, while the ground truth contains many investors with average goal progress below 30.",17.772,"{""Q1"": """"}"
wealth_management_scoring_quantitative_125_questions:SQA125-2T-003,List investors whose risk score is above 75 and liquidity score is below 25.,wealth_management_scoring_quantitative_125_questions.csv,PIPELINE_SUCCESS,MATCH,MATCH,SQL,,[],[],[],The pipeline returns exactly the investors whose risk score exceeds 75 and liquidity score is below 25. Omitted ground-truth fields are not required by the question.,16.619,"{""Q1"": ""SELECT ph.investor_id,\n       ip.investor_name\nFROM ATOM_ENTITY_PORTFOLIO_HEALTH_001 AS ph\nINNER JOIN ATOM_ENTITY_INVESTOR_PROFILE_001 AS ip\n        ON ph.investor_id = ip.investor_id\nWHERE ph.risk_score > 75\n  AND ph.liquidity_score < 25;""}"
wealth_management_scoring_quantitative_125_questions:SQA125-2T-006,Which investors have an average Sharpe ratio above 1.0 across their goals?,wealth_management_scoring_quantitative_125_questions.csv,DAG_NODE_ERROR,MISMATCH,MISMATCH,SQL,Q1:Query_Spec_Contract,"[""unknown_source"", ""physical_as_source"", ""aggregate_alias_contract""]","[""Unknown source: physical"", ""group_by.0: unknown source 'physical'."", ""group_by.1: unknown source 'physical'."", ""measures.0: unknown source 'physical'."", ""measures.0.aggregate_filters.0: predicate must reference the owning measure alias.""]","[""group_by.0 has no quoted requirement."", ""group_by.1 has no quoted requirement.""]",The pipeline returned a query failure rather than the required list of investors whose average Sharpe ratio exceeds 1.0.,11.665,"{""Q1"": """"}"
wealth_management_scoring_quantitative_125_questions:SQA125-2T-007,List investors whose risk score is above 90 and diversification score is below 25.,wealth_management_scoring_quantitative_125_questions.csv,PIPELINE_SUCCESS,MATCH,MATCH,SQL,,[],[],"[""measures.0 has no quoted requirement."", ""measures.1 has no quoted requirement.""]","The pipeline returns exactly the 12 investors satisfying risk score above 90 and diversification score below 25. The question only requires listing the investors, so omission of score columns is acceptable.",15.4,"{""Q1"": ""SELECT p.investor_id,\n       p.investor_name\nFROM ATOM_ENTITY_INVESTOR_PROFILE_001 AS p\nINNER JOIN ATOM_ENTITY_PORTFOLIO_HEALTH_001 AS h\n        ON p.investor_id = h.investor_id\nWHERE h.risk_score > 90\n  AND h.diversification_score < 25;""}"
wealth_management_scoring_quantitative_125_questions:SQA125-2T-005,What is the average liquidity score by investor risk tolerance?,wealth_management_scoring_quantitative_125_questions.csv,PIPELINE_SUCCESS,MATCH,MATCH,SQL,,[],[],[],"The pipeline provides the average liquidity score for all four risk-tolerance groups, including null, and all averages match the ground truth within tolerance. The ground-truth count field is not required by the question.",38.614,"{""Q1"": ""WITH investor_liquidity AS (\n    SELECT investor_id,\n           AVG(liquidity_score) AS liquidity_score_per_investor\n    FROM ATOM_ENTITY_PORTFOLIO_HEALTH_001\n    GROUP BY investor_id\n)\nSELECT ip.risk_tolerance AS risk_tolerance,\n       AVG(il.liquidity_score_per_investor) AS avg_liquidity_score\nFROM ATOM_ENTITY_INVESTOR_PROFILE_001 ip\nINNER JOIN investor_liquidity il ON ip.investor_id = il.investor_id\nGROUP BY ip.risk_tolerance;""}"
wealth_management_scoring_quantitative_125_questions:SQA125-2T-004,Which 10 investors have the highest average goal progress across their goals?,wealth_management_scoring_quantitative_125_questions.csv,PIPELINE_SUCCESS,MATCH,MATCH,SQL,,[],[],"[""group_by.1 has no quoted requirement.""]","The pipeline returns exactly the 10 required investors in the correct descending ranking order, with average goal-progress values matching the ground truth within tolerance. The additional goal_id field is harmless.",40.929,"{""Q1"": ""WITH investor_metrics AS (\n    SELECT investor_id,\n           AVG(progress_pct) AS avg_progress_pct,\n           MIN(goal_id) AS goal_id\n    FROM ATOM_ENTITY_INVESTMENT_GOAL_001\n    GROUP BY investor_id\n)\nSELECT im.investor_id,\n       ip.investor_name,\n       im.avg_progress_pct,\n       im.goal_id\nFROM investor_metrics AS im\nLEFT JOIN ATOM_ENTITY_INVESTOR_PROFILE_001 AS ip\n       ON im.investor_id = ip.investor_id\nORDER BY im.avg_progress_pct DESC,\n         im.investor_id\nLIMIT 10;""}"
wealth_management_scoring_quantitative_125_questions:SQA125-2T-008,Which 10 investors have the highest average Sharpe ratio across their goals?,wealth_management_scoring_quantitative_125_questions.csv,DAG_NODE_ERROR,MISMATCH,MATCH,SQL,Q1:Query_Spec_Contract,"[""unknown_field_operand""]","[""group_by.1: field 'investor_name' is not in 'ATOM_ENTITY_INVESTMENT_GOAL_001'.""]",[],"Pipeline returned no investor rows because the query failed, while the ground truth requires the top 10 investors by average Sharpe ratio.",24.155,"{""Q1"": """"}"
wealth_management_scoring_quantitative_125_questions:SQA125-2T-009,What is the average diversification score by investor risk tolerance?,wealth_management_scoring_quantitative_125_questions.csv,PIPELINE_SUCCESS,MATCH,MATCH,SQL,,[],[],[],"The pipeline returns the average diversification score for all four risk-tolerance groups, including null, with values matching the ground truth within tolerance.",23.698,"{""Q1"": ""SELECT p.risk_tolerance AS risk_tolerance,\n       AVG(h.diversification_score) AS avg_diversification_score\nFROM ATOM_ENTITY_INVESTOR_PROFILE_001 AS p\nINNER JOIN ATOM_ENTITY_PORTFOLIO_HEALTH_001 AS h\n        ON p.investor_id = h.investor_id\nGROUP BY p.risk_tolerance;""}"
wealth_management_scoring_quantitative_125_questions:SQA125-2T-012,Which 10 investors have the highest average annual return across their goals?,wealth_management_scoring_quantitative_125_questions.csv,DAG_NODE_ERROR,MISMATCH,MATCH,SQL,Q1:Query_Spec_Contract,"[""unknown_source"", ""physical_as_source""]","[""Unknown source: physical"", ""group_by.0: unknown source 'physical'."", ""measures.0: unknown source 'physical'."", ""measures.1: unknown source 'physical'.""]","[""measures.1 has no quoted requirement.""]","The pipeline returned no investor rows because the query failed, while the ground truth contains 10 required ranked investors with average annual returns.",11.42,"{""Q1"": """"}"
wealth_management_scoring_quantitative_125_questions:SQA125-2T-011,List investors whose goal-match % is below 25 and risk score is above 75.,wealth_management_scoring_quantitative_125_questions.csv,PIPELINE_SUCCESS,MATCH,MATCH,KG,,[],[],"[""measures.0 has no quoted requirement."", ""measures.1 has no quoted requirement."", ""measures.2 has no quoted requirement."", ""measures.3 has no quoted requirement.""]","Pipeline returns the complete set of investors meeting goal-match percentage below 25 and risk score above 75, with matching IDs, names, goal-match percentages, and risk scores. No incorrect extra investors are present.",16.275,"{""Q1"": ""PREFIX wm: <https://wealth.example.org/ontology/>\nPREFIX rdf: <http://www.w3.org/1999/02/22-rdf-syntax-ns#>\nPREFIX rdfs: <http://www.w3.org/2000/01/rdf-schema#>\nPREFIX xsd: <http://www.w3.org/2001/XMLSchema#>\n\nSELECT DISTINCT ?investorId ?investorName ?goalMatchPct ?riskScore\nWHERE {\n  ?inv rdf:type wm:Investor .\n  ?inv wm:investorId ?investorId .\n  ?inv wm:investorName ?investorName .\n  ?inv wm:hasPortfolioHealth ?ph .\n  ?ph wm:goalMatchPct ?goalMatchPct .\n  ?ph wm:riskScore ?riskScore .\n  FILTER(?goalMatchPct < 25) .\n  FILTER(?riskScore > 75) .\n}""}"
wealth_management_scoring_quantitative_125_questions:SQA125-2T-014,Which investors have an average annual return above 35 across their goals?,wealth_management_scoring_quantitative_125_questions.csv,PIPELINE_SUCCESS,MATCH,MISMATCH,SQL,,[],[],"[""group_by.0 has no quoted requirement."", ""group_by.1 has no quoted requirement.""]","All 11 investors with average annual return above 35 are present, and each average matches the ground truth within tolerance. Output ordering differs but was not requested.",12.676,"{""Q1"": ""WITH avg_returns AS (\n    SELECT investor_id,\n           AVG(avg_annual_return_pct) AS avg_return_across_goals\n    FROM ATOM_ENTITY_INVESTMENT_GOAL_001\n    GROUP BY investor_id\n    HAVING AVG(avg_annual_return_pct) > 35\n)\nSELECT ar.investor_id,\n       ip.investor_name,\n       ar.avg_return_across_goals\nFROM avg_returns ar\nINNER JOIN ATOM_ENTITY_INVESTOR_PROFILE_001 ip\n        ON ar.investor_id = ip.investor_id;""}"
wealth_management_scoring_quantitative_125_questions:SQA125-2T-015,Which 10 investors have the highest average volatility across their goals?,wealth_management_scoring_quantitative_125_questions.csv,PIPELINE_SUCCESS,MATCH,MATCH,SQL,,[],[],"[""group_by.0 has no quoted requirement."", ""group_by.1 has no quoted requirement.""]","The pipeline returns exactly the 10 investors with the highest average goal volatility, in the correct descending order, with average values matching the ground truth within rounding precision.",15.676,"{""Q1"": ""WITH avg_volatility_per_investor AS (\n    SELECT investor_id,\n           AVG(avg_volatility_pct) AS avg_volatility\n    FROM ATOM_ENTITY_INVESTMENT_GOAL_001\n    GROUP BY investor_id\n)\nSELECT p.investor_id,\n       p.investor_name,\n       v.avg_volatility\nFROM ATOM_ENTITY_INVESTOR_PROFILE_001 AS p\nINNER JOIN avg_volatility_per_investor AS v\n        ON p.investor_id = v.investor_id\nORDER BY v.avg_volatility DESC,\n         p.investor_id ASC\nLIMIT 10;""}"
wealth_management_scoring_quantitative_125_questions:SQA125-2T-010,Which investors have an average volatility above 15 across their goals?,wealth_management_scoring_quantitative_125_questions.csv,DAG_NODE_ERROR,MISMATCH,MATCH,SQL,Q1:Query_Spec_Contract,"[""unknown_source"", ""physical_as_source"", ""aggregate_alias_contract""]","[""Unknown source: physical"", ""group_by.0: unknown source 'physical'."", ""measures.0: unknown source 'physical'."", ""measures.0.aggregate_filters.0: predicate must reference the owning measure alias.""]","[""group_by.0 has no quoted requirement.""]",The pipeline returned a query failure rather than the required list of investors whose average goal volatility exceeds 15.,38.273,"{""Q1"": """"}"
wealth_management_scoring_quantitative_125_questions:SQA125-2T-016,What is the average risk score by investor segment?,wealth_management_scoring_quantitative_125_questions.csv,PIPELINE_SUCCESS,MATCH,MATCH,SQL,,[],[],[],"The pipeline returns the average risk score for every investor segment, including the null segment, with values matching the ground truth within tolerance. Counts are not required by the question.",11.34,"{""Q1"": ""SELECT ip.segment AS segment,\n       AVG(ph.risk_score) AS avg_risk_score\nFROM ATOM_ENTITY_PORTFOLIO_HEALTH_001 ph\nINNER JOIN ATOM_ENTITY_INVESTOR_PROFILE_001 ip\n  ON ph.investor_id = ip.investor_id\nGROUP BY ip.segment;""}"
wealth_management_scoring_quantitative_125_questions:SQA125-2T-013,What is the average goal-match % by investor risk tolerance?,wealth_management_scoring_quantitative_125_questions.csv,PIPELINE_SUCCESS,MATCH,MATCH,SQL,,[],[],[],"The pipeline returns the average goal-match percentage for every risk-tolerance group, including the null group, with values matching the ground truth within tolerance. The ground-truth count field is not required by the question.",39.537,"{""Q1"": ""SELECT p.risk_tolerance AS risk_tolerance,\n       AVG(ph.goal_match_pct) AS avg_goal_match_pct\nFROM ATOM_ENTITY_INVESTOR_PROFILE_001 AS p\nINNER JOIN ATOM_ENTITY_PORTFOLIO_HEALTH_001 AS ph\n    ON p.investor_id = ph.investor_id\nGROUP BY p.risk_tolerance;""}"
wealth_management_scoring_quantitative_125_questions:SQA125-2T-017,Which 10 Aggressive investors have the highest risk score (ties broken by investor ID)?,wealth_management_scoring_quantitative_125_questions.csv,PIPELINE_SUCCESS,MATCH,MATCH,SQL,,[],[],"[""Requirement introduces unsupported terms: ['limit', 'rank']"", ""group_by.0 has no quoted requirement.""]","The pipeline returns exactly the 10 required Aggressive investors in the correct tie-broken investor-ID order, each with the correct risk score of 100.0.",18.739,"{""Q1"": ""SELECT p.investor_id,\n       ph.risk_score\nFROM ATOM_ENTITY_INVESTOR_PROFILE_001 AS p\nINNER JOIN ATOM_ENTITY_PORTFOLIO_HEALTH_001 AS ph\n        ON p.investor_id = ph.investor_id\nWHERE p.risk_tolerance = 'Aggressive'\nORDER BY ph.risk_score DESC,\n         p.investor_id ASC\nLIMIT 10;""}"
wealth_management_scoring_quantitative_125_questions:SQA125-2T-019,Which 10 Conservative investors have the highest risk score (ties broken by investor ID)?,wealth_management_scoring_quantitative_125_questions.csv,PIPELINE_SUCCESS,MATCH,MATCH,SQL,,[],[],"[""Requirement introduces unsupported terms: ['top']"", ""group_by.0 has no quoted requirement."", ""measures.0 has no quoted requirement.""]","The pipeline returns exactly the 10 required Conservative investor IDs in the correct tie-broken order, each with the correct highest risk score of 100.0. Investor names are not required to answer the question.",18.512,"{""Q1"": ""SELECT p.investor_id,\n       ph.risk_score\nFROM ATOM_ENTITY_INVESTOR_PROFILE_001 AS p\nINNER JOIN ATOM_ENTITY_PORTFOLIO_HEALTH_001 AS ph\n        ON p.investor_id = ph.investor_id\nWHERE p.risk_tolerance = 'Conservative'\nORDER BY ph.risk_score DESC,\n         p.investor_id ASC\nLIMIT 10;""}"
wealth_management_scoring_quantitative_125_questions:SQA125-2T-021,Which 10 Moderate investors have the highest risk score (ties broken by investor ID)?,wealth_management_scoring_quantitative_125_questions.csv,PIPELINE_SUCCESS,MATCH,MATCH,SQL,,[],[],"[""Requirement introduces unsupported terms: ['ascending']"", ""measures.0 has no quoted requirement.""]","The pipeline returns exactly the 10 required Moderate investors in the correct tie-broken investor-ID order, each with the correct risk score of 100.0. Investor names are not required to answer the question.",14.766,"{""Q1"": ""SELECT p.investor_id,\n       ph.risk_score\nFROM ATOM_ENTITY_INVESTOR_PROFILE_001 AS p\nJOIN ATOM_ENTITY_PORTFOLIO_HEALTH_001 AS ph\n  ON p.investor_id = ph.investor_id\nWHERE p.risk_tolerance = 'Moderate'\nORDER BY ph.risk_score DESC,\n         p.investor_id ASC\nLIMIT 10;""}"
wealth_management_scoring_quantitative_125_questions:SQA125-2T-020,What is the average diversification score by investor segment?,wealth_management_scoring_quantitative_125_questions.csv,PIPELINE_SUCCESS,MATCH,MATCH,SQL,,[],[],[],"The pipeline returns the average diversification score for every investor segment, including the null segment, with values matching the ground truth within tolerance. The ground-truth count field is not required by the question.",20.214,"{""Q1"": ""SELECT ip.segment AS segment,\n       AVG(ph.diversification_score) AS avg_diversification_score\nFROM ATOM_ENTITY_INVESTOR_PROFILE_001 ip\nINNER JOIN ATOM_ENTITY_PORTFOLIO_HEALTH_001 ph\n        ON ip.investor_id = ph.investor_id\nGROUP BY ip.segment;""}"
wealth_management_scoring_quantitative_125_questions:SQA125-2T-018,What is the average liquidity score by investor segment?,wealth_management_scoring_quantitative_125_questions.csv,PRE_SCAN_ERROR,PRE_SCAN_ERROR,MATCH,SQL,Q1:Pre_Scan_Validate_SQL,[],[],[],,37.536,"{""Q1"": ""WITH m1 AS (\n  SELECT investor_id,\n         AVG(liquidity_score) AS avg_liquidity_score\n  FROM ATOM_ENTITY_PORTFOLIO_HEALTH_001\n  GROUP BY investor_id\n)\nSELECT p.segment AS segment,\n       AVG(m1.avg_liquidity_score) AS avg_liquidity_score\nFROM ATOM_ENTITY_INVESTOR_PROFILE_001 AS p\nINNER JOIN m1 ON p.investor_id = m1.investor_id\nGROUP BY p.segment;""}"
wealth_management_scoring_quantitative_125_questions:SQA125-2T-022,What is the average goal-match % by investor segment?,wealth_management_scoring_quantitative_125_questions.csv,PIPELINE_SUCCESS,MATCH,MATCH,SQL,,[],[],[],"The pipeline reports the average goal-match percentage for all five investor segments, with values matching the ground truth within tolerance. The ground-truth count field is not required by the question.",20.1,"{""Q1"": ""SELECT p.segment AS segment,\n       AVG(h.goal_match_pct) AS avg_goal_match_pct\nFROM ATOM_ENTITY_INVESTOR_PROFILE_001 AS p\nINNER JOIN ATOM_ENTITY_PORTFOLIO_HEALTH_001 AS h\n    ON p.investor_id = h.investor_id\nGROUP BY p.segment;""}"
wealth_management_scoring_quantitative_125_questions:SQA125-2T-023,Which 10 investors in the Diversified segment have the lowest liquidity score (excluding investors with no liquidity score; ties broken by investor ID)?,wealth_management_scoring_quantitative_125_questions.csv,PIPELINE_SUCCESS,MATCH,MATCH,SQL,,[],[],"[""Requirement has no implementation: ties broken by investor ID"", ""measures.0 has no quoted requirement.""]","The pipeline returns exactly the 10 required Diversified investors with the lowest non-null liquidity score, in the correct tie-broken investor-ID order, with matching names and scores.",13.492,"{""Q1"": ""SELECT p.investor_id,\n       p.investor_name,\n       ph.liquidity_score\nFROM ATOM_ENTITY_INVESTOR_PROFILE_001 AS p\nJOIN ATOM_ENTITY_PORTFOLIO_HEALTH_001 AS ph\n  ON p.investor_id = ph.investor_id\nWHERE p.segment = 'Diversified'\n  AND ph.liquidity_score IS NOT NULL\nORDER BY ph.liquidity_score ASC, p.investor_id ASC\nLIMIT 10;""}"
wealth_management_scoring_quantitative_125_questions:SQA125-2T-024,What is the average risk score by investor time horizon?,wealth_management_scoring_quantitative_125_questions.csv,PIPELINE_SUCCESS,MATCH,MATCH,SQL,,[],[],[],"The pipeline returns the average risk score for all four investor time-horizon groups, including null, and all values match the ground truth within tolerance. The ground-truth count field is not required by the question.",17.035,"{""Q1"": ""WITH m1 AS (\n    SELECT investor_id,\n           AVG(risk_score) AS avg_risk_score\n    FROM ATOM_ENTITY_PORTFOLIO_HEALTH_001\n    GROUP BY investor_id\n)\nSELECT p.time_horizon AS time_horizon,\n       AVG(m1.avg_risk_score) AS avg_risk_score\nFROM ATOM_ENTITY_INVESTOR_PROFILE_001 p\nINNER JOIN m1 ON p.investor_id = m1.investor_id\nGROUP BY p.time_horizon;""}"
wealth_management_scoring_quantitative_125_questions:SQA125-2T-028,What is the average diversification score by investor time horizon?,wealth_management_scoring_quantitative_125_questions.csv,PIPELINE_SUCCESS,MATCH,MATCH,SQL,,[],[],[],"The pipeline returns the average diversification score for all four investor time-horizon groups, including the null horizon group, with values matching the ground truth within tolerance.",17.165,"{""Q1"": ""WITH per_investor AS (\n    SELECT investor_id,\n           AVG(diversification_score) AS diversification_score_avg\n    FROM ATOM_ENTITY_PORTFOLIO_HEALTH_001\n    GROUP BY investor_id\n)\nSELECT p.time_horizon AS time_horizon,\n       AVG(per_investor.diversification_score_avg) AS avg_diversification_score\nFROM ATOM_ENTITY_INVESTOR_PROFILE_001 AS p\nINNER JOIN per_investor ON p.investor_id = per_investor.investor_id\nGROUP BY p.time_horizon;""}"
wealth_management_scoring_quantitative_125_questions:SQA125-2T-026,What is the average liquidity score by investor time horizon?,wealth_management_scoring_quantitative_125_questions.csv,PIPELINE_SUCCESS,MATCH,MATCH,SQL,,[],[],[],"The pipeline reports the average liquidity score for all four investor time-horizon groups, including the null group, and all values match the ground truth within tolerance.",30.944,"{""Q1"": ""SELECT p.time_horizon AS time_horizon,\n       AVG(h.liquidity_score) AS avg_liquidity_score\nFROM ATOM_ENTITY_INVESTOR_PROFILE_001 p\nJOIN ATOM_ENTITY_PORTFOLIO_HEALTH_001 h\n  ON p.investor_id = h.investor_id\nGROUP BY p.time_horizon;""}"
wealth_management_scoring_quantitative_125_questions:SQA125-2T-025,Which 10 investors in the Large Cap segment have the lowest liquidity score (excluding investors with no liquidity score; ties broken by investor ID)?,wealth_management_scoring_quantitative_125_questions.csv,PIPELINE_SUCCESS,MATCH,MATCH,SQL,,[],[],"[""Requirement introduces unsupported terms: ['must']"", ""Requirement introduces unsupported terms: ['exclude']"", ""group_by.0 has no quoted requirement."", ""measures.0 has no quoted requirement."", ""measures.1 has no quoted requirement.""]","The pipeline returns exactly the 10 required Large Cap investors with the lowest non-null liquidity score, in the correct investor-ID tie-break order.",35.009,"{""Q1"": ""SELECT p.investor_id,\n       p.investor_name,\n       ph.liquidity_score\nFROM ATOM_ENTITY_INVESTOR_PROFILE_001 AS p\nINNER JOIN ATOM_ENTITY_PORTFOLIO_HEALTH_001 AS ph\n        ON p.investor_id = ph.investor_id\nWHERE p.segment = 'Large Cap'\n  AND ph.liquidity_score IS NOT NULL\nORDER BY ph.liquidity_score ASC,\n         p.investor_id ASC\nLIMIT 10;""}"
wealth_management_scoring_quantitative_125_questions:SQA125-2T-029,Which 10 investors in the Small Cap segment have the lowest liquidity score (excluding investors with no liquidity score; ties broken by investor ID)?,wealth_management_scoring_quantitative_125_questions.csv,PIPELINE_SUCCESS,MATCH,MATCH,SQL,,[],[],"[""Requirement introduces unsupported terms: ['limit']"", ""measures.0 has no quoted requirement.""]","The pipeline returns exactly the 10 required Small Cap investors in the correct tie-broken investor-ID order, each with the correct liquidity score of 0.0. Investor names were not required to answer the question.",9.779,"{""Q1"": ""SELECT p.investor_id,\n       h.liquidity_score\nFROM ATOM_ENTITY_INVESTOR_PROFILE_001 p\nJOIN ATOM_ENTITY_PORTFOLIO_HEALTH_001 h\n  ON p.investor_id = h.investor_id\nWHERE p.segment = 'Small Cap'\n  AND h.liquidity_score IS NOT NULL\nORDER BY h.liquidity_score ASC,\n         p.investor_id ASC\nLIMIT 10;""}"
wealth_management_scoring_quantitative_125_questions:SQA125-2T-027,Which 10 investors in the Mid Cap segment have the lowest liquidity score (excluding investors with no liquidity score; ties broken by investor ID)?,wealth_management_scoring_quantitative_125_questions.csv,PIPELINE_SUCCESS,MATCH,MISMATCH,SQL,,[],[],"[""Requirement introduces unsupported terms: ['limit']"", ""measures.0 has no quoted requirement.""]","The pipeline returns exactly the 10 required Mid Cap investors in the correct tie-broken investor-ID order, each with liquidity score 0.0. Investor names are not required to answer the question.",38.527,"{""Q1"": ""SELECT ip.investor_id,\n       ph.liquidity_score\nFROM ATOM_ENTITY_INVESTOR_PROFILE_001 ip\nINNER JOIN ATOM_ENTITY_PORTFOLIO_HEALTH_001 ph\n        ON ip.investor_id = ph.investor_id\nWHERE ip.segment = 'Mid Cap'\n  AND ph.liquidity_score IS NOT NULL\nORDER BY ph.liquidity_score ASC,\n         ip.investor_id ASC\nLIMIT 10;""}"
wealth_management_scoring_quantitative_125_questions:SQA125-2T-031,What is the average risk score by investor category?,wealth_management_scoring_quantitative_125_questions.csv,PIPELINE_SUCCESS,MATCH,MATCH,SQL,,[],[],[],"The pipeline returns the average risk score for every investor category, including the null category, and all averages match the ground truth within tolerance.",18.586,"{""Q1"": ""WITH per_investor AS (\n    SELECT investor_id,\n           AVG(risk_score) AS avg_risk_score\n    FROM ATOM_ENTITY_PORTFOLIO_HEALTH_001\n    GROUP BY investor_id\n)\nSELECT p.category AS category,\n       AVG(per_investor.avg_risk_score) AS avg_risk_score\nFROM ATOM_ENTITY_INVESTOR_PROFILE_001 AS p\nLEFT JOIN per_investor ON p.investor_id = per_investor.investor_id\nGROUP BY p.category;""}"
wealth_management_scoring_quantitative_125_questions:SQA125-2T-030,What is the average goal-match % by investor time horizon?,wealth_management_scoring_quantitative_125_questions.csv,PIPELINE_SUCCESS,MATCH,GRADER_API_ERROR,SQL,,[],[],[],"The pipeline returns the average goal-match percentage for all four investor time-horizon groups, with values matching the ground truth within tolerance. The ground-truth count field is not required by the question.",20.514,"{""Q1"": ""WITH per_investor AS (\n    SELECT investor_id,\n           AVG(goal_match_pct) AS avg_goal_match_pct\n    FROM ATOM_ENTITY_PORTFOLIO_HEALTH_001\n    GROUP BY investor_id\n)\nSELECT p.time_horizon AS time_horizon,\n       AVG(per_investor.avg_goal_match_pct) AS avg_goal_match_pct\nFROM ATOM_ENTITY_INVESTOR_PROFILE_001 p\nINNER JOIN per_investor\n        ON p.investor_id = per_investor.investor_id\nGROUP BY p.time_horizon;""}"
wealth_management_scoring_quantitative_125_questions:SQA125-2T-033,What is the average diversification score by investor category?,wealth_management_scoring_quantitative_125_questions.csv,PIPELINE_SUCCESS,MATCH,MATCH,SQL,,[],[],"[""Requirement introduces unsupported terms: ['result']""]","The pipeline returns the average diversification score for every investor category, including the null category, with values matching the ground truth within tolerance.",13.993,"{""Q1"": ""SELECT p.category AS category,\n       AVG(ph.diversification_score) AS avg_diversification_score\nFROM ATOM_ENTITY_INVESTOR_PROFILE_001 p\nINNER JOIN ATOM_ENTITY_PORTFOLIO_HEALTH_001 ph\n  ON p.investor_id = ph.investor_id\nGROUP BY p.category""}"
wealth_management_scoring_quantitative_125_questions:SQA125-2T-032,What is the average liquidity score by investor category?,wealth_management_scoring_quantitative_125_questions.csv,PIPELINE_SUCCESS,MATCH,MATCH,SQL,,[],[],[],"All investor categories, including the null category, are present with average liquidity scores matching the ground truth within tolerance. Ground-truth count field is not required by the question.",29.307,"{""Q1"": ""SELECT ip.category AS category,\n       AVG(ph.liquidity_score) AS avg_liquidity_score\nFROM ATOM_ENTITY_INVESTOR_PROFILE_001 ip\nINNER JOIN ATOM_ENTITY_PORTFOLIO_HEALTH_001 ph\n        ON ip.investor_id = ph.investor_id\nGROUP BY ip.category;""}"
wealth_management_scoring_quantitative_125_questions:SQA125-2T-036,"What is the average Sharpe ratio by investor risk tolerance, averaging each investor's goals first and then across investors?",wealth_management_scoring_quantitative_125_questions.csv,DAG_NODE_ERROR,MISMATCH,MISMATCH,SQL,Q1:Query_Spec_Contract,"[""unknown_field_operand""]","[""group_by.0: field 'risk_tolerance' is not in 'ATOM_ENTITY_INVESTMENT_GOAL_001'."", ""measures.1: unknown formula operand 'investor_avg_sharpe'."", ""measures.1: measure needs a field or formula.""]",[],The pipeline returned a query failure message instead of the required average Sharpe ratios grouped by investor risk tolerance.,9.369,"{""Q1"": """"}"
wealth_management_scoring_quantitative_125_questions:SQA125-2T-035,"What is the average goal progress by investor risk tolerance, averaging each investor's goals first and then across investors?",wealth_management_scoring_quantitative_125_questions.csv,DAG_NODE_ERROR,MISMATCH,MISMATCH,SQL,Q1:Query_Spec_Contract,"[""unknown_source"", ""physical_as_source""]","[""Unknown source: physical"", ""group_by.0: unknown source 'physical'."", ""measures.0: unknown source 'physical'.""]",[],Pipeline returned a query failure rather than the requested average goal progress grouped by investor risk tolerance.,24.741,"{""Q1"": """"}"
wealth_management_scoring_quantitative_125_questions:SQA125-2T-034,What is the average goal-match % by investor category?,wealth_management_scoring_quantitative_125_questions.csv,PIPELINE_SUCCESS,MATCH,MATCH,SQL,,[],[],[],"The pipeline returns the average goal-match percentage for every investor category, including the null category, with values matching the ground truth within tolerance.",26.377,"{""Q1"": ""SELECT ip.category AS category,\n       AVG(ph.goal_match_pct) AS avg_goal_match_pct\nFROM ATOM_ENTITY_INVESTOR_PROFILE_001 ip\nINNER JOIN ATOM_ENTITY_PORTFOLIO_HEALTH_001 ph\n    ON ip.investor_id = ph.investor_id\nGROUP BY ip.category\nORDER BY ip.category;""}"
wealth_management_scoring_quantitative_125_questions:SQA125-2T-037,"What is the average volatility by investor risk tolerance, averaging each investor's goals first and then across investors?",wealth_management_scoring_quantitative_125_questions.csv,DAG_NODE_ERROR,MISMATCH,MATCH,SQL,Q1:Query_Spec_Contract,"[""unknown_source"", ""derived_expression_required"", ""physical_as_source""]","[""Unknown source: physical"", ""group_by.0: unknown source 'physical'."", ""measures.0: unknown source 'physical'."", ""measures.1: derived measure needs an expression.""]",[],The pipeline returned a failure message rather than the required average volatility results grouped by investor risk tolerance.,18.859,"{""Q1"": """"}"
wealth_management_scoring_quantitative_125_questions:SQA125-2T-039,"What is the average goal progress by investor segment, averaging each investor's goals first and then across investors?",wealth_management_scoring_quantitative_125_questions.csv,PIPELINE_SUCCESS,MATCH,MATCH,SQL,,[],[],"[""Requirement introduces unsupported terms: ['within']""]","The pipeline returns all five investor segments, including the null segment, with average goal progress values matching the ground truth within tolerance. The ground-truth n field is not required by the question.",7.847,"{""Q1"": ""WITH profile_groups AS (SELECT DISTINCT \""investor_id\"", \""segment\"" AS \""segment\"" FROM \""ATOM_ENTITY_INVESTOR_PROFILE_001\""),\nmetric_source_0 AS (SELECT \""investor_id\"", AVG(\""progress_pct\"") AS \""average_goal_progress\"" FROM \""ATOM_ENTITY_INVESTMENT_GOAL_001\"" GROUP BY \""investor_id\""),\ngrouped_result AS (SELECT profile_groups.\""segment\"" AS \""segment\"", AVG(metric_source_0.\""average_goal_progress\"") AS \""average_goal_progress\"" FROM profile_groups INNER JOIN metric_source_0 ON profile_groups.\""investor_id\"" = metric_source_0.\""investor_id\"" GROUP BY profile_groups.\""segment\"")\nSELECT \""segment\"", \""average_goal_progress\"" FROM grouped_result;""}"
wealth_management_scoring_quantitative_125_questions:SQA125-2T-038,"What is the average annual return by investor risk tolerance, averaging each investor's goals first and then across investors?",wealth_management_scoring_quantitative_125_questions.csv,DAG_NODE_ERROR,MISMATCH,MATCH,SQL,Q1:Query_Spec_Contract,"[""unknown_source"", ""derived_expression_required"", ""derived_operand_misclassified"", ""physical_as_source""]","[""Unknown source: physical"", ""group_by.0: unknown source 'physical'."", ""measures.0: derived measure needs an expression."", ""measures.0: unknown or self-referencing formula operand 'investor_avg_return'."", ""measures.0: measure needs a field or formula.""]",[],"Pipeline returned a failure message and no result rows, while the ground truth contains average annual returns for four risk-tolerance groups.",24.173,"{""Q1"": """"}"
wealth_management_scoring_quantitative_125_questions:SQA125-2T-040,"What is the average Sharpe ratio by investor segment, averaging each investor's goals first and then across investors?",wealth_management_scoring_quantitative_125_questions.csv,PIPELINE_SUCCESS,MATCH,MATCH,SQL,,[],[],[],"All five investor segments, including the null segment, are present with average Sharpe ratios matching the ground truth within tolerance. The ground-truth count field is not required by the question.",24.318,"{""Q1"": ""WITH profile_groups AS (SELECT DISTINCT \""investor_id\"", \""segment\"" AS \""segment\"" FROM \""ATOM_ENTITY_INVESTOR_PROFILE_001\""),\nmetric_source_0 AS (SELECT \""investor_id\"", AVG(\""avg_sharpe_ratio\"") AS \""avg_sharpe_ratio\"" FROM \""ATOM_ENTITY_INVESTMENT_GOAL_001\"" GROUP BY \""investor_id\""),\ngrouped_result AS (SELECT profile_groups.\""segment\"" AS \""segment\"", AVG(metric_source_0.\""avg_sharpe_ratio\"") AS \""avg_sharpe_ratio\"" FROM profile_groups INNER JOIN metric_source_0 ON profile_groups.\""investor_id\"" = metric_source_0.\""investor_id\"" GROUP BY profile_groups.\""segment\"")\nSELECT \""segment\"", \""avg_sharpe_ratio\"" FROM grouped_result;""}"
wealth_management_scoring_quantitative_125_questions:SQA125-3T-002,"Among investors with a risk score above 50, which 10 have the highest average Sharpe ratio?",wealth_management_scoring_quantitative_125_questions.csv,DAG_NODE_ERROR,MISMATCH,MISMATCH,SQL,Q1:Query_Spec_Contract,"[""unknown_source""]","[""Unknown source: investor"", ""Unknown base_entity: investor""]","[""Requirement introduces unsupported terms: ['per']"", ""Requirement introduces unsupported terms: ['top']"", ""group_by.0 has no quoted requirement.""]","The pipeline returned no answer rows because the query failed, while the ground truth requires 10 ranked investors.",18.016,"{""Q1"": """"}"
wealth_management_scoring_quantitative_125_questions:SQA125-3T-003,"For investors with a risk score above 50, what is the average goal progress by risk tolerance?",wealth_management_scoring_quantitative_125_questions.csv,PIPELINE_SUCCESS,MATCH,MATCH,SQL,,[],[],[],All risk-tolerance groups are present and the reported average goal progress values are within the allowed numeric tolerance of the ground truth.,17.631,"{""Q1"": ""SELECT\n    p.risk_tolerance AS risk_tolerance,\n    AVG(g.progress_pct) AS average_goal_progress\nFROM ATOM_ENTITY_INVESTOR_PROFILE_001 p\nINNER JOIN ATOM_ENTITY_PORTFOLIO_HEALTH_001 h ON p.investor_id = h.investor_id\nINNER JOIN ATOM_ENTITY_INVESTMENT_GOAL_001 g ON p.investor_id = g.investor_id\nWHERE h.risk_score > 50\nGROUP BY p.risk_tolerance;""}"
wealth_management_scoring_quantitative_125_questions:SQA125-3T-004,List Aggressive investors with a diversification score below 50 who hold at least one position with investment type 'Equity'.,wealth_management_scoring_quantitative_125_questions.csv,PIPELINE_SUCCESS,MATCH,MATCH,SQL,,[],[],"[""measures.0 has no quoted requirement."", ""measures.1 has no quoted requirement.""]","The pipeline returns the complete set of investors satisfying the Aggressive, diversification-score-below-50, and Equity-holding conditions. Investor IDs and names match the ground truth; diversification scores are not required to list the qualifying investors.",24.059,"{""Q1"": ""SELECT DISTINCT i.investor_id, i.investor_name\nFROM ATOM_ENTITY_INVESTOR_PROFILE_001 i\nINNER JOIN ATOM_ENTITY_PORTFOLIO_HEALTH_001 h ON i.investor_id = h.investor_id\nINNER JOIN ATOM_ENTITY_PORTFOLIO_HOLDING_001 p ON i.investor_id = p.investor_id\nWHERE i.risk_tolerance = 'Aggressive'\n  AND h.diversification_score < 50\n  AND p.investment_type = 'Equity';""}"
wealth_management_scoring_quantitative_125_questions:SQA125-3T-001,Which Aggressive investors have an average goal progress below 30 and a risk score above 50?,wealth_management_scoring_quantitative_125_questions.csv,DAG_NODE_ERROR,MISMATCH,MATCH,SQL,Q1:Query_Spec_Contract,"[""unknown_source"", ""aggregate_alias_contract""]","[""Unknown source: investor"", ""Unknown base_entity: investor"", ""measures.0.aggregate_filters.0: predicate must reference the owning measure alias.""]","[""group_by.0 has no quoted requirement."", ""group_by.1 has no quoted requirement."", ""measures.1 has no quoted requirement.""]",The pipeline returned a query failure rather than the required list of qualifying Aggressive investors.,45.158,"{""Q1"": """"}"
wealth_management_scoring_quantitative_125_questions:SQA125-3T-005,Which Aggressive investors have an average Sharpe ratio above 1.0 and a risk score above 50?,wealth_management_scoring_quantitative_125_questions.csv,PIPELINE_SUCCESS,PARTIAL,MATCH,SQL,,[],[],"[""measures.0 has no quoted requirement."", ""measures.1 has no quoted requirement.""]","The pipeline includes all 33 required qualifying investors with correct IDs and names, but it also includes many additional investors not in the ground-truth qualifying set.",30.208,"{""Q1"": ""SELECT DISTINCT p.investor_id, p.investor_name\nFROM ATOM_ENTITY_INVESTOR_PROFILE_001 p\nINNER JOIN ATOM_ENTITY_INVESTMENT_GOAL_001 g ON p.investor_id = g.investor_id\nINNER JOIN ATOM_ENTITY_PORTFOLIO_HEALTH_001 ph ON p.investor_id = ph.investor_id\nWHERE p.risk_tolerance = 'Aggressive'\n  AND g.avg_sharpe_ratio > 1.0\n  AND ph.risk_score > 50;""}"
wealth_management_scoring_quantitative_125_questions:SQA125-3T-006,"Among investors with a risk score above 50, which 10 have the highest average annual return?",wealth_management_scoring_quantitative_125_questions.csv,PIPELINE_SUCCESS,MATCH,MATCH,SQL,,[],[],"[""Requirement introduces unsupported terms: ['top']"", ""Requirement introduces unsupported terms: ['per']""]","The pipeline returns exactly the 10 investors with the highest average annual returns among those with risk scores above 50, in the correct descending order. All return values match the ground truth within tolerance.",27.556,"{""Q1"": ""WITH filtered_risk AS (\n        SELECT investor_id\n        FROM ATOM_ENTITY_PORTFOLIO_HEALTH_001\n        WHERE risk_score > 50\n        GROUP BY investor_id\n    ),\n    avg_return AS (\n        SELECT investor_id,\n               AVG(avg_annual_return_pct) AS avg_annual_return_pct\n        FROM ATOM_ENTITY_INVESTMENT_GOAL_001\n        GROUP BY investor_id\n    )\nSELECT p.investor_id,\n       ar.avg_annual_return_pct\nFROM ATOM_ENTITY_INVESTOR_PROFILE_001 AS p\nINNER JOIN filtered_risk AS fr ON p.investor_id = fr.investor_id\nINNER JOIN avg_return AS ar ON p.investor_id = ar.investor_id\nORDER BY ar.avg_annual_return_pct DESC, p.investor_id\nLIMIT 10;""}"
wealth_management_scoring_quantitative_125_questions:SQA125-3T-008,List Conservative investors with a diversification score below 50 who hold at least one position with investment type 'Equity'.,wealth_management_scoring_quantitative_125_questions.csv,PIPELINE_SUCCESS,MATCH,MATCH,SQL,,[],[],[],"The pipeline returns exactly the investor ID and name set in the ground truth. Diversification scores are filtering attributes rather than explicitly requested output fields, so their omission is acceptable.",17.919,"{""Q1"": ""SELECT ip.investor_id, ip.investor_name\nFROM ATOM_ENTITY_INVESTOR_PROFILE_001 ip\nJOIN ATOM_ENTITY_PORTFOLIO_HEALTH_001 ph ON ip.investor_id = ph.investor_id\nJOIN ATOM_ENTITY_PORTFOLIO_HOLDING_001 phld ON ip.investor_id = phld.investor_id\nWHERE ip.risk_tolerance = 'Conservative'\n  AND ph.diversification_score < 50\n  AND phld.investment_type = 'Equity'\nGROUP BY ip.investor_id, ip.investor_name;""}"
wealth_management_scoring_quantitative_125_questions:SQA125-3T-007,"For investors with a risk score above 50, what is the average Sharpe ratio by risk tolerance?",wealth_management_scoring_quantitative_125_questions.csv,PIPELINE_SUCCESS,MISMATCH,MISMATCH,SQL,,[],[],[],"All required risk-tolerance groups are present, but the reported average Sharpe ratios materially differ from the ground truth for every group.",22.644,"{""Q1"": ""WITH filtered_investors AS (\n        SELECT DISTINCT investor_id\n        FROM ATOM_ENTITY_PORTFOLIO_HEALTH_001\n        WHERE risk_score > 50\n    ),\n    sharpe_vals AS (\n        SELECT investor_id, avg_sharpe_ratio\n        FROM ATOM_ENTITY_INVESTMENT_GOAL_001\n    )\nSELECT\n    p.risk_tolerance AS risk_tolerance,\n    AVG(s.avg_sharpe_ratio) AS avg_sharpe_ratio\nFROM ATOM_ENTITY_INVESTOR_PROFILE_001 p\nINNER JOIN filtered_investors f ON p.investor_id = f.investor_id\nINNER JOIN sharpe_vals s ON p.investor_id = s.investor_id\nGROUP BY p.risk_tolerance;""}"
wealth_management_scoring_quantitative_125_questions:SQA125-3T-010,"Among investors with a risk score above 50, which 10 have the highest average goal progress?",wealth_management_scoring_quantitative_125_questions.csv,PIPELINE_SUCCESS,MATCH,MISMATCH,SQL,,[],[],"[""group_by.0 has no quoted requirement.""]","The pipeline returns exactly the 10 highest-average-goal-progress investors among those with risk score above 50, in the correct descending order, with materially identical average progress values.",27.41,"{""Q1"": ""WITH avg_progress AS (\n    SELECT investor_id,\n           AVG(progress_pct) AS average_progress\n    FROM ATOM_ENTITY_INVESTMENT_GOAL_001\n    GROUP BY investor_id\n),\nfiltered_portfolio AS (\n    SELECT DISTINCT investor_id\n    FROM ATOM_ENTITY_PORTFOLIO_HEALTH_001\n    WHERE risk_score > 50\n)\nSELECT fp.investor_id,\n       ap.average_progress\nFROM filtered_portfolio fp\nINNER JOIN avg_progress ap ON fp.investor_id = ap.investor_id\nORDER BY ap.average_progress DESC, fp.investor_id\nLIMIT 10;""}"
wealth_management_scoring_quantitative_125_questions:SQA125-3T-012,List Moderate investors with a diversification score below 50 who hold at least one position with investment type 'Equity'.,wealth_management_scoring_quantitative_125_questions.csv,PIPELINE_SUCCESS,MATCH,MATCH,SQL,,[],[],[],The pipeline returns exactly the full set of qualifying investors and their names. Diversification score values are supporting filter data and were not explicitly requested in the output.,24.409,"{""Q1"": ""SELECT ip.investor_id,\n       ip.investor_name\nFROM ATOM_ENTITY_INVESTOR_PROFILE_001 AS ip\nINNER JOIN ATOM_ENTITY_PORTFOLIO_HEALTH_001 AS ph\n        ON ip.investor_id = ph.investor_id\nINNER JOIN ATOM_ENTITY_PORTFOLIO_HOLDING_001 AS phld\n        ON ip.investor_id = phld.investor_id\nWHERE ip.risk_tolerance = 'Moderate'\n  AND ph.diversification_score < 50\n  AND phld.investment_type = 'Equity'\nGROUP BY ip.investor_id, ip.investor_name;""}"
wealth_management_scoring_quantitative_125_questions:SQA125-3T-011,"For investors with a risk score above 50, what is the average annual return by risk tolerance?",wealth_management_scoring_quantitative_125_questions.csv,PIPELINE_SUCCESS,MATCH,MATCH,SQL,,[],[],[],"All required risk-tolerance groups are present, and the reported average annual returns are within the allowed numeric tolerance of the ground truth. Ground-truth counts are not required by the question.",32.942,"{""Q1"": ""SELECT ip.risk_tolerance,\n       AVG(ig.avg_annual_return_pct) AS avg_annual_return_pct\nFROM ATOM_ENTITY_PORTFOLIO_HEALTH_001 AS ph\nINNER JOIN ATOM_ENTITY_INVESTOR_PROFILE_001 AS ip\n        ON ph.investor_id = ip.investor_id\nINNER JOIN ATOM_ENTITY_INVESTMENT_GOAL_001 AS ig\n        ON ph.investor_id = ig.investor_id\nWHERE ph.risk_score > 50\nGROUP BY ip.risk_tolerance;""}"
wealth_management_scoring_quantitative_125_questions:SQA125-3T-013,Which Conservative investors have an average goal progress below 30 and a risk score above 50?,wealth_management_scoring_quantitative_125_questions.csv,DAG_NODE_ERROR,MISMATCH,MATCH,SQL,Q1:Query_Spec_Contract,"[""aggregate_alias_contract""]","[""measures.0.aggregate_filters.0: predicate must reference the owning measure alias.""]","[""group_by.0 has no quoted requirement."", ""group_by.1 has no quoted requirement."", ""measures.1 has no quoted requirement.""]","The pipeline returned a failure message instead of any investor rows, while the ground truth contains many qualifying Conservative investors.",18.021,"{""Q1"": """"}"
wealth_management_scoring_quantitative_125_questions:SQA125-3T-009,Which Aggressive investors have an average annual return above 35 and a risk score above 50?,wealth_management_scoring_quantitative_125_questions.csv,DAG_NODE_ERROR,MISMATCH,PARTIAL,SQL,Q1:Query_Spec_Contract,"[""aggregate_alias_contract""]","[""measures.1.aggregate_filters.0: predicate must reference the owning measure alias."", ""measures.2.aggregate_filters.0: predicate must reference the owning measure alias.""]","[""group_by.0 has no quoted requirement."", ""measures.0 has no quoted requirement.""]",The pipeline returned a failure message rather than the required qualifying Aggressive investor records.,55.329,"{""Q1"": """"}"
wealth_management_scoring_quantitative_125_questions:SQA125-3T-014,"Among investors with a goal-match percentage above 50, which 10 have the lowest average goal progress?",wealth_management_scoring_quantitative_125_questions.csv,PIPELINE_SUCCESS,MATCH,MATCH,SQL,,[],[],"[""group_by.0 has no quoted requirement.""]","The pipeline returns the same 10 qualifying investors as the ground truth, ordered by lowest average goal progress. The reported unrounded average-progress values correspond to the ground-truth rounded metric values within tolerance.",28.545,"{""Q1"": ""WITH health_filtered AS (\n    SELECT investor_id\n    FROM ATOM_ENTITY_PORTFOLIO_HEALTH_001\n    WHERE goal_match_pct > 50\n),\ngoal_avg AS (\n    SELECT investor_id,\n           AVG(progress_pct) AS avg_progress_pct\n    FROM ATOM_ENTITY_INVESTMENT_GOAL_001\n    GROUP BY investor_id\n)\nSELECT ip.investor_id,\n       ga.avg_progress_pct\nFROM ATOM_ENTITY_INVESTOR_PROFILE_001 AS ip\nINNER JOIN health_filtered hf ON ip.investor_id = hf.investor_id\nINNER JOIN goal_avg ga ON ip.investor_id = ga.investor_id\nORDER BY ga.avg_progress_pct ASC, ip.investor_id ASC\nLIMIT 10;""}"
wealth_management_scoring_quantitative_125_questions:SQA125-3T-015,"For investors with a risk score above 50, what is the average goal progress by segment?",wealth_management_scoring_quantitative_125_questions.csv,PIPELINE_SUCCESS,MATCH,MATCH,SQL,,[],[],[],All required segments are present and the reported average goal progress values are within the allowed numeric tolerance of the ground truth. The ground-truth count field is not required by the question.,28.476,"{""Q1"": ""SELECT p.segment AS segment,\n       AVG(g.progress_pct) AS avg_progress_pct\nFROM ATOM_ENTITY_PORTFOLIO_HEALTH_001 ph\nINNER JOIN ATOM_ENTITY_INVESTOR_PROFILE_001 p\n        ON ph.investor_id = p.investor_id\nINNER JOIN ATOM_ENTITY_INVESTMENT_GOAL_001 g\n        ON ph.investor_id = g.investor_id\nWHERE ph.risk_score > 50\nGROUP BY p.segment;""}"
wealth_management_scoring_quantitative_125_questions:SQA125-3T-017,Which Conservative investors have an average Sharpe ratio above 1.0 and a risk score above 50?,wealth_management_scoring_quantitative_125_questions.csv,PIPELINE_SUCCESS,MATCH,MATCH,SQL,,[],[],"[""measures.0 has no quoted requirement."", ""measures.1 has no quoted requirement.""]",The pipeline returns exactly the 45 Conservative investors satisfying average Sharpe ratio above 1.0 and risk score above 50. Investor identities and all requested metric values match the ground truth within rounding/precision differences.,22.256,"{""Q1"": ""WITH ig_agg AS (\n    SELECT investor_id,\n           AVG(avg_sharpe_ratio) AS avg_sharpe_ratio\n    FROM ATOM_ENTITY_INVESTMENT_GOAL_001\n    GROUP BY investor_id\n    HAVING AVG(avg_sharpe_ratio) > 1.0\n),\nph_agg AS (\n    SELECT investor_id,\n           AVG(risk_score) AS risk_score\n    FROM ATOM_ENTITY_PORTFOLIO_HEALTH_001\n    GROUP BY investor_id\n    HAVING AVG(risk_score) > 50\n)\nSELECT ip.investor_id,\n       ip.investor_name,\n       ig_agg.avg_sharpe_ratio,\n       ph_agg.risk_score\nFROM ATOM_ENTITY_INVESTOR_PROFILE_001 AS ip\nINNER JOIN ig_agg ON ip.investor_id = ig_agg.investor_id\nINNER JOIN ph_agg ON ip.investor_id = ph_agg.investor_id\nWHERE ip.risk_tolerance = 'Conservative';""}"
wealth_management_scoring_quantitative_125_questions:SQA125-3T-016,List Aggressive investors with a risk score above 75 who have a Technology sector allocation above 15%.,wealth_management_scoring_quantitative_125_questions.csv,PIPELINE_SUCCESS,MATCH,MATCH,KG,,[],[],"[""measures.0 has no quoted requirement."", ""measures.1 has no quoted requirement.""]",The pipeline returns exactly the three investors satisfying the requested filters. Risk scores are not required to be displayed by the question.,46.163,"{""Q1"": ""PREFIX wm: <https://wealth.example.org/ontology/>\nPREFIX rdfs: <http://www.w3.org/2000/01/rdf-schema#>\nPREFIX xsd: <http://www.w3.org/2001/XMLSchema#>\n\nSELECT DISTINCT ?investorId ?investorName\nWHERE {\n  ?inv a wm:Investor .\n  ?inv wm:investorId ?investorId .\n  OPTIONAL { ?inv wm:investorName ?investorName . }\n\n  ?inv wm:riskTolerance ?rt .\n  FILTER(LCASE(STR(?rt)) = \""aggressive\"")\n\n  ?inv wm:hasPortfolioHealth ?ph .\n  ?ph wm:riskScore ?riskScore .\n  FILTER(xsd:decimal(?riskScore) > 75)\n\n  ?inv wm:hasSectorAllocation ?sa .\n  ?sa wm:sector ?sector .\n  FILTER(LCASE(STR(?sector)) = \""technology\"")\n  ?sa wm:allocationPct ?allocPct .\n  FILTER(xsd:decimal(?allocPct) > 15)\n}""}"
wealth_management_scoring_quantitative_125_questions:SQA125-3T-018,"Among investors with a goal-match percentage above 50, which 10 have the lowest average volatility (ties broken by investor ID)?",wealth_management_scoring_quantitative_125_questions.csv,PIPELINE_SUCCESS,MATCH,MATCH,SQL,,[],[],"[""Requirement introduces unsupported terms: ['top']"", ""group_by.0 has no quoted requirement.""]","The pipeline returns exactly the 10 required investors in the correct lowest-average-volatility order, with matching average volatility values. Investor names and goal-match percentages are not required in the final answer.",35.768,"{""Q1"": ""WITH filtered_investors AS (\n    SELECT DISTINCT p.investor_id\n    FROM ATOM_ENTITY_PORTFOLIO_HEALTH_001 p\n    INNER JOIN ATOM_ENTITY_INVESTMENT_GOAL_001 i ON i.investor_id = p.investor_id\n    WHERE p.goal_match_pct > 50\n),\nagg_vol AS (\n    SELECT investor_id,\n           AVG(avg_volatility_pct) AS avg_volatility_pct\n    FROM ATOM_ENTITY_INVESTMENT_GOAL_001\n    WHERE investor_id IN (SELECT investor_id FROM filtered_investors)\n    GROUP BY investor_id\n)\nSELECT a.investor_id,\n       a.avg_volatility_pct\nFROM agg_vol a\nORDER BY a.avg_volatility_pct ASC,\n         a.investor_id ASC\nLIMIT 10;""}"
wealth_management_scoring_quantitative_125_questions:SQA125-3T-019,"For investors with a risk score above 50, what is the average Sharpe ratio by segment?",wealth_management_scoring_quantitative_125_questions.csv,PIPELINE_SUCCESS,MATCH,MATCH,SQL,,[],[],"[""Requirement introduces unsupported terms: ['result']""]","All required segments, including the null segment, are present and each reported average Sharpe ratio is within the specified numeric tolerance of the ground truth. The ground-truth count field is not required by the question.",30.627,"{""Q1"": ""SELECT ip.segment AS segment,\n       AVG(ig.avg_sharpe_ratio) AS average_sharpe_ratio\nFROM ATOM_ENTITY_INVESTOR_PROFILE_001 ip\nINNER JOIN ATOM_ENTITY_PORTFOLIO_HEALTH_001 ph\n        ON ip.investor_id = ph.investor_id\nINNER JOIN ATOM_ENTITY_INVESTMENT_GOAL_001 ig\n        ON ip.investor_id = ig.investor_id\nWHERE ph.risk_score > 50\nGROUP BY ip.segment""}"
wealth_management_scoring_quantitative_125_questions:SQA125-3T-020,List Conservative investors with a risk score above 75 who have a Technology sector allocation above 15%.,wealth_management_scoring_quantitative_125_questions.csv,PIPELINE_SUCCESS,MATCH,MATCH,SQL,,[],[],"[""measures.1 has no quoted requirement."", ""measures.2 has no quoted requirement.""]","All seven required Conservative investors are present with matching investor IDs, names, and risk scores. The additional technology allocation percentages are harmless and each exceeds 15%.",42.494,"{""Q1"": ""SELECT p.investor_id,\n       p.investor_name,\n       ph.risk_score AS risk_score,\n       sa.allocation_pct AS technology_allocation_pct\nFROM ATOM_ENTITY_INVESTOR_PROFILE_001 p\nINNER JOIN ATOM_ENTITY_PORTFOLIO_HEALTH_001 ph\n        ON p.investor_id = ph.investor_id\nINNER JOIN ATOM_ENTITY_SECTOR_ALLOCATION_001 sa\n        ON p.investor_id = sa.investor_id\nWHERE p.risk_tolerance = 'Conservative'\n  AND ph.risk_score > 75\n  AND sa.sector = 'Technology'\n  AND sa.allocation_pct > 15;""}"
wealth_management_scoring_quantitative_125_questions:SQA125-3T-023,List Moderate investors with a risk score above 75 who have a Technology sector allocation above 15%.,wealth_management_scoring_quantitative_125_questions.csv,PIPELINE_SUCCESS,MATCH,MATCH,SQL,,[],[],"[""group_by.0 has no quoted requirement."", ""group_by.1 has no quoted requirement."", ""measures.1 has no quoted requirement.""]","All four required Moderate investors with risk scores above 75 and Technology allocation above 15% are present, with matching investor identities and risk scores. Additional Technology allocation percentages are harmless.",21.882,"{""Q1"": ""SELECT p.investor_id,\n       p.investor_name,\n       ph.risk_score,\n       sa.allocation_pct AS technology_allocation_pct\nFROM ATOM_ENTITY_INVESTOR_PROFILE_001 AS p\nINNER JOIN ATOM_ENTITY_PORTFOLIO_HEALTH_001 AS ph\n        ON p.investor_id = ph.investor_id\nINNER JOIN ATOM_ENTITY_SECTOR_ALLOCATION_001 AS sa\n        ON p.investor_id = sa.investor_id\nWHERE p.risk_tolerance = 'Moderate'\n  AND ph.risk_score > 75\n  AND sa.sector = 'Technology'\n  AND sa.allocation_pct > 15;""}"
wealth_management_scoring_quantitative_125_questions:SQA125-3T-021,Which Conservative investors have an average annual return above 35 and a risk score above 50?,wealth_management_scoring_quantitative_125_questions.csv,PIPELINE_SUCCESS,MATCH,MISMATCH,SQL,,[],[],"[""group_by.0 has no quoted requirement.""]",The pipeline returns exactly the three Conservative investors satisfying the average annual return above 35 and risk score above 50 filters. The omitted metric fields are not required for a list of which investors qualify.,44.975,"{""Q1"": ""WITH avg_return_cte AS (\n    SELECT investor_id,\n           AVG(avg_annual_return_pct) AS avg_annual_return\n    FROM ATOM_ENTITY_INVESTMENT_GOAL_001\n    GROUP BY investor_id\n),\nrisk_score_cte AS (\n    SELECT investor_id,\n           AVG(risk_score) AS risk_score\n    FROM ATOM_ENTITY_PORTFOLIO_HEALTH_001\n    GROUP BY investor_id\n)\nSELECT p.investor_id,\n       p.investor_name\nFROM ATOM_ENTITY_INVESTOR_PROFILE_001 AS p\nINNER JOIN avg_return_cte ar ON p.investor_id = ar.investor_id\nINNER JOIN risk_score_cte rs ON p.investor_id = rs.investor_id\nWHERE p.risk_tolerance = 'Conservative'\n  AND ar.avg_annual_return > 35\n  AND rs.risk_score > 50;""}"
wealth_management_scoring_quantitative_125_questions:SQA125-3T-022,"For investors with a risk score above 50, what is the average annual return by segment?",wealth_management_scoring_quantitative_125_questions.csv,PIPELINE_SUCCESS,MATCH,MISMATCH,SQL,,[],[],"[""Requirement introduces unsupported terms: ['result']"", ""Requirement introduces unsupported terms: ['per']""]","All required segments, including the null segment, are present and the average annual returns match the ground truth within tolerance. The ground-truth count field is not required by the question.",42.251,"{""Q1"": ""WITH filtered_health AS (\n    SELECT investor_id\n    FROM ATOM_ENTITY_PORTFOLIO_HEALTH_001\n    WHERE risk_score > 50\n),\ngoal_per_investor AS (\n    SELECT investor_id, AVG(avg_annual_return_pct) AS avg_annual_return_pct\n    FROM ATOM_ENTITY_INVESTMENT_GOAL_001\n    GROUP BY investor_id\n)\nSELECT p.segment AS segment,\n       AVG(g.avg_annual_return_pct) AS avg_annual_return_pct\nFROM ATOM_ENTITY_INVESTOR_PROFILE_001 AS p\nINNER JOIN filtered_health AS h ON p.investor_id = h.investor_id\nINNER JOIN goal_per_investor AS g ON p.investor_id = g.investor_id\nGROUP BY p.segment;""}"
wealth_management_scoring_quantitative_125_questions:SQA125-3T-025,"For investors with a risk score above 50, what is the average goal progress by time horizon?",wealth_management_scoring_quantitative_125_questions.csv,PIPELINE_SUCCESS,MATCH,MATCH,SQL,,[],[],[],"The pipeline provides the average goal progress for every required time horizon, including the null horizon, with values matching the ground truth within tolerance. The ground-truth count field is not required by the question.",27.354,"{""Q1"": ""WITH per_investor AS (\n    SELECT investor_id,\n           AVG(progress_pct) AS avg_progress_pct\n    FROM ATOM_ENTITY_INVESTMENT_GOAL_001\n    GROUP BY investor_id\n)\nSELECT ipr.time_horizon AS time_horizon,\n       AVG(pi.avg_progress_pct) AS avg_progress_pct\nFROM per_investor pi\nJOIN ATOM_ENTITY_PORTFOLIO_HEALTH_001 ph\n  ON pi.investor_id = ph.investor_id\nJOIN ATOM_ENTITY_INVESTOR_PROFILE_001 ipr\n  ON pi.investor_id = ipr.investor_id\nWHERE ph.risk_score > 50\nGROUP BY ipr.time_horizon\nORDER BY ipr.time_horizon;""}"
wealth_management_scoring_quantitative_125_questions:SQA125-3T-026,Which Moderate investors have an average Sharpe ratio above 1.0 and a risk score above 50?,wealth_management_scoring_quantitative_125_questions.csv,DAG_NODE_ERROR,MISMATCH,PARTIAL,SQL,Q1:Query_Spec_Contract,"[""aggregate_alias_contract""]","[""measures.0.aggregate_filters.0: predicate must reference the owning measure alias.""]","[""group_by.0 has no quoted requirement."", ""group_by.1 has no quoted requirement."", ""measures.1 has no quoted requirement.""]","The pipeline produced no answer rows because the query failed, while the ground truth contains 46 qualifying Moderate investors.",24.005,"{""Q1"": """"}"
wealth_management_scoring_quantitative_125_questions:SQA125-3T-024,Which Moderate investors have an average goal progress below 30 and a risk score above 50?,wealth_management_scoring_quantitative_125_questions.csv,PIPELINE_SUCCESS,MATCH,MISMATCH,SQL,,[],[],"[""group_by.0 has no quoted requirement."", ""group_by.1 has no quoted requirement.""]","The pipeline returns exactly the same qualifying Moderate investor set as the ground truth, with matching investor identities, average goal-progress values within tolerance, and matching risk scores.",43.815,"{""Q1"": ""WITH avg_prog AS (\n        SELECT investor_id,\n               AVG(progress_pct) AS average_progress\n        FROM ATOM_ENTITY_INVESTMENT_GOAL_001\n        GROUP BY investor_id\n    ),\n    risk AS (\n        SELECT investor_id,\n               MAX(risk_score) AS risk_score\n        FROM ATOM_ENTITY_PORTFOLIO_HEALTH_001\n        GROUP BY investor_id\n        HAVING MAX(risk_score) > 50\n    )\nSELECT ip.investor_id,\n       ip.investor_name,\n       avg_prog.average_progress,\n       risk.risk_score\nFROM ATOM_ENTITY_INVESTOR_PROFILE_001 AS ip\nINNER JOIN avg_prog ON ip.investor_id = avg_prog.investor_id\nINNER JOIN risk ON ip.investor_id = risk.investor_id\nWHERE ip.risk_tolerance = 'Moderate'\n  AND avg_prog.average_progress < 30;""}"
wealth_management_scoring_quantitative_125_questions:SQA125-3T-028,Which Moderate investors have an average annual return above 35 and a risk score above 50?,wealth_management_scoring_quantitative_125_questions.csv,DAG_NODE_ERROR,MISMATCH,PARTIAL,SQL,Q1:Query_Spec_Contract,"[""aggregate_stage_contract""]","[""measures.0.aggregate_filters.0: explicit entity or final_group stage is required."", ""measures.1.aggregate_filters.0: explicit entity or final_group stage is required.""]",[],"The pipeline returned a failure message rather than answer rows, while the ground truth contains one qualifying Moderate investor.",18.699,"{""Q1"": """"}"
wealth_management_scoring_quantitative_125_questions:SQA125-3T-030,Which Diversified-segment investors have an average goal progress below 30 and a diversification score below 50?,wealth_management_scoring_quantitative_125_questions.csv,PIPELINE_SUCCESS,MATCH,MATCH,SQL,,[],[],"[""measures.0 has no quoted requirement.""]","The pipeline returns the complete set of Diversified-segment investors meeting both thresholds, with matching investor identities, average goal-progress values, and diversification scores. Differences are only insignificant precision/rounding variations.",30.333,"{""Q1"": ""WITH\n  m_progress AS (\n    SELECT investor_id,\n           AVG(progress_pct) AS avg_progress_pct\n    FROM ATOM_ENTITY_INVESTMENT_GOAL_001\n    GROUP BY investor_id\n  ),\n  m_div AS (\n    SELECT investor_id,\n           diversification_score\n    FROM ATOM_ENTITY_PORTFOLIO_HEALTH_001\n    WHERE diversification_score < 50\n  )\nSELECT\n  p.investor_id,\n  p.investor_name,\n  mp.avg_progress_pct,\n  md.diversification_score\nFROM ATOM_ENTITY_INVESTOR_PROFILE_001 AS p\nINNER JOIN m_progress AS mp ON p.investor_id = mp.investor_id\nINNER JOIN m_div AS md ON p.investor_id = md.investor_id\nWHERE p.segment = 'Diversified'\n  AND mp.avg_progress_pct < 30;""}"
wealth_management_scoring_quantitative_125_questions:SQA125-3T-027,"For investors with a risk score above 50, what is the average Sharpe ratio by time horizon?",wealth_management_scoring_quantitative_125_questions.csv,PIPELINE_SUCCESS,MISMATCH,MATCH,SQL,,[],[],[],"The pipeline includes all four time-horizon groups but its average Sharpe ratios materially differ from the ground truth for every group except Medium-term, which is within tolerance.",649.08,"{""Q1"": ""SELECT ip.time_horizon AS time_horizon,\n       AVG(ig.avg_sharpe_ratio) AS average_sharpe_ratio\nFROM ATOM_ENTITY_PORTFOLIO_HEALTH_001 ph\nJOIN ATOM_ENTITY_INVESTOR_PROFILE_001 ip ON ph.investor_id = ip.investor_id\nJOIN ATOM_ENTITY_INVESTMENT_GOAL_001 ig ON ph.investor_id = ig.investor_id\nWHERE ph.risk_score > 50\nGROUP BY ip.time_horizon;""}"
wealth_management_scoring_quantitative_125_questions:SQA125-3T-029,"For investors with a risk score above 50, what is the average annual return by time horizon?",wealth_management_scoring_quantitative_125_questions.csv,PIPELINE_SUCCESS,MATCH,MISMATCH,SQL,,[],[],[],"All required time-horizon groups, including the null horizon, are present and their average annual returns match the ground truth within tolerance. Counts were not required by the question.",653.05,"{""Q1"": ""WITH filtered_health AS (\n    SELECT investor_id\n    FROM ATOM_ENTITY_PORTFOLIO_HEALTH_001\n    WHERE risk_score > 50\n), per_investor_return AS (\n    SELECT investor_id,\n           AVG(avg_annual_return_pct) AS avg_return_per_investor\n    FROM ATOM_ENTITY_INVESTMENT_GOAL_001\n    GROUP BY investor_id\n)\nSELECT\n    p.time_horizon AS time_horizon,\n    AVG(r.avg_return_per_investor) AS average_annual_return_pct\nFROM ATOM_ENTITY_INVESTOR_PROFILE_001 AS p\nINNER JOIN filtered_health AS h ON p.investor_id = h.investor_id\nINNER JOIN per_investor_return AS r ON p.investor_id = r.investor_id\nGROUP BY p.time_horizon;""}"
wealth_management_scoring_quantitative_125_questions:SQA125-4T-003,"For investors with an average goal progress above 30 and a risk score above 50, what is the average holding return (counting only holdings with a recorded cost and current value) by risk tolerance?",wealth_management_scoring_quantitative_125_questions.csv,DAG_NODE_ERROR,MISMATCH,MISMATCH,SQL,Q1:Query_Spec_Contract,"[""empty_output_schema""]","[""Query_Spec could not be parsed."", ""output_schema must contain named output columns.""]","[""Every subquery needs a requirement ledger.""]",The pipeline returned a query failure instead of the required average holding returns grouped by risk tolerance.,26.916,"{""Q1"": """"}"
wealth_management_scoring_quantitative_125_questions:SQA125-4T-004,"Which Aggressive investors have an average Sharpe ratio above 0.0, average dividends above 14000, and a goal-match percentage above 50?",wealth_management_scoring_quantitative_125_questions.csv,DAG_NODE_ERROR,MISMATCH,MATCH,SQL,Q1:Query_Spec_Contract,"[""unknown_source"", ""aggregate_alias_contract""]","[""Unknown source: investor"", ""Unknown base_entity: investor"", ""measures.0.aggregate_filters.0: predicate must reference the owning measure alias."", ""measures.1.aggregate_filters.0: predicate must reference the owning measure alias.""]","[""group_by.0 has no quoted requirement."", ""group_by.1 has no quoted requirement.""]","The pipeline returned no answer rows because the query stage failed, while the ground truth contains many qualifying Aggressive investors.",16.875,"{""Q1"": """"}"
wealth_management_scoring_quantitative_125_questions:SQA125-4T-005,"Among investors with a goal-match percentage above 50, which 10 have the lowest average goal progress (also reporting average holding dividends)?",wealth_management_scoring_quantitative_125_questions.csv,PIPELINE_SUCCESS,MATCH,MISMATCH,SQL,,[],[],"[""Requirement introduces unsupported terms: ['per']"", ""group_by.0 has no quoted requirement.""]","The pipeline returns exactly the 10 required investors, ordered by increasing average goal progress, with average holding dividends matching the ground truth within rounding/precision tolerance.",15.132,"{""Q1"": ""WITH filtered_health AS (\n    SELECT investor_id\n    FROM ATOM_ENTITY_PORTFOLIO_HEALTH_001\n    WHERE goal_match_pct > 50\n),\ngoal_agg AS (\n    SELECT investor_id,\n           AVG(progress_pct) AS avg_goal_progress\n    FROM ATOM_ENTITY_INVESTMENT_GOAL_001\n    GROUP BY investor_id\n),\nholding_agg AS (\n    SELECT investor_id,\n           AVG(dividends) AS avg_holding_dividends\n    FROM ATOM_ENTITY_PORTFOLIO_HOLDING_001\n    GROUP BY investor_id\n)\nSELECT fh.investor_id,\n       ga.avg_goal_progress,\n       ha.avg_holding_dividends\nFROM filtered_health fh\nINNER JOIN goal_agg ga ON fh.investor_id = ga.investor_id\nINNER JOIN holding_agg ha ON fh.investor_id = ha.investor_id\nORDER BY ga.avg_goal_progress ASC, fh.investor_id ASC\nLIMIT 10;""}"
wealth_management_scoring_quantitative_125_questions:SQA125-4T-002,"Among investors with a goal-match percentage above 50, which 10 have the lowest average Sharpe ratio (also reporting average holding dividends)?",wealth_management_scoring_quantitative_125_questions.csv,PIPELINE_SUCCESS,MATCH,MATCH,SQL,,[],[],"[""Requirement introduces unsupported terms: ['top']"", ""Requirement introduces unsupported terms: ['per', 'report']"", ""group_by.0 has no quoted requirement."", ""measures.0 has no quoted requirement.""]","The pipeline returns exactly the 10 required investors in ascending average Sharpe-ratio order, with matching average Sharpe ratios and average holding dividends within tolerance.",647.999,"{""Q1"": ""WITH sharpe AS (\n    SELECT investor_id,\n           AVG(avg_sharpe_ratio) AS avg_sharpe_ratio\n    FROM ATOM_ENTITY_INVESTMENT_GOAL_001\n    GROUP BY investor_id\n),\ndivs AS (\n    SELECT investor_id,\n           AVG(dividends) AS avg_dividends\n    FROM ATOM_ENTITY_PORTFOLIO_HOLDING_001\n    GROUP BY investor_id\n),\nhealth AS (\n    SELECT investor_id\n    FROM ATOM_ENTITY_PORTFOLIO_HEALTH_001\n    WHERE goal_match_pct > 50\n    GROUP BY investor_id\n)\nSELECT h.investor_id,\n       s.avg_sharpe_ratio,\n       d.avg_dividends\nFROM health h\nINNER JOIN sharpe s ON h.investor_id = s.investor_id\nINNER JOIN divs d ON h.investor_id = d.investor_id\nORDER BY s.avg_sharpe_ratio ASC, h.investor_id\nLIMIT 10;""}"
wealth_management_scoring_quantitative_125_questions:SQA125-4T-001,"Which Aggressive investors have an average goal progress below 30, an average holding return (counting only holdings with a recorded cost and current value) above 50, and a risk score above 50?",wealth_management_scoring_quantitative_125_questions.csv,PIPELINE_SUCCESS,MATCH,MATCH,SQL,,[],[],"[""group_by.0 has no quoted requirement."", ""group_by.1 has no quoted requirement.""]","No investors satisfy all specified conditions according to the empty ground truth, and the pipeline returned no data.",678.783,"{""Q1"": ""WITH goal_cte AS (\n    SELECT investor_id,\n           AVG(progress_pct) AS avg_goal_progress\n    FROM ATOM_ENTITY_INVESTMENT_GOAL_001\n    GROUP BY investor_id\n),\nholding_cte AS (\n    SELECT investor_id,\n           AVG(returns_pct) AS avg_holding_return\n    FROM ATOM_ENTITY_PORTFOLIO_HOLDING_001\n    WHERE cost IS NOT NULL\n      AND current_value IS NOT NULL\n    GROUP BY investor_id\n),\nhealth_cte AS (\n    SELECT investor_id,\n           MAX(risk_score) AS max_risk_score\n    FROM ATOM_ENTITY_PORTFOLIO_HEALTH_001\n    GROUP BY investor_id\n)\nSELECT ip.investor_id,\n       ip.investor_name\nFROM ATOM_ENTITY_INVESTOR_PROFILE_001 AS ip\nINNER JOIN goal_cte   AS g ON ip.investor_id = g.investor_id\nINNER JOIN holding_cte AS h ON ip.investor_id = h.investor_id\nINNER JOIN health_cte  AS r ON ip.investor_id = r.investor_id\nWHERE ip.risk_tolerance = 'Aggressive'\n  AND r.max_risk_score > 50\n  AND g.avg_goal_progress < 30\n  AND h.avg_holding_return > 50;""}"
wealth_management_scoring_quantitative_125_questions:SQA125-4T-006,"For investors with an average goal progress above 30 and a risk score above 50, what is the average holding return (counting only holdings with a recorded cost and current value) by segment?",wealth_management_scoring_quantitative_125_questions.csv,DAG_NODE_ERROR,MISMATCH,PARTIAL,SQL,Q1:Query_Spec_Contract,"[""unknown_source"", ""empty_output_schema"", ""derived_operand_misclassified"", ""population_filter_contract"", ""aggregate_alias_contract""]","[""measures.0.aggregate_filters.0: predicate must reference the owning measure alias."", ""measures.1: unknown or self-referencing formula operand 'current_value'."", ""measures.1: unknown or self-referencing formula operand 'cost'."", ""measures.1.population_filters: Unknown base_entity: derived"", ""measures.1.population_filters: output_schema must contain named output columns.""]",[],"Pipeline returned no answer rows because the query failed, while the ground truth contains five required segment-level aggregates.",34.274,"{""Q1"": """"}"
wealth_management_scoring_quantitative_125_questions:SQA125-4T-008,"Among investors with a goal-match percentage above 50, which 10 have the highest average Sharpe ratio (also reporting their average holding dividends)?",wealth_management_scoring_quantitative_125_questions.csv,PIPELINE_SUCCESS,MATCH,MATCH,SQL,,[],[],"[""Requirement introduces unsupported terms: ['report']"", ""Requirement introduces unsupported terms: ['top']"", ""group_by.0 has no quoted requirement."", ""measures.0 has no quoted requirement.""]","The pipeline returns exactly the 10 required investors in the correct descending average-Sharpe order, with matching average Sharpe ratios and average holding dividends within tolerance.",24.056,"{""Q1"": ""WITH sharpe AS (\n    SELECT investor_id,\n           AVG(avg_sharpe_ratio) AS avg_sharpe_ratio\n    FROM ATOM_ENTITY_INVESTMENT_GOAL_001\n    GROUP BY investor_id\n),\ndividends AS (\n    SELECT investor_id,\n           AVG(dividends) AS avg_holding_dividends\n    FROM ATOM_ENTITY_PORTFOLIO_HOLDING_001\n    GROUP BY investor_id\n)\nSELECT ph.investor_id,\n       s.avg_sharpe_ratio,\n       d.avg_holding_dividends\nFROM ATOM_ENTITY_PORTFOLIO_HEALTH_001 ph\nINNER JOIN sharpe s ON ph.investor_id = s.investor_id\nINNER JOIN dividends d ON ph.investor_id = d.investor_id\nWHERE ph.goal_match_pct > 50\nORDER BY s.avg_sharpe_ratio DESC, ph.investor_id ASC\nLIMIT 10;""}"
wealth_management_scoring_quantitative_125_questions:SQA125-4T-007,"Which Aggressive investors have an average goal progress above 30, average holding dividends below 14000, and a liquidity score below 50?",wealth_management_scoring_quantitative_125_questions.csv,PIPELINE_SUCCESS,PARTIAL,PARTIAL,SQL,,[],[],"[""group_by.0 has no quoted requirement."", ""group_by.1 has no quoted requirement."", ""measures.2 has no quoted requirement.""]","The pipeline includes all required qualifying Aggressive investors, but also includes an extra non-ground-truth investor, INV-052 (Suresh Singh).",45.551,"{""Q1"": ""WITH goal_avg AS (\n    SELECT investor_id,\n           AVG(progress_pct) AS avg_progress_pct\n    FROM ATOM_ENTITY_INVESTMENT_GOAL_001\n    GROUP BY investor_id\n),\nholding_avg AS (\n    SELECT investor_id,\n           AVG(dividends) AS avg_dividends\n    FROM ATOM_ENTITY_PORTFOLIO_HOLDING_001\n    GROUP BY investor_id\n)\nSELECT p.investor_id,\n       p.investor_name\nFROM ATOM_ENTITY_INVESTOR_PROFILE_001 AS p\nINNER JOIN ATOM_ENTITY_PORTFOLIO_HEALTH_001 AS h\n    ON p.investor_id = h.investor_id\nINNER JOIN goal_avg AS g\n    ON p.investor_id = g.investor_id\nINNER JOIN holding_avg AS hd\n    ON p.investor_id = hd.investor_id\nWHERE p.risk_tolerance = 'Aggressive'\n  AND h.liquidity_score < 50\n  AND g.avg_progress_pct > 30\n  AND hd.avg_dividends < 14000;""}"
wealth_management_scoring_quantitative_125_questions:SQA125-4T-010,"Which Conservative investors have an average goal progress below 30, an average holding return (counting only holdings with a recorded cost and current value) above 50, and a risk score above 50?",wealth_management_scoring_quantitative_125_questions.csv,DAG_NODE_ERROR,MISMATCH,MATCH,SQL,Q1:Query_Spec_Contract,"[""aggregate_stage_contract""]","[""measures.0.aggregate_filters.0: explicit entity or final_group stage is required."", ""measures.1.aggregate_filters.0: explicit entity or final_group stage is required."", ""measures.2.aggregate_filters.0: explicit entity or final_group stage is required.""]","[""group_by.0 has no quoted requirement."", ""group_by.1 has no quoted requirement.""]","The pipeline returned no answer rows due to a query failure, while the ground truth contains two qualifying Conservative investors.",30.519,"{""Q1"": """"}"
wealth_management_scoring_quantitative_125_questions:SQA125-4T-011,"Among investors with a goal-match percentage above 50, which 10 have the highest average goal progress (also reporting their average holding dividends)?",wealth_management_scoring_quantitative_125_questions.csv,PIPELINE_SUCCESS,MATCH,MATCH,SQL,,[],[],"[""Requirement introduces unsupported terms: ['per']"", ""group_by.0 has no quoted requirement.""]","The pipeline returns the same 10 investors in the correct descending average-goal-progress ranking, with average goal progress and average holding dividends matching the ground truth within tolerance.",45.255,"{""Q1"": ""WITH m_goal AS (\n    SELECT investor_id,\n           AVG(progress_pct) AS avg_goal_progress\n    FROM ATOM_ENTITY_INVESTMENT_GOAL_001\n    GROUP BY investor_id\n),\nm_holding AS (\n    SELECT investor_id,\n           AVG(dividends) AS avg_holding_dividends\n    FROM ATOM_ENTITY_PORTFOLIO_HOLDING_001\n    GROUP BY investor_id\n)\nSELECT b.investor_id,\n       m_goal.avg_goal_progress,\n       m_holding.avg_holding_dividends\nFROM ATOM_ENTITY_PORTFOLIO_HEALTH_001 AS b\nINNER JOIN m_goal      ON b.investor_id = m_goal.investor_id\nINNER JOIN m_holding   ON b.investor_id = m_holding.investor_id\nWHERE b.goal_match_pct > 50\nORDER BY m_goal.avg_goal_progress DESC,\n         b.investor_id ASC\nLIMIT 10;""}"
wealth_management_scoring_quantitative_125_questions:SQA125-4T-009,"For investors with an average goal progress above 30 and a risk score above 50, what is the average holding return (counting only holdings with a recorded cost and current value) by time horizon?",wealth_management_scoring_quantitative_125_questions.csv,DAG_NODE_ERROR,MISMATCH,PARTIAL,SQL,Q1:Query_Spec_Contract,"[""aggregate_alias_contract""]","[""measures.0.aggregate_filters.0: predicate must reference the owning measure alias.""]",[],"Pipeline returned no answer rows due to a subquery failure, while the ground truth requires average holding returns for four time-horizon groups.",62.76,"{""Q1"": """"}"
wealth_management_scoring_quantitative_125_questions:SQA125-4T-012,"For investors with an average Sharpe ratio above 0.0 and a goal-match percentage above 50, what is the average holding dividend by risk tolerance?",wealth_management_scoring_quantitative_125_questions.csv,DAG_NODE_ERROR,MISMATCH,MISMATCH,SQL,Q1:Query_Spec_Contract,"[""aggregate_alias_contract""]","[""measures.0.aggregate_filters.0: predicate must reference the owning measure alias.""]",[],The pipeline returned a query failure message instead of the required average holding dividend grouped by risk tolerance.,45.227,"{""Q1"": """"}"
wealth_management_scoring_quantitative_125_questions:SQA125-4T-015,"Which Conservative investors have an average goal progress above 30, average holding dividends below 14000, and a liquidity score below 50?",wealth_management_scoring_quantitative_125_questions.csv,DAG_NODE_ERROR,MISMATCH,MISMATCH,SQL,Q1:Query_Spec_Contract,"[""aggregate_alias_contract""]","[""measures.0.aggregate_filters.0: predicate must reference the owning measure alias."", ""measures.1.aggregate_filters.0: predicate must reference the owning measure alias.""]","[""group_by.0 has no quoted requirement."", ""group_by.1 has no quoted requirement."", ""measures.2 has no quoted requirement.""]","The pipeline returned no answer rows because the query failed, while the ground truth contains many qualifying Conservative investors.",28.5,"{""Q1"": """"}"
wealth_management_scoring_quantitative_125_questions:SQA125-4T-013,"Which Conservative investors have an average Sharpe ratio above 0.0, average dividends above 14000, and a goal-match percentage above 50?",wealth_management_scoring_quantitative_125_questions.csv,DAG_NODE_ERROR,MISMATCH,MISMATCH,SQL,Q1:Query_Spec_Contract,"[""unknown_source""]","[""Unknown source: investor"", ""Unknown base_entity: investor""]","[""measures.3 has no quoted requirement.""]","The pipeline produced no answer rows due to a query failure, while the ground truth contains many qualifying Conservative investors.",50.909,"{""Q1"": """"}"
wealth_management_temporal_transaction_125_questions:TT125-001,What is the total transaction amount recorded for Deposit transactions?,wealth_management_temporal_transaction_125_questions.csv,PIPELINE_SUCCESS,MATCH,MATCH,SQL,,[],[],[],"The pipeline returns the total amount for Deposit transactions, matching the ground truth exactly.",18.865,"{""Q1"": ""SELECT SUM(amount) AS total_deposit_amount\nFROM ATOM_EVENT_CASH_FLOW_001\nWHERE type = 'Deposit';""}"
wealth_management_scoring_quantitative_125_questions:SQA125-4T-014,"For investors with an average Sharpe ratio above 0.0 and a goal-match percentage above 50, what is the average holding dividend by segment?",wealth_management_scoring_quantitative_125_questions.csv,PIPELINE_SUCCESS,MISMATCH,MISMATCH,SQL,,[],[],[],"All required segment groups are present, but the reported average holding dividends materially differ from the ground truth for every segment, far exceeding the allowed numeric tolerance.",38.08,"{""Q1"": ""WITH eligible_investors AS (\n    SELECT i.investor_id\n    FROM ATOM_ENTITY_INVESTMENT_GOAL_001 i\n    INNER JOIN ATOM_ENTITY_PORTFOLIO_HEALTH_001 ph ON i.investor_id = ph.investor_id\n    WHERE i.avg_sharpe_ratio > 0\n      AND ph.goal_match_pct > 50\n),\ninvestor_div AS (\n    SELECT h.investor_id,\n           AVG(h.dividends) AS avg_dividend\n    FROM ATOM_ENTITY_PORTFOLIO_HOLDING_001 h\n    WHERE h.investor_id IN (SELECT investor_id FROM eligible_investors)\n    GROUP BY h.investor_id\n),\ninvestor_segment AS (\n    SELECT DISTINCT h.investor_id,\n                    h.segment\n    FROM ATOM_ENTITY_PORTFOLIO_HOLDING_001 h\n    WHERE h.investor_id IN (SELECT investor_id FROM eligible_investors)\n)\nSELECT iseg.segment AS segment,\n       AVG(idiv.avg_dividend) AS average_dividend\nFROM investor_segment iseg\nINNER JOIN investor_div idiv ON iseg.investor_id = idiv.investor_id\nGROUP BY iseg.segment\nORDER BY iseg.segment;""}"
wealth_management_temporal_transaction_125_questions:TT125-002,What was the net cash flow (sum of all transaction amounts) during calendar year 2021?,wealth_management_temporal_transaction_125_questions.csv,PIPELINE_SUCCESS,MATCH,MATCH,SQL,,[],[],"[""Requirement introduces unsupported terms: ['01', '12', '31', 'between']""]",The pipeline result exactly matches the ground-truth net cash flow for calendar year 2021.,14.087,"{""Q1"": ""SELECT SUM(amount) AS net_cash_flow\nFROM ATOM_EVENT_CASH_FLOW_001\nWHERE date BETWEEN '2021-01-01' AND '2021-12-31';""}"
wealth_management_temporal_transaction_125_questions:TT125-004,List investors whose net cash flow during calendar year 2024 was negative (net withdrawals).,wealth_management_temporal_transaction_125_questions.csv,DAG_NODE_ERROR,MISMATCH,MISMATCH,SQL,Q1:Query_Spec_Contract,"[""unknown_source"", ""aggregate_alias_contract""]","[""Unknown source: event"", ""group_by.0: unknown source 'event'."", ""measures.0: unknown source 'event'."", ""measures.0.aggregate_filters.0: predicate must reference the owning measure alias."", ""filters.0: unknown source 'event'.""]","[""group_by.0 has no quoted requirement.""]","The pipeline returned no investor rows because the query failed, while the ground truth contains many investors with negative 2024 net cash flow.",13.558,"{""Q1"": """"}"
wealth_management_temporal_transaction_125_questions:TT125-005,What is the total transaction amount recorded for Dividend Reinvestment transactions?,wealth_management_temporal_transaction_125_questions.csv,PIPELINE_SUCCESS,MATCH,MATCH,SQL,,[],[],"[""measures.0 has no quoted requirement.""]",The pipeline total transaction amount exactly matches the ground truth for Dividend Reinvestment transactions.,12.445,"{""Q1"": ""SELECT SUM(amount) AS total_amount\nFROM ATOM_EVENT_CASH_FLOW_001\nWHERE type = 'Dividend Reinvestment';""}"
wealth_management_temporal_transaction_125_questions:TT125-003,Which 10 investors have the highest total net cash flow across all transactions?,wealth_management_temporal_transaction_125_questions.csv,DAG_NODE_ERROR,MISMATCH,MATCH,SQL,Q1:Query_Spec_Contract,"[""invalid_operand_kind""]","[""measures.0: operand_kind must be physical or aliases.""]","[""group_by.0 has no quoted requirement."", ""group_by.1 has no quoted requirement."", ""measures.0 has no quoted requirement.""]",The pipeline returned a query failure message instead of the 10 requested investors and their total net cash flows.,21.22,"{""Q1"": """"}"
wealth_management_temporal_transaction_125_questions:TT125-008,List investors whose net cash flow during calendar year 2025 was negative (net withdrawals).,wealth_management_temporal_transaction_125_questions.csv,DAG_NODE_ERROR,MISMATCH,MISMATCH,SQL,Q1:Query_Spec_Contract,"[""derived_operand_misclassified"", ""aggregate_alias_contract""]","[""measures.0: unknown or self-referencing formula operand 'amount'."", ""measures.0: unknown or self-referencing formula operand 'type'."", ""measures.0.aggregate_filters.0: predicate must reference the owning measure alias.""]","[""Requirement introduces unsupported terms: ['limited', 'must']"", ""Requirement introduces unsupported terms: ['must']"", ""group_by.0 has no quoted requirement.""]",The pipeline returned a query failure rather than the required list of investors with negative 2025 net cash flow.,26.736,"{""Q1"": """"}"
wealth_management_temporal_transaction_125_questions:TT125-009,What is the total transaction amount recorded for Interest Credit transactions?,wealth_management_temporal_transaction_125_questions.csv,DAG_NODE_ERROR,MISMATCH,MATCH,SQL,Q1:Query_Spec_Contract,"[""unknown_source"", ""physical_as_source""]","[""Unknown source: physical"", ""measures.0: unknown source 'physical'."", ""filters.0: unknown source 'physical'.""]","[""measures.0 has no quoted requirement.""]",The pipeline returned a query failure message instead of the required total transaction amount for Interest Credit transactions.,20.564,"{""Q1"": """"}"
wealth_management_temporal_transaction_125_questions:TT125-007,Which 10 investors have the most negative net cash flow (largest net outflows) across all transactions?,wealth_management_temporal_transaction_125_questions.csv,PIPELINE_SUCCESS,MATCH,MISMATCH,SQL,,[],[],"[""group_by.0 has no quoted requirement.""]","The pipeline returns exactly the 10 investors with the largest net outflows, in the same ranking order and with matching net cash flow values.",28.408,"{""Q1"": ""SELECT investor_id,\n       SUM(amount) AS net_cash_flow\nFROM ATOM_EVENT_CASH_FLOW_001\nGROUP BY investor_id\nORDER BY net_cash_flow ASC, investor_id ASC\nLIMIT 10;""}"
wealth_management_temporal_transaction_125_questions:TT125-006,What was the net cash flow (sum of all transaction amounts) during calendar year 2022?,wealth_management_temporal_transaction_125_questions.csv,PIPELINE_SUCCESS,MATCH,MATCH,KG,,[],[],[],"The pipeline reports the net cash flow for calendar year 2022 as 502078427.0, matching the ground truth. Numeric string formatting is equivalent.",33.128,"{""Q1"": ""PREFIX wm: <https://wealth.example.org/ontology/>\nPREFIX rdf: <http://www.w3.org/1999/02/22-rdf-syntax-ns#>\nPREFIX xsd: <http://www.w3.org/2001/XMLSchema#>\n\nSELECT (SUM(?amount) AS ?net_cash_flow) WHERE {\n  ?cf rdf:type wm:CashFlow .\n  ?cf wm:amount ?amount .\n  ?cf wm:date ?date .\n  FILTER(?date >= \""2022-01-01\""^^xsd:date && ?date <= \""2022-12-31\""^^xsd:date)\n}""}"
wealth_management_temporal_transaction_125_questions:TT125-011,Which 10 investors recorded the highest number of cash-flow transactions (ties broken by lowest investor_id)?,wealth_management_temporal_transaction_125_questions.csv,PIPELINE_SUCCESS,MATCH,MATCH,SQL,,[],[],"[""Requirement introduces unsupported terms: ['break', 'count', 'when']"", ""measures.0 has no quoted requirement.""]","The pipeline returns exactly the 10 required investors in the correct tie-broken order, each with 6 cash-flow transactions.",12.31,"{""Q1"": ""SELECT investor_id,\n       COUNT(cash_flow_id) AS cash_flow_count\nFROM ATOM_EVENT_CASH_FLOW_001\nGROUP BY investor_id\nORDER BY cash_flow_count DESC,\n         investor_id ASC\nLIMIT 10;""}"
wealth_management_temporal_transaction_125_questions:TT125-013,What is the total transaction amount recorded for Lump Sum transactions?,wealth_management_temporal_transaction_125_questions.csv,PIPELINE_SUCCESS,MATCH,MATCH,SQL,,[],[],"[""measures.0 has no quoted requirement.""]","The pipeline returns the total amount for Lump Sum transactions, matching the ground truth exactly.",12.86,"{""Q1"": ""SELECT SUM(amount) AS total_lump_sum_amount\nFROM ATOM_EVENT_CASH_FLOW_001\nWHERE type = 'Lump Sum';""}"
wealth_management_temporal_transaction_125_questions:TT125-010,What was the net cash flow (sum of all transaction amounts) during calendar year 2023?,wealth_management_temporal_transaction_125_questions.csv,PIPELINE_SUCCESS,MATCH,MATCH,KG,,[],[],"[""Requirement introduces unsupported terms: ['01', '12', '31', 'between']""]",The pipeline reports the same net cash flow for calendar year 2023 as the ground truth.,20.514,"{""Q1"": ""PREFIX wm: <https://wealth.example.org/ontology/>\nPREFIX rdf: <http://www.w3.org/1999/02/22-rdf-syntax-ns#>\nPREFIX xsd: <http://www.w3.org/2001/XMLSchema#>\n\nSELECT (SUM(xsd:decimal(?amount)) AS ?net_cash_flow) WHERE {\n  ?cf rdf:type wm:CashFlow .\n  ?cf wm:amount ?amount .\n  ?cf wm:date ?date .\n  FILTER ( ?date >= \""2023-01-01\""^^xsd:date && ?date <= \""2023-12-31\""^^xsd:date )\n}""}"
wealth_management_temporal_transaction_125_questions:TT125-014,What was the net cash flow (sum of all transaction amounts) during calendar year 2024?,wealth_management_temporal_transaction_125_questions.csv,PIPELINE_SUCCESS,MATCH,MATCH,KG,,[],[],[],"The pipeline returns the net cash flow for calendar year 2024, and the value matches the ground truth exactly.",19.619,"{""Q1"": ""PREFIX wm: <https://wealth.example.org/ontology/>\nPREFIX xsd: <http://www.w3.org/2001/XMLSchema#>\n\nSELECT (SUM(xsd:decimal(?amount)) AS ?net_cash_flow)\nWHERE {\n  ?cf a wm:CashFlow .\n  ?cf wm:amount ?amount .\n  ?cf wm:date ?date .\n  FILTER ( ?date >= \""2024-01-01\""^^xsd:date && ?date <= \""2024-12-31\""^^xsd:date )\n}""}"
wealth_management_temporal_transaction_125_questions:TT125-012,List investors whose total deposits exceed 100000.,wealth_management_temporal_transaction_125_questions.csv,DAG_NODE_ERROR,MISMATCH,MATCH,SQL,Q1:Query_Spec_Contract,"[""aggregate_alias_contract""]","[""measures.1.aggregate_filters.0: predicate must reference the owning measure alias.""]","[""Requirement introduces unsupported terms: ['consider', 'only', 'row', 'where']"", ""group_by.0 has no quoted requirement."", ""measures.0 has no quoted requirement.""]","The pipeline returned a failure message rather than investor rows, while the ground truth contains one qualifying investor.",33.182,"{""Q1"": """"}"
wealth_management_temporal_transaction_125_questions:TT125-015,Which 10 investors have the highest total Deposit amount?,wealth_management_temporal_transaction_125_questions.csv,PIPELINE_SUCCESS,MATCH,MATCH,SQL,,[],[],"[""group_by.0 has no quoted requirement.""]","The pipeline returns exactly the 10 investors with the highest total Deposit amounts, in the same descending order and with matching totals.",24.217,"{""Q1"": ""WITH cash_deposit AS (\n    SELECT investor_id,\n           SUM(amount) AS total_deposit_amount\n    FROM ATOM_EVENT_CASH_FLOW_001\n    WHERE type = 'Deposit'\n    GROUP BY investor_id\n)\nSELECT p.investor_id,\n       d.total_deposit_amount\nFROM ATOM_ENTITY_INVESTOR_PROFILE_001 AS p\nINNER JOIN cash_deposit AS d\n    ON p.investor_id = d.investor_id\nORDER BY d.total_deposit_amount DESC,\n         p.investor_id ASC\nLIMIT 10;""}"
wealth_management_temporal_transaction_125_questions:TT125-019,Which 10 investors have the highest total SIP amount?,wealth_management_temporal_transaction_125_questions.csv,PIPELINE_SUCCESS,MATCH,MATCH,SQL,,[],[],"[""group_by.0 has no quoted requirement."", ""measures.0 has no quoted requirement.""]","The pipeline returns exactly the 10 highest-SIP investors in the correct descending order, with totals matching the ground truth.",15.9,"{""Q1"": ""SELECT\n    investor_id,\n    SUM(amount) AS total_sip_amount\nFROM ATOM_EVENT_CASH_FLOW_001\nWHERE type = 'SIP'\nGROUP BY investor_id\nORDER BY total_sip_amount DESC, investor_id ASC\nLIMIT 10;""}"
wealth_management_temporal_transaction_125_questions:TT125-016,List investors who recorded more than 5 cash-flow transactions.,wealth_management_temporal_transaction_125_questions.csv,DAG_NODE_ERROR,MISMATCH,MATCH,SQL,Q1:Query_Spec_Contract,"[""aggregate_alias_contract""]","[""measures.0.aggregate_filters.0: predicate must reference the owning measure alias.""]","[""group_by.0 has no quoted requirement."", ""group_by.1 has no quoted requirement.""]","The pipeline returned no investor rows because the query failed, while the ground truth contains 80 investors with more than 5 cash-flow transactions.",38.152,"{""Q1"": """"}"
wealth_management_temporal_transaction_125_questions:TT125-020,List all Deposit transactions with an amount above 3500 recorded on or after 2024-01-01.,wealth_management_temporal_transaction_125_questions.csv,DAG_NODE_ERROR,MISMATCH,MATCH,SQL,Q1:Query_Spec_Contract,"[""unknown_source"", ""physical_as_source""]","[""Unknown source: physical"", ""measures.0: unknown source 'physical'."", ""measures.1: unknown source 'physical'."", ""measures.2: unknown source 'physical'."", ""measures.3: unknown source 'physical'."", ""measures.4: unknown source 'physical'."", ""measures.5: unknown source 'physical'."", ""measures.6: unknown source 'physical'."", ""filters.0: unknown source 'physical'."", ""filters.1: unknown source 'physical'."", ""filters.2: unknown source 'physical'.""]","[""measures.0 has no quoted requirement."", ""measures.1 has no quoted requirement."", ""measures.2 has no quoted requirement."", ""measures.3 has no quoted requirement."", ""measures.5 has no quoted requirement."", ""measures.6 has no quoted requirement.""]","The pipeline returned no transaction rows because the query failed, while the ground truth contains many qualifying Deposit transactions.",14.683,"{""Q1"": """"}"
wealth_management_temporal_transaction_125_questions:TT125-017,"What is the total transaction amount recorded for Redemption transactions, expressed as a positive outflow amount?",wealth_management_temporal_transaction_125_questions.csv,DAG_NODE_ERROR,MISMATCH,MATCH,SQL,Q1:Query_Spec_Contract,"[""unknown_source"", ""physical_as_source"", ""invalid_operand_kind""]","[""Unknown source: physical"", ""measures.0: operand_kind must be physical or aliases."", ""measures.1: unknown source 'physical'."", ""filters.0: unknown source 'physical'.""]","[""measures.1 has no quoted requirement.""]",The pipeline returned a query failure message rather than the required total Redemption transaction outflow amount.,41.145,"{""Q1"": """"}"
wealth_management_temporal_transaction_125_questions:TT125-018,What was the net cash flow (sum of all transaction amounts) during calendar year 2025?,wealth_management_temporal_transaction_125_questions.csv,PIPELINE_SUCCESS,MATCH,MATCH,KG,,[],[],"[""Requirement introduces unsupported terms: ['01', '12', '31', 'between']""]",The pipeline reports the same net cash flow for calendar year 2025 as the ground truth.,48.489,"{""Q1"": ""PREFIX rdf: <http://www.w3.org/1999/02/22-rdf-syntax-ns#>\nPREFIX wm: <https://wealth.example.org/ontology/>\nPREFIX xsd: <http://www.w3.org/2001/XMLSchema#>\n\nSELECT (SUM(xsd:decimal(?amount)) AS ?net_cash_flow)\nWHERE {\n  ?cf a wm:CashFlow ;\n      wm:amount ?amount ;\n      wm:date ?date .\n  FILTER(?date >= \""2025-01-01\""^^xsd:date && ?date <= \""2025-12-31\""^^xsd:date)\n}""}"
wealth_management_temporal_transaction_125_questions:TT125-021,What is the total transaction amount recorded for SIP transactions?,wealth_management_temporal_transaction_125_questions.csv,PIPELINE_SUCCESS,MATCH,MATCH,SQL,,[],[],"[""measures.0 has no quoted requirement.""]","The pipeline returns the total amount for SIP transactions, and the value matches the ground truth exactly.",26.696,"{""Q1"": ""SELECT SUM(amount) AS total_sip_amount\nFROM ATOM_EVENT_CASH_FLOW_001\nWHERE type = 'SIP';""}"
wealth_management_temporal_transaction_125_questions:TT125-022,How many transactions were recorded during calendar year 2021?,wealth_management_temporal_transaction_125_questions.csv,PIPELINE_SUCCESS,MATCH,MATCH,SQL,,[],[],"[""Requirement introduces unsupported terms: ['01', '12', '31', 'between']"", ""Requirement introduces unsupported terms: ['count']""]","The pipeline reports 971 transactions, exactly matching the ground truth for calendar year 2021.",19.585,"{""Q1"": ""SELECT COUNT(cash_flow_id) AS transaction_count\nFROM ATOM_EVENT_CASH_FLOW_001\nWHERE date BETWEEN '2021-01-01' AND '2021-12-31';""}"
wealth_management_temporal_transaction_125_questions:TT125-025,What is the total transaction amount recorded for Tax Refund transactions?,wealth_management_temporal_transaction_125_questions.csv,PIPELINE_SUCCESS,MATCH,MATCH,SQL,,[],[],"[""Requirement introduces unsupported terms: ['only']""]",The pipeline total transaction amount exactly matches the ground truth for Tax Refund transactions.,12.709,"{""Q1"": ""SELECT SUM(amount) AS total_amount\nFROM ATOM_EVENT_CASH_FLOW_001\nWHERE type = 'Tax Refund';""}"
wealth_management_temporal_transaction_125_questions:TT125-024,List all SIP transactions with an amount above 3500 recorded on or after 2024-01-01.,wealth_management_temporal_transaction_125_questions.csv,PIPELINE_SUCCESS,MATCH,MATCH,SQL,,[],[],[],"The pipeline returns the complete set of SIP transactions dated on or after 2024-01-01 with amounts greater than 3500. Each required investor, date, and amount matches the ground truth; additional transaction-detail columns are harmless.",16.579,"{""Q1"": ""SELECT cash_flow_id, investor_id, date, type, amount, source, notes\nFROM ATOM_EVENT_CASH_FLOW_001\nWHERE type = 'SIP'\n  AND amount > 3500\n  AND date >= '2024-01-01';""}"
wealth_management_temporal_transaction_125_questions:TT125-023,Which 10 investors have the highest total Tax Refund amount?,wealth_management_temporal_transaction_125_questions.csv,PIPELINE_SUCCESS,MATCH,MATCH,SQL,,[],[],"[""group_by.0 has no quoted requirement."", ""group_by.1 has no quoted requirement.""]","The pipeline returns exactly the 10 required investors in the correct descending ranking order, with total Tax Refund amounts matching the ground truth. Investor names are harmless additional fields.",28.79,"{""Q1"": ""WITH tax_refund AS (\n    SELECT investor_id,\n           SUM(amount) AS total_tax_refund\n    FROM ATOM_EVENT_CASH_FLOW_001\n    WHERE type = 'Tax Refund'\n    GROUP BY investor_id\n)\nSELECT p.investor_id,\n       p.investor_name,\n       tr.total_tax_refund\nFROM ATOM_ENTITY_INVESTOR_PROFILE_001 AS p\nINNER JOIN tax_refund AS tr\n        ON p.investor_id = tr.investor_id\nORDER BY tr.total_tax_refund DESC,\n         p.investor_id ASC\nLIMIT 10;""}"
wealth_management_temporal_transaction_125_questions:TT125-027,Which 10 investors have the highest total Lump Sum amount?,wealth_management_temporal_transaction_125_questions.csv,PIPELINE_SUCCESS,MATCH,MATCH,SQL,,[],[],"[""group_by.0 has no quoted requirement."", ""measures.0 has no quoted requirement.""]","The pipeline returns exactly the 10 ground-truth investors in the correct descending order, with matching total Lump Sum amounts.",16.007,"{""Q1"": ""WITH aggregated AS (\n    SELECT investor_id,\n           SUM(amount) AS total_lump_sum\n    FROM ATOM_EVENT_CASH_FLOW_001\n    WHERE type = 'Lump Sum'\n    GROUP BY investor_id\n)\nSELECT investor_id,\n       total_lump_sum\nFROM aggregated\nORDER BY total_lump_sum DESC, investor_id\nLIMIT 10;""}"
wealth_management_temporal_transaction_125_questions:TT125-026,How many transactions were recorded during calendar year 2022?,wealth_management_temporal_transaction_125_questions.csv,PIPELINE_SUCCESS,MATCH,MATCH,SQL,,[],[],"[""Requirement introduces unsupported terms: ['01', '12', '31', 'between']"", ""Requirement introduces unsupported terms: ['count']""]",The pipeline result exactly matches the ground truth transaction count for calendar year 2022.,25.534,"{""Q1"": ""SELECT COUNT(cash_flow_id) AS transaction_count\nFROM ATOM_EVENT_CASH_FLOW_001\nWHERE date BETWEEN '2022-01-01' AND '2022-12-31';""}"
wealth_management_temporal_transaction_125_questions:TT125-029,"What is the total transaction amount recorded for Withdrawal transactions, expressed as a positive outflow amount?",wealth_management_temporal_transaction_125_questions.csv,PIPELINE_SUCCESS,MISMATCH,MISMATCH,SQL,,[],[],"[""measures.0 has no quoted requirement.""]",The question requires the total Withdrawal amount expressed as a positive outflow. The pipeline returned the correct magnitude but as a negative value.,16.921,"{""Q1"": ""SELECT SUM(amount) AS total_withdrawal_amount\nFROM ATOM_EVENT_CASH_FLOW_001\nWHERE type = 'Withdrawal';""}"
wealth_management_temporal_transaction_125_questions:TT125-028,List all Lump Sum transactions with an amount above 3500 recorded on or after 2024-01-01.,wealth_management_temporal_transaction_125_questions.csv,PIPELINE_SUCCESS,MATCH,MATCH,SQL,,[],[],"[""measures.0 has no quoted requirement."", ""measures.1 has no quoted requirement."", ""measures.2 has no quoted requirement."", ""measures.3 has no quoted requirement."", ""measures.5 has no quoted requirement."", ""measures.6 has no quoted requirement.""]","The pipeline returns the complete set of Lump Sum transactions dated on or after 2024-01-01 with amounts above 3500. Each required investor, date, and amount matches the ground truth; additional transaction-detail columns are harmless.",23.829,"{""Q1"": ""SELECT cash_flow_id, investor_id, date, type, amount, source, notes\nFROM ATOM_EVENT_CASH_FLOW_001\nWHERE type = 'Lump Sum'\n  AND amount > 3500\n  AND date >= '2024-01-01';""}"
wealth_management_temporal_transaction_125_questions:TT125-031,Which 10 investors have the highest total Dividend Reinvestment amount?,wealth_management_temporal_transaction_125_questions.csv,PIPELINE_SUCCESS,MATCH,MATCH,SQL,,[],[],"[""group_by.0 has no quoted requirement.""]","All 10 investors are present in the correct descending ranking, and each total Dividend Reinvestment amount matches the ground truth. The additional cash_flow_id field is harmless.",18.004,"{""Q1"": ""WITH investor_totals AS (\n    SELECT\n        investor_id,\n        MIN(cash_flow_id) AS cash_flow_id,\n        SUM(amount) AS total_dividend_reinvestment_amount\n    FROM ATOM_EVENT_CASH_FLOW_001\n    WHERE type = 'Dividend Reinvestment'\n    GROUP BY investor_id\n)\nSELECT\n    investor_id,\n    cash_flow_id,\n    total_dividend_reinvestment_amount\nFROM investor_totals\nORDER BY total_dividend_reinvestment_amount DESC, investor_id ASC\nLIMIT 10;""}"
wealth_management_temporal_transaction_125_questions:TT125-030,How many transactions were recorded during calendar year 2023?,wealth_management_temporal_transaction_125_questions.csv,PIPELINE_SUCCESS,MATCH,MATCH,SQL,,[],[],"[""Requirement introduces unsupported terms: ['01', '12', '31', 'between']"", ""measures.0 has no quoted requirement.""]",The pipeline result exactly matches the ground-truth transaction count for calendar year 2023.,21.424,"{""Q1"": ""SELECT COUNT(cash_flow_id) AS transaction_count\nFROM ATOM_EVENT_CASH_FLOW_001\nWHERE date BETWEEN '2023-01-01' AND '2023-12-31';""}"
wealth_management_temporal_transaction_125_questions:TT125-032,List the transactions with an amount above 3500 that were recorded during calendar year 2025.,wealth_management_temporal_transaction_125_questions.csv,PIPELINE_SUCCESS,PARTIAL,MATCH,KG,,[],[],"[""measures.0 has no quoted requirement."", ""measures.2 has no quoted requirement."", ""measures.3 has no quoted requirement."", ""measures.4 has no quoted requirement."", ""measures.5 has no quoted requirement.""]","The pipeline returns many valid 2025 transactions with amounts above 3500, but it omits required matching transactions whose type is null.",20.396,"{""Q1"": ""PREFIX wm: <https://wealth.example.org/ontology/>\nPREFIX rdf: <http://www.w3.org/1999/02/22-rdf-syntax-ns#>\nPREFIX rdfs: <http://www.w3.org/2000/01/rdf-schema#>\nPREFIX xsd: <http://www.w3.org/2001/XMLSchema#>\n\nSELECT ?cashFlowId ?amount ?date ?source ?type ?label\nWHERE {\n  ?cf a wm:CashFlow ;\n      wm:cashFlowId ?cashFlowId ;\n      wm:amount ?amount ;\n      wm:date ?date ;\n      wm:source ?source ;\n      wm:type ?type ;\n      rdfs:label ?label .\n  FILTER(?amount > 3500)\n  FILTER(?date >= \""2025-01-01\""^^xsd:date && ?date <= \""2025-12-31\""^^xsd:date)\n}""}"
wealth_management_temporal_transaction_125_questions:TT125-033,What is the average amount of Deposit transactions in the cash-flow log?,wealth_management_temporal_transaction_125_questions.csv,PIPELINE_SUCCESS,MATCH,MATCH,SQL,,[],[],"[""measures.0 has no quoted requirement.""]","The pipeline returns the average Deposit transaction amount, and it matches the ground truth within rounding tolerance.",17.081,"{""Q1"": ""SELECT AVG(amount) AS average_amount\nFROM ATOM_EVENT_CASH_FLOW_001\nWHERE type = 'Deposit';""}"
wealth_management_temporal_transaction_125_questions:TT125-035,"Which 10 investors have the largest total Withdrawal outflow, shown as a positive amount (investors whose Withdrawal amounts are all missing are excluded)?",wealth_management_temporal_transaction_125_questions.csv,DAG_NODE_ERROR,MISMATCH,MISMATCH,SQL,Q1:Query_Spec_Contract,"[""unknown_source""]","[""Unknown source: entity"", ""Unknown source: event"", ""group_by.0: unknown source 'entity'."", ""group_by.1: unknown source 'entity'."", ""measures.0: unknown source 'event'."", ""filters.0: unknown source 'event'.""]","[""group_by.0 has no quoted requirement."", ""group_by.1 has no quoted requirement.""]","Pipeline returned no answer rows because the query failed, while the ground truth contains 10 required investors and withdrawal totals.",13.358,"{""Q1"": """"}"
wealth_management_temporal_transaction_125_questions:TT125-034,How many transactions were recorded during calendar year 2024?,wealth_management_temporal_transaction_125_questions.csv,PIPELINE_SUCCESS,MATCH,MATCH,SQL,,[],[],"[""measures.0 has no quoted requirement.""]",The pipeline returns the exact transaction count required for calendar year 2024.,22.717,"{""Q1"": ""SELECT COUNT(cash_flow_id) AS transaction_count\nFROM ATOM_EVENT_CASH_FLOW_001\nWHERE date BETWEEN '2024-01-01' AND '2024-12-31';""}"
wealth_management_temporal_transaction_125_questions:TT125-036,"List investors whose total withdrawals exceeded 200000 in absolute terms, showing the total as a positive amount.",wealth_management_temporal_transaction_125_questions.csv,DAG_NODE_ERROR,MISMATCH,MISMATCH,SQL,Q1:Query_Spec_Contract,"[""aggregate_alias_contract""]","[""measures.0.aggregate_filters.0: predicate must reference the owning measure alias.""]","[""group_by.0 has no quoted requirement.""]","The pipeline returned no answer rows because the query failed, while the ground truth contains four required investors and withdrawal totals.",17.523,"{""Q1"": """"}"
wealth_management_temporal_transaction_125_questions:TT125-037,What is the average amount of Dividend Reinvestment transactions in the cash-flow log?,wealth_management_temporal_transaction_125_questions.csv,PIPELINE_SUCCESS,MATCH,MATCH,SQL,,[],[],"[""measures.0 has no quoted requirement.""]","The pipeline reports the average Dividend Reinvestment transaction amount, and it matches the ground truth within the allowed numeric tolerance.",17.303,"{""Q1"": ""SELECT AVG(amount) AS average_amount FROM ATOM_EVENT_CASH_FLOW_001 WHERE type = 'Dividend Reinvestment';""}"
wealth_management_temporal_transaction_125_questions:TT125-038,How many transactions were recorded during calendar year 2025?,wealth_management_temporal_transaction_125_questions.csv,PIPELINE_SUCCESS,MATCH,MATCH,SQL,,[],[],"[""Requirement introduces unsupported terms: ['01', '12', '31', 'between']"", ""measures.0 has no quoted requirement.""]",The pipeline returns the same transaction count for calendar year 2025 as the ground truth.,9.205,"{""Q1"": ""SELECT COUNT(cash_flow_id) AS transaction_count\nFROM ATOM_EVENT_CASH_FLOW_001\nWHERE date BETWEEN '2025-01-01' AND '2025-12-31';""}"
wealth_management_temporal_transaction_125_questions:TT125-039,"Which 10 investors have the largest total Redemption outflow, shown as a positive amount (investors whose Redemption amounts are all missing are excluded)?",wealth_management_temporal_transaction_125_questions.csv,DAG_NODE_ERROR,MISMATCH,MATCH,SQL,Q1:Query_Spec_Contract,"[""unknown_source""]","[""Unknown source: event"", ""group_by.0: unknown source 'event'."", ""measures.0: unknown source 'event'."", ""filters.0: unknown source 'event'.""]","[""Requirement introduces unsupported terms: ['top']"", ""group_by.0 has no quoted requirement.""]","The pipeline returned no investor rows because the query failed, while the ground truth requires 10 ranked investors with total Redemption outflows.",10.474,"{""Q1"": """"}"
wealth_management_temporal_transaction_125_questions:TT125-040,What is the average amount of Interest Credit transactions in the cash-flow log?,wealth_management_temporal_transaction_125_questions.csv,PIPELINE_SUCCESS,MATCH,MATCH,SQL,,[],[],"[""measures.0 has no quoted requirement.""]","The pipeline reports the average amount of Interest Credit transactions, and its value matches the ground truth within the allowed numeric tolerance.",17.905,"{""Q1"": ""SELECT AVG(amount) AS average_amount\nFROM ATOM_EVENT_CASH_FLOW_001\nWHERE type = 'Interest Credit';""}"
wealth_management_temporal_transaction_125_questions:TT125-043,What is the average amount of Lump Sum transactions in the cash-flow log?,wealth_management_temporal_transaction_125_questions.csv,PIPELINE_SUCCESS,MATCH,MATCH,SQL,,[],[],"[""measures.0 has no quoted requirement.""]","The pipeline reports the average Lump Sum transaction amount as 758450.0205183586, which matches the ground truth average of 758450.02 within numeric tolerance.",9.617,"{""Q1"": ""SELECT AVG(amount) AS average_amount\nFROM ATOM_EVENT_CASH_FLOW_001\nWHERE type = 'Lump Sum';""}"
wealth_management_temporal_transaction_125_questions:TT125-042,Which 10 investors have the highest total net cash flow during calendar year 2024?,wealth_management_temporal_transaction_125_questions.csv,PIPELINE_SUCCESS,MATCH,MATCH,SQL,,[],[],"[""Requirement introduces unsupported terms: ['per']"", ""group_by.0 has no quoted requirement.""]","All 10 required investors are present in the correct descending ranking order, with net cash flow totals matching the ground truth exactly.",18.31,"{""Q1"": ""SELECT investor_id,\n       SUM(amount) AS total_net_cash_flow\nFROM ATOM_EVENT_CASH_FLOW_001\nWHERE date BETWEEN '2024-01-01' AND '2024-12-31'\nGROUP BY investor_id\nORDER BY total_net_cash_flow DESC,\n         investor_id ASC\nLIMIT 10;""}"
wealth_management_temporal_transaction_125_questions:TT125-041,How many transactions occurred on or after 2022-01-01?,wealth_management_temporal_transaction_125_questions.csv,PIPELINE_SUCCESS,MATCH,MATCH,SQL,,[],[],"[""measures.0 has no quoted requirement.""]",The pipeline returns the exact transaction count required for transactions on or after 2022-01-01.,21.167,"{""Q1"": ""SELECT COUNT(cash_flow_id) AS transaction_count\nFROM ATOM_EVENT_CASH_FLOW_001\nWHERE date >= '2022-01-01';""}"
wealth_management_temporal_transaction_125_questions:TT125-046,How many transactions occurred on or after 2024-01-01?,wealth_management_temporal_transaction_125_questions.csv,DAG_NODE_ERROR,MISMATCH,MATCH,SQL,Q1:Query_Spec_Contract,"[""unknown_source"", ""physical_as_source""]","[""Unknown source: physical"", ""measures.0: unknown source 'physical'."", ""filters.0: unknown source 'physical'.""]","[""measures.0 has no quoted requirement.""]",The pipeline returned a failure message instead of the required transaction count.,9.258,"{""Q1"": """"}"
wealth_management_temporal_transaction_125_questions:TT125-045,"What is the average amount of Redemption transactions in the cash-flow log, expressed as a positive outflow amount?",wealth_management_temporal_transaction_125_questions.csv,PIPELINE_SUCCESS,MATCH,MISMATCH,SQL,,[],[],[],"The pipeline returns the average Redemption amount as 364444.2436670688, which matches the ground-truth positive outflow average of 364444.24 within numeric tolerance.",14.194,"{""Q1"": ""SELECT AVG(ABS(amount)) AS avg_redemption_amount\nFROM ATOM_EVENT_CASH_FLOW_001\nWHERE type = 'Redemption';""}"
wealth_management_temporal_transaction_125_questions:TT125-047,What is the average amount of SIP transactions in the cash-flow log?,wealth_management_temporal_transaction_125_questions.csv,PIPELINE_SUCCESS,MATCH,MATCH,SQL,,[],[],"[""measures.0 has no quoted requirement.""]","The pipeline returns the average SIP transaction amount, and it matches the ground truth within the allowed numeric tolerance.",18.63,"{""Q1"": ""SELECT AVG(amount) AS average_amount\nFROM ATOM_EVENT_CASH_FLOW_001\nWHERE type = 'SIP';""}"
wealth_management_temporal_transaction_125_questions:TT125-044,How many transactions occurred on or after 2023-01-01?,wealth_management_temporal_transaction_125_questions.csv,PIPELINE_SUCCESS,MATCH,MATCH,SQL,,[],[],"[""measures.0 has no quoted requirement.""]",The pipeline returns the same transaction count required by the question.,23.531,"{""Q1"": ""SELECT COUNT(cash_flow_id) AS transaction_count\nFROM ATOM_EVENT_CASH_FLOW_001\nWHERE date >= '2023-01-01';""}"
wealth_management_temporal_transaction_125_questions:TT125-048,How many transactions occurred on or after 2024-07-01?,wealth_management_temporal_transaction_125_questions.csv,PIPELINE_SUCCESS,MATCH,MATCH,SQL,,[],[],"[""Requirement introduces unsupported terms: ['count']""]",The pipeline answer exactly matches the required transaction count for transactions on or after 2024-07-01.,15.935,"{""Q1"": ""SELECT COUNT(cash_flow_id) AS transaction_count\nFROM ATOM_EVENT_CASH_FLOW_001\nWHERE date >= '2024-07-01';""}"
wealth_management_temporal_transaction_125_questions:TT125-049,What is the average amount of Tax Refund transactions in the cash-flow log?,wealth_management_temporal_transaction_125_questions.csv,DAG_NODE_ERROR,MISMATCH,MATCH,SQL,Q1:Query_Spec_Contract,"[""unknown_source"", ""physical_as_source""]","[""Unknown source: physical""]","[""measures.0 has no quoted requirement.""]",The pipeline returned a query failure message rather than the requested average amount for Tax Refund transactions.,13.983,"{""Q1"": """"}"
wealth_management_temporal_transaction_125_questions:TT125-052,How many transactions occurred on or after 2025-07-01?,wealth_management_temporal_transaction_125_questions.csv,PIPELINE_SUCCESS,MATCH,MATCH,SQL,,[],[],"[""measures.0 has no quoted requirement.""]",The pipeline returns the correct transaction count for transactions on or after 2025-07-01.,8.012,"{""Q1"": ""SELECT COUNT(cash_flow_id) AS transaction_count\nFROM ATOM_EVENT_CASH_FLOW_001\nWHERE date >= '2025-07-01';""}"
wealth_management_temporal_transaction_125_questions:TT125-051,"What is the average amount of Withdrawal transactions in the cash-flow log, expressed as a positive outflow amount?",wealth_management_temporal_transaction_125_questions.csv,PIPELINE_SUCCESS,MATCH,MATCH,SQL,,[],[],"[""measures.0 has no quoted requirement.""]","The pipeline correctly reports the average Withdrawal magnitude; although signed negative, its absolute value matches the requested positive outflow amount within tolerance.",14.816,"{""Q1"": ""SELECT AVG(amount) AS average_withdrawal_amount\nFROM ATOM_EVENT_CASH_FLOW_001\nWHERE type = 'Withdrawal';""}"
wealth_management_temporal_transaction_125_questions:TT125-054,What was the total Deposit amount recorded in calendar year 2024?,wealth_management_temporal_transaction_125_questions.csv,PIPELINE_SUCCESS,MATCH,MISMATCH,SQL,,[],[],"[""measures.0 has no quoted requirement.""]","The pipeline returns the total Deposit amount for calendar year 2024, and it exactly matches the ground truth.",11.001,"{""Q1"": ""SELECT SUM(amount) AS total_deposit_amount\nFROM ATOM_EVENT_CASH_FLOW_001\nWHERE type = 'Deposit'\n  AND date BETWEEN '2024-01-01' AND '2024-12-31';""}"
wealth_management_temporal_transaction_125_questions:TT125-050,How many transactions occurred on or after 2025-01-01?,wealth_management_temporal_transaction_125_questions.csv,PIPELINE_SUCCESS,MATCH,MATCH,SQL,,[],[],"[""measures.0 has no quoted requirement.""]",The pipeline returns the same transaction count required by the question.,23.665,"{""Q1"": ""SELECT COUNT(cash_flow_id) AS transaction_count\nFROM ATOM_EVENT_CASH_FLOW_001\nWHERE date >= '2025-01-01';""}"
wealth_management_temporal_transaction_125_questions:TT125-053,"What is the net transaction amount (sum of signed amounts: inflows positive, outflows negative) processed through the Auto-debit channel?",wealth_management_temporal_transaction_125_questions.csv,PIPELINE_SUCCESS,MISMATCH,MATCH,SQL,,[],[],"[""measures.0 has no quoted requirement.""]",The reported net transaction amount does not match the ground truth for the Auto-debit channel.,18.397,"{""Q1"": ""SELECT SUM(CASE WHEN type IN ('Deposit','Dividend Reinvestment','Interest Credit','Lump Sum','SIP','Tax Refund') THEN amount WHEN type IN ('Redemption','Withdrawal') THEN -amount ELSE 0 END) AS net_transaction_amount\nFROM ATOM_EVENT_CASH_FLOW_001\nWHERE source = 'Auto-debit';""}"
wealth_management_temporal_transaction_125_questions:TT125-055,"What is the net transaction amount (sum of signed amounts: inflows positive, outflows negative) processed through the Bank Transfer channel?",wealth_management_temporal_transaction_125_questions.csv,DAG_NODE_ERROR,MISMATCH,MATCH,SQL,Q1:Query_Spec_Contract,"[""unknown_source"", ""unresolved"", ""physical_as_source""]","[""Unresolved requirements: [{'text': 'Mapping of transaction \""type\"" values to sign (positive for inflows, negative for outflows) is not defined in the schema or supplied metadata.'}]"", ""Unknown source: physical"", ""measures.0: unknown source 'physical'."", ""filters.0: unknown source 'physical'.""]","[""Requirement introduces unsupported terms: ['only', 'where']"", ""Requirement introduces unsupported terms: ['apply', 'sign']"", ""Requirement has no implementation: Apply sign to amounts: inflows positive, outflows negative"", ""measures.0 has no quoted requirement.""]",The pipeline returned an execution failure rather than the requested net transaction amount for the Bank Transfer channel.,14.666,"{""Q1"": """"}"
wealth_management_temporal_transaction_125_questions:TT125-056,What was the total Dividend Reinvestment amount recorded in calendar year 2024?,wealth_management_temporal_transaction_125_questions.csv,PIPELINE_SUCCESS,MATCH,MATCH,SQL,,[],[],[],"The pipeline returns the total Dividend Reinvestment amount for calendar year 2024, matching the ground truth exactly.",13.271,"{""Q1"": ""SELECT SUM(amount) AS total_dividend_reinvestment_amount\nFROM ATOM_EVENT_CASH_FLOW_001\nWHERE type = 'Dividend Reinvestment'\n  AND date BETWEEN '2024-01-01' AND '2024-12-31';""}"
wealth_management_temporal_transaction_125_questions:TT125-058,What was the total Interest Credit amount recorded in calendar year 2024?,wealth_management_temporal_transaction_125_questions.csv,PIPELINE_SUCCESS,MATCH,MATCH,SQL,,[],[],"[""filters.0 has no quoted requirement.""]","The pipeline reports the total Interest Credit amount for calendar year 2024 as 449965.0, matching the ground truth.",16.179,"{""Q1"": ""SELECT SUM(amount) AS total_interest_credit_amount_2024\nFROM ATOM_EVENT_CASH_FLOW_001\nWHERE type = 'Interest Credit'\n  AND date BETWEEN '2024-01-01' AND '2024-12-31';""}"
wealth_management_temporal_transaction_125_questions:TT125-059,"What is the net transaction amount (sum of signed amounts: inflows positive, outflows negative) processed through the Cheque channel?",wealth_management_temporal_transaction_125_questions.csv,DAG_NODE_ERROR,MISMATCH,MISMATCH,SQL,Q1:Query_Spec_Contract,"[""unknown_source"", ""physical_as_source""]","[""Unknown source: physical"", ""measures.0: unknown source 'physical'."", ""filters.0: unknown source 'physical'.""]",[],The pipeline returned a failure message instead of the requested net transaction amount for the Cheque channel.,12.06,"{""Q1"": """"}"
wealth_management_temporal_transaction_125_questions:TT125-057,"What is the net transaction amount (sum of signed amounts: inflows positive, outflows negative) processed through the Cash channel?",wealth_management_temporal_transaction_125_questions.csv,DAG_NODE_ERROR,MISMATCH,MATCH,SQL,Q1:Query_Spec_Contract,"[""unresolved""]","[""Unresolved requirements: [{'text': \""Mapping of transaction 'type' values to signed direction (inflow vs outflow) is not defined in the schema or supplied metadata\""}]""]","[""Requirement introduces unsupported terms: ['as', 'summing', 'treat', 'when']"", ""Requirement has no implementation: Treat inflow transaction types as positive and outflow types as negative when summing amount"", ""measures.0 has no quoted requirement.""]",The pipeline returned a failure message instead of the required net transaction amount for the Cash channel.,19.3,"{""Q1"": """"}"
wealth_management_temporal_transaction_125_questions:TT125-060,What was the total Lump Sum amount recorded in calendar year 2024?,wealth_management_temporal_transaction_125_questions.csv,PIPELINE_SUCCESS,MATCH,MATCH,SQL,,[],[],[],"The pipeline returns the total Lump Sum amount for calendar year 2024, and it exactly matches the ground truth.",16.331,"{""Q1"": ""SELECT SUM(amount) AS total_lump_sum_amount\nFROM ATOM_EVENT_CASH_FLOW_001\nWHERE type = 'Lump Sum'\n  AND date BETWEEN '2024-01-01' AND '2024-12-31';""}"
wealth_management_temporal_transaction_125_questions:TT125-061,"What is the net transaction amount (sum of signed amounts: inflows positive, outflows negative) processed through the Credit Card channel?",wealth_management_temporal_transaction_125_questions.csv,DAG_NODE_ERROR,MISMATCH,MISMATCH,SQL,Q1:Query_Spec_Contract,"[""unresolved""]","[""Unresolved requirements: [{'text': 'Determine which transaction types are inflows vs outflows to apply sign to the amount'}]""]","[""Requirement introduces unsupported terms: ['only', 'proces', 'where']"", ""Requirement has no implementation: sum of signed amounts: inflows positive, outflows negative"", ""measures.0 has no quoted requirement.""]",The pipeline returned a failure message instead of the requested net transaction amount for the Credit Card channel.,12.017,"{""Q1"": """"}"
wealth_management_temporal_transaction_125_questions:TT125-063,"What is the net transaction amount (sum of signed amounts: inflows positive, outflows negative) processed through the Internal Transfer channel?",wealth_management_temporal_transaction_125_questions.csv,DAG_NODE_ERROR,MISMATCH,MISMATCH,SQL,Q1:Query_Spec_Contract,"[""unknown_source"", ""derived_operand_misclassified""]","[""Unknown source: derived"", ""measures.0: unknown or self-referencing formula operand 'type'."", ""measures.0: unknown or self-referencing formula operand 'amount'.""]","[""measures.0 has no quoted requirement.""]",The pipeline returned a failure message instead of the required net transaction amount for the Internal Transfer channel.,13.483,"{""Q1"": """"}"
wealth_management_temporal_transaction_125_questions:TT125-064,What was the total SIP amount recorded in calendar year 2024?,wealth_management_temporal_transaction_125_questions.csv,PIPELINE_SUCCESS,MATCH,MATCH,SQL,,[],[],"[""filters.0 has no quoted requirement.""]","The pipeline reports the total SIP amount for calendar year 2024 as 586086.0, matching the ground truth.",15.54,"{""Q1"": ""SELECT SUM(amount) AS total_sip_amount\nFROM ATOM_EVENT_CASH_FLOW_001\nWHERE type = 'SIP'\n  AND date BETWEEN '2024-01-01' AND '2024-12-31';""}"
wealth_management_temporal_transaction_125_questions:TT125-066,What was the total Tax Refund amount recorded in calendar year 2024?,wealth_management_temporal_transaction_125_questions.csv,PIPELINE_SUCCESS,MATCH,MATCH,SQL,,[],[],[],"The pipeline returns the total Tax Refund amount for calendar year 2024, matching the ground truth exactly.",14.585,"{""Q1"": ""SELECT SUM(amount) AS total_tax_refund_amount\nFROM ATOM_EVENT_CASH_FLOW_001\nWHERE type = 'Tax Refund'\n  AND date BETWEEN '2024-01-01' AND '2024-12-31';""}"
wealth_management_temporal_transaction_125_questions:TT125-065,"What is the net transaction amount (signed sum: inflows positive, outflows negative) processed through the Net Banking channel?",wealth_management_temporal_transaction_125_questions.csv,DAG_NODE_ERROR,MISMATCH,MISMATCH,SQL,Q1:Query_Spec_Contract,"[""unknown_source"", ""derived_operand_misclassified"", ""physical_as_source""]","[""Unknown source: physical"", ""measures.0: unknown or self-referencing formula operand 'type'."", ""measures.0: unknown or self-referencing formula operand 'amount'."", ""filters.0: unknown source 'physical'.""]","[""Requirement introduces unsupported terms: ['where']""]",The pipeline returned a failure message instead of the required net transaction amount for the Net Banking channel.,21.007,"{""Q1"": """"}"
wealth_management_temporal_transaction_125_questions:TT125-062,"What was the total Redemption amount recorded in calendar year 2024, expressed as a positive outflow amount?",wealth_management_temporal_transaction_125_questions.csv,PIPELINE_SUCCESS,MATCH,MATCH,SQL,,[],[],[],"The pipeline reports the total 2024 Redemption amount as 100420042.0, matching the ground truth positive outflow total.",33.086,"{""Q1"": ""WITH raw AS (\n    SELECT SUM(amount) AS raw_sum\n    FROM ATOM_EVENT_CASH_FLOW_001\n    WHERE type = 'Redemption'\n      AND date BETWEEN '2024-01-01' AND '2024-12-31'\n)\nSELECT ABS(raw_sum) AS total_redemption_amount\nFROM raw;""}"
wealth_management_temporal_transaction_125_questions:TT125-068,What was the total Withdrawal amount recorded in calendar year 2024?,wealth_management_temporal_transaction_125_questions.csv,PIPELINE_SUCCESS,MISMATCH,MISMATCH,SQL,,[],[],"[""filters.0 has no quoted requirement.""]","The pipeline returned the withdrawal total with the opposite sign. The required total amount is 200446739.0, while the answer reports -200446739.0.",8.948,"{""Q1"": ""SELECT SUM(amount) AS total_withdrawal_amount\nFROM ATOM_EVENT_CASH_FLOW_001\nWHERE type = 'Withdrawal'\n  AND date BETWEEN '2024-01-01' AND '2024-12-31';""}"
wealth_management_temporal_transaction_125_questions:TT125-070,What was the net cash flow during the first half of 2024 (1 Jan - 30 Jun 2024)?,wealth_management_temporal_transaction_125_questions.csv,PIPELINE_SUCCESS,MATCH,MISMATCH,SQL,,[],[],"[""Requirement introduces unsupported terms: ['01', '06', 'between']"", ""measures.0 has no quoted requirement.""]",The pipeline result exactly matches the ground-truth net cash flow for 1 Jan through 30 Jun 2024.,11.352,"{""Q1"": ""SELECT SUM(amount) AS net_cash_flow\nFROM ATOM_EVENT_CASH_FLOW_001\nWHERE date BETWEEN '2024-01-01' AND '2024-06-30';""}"
wealth_management_temporal_transaction_125_questions:TT125-071,What is the total net cash flow of investors with Aggressive risk tolerance?,wealth_management_temporal_transaction_125_questions.csv,PIPELINE_SUCCESS,MATCH,MISMATCH,SQL,,[],[],"[""measures.0 has no quoted requirement.""]","The pipeline returns the total net cash flow for Aggressive-risk investors, and its value matches the ground truth exactly.",12.255,"{""Q1"": ""SELECT SUM(cf.amount) AS total_net_cash_flow\nFROM ATOM_ENTITY_INVESTOR_PROFILE_001 ip\nINNER JOIN ATOM_EVENT_CASH_FLOW_001 cf ON ip.investor_id = cf.investor_id\nWHERE ip.risk_tolerance = 'Aggressive';""}"
wealth_management_temporal_transaction_125_questions:TT125-067,"What is the net transaction amount (signed sum: inflows positive, outflows negative) processed through the Systematic channel?",wealth_management_temporal_transaction_125_questions.csv,DAG_NODE_ERROR,MISMATCH,MISMATCH,SQL,Q1:Query_Spec_Contract,"[""invalid_operand_kind""]","[""measures.2: operand_kind must be physical or aliases.""]","[""measures.0 has no quoted requirement."", ""measures.1 has no quoted requirement.""]",The pipeline returned a failure message rather than the requested net transaction amount for the Systematic channel.,25.14,"{""Q1"": """"}"
wealth_management_temporal_transaction_125_questions:TT125-069,"What is the net transaction amount (signed sum: inflows positive, outflows negative) processed through the UPI channel?",wealth_management_temporal_transaction_125_questions.csv,PIPELINE_SUCCESS,MATCH,MISMATCH,KG,,[],[],"[""measures.0 has no quoted requirement.""]","The pipeline reports the net UPI transaction amount as 600992455.0, matching the ground truth total.",29.399,"{""Q1"": ""PREFIX wm: <https://wealth.example.org/ontology/>\nPREFIX rdf: <http://www.w3.org/1999/02/22-rdf-syntax-ns#>\n\nSELECT (SUM(?amount) AS ?net_amount)\nWHERE {\n  ?cf rdf:type wm:CashFlow .\n  ?cf wm:source \""UPI\"" .\n  ?cf wm:amount ?amount .\n}""}"
wealth_management_temporal_transaction_125_questions:TT125-074,List the names of Aggressive investors whose net cash flow during calendar year 2025 was negative.,wealth_management_temporal_transaction_125_questions.csv,DAG_NODE_ERROR,MISMATCH,MATCH,SQL,Q1:Query_Spec_Contract,"[""aggregate_alias_contract""]","[""measures.0.aggregate_filters.0: predicate must reference the owning measure alias.""]","[""Requirement introduces unsupported terms: ['in']"", ""group_by.0 has no quoted requirement.""]","The pipeline returned no answer rows because the query failed, while the ground truth contains 61 required Aggressive investors with negative 2025 net cash flow.",16.112,"{""Q1"": """"}"
wealth_management_temporal_transaction_125_questions:TT125-073,"Which 10 investors, by name, have the highest total net cash flow across all transactions?",wealth_management_temporal_transaction_125_questions.csv,DAG_NODE_ERROR,MISMATCH,MISMATCH,SQL,Q1:Query_Spec_Contract,"[""unresolved""]","[""Unresolved requirements: [{'text': 'Net cash flow should treat different cash\u2011flow types (e.g., Deposit vs. Withdrawal) with appropriate sign (+/\u2011). No explicit sign\u2011mapping definition is present in the schema.', 'implemented_by': ['measures.0']}]""]",[],"Pipeline returned no investor rows due to a subquery failure, while the ground truth requires 10 ranked investors with net cash flow totals.",21.378,"{""Q1"": """"}"
wealth_management_temporal_transaction_125_questions:TT125-075,What is the total net cash flow of investors with Conservative risk tolerance?,wealth_management_temporal_transaction_125_questions.csv,DAG_NODE_ERROR,MISMATCH,MISMATCH,SQL,Q1:Query_Spec_Contract,"[""unresolved""]","[""Unresolved requirements: [{'text': \""Determine sign of cash flow amounts based on the 'type' column (e.g., Deposit positive, Withdrawal negative) to compute a true net cash flow.\"", 'implemented_by': []}]""]","[""measures.0 has no quoted requirement.""]",The pipeline returned a failure message instead of the required total net cash flow value.,12.15,"{""Q1"": """"}"
wealth_management_temporal_transaction_125_questions:TT125-072,What was the net cash flow of Aggressive investors during calendar year 2024?,wealth_management_temporal_transaction_125_questions.csv,PIPELINE_SUCCESS,MATCH,MISMATCH,KG,,[],[],[],The pipeline reports the same net cash flow for Aggressive investors during calendar year 2024 as the ground truth.,38.506,"{""Q1"": ""PREFIX wm: <https://wealth.example.org/ontology/>\nPREFIX rdf: <http://www.w3.org/1999/02/22-rdf-syntax-ns#>\nPREFIX rdfs: <http://www.w3.org/2000/01/rdf-schema#>\nPREFIX xsd: <http://www.w3.org/2001/XMLSchema#>\n\nSELECT (SUM(?amount) AS ?net_cash_flow) WHERE {\n  ?cf a wm:CashFlow .\n  ?cf wm:date ?date .\n  FILTER(?date >= \""2024-01-01\""^^xsd:date && ?date <= \""2024-12-31\""^^xsd:date) .\n  ?cf wm:cashFlowOfInvestor ?inv .\n  ?inv wm:riskTolerance \""Aggressive\"" .\n  ?cf wm:amount ?amount .\n}""}"
wealth_management_temporal_transaction_125_questions:TT125-077,"Among Aggressive investors, which 10 have the highest total net cash flow?",wealth_management_temporal_transaction_125_questions.csv,PIPELINE_SUCCESS,MATCH,MATCH,SQL,,[],[],"[""group_by.0 has no quoted requirement."", ""group_by.1 has no quoted requirement."", ""measures.0 has no quoted requirement.""]","The pipeline returns exactly the 10 highest-net-cash-flow Aggressive investors in the correct descending order, with matching investor IDs, names, and totals.",16.924,"{""Q1"": ""WITH cash_flow_agg AS (\n    SELECT investor_id,\n           SUM(amount) AS total_net_cash_flow\n    FROM ATOM_EVENT_CASH_FLOW_001\n    GROUP BY investor_id\n)\nSELECT p.investor_id,\n       p.investor_name,\n       c.total_net_cash_flow\nFROM ATOM_ENTITY_INVESTOR_PROFILE_001 p\nINNER JOIN cash_flow_agg c ON p.investor_id = c.investor_id\nWHERE p.risk_tolerance = 'Aggressive'\nORDER BY c.total_net_cash_flow DESC, p.investor_id\nLIMIT 10;""}"
wealth_management_temporal_transaction_125_questions:TT125-078,List the names of Conservative investors whose net cash flow during calendar year 2025 was negative.,wealth_management_temporal_transaction_125_questions.csv,DAG_NODE_ERROR,MISMATCH,MISMATCH,SQL,Q1:Query_Spec_Contract,"[""aggregate_alias_contract""]","[""measures.0.aggregate_filters.0: predicate must reference the owning measure alias.""]",[],"The pipeline returned no answer rows because the query failed, while the ground truth contains 61 Conservative investors with negative 2025 net cash flow.",15.328,"{""Q1"": """"}"
wealth_management_temporal_transaction_125_questions:TT125-076,What was the net cash flow of Conservative investors during calendar year 2024?,wealth_management_temporal_transaction_125_questions.csv,PIPELINE_SUCCESS,MATCH,MISMATCH,SQL,,[],[],[],The pipeline result exactly matches the required net cash flow for Conservative investors during calendar year 2024.,25.393,"{""Q1"": ""SELECT SUM(cf.amount) AS net_cash_flow\nFROM ATOM_EVENT_CASH_FLOW_001 AS cf\nINNER JOIN ATOM_ENTITY_INVESTOR_PROFILE_001 AS ip ON cf.investor_id = ip.investor_id\nWHERE ip.risk_tolerance = 'Conservative'\n  AND cf.date BETWEEN '2024-01-01' AND '2024-12-31';""}"
wealth_management_temporal_transaction_125_questions:TT125-079,What is the total net cash flow of investors with Moderate risk tolerance?,wealth_management_temporal_transaction_125_questions.csv,DAG_NODE_ERROR,MISMATCH,MISMATCH,SQL,Q1:Query_Spec_Contract,"[""unresolved""]","[""Unresolved requirements: [{'text': 'Definition of \""net cash flow\"" (whether withdrawals should be subtracted, deposits added, or amounts used as\u2011is)', 'reason': 'No explicit sign or direction mapping for cash\u2011flow types is provided in the schema.'}]""]","[""Requirement introduces unsupported terms: ['sum', 'those']""]",The pipeline returned a failure message rather than the required total net cash flow for investors with Moderate risk tolerance.,16.228,"{""Q1"": """"}"
wealth_management_temporal_transaction_125_questions:TT125-080,What was the net cash flow of Moderate investors during calendar year 2024?,wealth_management_temporal_transaction_125_questions.csv,PIPELINE_SUCCESS,MATCH,MISMATCH,SQL,,[],[],"[""Requirement introduces unsupported terms: ['01', '12', '31', 'between']"", ""Requirement introduces unsupported terms: ['sum']""]",The pipeline returns the same net cash flow for Moderate investors during calendar year 2024 as the ground truth.,17.35,"{""Q1"": ""SELECT SUM(c.amount) AS net_cash_flow\nFROM ATOM_EVENT_CASH_FLOW_001 AS c\nINNER JOIN ATOM_ENTITY_INVESTOR_PROFILE_001 AS p\n  ON c.investor_id = p.investor_id\nWHERE p.risk_tolerance = 'Moderate'\n  AND c.date BETWEEN '2024-01-01' AND '2024-12-31';""}"
wealth_management_temporal_transaction_125_questions:TT125-084,What was the net cash flow of Diversified segment investors during calendar year 2025?,wealth_management_temporal_transaction_125_questions.csv,PIPELINE_SUCCESS,MATCH,MISMATCH,SQL,,[],[],[],The pipeline result exactly matches the required net cash flow for Diversified segment investors during calendar year 2025.,12.766,"{""Q1"": ""WITH cash_flow_per_investor AS (\n    SELECT investor_id,\n           SUM(amount) AS net_cash_flow\n    FROM ATOM_EVENT_CASH_FLOW_001\n    WHERE date BETWEEN '2025-01-01' AND '2025-12-31'\n    GROUP BY investor_id\n)\nSELECT SUM(cfi.net_cash_flow) AS net_cash_flow\nFROM ATOM_ENTITY_INVESTOR_PROFILE_001 AS prof\nINNER JOIN cash_flow_per_investor AS cfi\n    ON prof.investor_id = cfi.investor_id\nWHERE prof.segment = 'Diversified';""}"
wealth_management_temporal_transaction_125_questions:TT125-083,What is the total net cash flow of investors in the Diversified segment?,wealth_management_temporal_transaction_125_questions.csv,PIPELINE_SUCCESS,MISMATCH,MATCH,SQL,,[],[],[],The pipeline returned a total net cash flow that materially differs from the ground truth for investors in the Diversified segment.,34.843,"{""Q1"": ""WITH net_cf AS (\n  SELECT investor_id,\n         SUM(CASE WHEN type IN ('Withdrawal', 'Redemption') THEN -amount ELSE amount END) AS net_cash_flow\n  FROM ATOM_EVENT_CASH_FLOW_001\n  GROUP BY investor_id\n)\nSELECT SUM(net_cf.net_cash_flow) AS total_net_cash_flow\nFROM ATOM_ENTITY_INVESTOR_PROFILE_001 AS p\nLEFT JOIN net_cf ON p.investor_id = net_cf.investor_id\nWHERE p.segment = 'Diversified';""}"
wealth_management_temporal_transaction_125_questions:TT125-082,List the names of Moderate investors whose net cash flow during calendar year 2025 was negative.,wealth_management_temporal_transaction_125_questions.csv,DAG_NODE_ERROR,MISMATCH,MATCH,KG,Q1:Query_Spec_Contract,"[""aggregate_alias_contract""]","[""measures.0.aggregate_filters.0: predicate must reference the owning measure alias.""]","[""Requirement introduces unsupported terms: ['01', '12', '31', 'between']"", ""group_by.0 has no quoted requirement.""]","The pipeline returned no answer rows because the query failed, while the ground truth contains 73 required Moderate investors with negative 2025 net cash flow.",43.365,"{""Q1"": """"}"
wealth_management_temporal_transaction_125_questions:TT125-081,"Among Conservative investors, which 10 have the highest total net cash flow?",wealth_management_temporal_transaction_125_questions.csv,DAG_NODE_ERROR,MISMATCH,MATCH,SQL,Q1:Query_Spec_Contract,"[""unresolved""]","[""Unresolved requirements: [{'text': 'Definition of \""net\"" cash flow (whether withdrawals should be subtracted). The schema only provides a positive amount field without sign information.'}]""]","[""Requirement introduces unsupported terms: ['per', 'sum']"", ""Requirement introduces unsupported terms: ['top']"", ""group_by.0 has no quoted requirement."", ""group_by.1 has no quoted requirement.""]","The pipeline produced no answer rows because the query stage failed, while the ground truth contains 10 required Conservative investors ranked by total net cash flow.",50.398,"{""Q1"": """"}"
wealth_management_temporal_transaction_125_questions:TT125-085,"Among Moderate investors, which 10 have the highest total net cash flow?",wealth_management_temporal_transaction_125_questions.csv,DAG_NODE_ERROR,MISMATCH,MATCH,SQL,Q1:Query_Spec_Contract,"[""unresolved""]","[""Unresolved requirements: [{'text': 'Interpretation of \""net\"" cash flow \u2013 whether withdrawals/redeemptions should be subtracted (negative) or treated as positive amounts.', 'implemented_by': []}]""]","[""Requirement introduces unsupported terms: ['rank']"", ""Requirement introduces unsupported terms: ['limit', 'top']"", ""group_by.0 has no quoted requirement."", ""group_by.1 has no quoted requirement."", ""measures.0 has no quoted requirement.""]","Pipeline returned no answer rows because the query subgraph failed, while the ground truth contains 10 required Moderate investors ranked by total net cash flow.",25.014,"{""Q1"": """"}"
wealth_management_temporal_transaction_125_questions:TT125-088,What was the net cash flow of Large Cap segment investors during calendar year 2025?,wealth_management_temporal_transaction_125_questions.csv,PIPELINE_SUCCESS,MATCH,MISMATCH,SQL,,[],[],"[""Requirement introduces unsupported terms: ['01', '12', '31', 'between']"", ""measures.0 has no quoted requirement.""]",The pipeline result exactly matches the ground-truth net cash flow for Large Cap segment investors during calendar year 2025.,17.89,"{""Q1"": ""SELECT SUM(cf.amount) AS net_cash_flow\nFROM ATOM_ENTITY_INVESTOR_PROFILE_001 ip\nINNER JOIN ATOM_EVENT_CASH_FLOW_001 cf ON ip.investor_id = cf.investor_id\nWHERE ip.segment = 'Large Cap'\n  AND cf.date BETWEEN '2025-01-01' AND '2025-12-31';""}"
wealth_management_temporal_transaction_125_questions:TT125-089,Which 10 Diversified segment investors made the largest total deposits?,wealth_management_temporal_transaction_125_questions.csv,PIPELINE_SUCCESS,MATCH,MATCH,SQL,,[],[],"[""group_by.0 has no quoted requirement."", ""group_by.1 has no quoted requirement.""]","The pipeline output exactly matches the ground truth top 10 Diversified investors by total deposits, including investor IDs, names, deposit totals, and descending order.",15.759,"{""Q1"": ""WITH deposits AS (\n    SELECT investor_id,\n           SUM(amount) AS total_deposits\n    FROM ATOM_EVENT_CASH_FLOW_001\n    WHERE type = 'Deposit'\n    GROUP BY investor_id\n)\nSELECT p.investor_id,\n       p.investor_name,\n       d.total_deposits\nFROM ATOM_ENTITY_INVESTOR_PROFILE_001 AS p\nINNER JOIN deposits AS d ON p.investor_id = d.investor_id\nWHERE p.segment = 'Diversified'\nORDER BY d.total_deposits DESC, p.investor_id\nLIMIT 10;""}"
wealth_management_temporal_transaction_125_questions:TT125-087,What is the total net cash flow of investors in the Large Cap segment?,wealth_management_temporal_transaction_125_questions.csv,DAG_NODE_ERROR,MISMATCH,MATCH,SQL,Q1:Query_Spec_Contract,"[""unresolved""]","[""Unresolved requirements: [{'text': 'Definition of \""net\"" cash flow (whether withdrawals should be treated as negative amounts)', 'implemented_by': []}]""]","[""measures.0 has no quoted requirement.""]",The pipeline returned a query failure instead of the required total net cash flow for investors in the Large Cap segment.,29.921,"{""Q1"": """"}"
wealth_management_temporal_transaction_125_questions:TT125-086,List Diversified segment investors whose total deposits exceed 50000.,wealth_management_temporal_transaction_125_questions.csv,DAG_NODE_ERROR,MISMATCH,MATCH,SQL,Q1:Query_Spec_Contract,"[""aggregate_alias_contract""]","[""measures.0.aggregate_filters.0: predicate must reference the owning measure alias.""]","[""group_by.0 has no quoted requirement."", ""group_by.1 has no quoted requirement.""]","Ground truth indicates no matching investors, but the pipeline returned a query failure rather than an empty result set.",35.384,"{""Q1"": """"}"
wealth_management_temporal_transaction_125_questions:TT125-091,What is the total net cash flow of investors in the Mid Cap segment?,wealth_management_temporal_transaction_125_questions.csv,PIPELINE_SUCCESS,MATCH,MISMATCH,SQL,,[],[],[],"The pipeline returns the total net cash flow for the Mid Cap segment, and the value exactly matches the ground truth.",15.343,"{""Q1"": ""SELECT SUM(c.amount) AS total_net_cash_flow\nFROM ATOM_EVENT_CASH_FLOW_001 AS c\nINNER JOIN ATOM_ENTITY_INVESTOR_PROFILE_001 AS p\n  ON c.investor_id = p.investor_id\nWHERE p.segment = 'Mid Cap';""}"
wealth_management_temporal_transaction_125_questions:TT125-093,Which 10 Large Cap segment investors made the largest total deposits?,wealth_management_temporal_transaction_125_questions.csv,PIPELINE_SUCCESS,MATCH,MATCH,SQL,,[],[],"[""Requirement introduces unsupported terms: ['per']"", ""Requirement introduces unsupported terms: ['top']"", ""group_by.0 has no quoted requirement."", ""group_by.1 has no quoted requirement.""]",The pipeline output exactly matches the 10 required Large Cap investors and their total deposit amounts in the correct descending order.,22.715,"{""Q1"": ""WITH deposits_per_investor AS (\n    SELECT investor_id,\n           SUM(amount) AS total_deposits\n    FROM ATOM_EVENT_CASH_FLOW_001\n    WHERE type = 'Deposit'\n    GROUP BY investor_id\n)\nSELECT i.investor_id,\n       i.investor_name,\n       d.total_deposits\nFROM ATOM_ENTITY_INVESTOR_PROFILE_001 AS i\nINNER JOIN deposits_per_investor AS d\n        ON i.investor_id = d.investor_id\nWHERE i.segment = 'Large Cap'\nORDER BY d.total_deposits DESC,\n         i.investor_id ASC\nLIMIT 10;""}"
wealth_management_temporal_transaction_125_questions:TT125-092,What was the net cash flow of Mid Cap segment investors during calendar year 2025?,wealth_management_temporal_transaction_125_questions.csv,DAG_NODE_ERROR,MISMATCH,MISMATCH,SQL,Q1:Query_Spec_Contract,"[""unresolved""]","[""Unresolved requirements: [{'text': 'Interpretation of cash flow type sign (e.g., withdrawals should be negative). No explicit rule provided in schema.', 'implemented_by': []}]""]","[""Requirement introduces unsupported terms: ['01', '12', '31', 'between']"", ""Requirement introduces unsupported terms: ['sum']""]",The pipeline returned an execution failure instead of the required net cash flow value for Mid Cap segment investors in calendar year 2025.,29.906,"{""Q1"": """"}"
wealth_management_temporal_transaction_125_questions:TT125-095,What is the total net cash flow of investors in the Small Cap segment?,wealth_management_temporal_transaction_125_questions.csv,DAG_NODE_ERROR,MISMATCH,MISMATCH,SQL,Q1:Query_Spec_Contract,"[""unresolved""]","[""Unresolved requirements: [{'text': 'Interpretation of \""net\"" cash flow (whether to treat withdrawals, redemptions, etc. as negative amounts) is not defined in the schema.', 'implemented_by': []}]""]","[""measures.0 has no quoted requirement.""]",The pipeline returned a failure message rather than the requested total net cash flow for Small Cap investors.,10.143,"{""Q1"": """"}"
wealth_management_temporal_transaction_125_questions:TT125-090,List Large Cap segment investors whose total deposits exceed 50000.,wealth_management_temporal_transaction_125_questions.csv,PIPELINE_SUCCESS,MATCH,MATCH,SQL,,[],[],"[""filters.1 has no quoted requirement."", ""group_by.0 has no quoted requirement."", ""group_by.1 has no quoted requirement.""]","The ground truth is empty, and the pipeline reports no data found, correctly indicating that no Large Cap segment investors have total deposits exceeding 50000.",49.853,"{""Q1"": ""SELECT p.investor_id,\n       p.investor_name,\n       SUM(cf.amount) AS total_deposits\nFROM ATOM_ENTITY_INVESTOR_PROFILE_001 AS p\nINNER JOIN ATOM_EVENT_CASH_FLOW_001 AS cf\n        ON p.investor_id = cf.investor_id\nWHERE p.segment = 'Large Cap'\n  AND cf.type = 'Deposit'\nGROUP BY p.investor_id, p.investor_name\nHAVING total_deposits > 50000;""}"
wealth_management_temporal_transaction_125_questions:TT125-096,What was the net cash flow of Small Cap segment investors during calendar year 2025?,wealth_management_temporal_transaction_125_questions.csv,PIPELINE_SUCCESS,MISMATCH,MATCH,SQL,,[],[],"[""Requirement introduces unsupported terms: ['01', '12', '31', 'between']""]",The pipeline's net cash flow conflicts materially with the ground truth.,17.99,"{""Q1"": ""SELECT SUM(\n        CASE WHEN c.type IN ('Deposit','Dividend Reinvestment','Interest Credit','Lump Sum','SIP','Tax Refund')\n             THEN c.amount\n             ELSE -c.amount\n        END\n    ) AS net_cash_flow\nFROM ATOM_EVENT_CASH_FLOW_001 c\nINNER JOIN ATOM_ENTITY_INVESTOR_PROFILE_001 p\n    ON c.investor_id = p.investor_id\nWHERE p.segment = 'Small Cap'\n  AND c.date >= '2025-01-01' AND c.date <= '2025-12-31';""}"
wealth_management_temporal_transaction_125_questions:TT125-097,Which 10 Mid Cap segment investors made the largest total deposits?,wealth_management_temporal_transaction_125_questions.csv,PIPELINE_SUCCESS,MATCH,MATCH,SQL,,[],[],"[""Requirement introduces unsupported terms: ['limit', 'top']"", ""group_by.0 has no quoted requirement."", ""group_by.1 has no quoted requirement."", ""measures.0 has no quoted requirement.""]","The pipeline output exactly matches all 10 required Mid Cap investors, their total deposit amounts, and the descending ranking order.",14.434,"{""Q1"": ""WITH cash_deposits AS ( SELECT investor_id, SUM(amount) AS total_deposits FROM ATOM_EVENT_CASH_FLOW_001 WHERE type = 'Deposit' GROUP BY investor_id ) SELECT p.investor_id, p.investor_name, cd.total_deposits FROM ATOM_ENTITY_INVESTOR_PROFILE_001 AS p INNER JOIN cash_deposits AS cd ON p.investor_id = cd.investor_id WHERE p.segment = 'Mid Cap' ORDER BY cd.total_deposits DESC LIMIT 10""}"
wealth_management_temporal_transaction_125_questions:TT125-099,What is the total net cash flow of investors in the Debt category?,wealth_management_temporal_transaction_125_questions.csv,DAG_NODE_ERROR,MISMATCH,MATCH,SQL,Q1:Query_Spec_Contract,"[""unresolved""]","[""Unresolved requirements: [{'text': 'Net cash flow should treat deposits, withdrawals, etc., with appropriate sign (e.g., Deposits positive, Withdrawals negative). No explicit sign\u2011mapping definition is present in the schema.', 'implemented_by': []}]""]","[""Requirement introduces unsupported terms: ['must']"", ""measures.0 has no quoted requirement.""]",The pipeline returned a query failure message rather than the required total net cash flow value.,13.529,"{""Q1"": """"}"
wealth_management_temporal_transaction_125_questions:TT125-100,How many transactions did Debt category investors record on or after 2024-01-01?,wealth_management_temporal_transaction_125_questions.csv,PIPELINE_SUCCESS,MATCH,MATCH,SQL,,[],[],"[""Requirement introduces unsupported terms: ['count']""]",The pipeline result exactly matches the required transaction count for Debt category investors on or after 2024-01-01.,13.03,"{""Q1"": ""SELECT COUNT(cf.cash_flow_id) AS transaction_count\nFROM ATOM_EVENT_CASH_FLOW_001 cf\nINNER JOIN ATOM_ENTITY_INVESTOR_PROFILE_001 ip ON cf.investor_id = ip.investor_id\nWHERE ip.category = 'Debt'\n  AND cf.date >= '2024-01-01';""}"
wealth_management_temporal_transaction_125_questions:TT125-094,List Mid Cap segment investors whose total deposits exceed 50000.,wealth_management_temporal_transaction_125_questions.csv,PIPELINE_SUCCESS,MATCH,MATCH,SQL,,[],[],"[""group_by.0 has no quoted requirement."", ""group_by.1 has no quoted requirement.""]","The ground truth is empty, and the pipeline reports no matching data. This correctly indicates that no Mid Cap segment investors have total deposits exceeding 50000.",58.884,"{""Q1"": ""WITH deposits AS (\n    SELECT investor_id,\n           SUM(amount) AS total_deposits\n    FROM ATOM_EVENT_CASH_FLOW_001\n    WHERE type = 'Deposit'\n    GROUP BY investor_id\n)\nSELECT p.investor_id AS investor_id,\n       p.investor_name AS investor_name,\n       d.total_deposits AS total_deposits\nFROM ATOM_ENTITY_INVESTOR_PROFILE_001 AS p\nINNER JOIN deposits AS d ON p.investor_id = d.investor_id\nWHERE p.segment = 'Mid Cap'\n  AND d.total_deposits > 50000;""}"
wealth_management_temporal_transaction_125_questions:TT125-098,List Small Cap segment investors whose total deposits exceed 50000.,wealth_management_temporal_transaction_125_questions.csv,DAG_NODE_ERROR,MISMATCH,MATCH,SQL,Q1:Query_Spec_Contract,"[""aggregate_alias_contract""]","[""measures.0.aggregate_filters.0: predicate must reference the owning measure alias.""]","[""Requirement introduces unsupported terms: ['only', 'summed']"", ""group_by.0 has no quoted requirement."", ""group_by.1 has no quoted requirement.""]",Pipeline returned a failure message instead of the required Small Cap investor list and total deposits.,27.938,"{""Q1"": """"}"
wealth_management_temporal_transaction_125_questions:TT125-103,What is the total net cash flow of investors in the Equity category?,wealth_management_temporal_transaction_125_questions.csv,DAG_NODE_ERROR,MISMATCH,MISMATCH,SQL,Q1:Query_Spec_Contract,"[""unresolved""]","[""Unresolved requirements: [{'text': 'Definition of \""net\"" cash flow (whether withdrawals should be treated as negative amounts) is not provided in the schema or source metadata.'}]""]","[""Requirement introduces unsupported terms: ['those']"", ""Requirement introduces unsupported terms: ['sum']""]",The pipeline returned a failure message instead of the requested total net cash flow.,11.019,"{""Q1"": """"}"
wealth_management_temporal_transaction_125_questions:TT125-101,Which 10 Small Cap segment investors made the largest total deposits?,wealth_management_temporal_transaction_125_questions.csv,PIPELINE_SUCCESS,MATCH,MATCH,SQL,,[],[],"[""Requirement introduces unsupported terms: ['top']"", ""group_by.0 has no quoted requirement."", ""group_by.1 has no quoted requirement."", ""measures.0 has no quoted requirement.""]",The pipeline output exactly matches the required top 10 Small Cap investors and their total deposit amounts in the correct descending order.,17.519,"{""Q1"": ""WITH deposits AS (\n    SELECT investor_id,\n           SUM(amount) AS total_deposits\n    FROM ATOM_EVENT_CASH_FLOW_001\n    WHERE type = 'Deposit'\n    GROUP BY investor_id\n)\nSELECT p.investor_id,\n       p.investor_name,\n       d.total_deposits\nFROM ATOM_ENTITY_INVESTOR_PROFILE_001 AS p\nJOIN deposits AS d ON p.investor_id = d.investor_id\nWHERE p.segment = 'Small Cap'\nORDER BY d.total_deposits DESC,\n         p.investor_id ASC\nLIMIT 10;""}"
wealth_management_temporal_transaction_125_questions:TT125-104,How many transactions did Equity category investors record on or after 2024-01-01?,wealth_management_temporal_transaction_125_questions.csv,PIPELINE_SUCCESS,MATCH,MATCH,SQL,,[],[],"[""Requirement introduces unsupported terms: ['count']""]","The pipeline returns the required transaction count, matching the ground truth exactly.",10.672,"{""Q1"": ""SELECT COUNT(*) AS transaction_count\nFROM ATOM_EVENT_CASH_FLOW_001 AS cf\nINNER JOIN ATOM_ENTITY_INVESTOR_PROFILE_001 AS ip\n  ON cf.investor_id = ip.investor_id\nWHERE ip.category = 'Equity'\n  AND cf.date >= '2024-01-01';""}"
wealth_management_temporal_transaction_125_questions:TT125-106,What is the total net cash flow of investors in the Gold category?,wealth_management_temporal_transaction_125_questions.csv,PIPELINE_SUCCESS,MATCH,MISMATCH,SQL,,[],[],"[""measures.0 has no quoted requirement.""]","The pipeline returns the total net cash flow for Gold-category investors, and its value matches the ground truth exactly.",13.077,"{""Q1"": ""WITH cash_per_investor AS (\n    SELECT investor_id, SUM(amount) AS amount_sum\n    FROM ATOM_EVENT_CASH_FLOW_001\n    GROUP BY investor_id\n)\nSELECT SUM(cash_per_investor.amount_sum) AS total_net_cash_flow\nFROM ATOM_ENTITY_INVESTOR_PROFILE_001 AS p\nINNER JOIN cash_per_investor ON p.investor_id = cash_per_investor.investor_id\nWHERE p.category = 'Gold';""}"
wealth_management_temporal_transaction_125_questions:TT125-102,List Long-term time-horizon investors whose net cash flow during calendar year 2024 was negative.,wealth_management_temporal_transaction_125_questions.csv,DAG_NODE_ERROR,MISMATCH,MISMATCH,KG,Q1:Query_Spec_Contract,"[""aggregate_stage_contract""]","[""measures.0.aggregate_filters.0: explicit entity or final_group stage is required.""]","[""group_by.0 has no quoted requirement."", ""group_by.1 has no quoted requirement.""]",The pipeline returned a query failure message rather than the required list of Long-term investors with negative 2024 net cash flow.,30.538,"{""Q1"": """"}"
wealth_management_temporal_transaction_125_questions:TT125-108,List Short-term time-horizon investors whose net cash flow during calendar year 2024 was negative.,wealth_management_temporal_transaction_125_questions.csv,DAG_NODE_ERROR,MISMATCH,MATCH,SQL,Q1:Query_Spec_Contract,"[""aggregate_alias_contract""]","[""measures.0.aggregate_filters.0: predicate must reference the owning measure alias.""]","[""group_by.0 has no quoted requirement."", ""group_by.1 has no quoted requirement.""]","The pipeline returned no answer rows because the query failed, while the ground truth contains 61 Short-term investors with negative 2024 net cash flow.",11.103,"{""Q1"": """"}"
wealth_management_temporal_transaction_125_questions:TT125-109,What is the total net cash flow of investors in the Hybrid category?,wealth_management_temporal_transaction_125_questions.csv,PIPELINE_SUCCESS,MATCH,MATCH,SQL,,[],[],"[""measures.0 has no quoted requirement.""]","The pipeline returns the total net cash flow for Hybrid-category investors, and the value matches the ground truth exactly.",8.661,"{""Q1"": ""WITH cash_per_investor AS (\n    SELECT investor_id,\n           SUM(amount) AS total_amount\n    FROM ATOM_EVENT_CASH_FLOW_001\n    GROUP BY investor_id\n)\nSELECT SUM(cpi.total_amount) AS total_net_cash_flow\nFROM ATOM_ENTITY_INVESTOR_PROFILE_001 AS p\nINNER JOIN cash_per_investor AS cpi\n    ON p.investor_id = cpi.investor_id\nWHERE p.category = 'Hybrid';""}"
wealth_management_temporal_transaction_125_questions:TT125-107,How many transactions did Gold category investors record on or after 2024-01-01?,wealth_management_temporal_transaction_125_questions.csv,PIPELINE_SUCCESS,MATCH,MATCH,SQL,,[],[],[],The pipeline returns the same transaction count required by the question.,28.592,"{""Q1"": ""SELECT COUNT(ecf.cash_flow_id) AS transaction_count\nFROM ATOM_EVENT_CASH_FLOW_001 ecf\nINNER JOIN ATOM_ENTITY_INVESTOR_PROFILE_001 ip ON ecf.investor_id = ip.investor_id\nWHERE ecf.date >= '2024-01-01'\n  AND ip.category = 'Gold';""}"
wealth_management_temporal_transaction_125_questions:TT125-105,List Medium-term time-horizon investors whose net cash flow during calendar year 2024 was negative.,wealth_management_temporal_transaction_125_questions.csv,DAG_NODE_ERROR,MISMATCH,MISMATCH,SQL,Q1:Query_Spec_Contract,"[""aggregate_alias_contract""]","[""measures.0.aggregate_filters.0: predicate must reference the owning measure alias.""]","[""group_by.0 has no quoted requirement."", ""group_by.1 has no quoted requirement.""]","The pipeline returned no answer rows because the query failed, while the ground truth contains 65 qualifying Medium-term investors with negative 2024 net cash flow.",37.129,"{""Q1"": """"}"
wealth_management_temporal_transaction_125_questions:TT125-110,How many transactions did Hybrid category investors record on or after 2024-01-01?,wealth_management_temporal_transaction_125_questions.csv,PIPELINE_SUCCESS,MATCH,MATCH,SQL,,[],[],"[""Requirement introduces unsupported terms: ['count']""]",The pipeline result exactly matches the required transaction count for Hybrid category investors on or after 2024-01-01.,15.572,"{""Q1"": ""SELECT COUNT(cf.cash_flow_id) AS transaction_count\nFROM ATOM_EVENT_CASH_FLOW_001 cf\nINNER JOIN ATOM_ENTITY_INVESTOR_PROFILE_001 ip ON cf.investor_id = ip.investor_id\nWHERE ip.category = 'Hybrid'\n  AND cf.date >= '2024-01-01';""}"
wealth_management_temporal_transaction_125_questions:TT125-112,What was the total net cash flow during calendar year 2024 for investors who hold at least one position with investment type 'Equity'?,wealth_management_temporal_transaction_125_questions.csv,PIPELINE_SUCCESS,MATCH,MATCH,SQL,,[],[],"[""measures.0 has no quoted requirement.""]",The pipeline result exactly matches the ground-truth total net cash flow for calendar year 2024 among investors with at least one Equity position.,27.206,"{""Q1"": ""SELECT SUM(cf.amount) AS total_net_cash_flow\nFROM ATOM_EVENT_CASH_FLOW_001 cf\nINNER JOIN (\n    SELECT DISTINCT investor_id\n    FROM ATOM_ENTITY_PORTFOLIO_HOLDING_001\n    WHERE investment_type = 'Equity'\n) eq ON cf.investor_id = eq.investor_id\nWHERE cf.date BETWEEN '2024-01-01' AND '2024-12-31';""}"
wealth_management_temporal_transaction_125_questions:TT125-111,List Aggressive investors with at least one underfunded goal (shortfall > 0) whose net cash flow during calendar year 2025 was negative.,wealth_management_temporal_transaction_125_questions.csv,PIPELINE_SUCCESS,MATCH,MATCH,SQL,,[],[],"[""group_by.0 has no quoted requirement."", ""group_by.1 has no quoted requirement.""]","Pipeline returns exactly the full set of qualifying aggressive investors, with matching investor IDs and names. Net cash flow values are not required to list the qualifying investors, and no ordering was requested.",43.249,"{""Q1"": ""WITH goal_underfunded AS (\n       SELECT investor_id,\n              COUNT(goal_id) AS goal_underfunded_count\n       FROM ATOM_ENTITY_INVESTMENT_GOAL_001\n       WHERE shortfall > 0\n       GROUP BY investor_id\n       HAVING COUNT(goal_id) >= 1\n),\n     cash_flow_2025 AS (\n       SELECT investor_id,\n              SUM(amount) AS net_cash_flow_2025\n       FROM ATOM_EVENT_CASH_FLOW_001\n       WHERE date BETWEEN '2025-01-01' AND '2025-12-31'\n       GROUP BY investor_id\n       HAVING SUM(amount) < 0\n)\nSELECT p.investor_id,\n       p.investor_name\nFROM ATOM_ENTITY_INVESTOR_PROFILE_001 AS p\nINNER JOIN goal_underfunded g ON p.investor_id = g.investor_id\nINNER JOIN cash_flow_2025 c ON p.investor_id = c.investor_id\nWHERE p.risk_tolerance = 'Aggressive';""}"
wealth_management_temporal_transaction_125_questions:TT125-113,What is the average net cash flow of investors who have an allocation above 0% in Automobile?,wealth_management_temporal_transaction_125_questions.csv,PIPELINE_SUCCESS,MATCH,MISMATCH,SQL,,[],[],"[""measures.0 has no quoted requirement.""]","The pipeline returns the requested average net cash flow for investors with an Automobile allocation above 0%, matching the ground truth within numeric tolerance.",37.854,"{""Q1"": ""WITH base AS (\n    SELECT investor_id\n    FROM ATOM_ENTITY_SECTOR_ALLOCATION_001\n    WHERE sector = 'Automobile' AND allocation_pct > 0\n    GROUP BY investor_id\n),\nnet_cash AS (\n    SELECT investor_id, SUM(amount) AS net_cash_flow\n    FROM ATOM_EVENT_CASH_FLOW_001\n    GROUP BY investor_id\n)\nSELECT AVG(net_cash.net_cash_flow) AS average_net_cash_flow\nFROM base\nLEFT JOIN net_cash ON base.investor_id = net_cash.investor_id;""}"
wealth_management_temporal_transaction_125_questions:TT125-115,List Conservative investors with at least one underfunded goal (shortfall > 0) whose net cash flow during calendar year 2025 was negative.,wealth_management_temporal_transaction_125_questions.csv,DAG_NODE_ERROR,MISMATCH,MATCH,SQL,Q1:Query_Spec_Contract,"[""unknown_source"", ""aggregate_alias_contract""]","[""Unknown source: investor"", ""Unknown base_entity: investor"", ""measures.0.aggregate_filters.0: predicate must reference the owning measure alias."", ""measures.1.aggregate_filters.0: predicate must reference the owning measure alias.""]","[""group_by.0 has no quoted requirement."", ""group_by.1 has no quoted requirement.""]","The pipeline returned no answer rows because the query stage failed, while the ground truth contains 60 qualifying Conservative investors with negative 2025 net cash flow and at least one underfunded goal.",19.442,"{""Q1"": """"}"
wealth_management_temporal_transaction_125_questions:TT125-114,"Among Aggressive investors who have at least one underfunded goal (shortfall > 0), which 10 have the highest net cash flow overall?",wealth_management_temporal_transaction_125_questions.csv,PIPELINE_SUCCESS,MATCH,MISMATCH,SQL,,[],[],"[""group_by.0 has no quoted requirement."", ""group_by.1 has no quoted requirement."", ""measures.0 has no quoted requirement.""]","The pipeline returns exactly the 10 qualifying Aggressive investors with underfunded goals, in the correct descending net cash flow order, with matching identifiers, names, and net cash flow values.",42.645,"{""Q1"": ""WITH cash_flow_agg AS (\n    SELECT investor_id,\n           SUM(amount) AS net_cash_flow\n    FROM ATOM_EVENT_CASH_FLOW_001\n    GROUP BY investor_id\n),\ngoal_investors AS (\n    SELECT DISTINCT investor_id\n    FROM ATOM_ENTITY_INVESTMENT_GOAL_001\n    WHERE shortfall > 0\n)\nSELECT ip.investor_id,\n       ip.investor_name,\n       cf.net_cash_flow\nFROM ATOM_ENTITY_INVESTOR_PROFILE_001 ip\nINNER JOIN goal_investors gi ON ip.investor_id = gi.investor_id\nINNER JOIN cash_flow_agg cf ON ip.investor_id = cf.investor_id\nWHERE ip.risk_tolerance = 'Aggressive'\nORDER BY cf.net_cash_flow DESC, ip.investor_id ASC\nLIMIT 10;""}"
wealth_management_temporal_transaction_125_questions:TT125-118,"Among Conservative investors who have at least one underfunded goal (shortfall > 0), which 10 have the highest net cash flow overall?",wealth_management_temporal_transaction_125_questions.csv,PIPELINE_SUCCESS,MATCH,MATCH,SQL,,[],[],"[""group_by.0 has no quoted requirement."", ""group_by.1 has no quoted requirement."", ""measures.0 has no quoted requirement.""]","The pipeline output exactly matches the ground truth top 10 Conservative investors with at least one underfunded goal, including investor IDs, names, net cash flow values, and descending ranking order.",14.595,"{""Q1"": ""WITH cash_flow AS (\n    SELECT investor_id,\n           SUM(amount) AS net_cash_flow\n    FROM ATOM_EVENT_CASH_FLOW_001\n    GROUP BY investor_id\n),\nunderfunded_investors AS (\n    SELECT DISTINCT investor_id\n    FROM ATOM_ENTITY_INVESTMENT_GOAL_001\n    WHERE shortfall > 0\n)\nSELECT p.investor_id,\n       p.investor_name,\n       cf.net_cash_flow\nFROM ATOM_ENTITY_INVESTOR_PROFILE_001 AS p\nINNER JOIN cash_flow AS cf\n        ON p.investor_id = cf.investor_id\nINNER JOIN underfunded_investors AS u\n        ON p.investor_id = u.investor_id\nWHERE p.risk_tolerance = 'Conservative'\nORDER BY cf.net_cash_flow DESC,\n         p.investor_id\nLIMIT 10;""}"
wealth_management_temporal_transaction_125_questions:TT125-116,What was the total net cash flow during calendar year 2024 for investors who hold at least one position with investment type 'Gold'?,wealth_management_temporal_transaction_125_questions.csv,DAG_NODE_ERROR,MISMATCH,MATCH,SQL,Q1:Query_Spec_Contract,"[""unknown_source"", ""physical_as_source""]","[""Unknown source: physical"", ""measures.0: unknown source 'physical'."", ""filters.0: unknown source 'physical'."", ""filters.1: unknown source 'physical'.""]","[""Requirement introduces unsupported terms: ['within']""]",The pipeline returned a query failure message rather than the required total net cash flow for qualifying investors.,33.687,"{""Q1"": """"}"
wealth_management_temporal_transaction_125_questions:TT125-119,List Moderate investors with at least one underfunded goal (shortfall > 0) whose net cash flow during calendar year 2025 was negative.,wealth_management_temporal_transaction_125_questions.csv,DAG_NODE_ERROR,MISMATCH,SCAN_ERROR,KG,Q1:Query_Spec_Contract,"[""aggregate_alias_contract""]","[""measures.0.aggregate_filters.0: predicate must reference the owning measure alias."", ""measures.1.aggregate_filters.0: predicate must reference the owning measure alias.""]","[""group_by.0 has no quoted requirement."", ""group_by.1 has no quoted requirement.""]","The pipeline produced no answer rows because the query DAG failed, while the ground truth contains 73 required Moderate investors meeting the underfunded-goal and negative-2025-net-cash-flow criteria.",29.521,"{""Q1"": """"}"
wealth_management_temporal_transaction_125_questions:TT125-117,What is the average net cash flow of investors who have an allocation above 0% in Banking?,wealth_management_temporal_transaction_125_questions.csv,DAG_NODE_ERROR,MISMATCH,MATCH,SQL,Q1:Query_Spec_Contract,"[""unknown_source"", ""derived_expression_required""]","[""Unknown source: investor"", ""Unknown base_entity: investor"", ""measures.1: derived measure needs an expression."", ""measures.1: measure needs a field or formula.""]","[""measures.0 has no quoted requirement.""]",The pipeline returned a failure message rather than the requested average net cash flow value.,39.279,"{""Q1"": """"}"
wealth_management_temporal_transaction_125_questions:TT125-123,List investors who hold at least one Equity position and whose net cash flow during calendar year 2025 was negative.,wealth_management_temporal_transaction_125_questions.csv,DAG_NODE_ERROR,MISMATCH,MATCH,KG,Q1:Query_Spec_Contract,"[""aggregate_alias_contract""]","[""measures.0.aggregate_filters.0: predicate must reference the owning measure alias.""]","[""group_by.0 has no quoted requirement."", ""group_by.1 has no quoted requirement.""]","The pipeline returned no investor rows because the query subgraph failed, while the ground truth contains many qualifying investors.",14.503,"{""Q1"": """"}"
wealth_management_temporal_transaction_125_questions:TT125-121,What is the average net cash flow of investors who have an allocation above 0% in Consumer Goods?,wealth_management_temporal_transaction_125_questions.csv,DAG_NODE_ERROR,MISMATCH,MISMATCH,SQL,Q1:Query_Spec_Contract,"[""unknown_source""]","[""Unknown source: investor"", ""Unknown base_entity: investor""]",[],The pipeline returned a failure message instead of the requested average net cash flow.,30.9,"{""Q1"": """"}"
wealth_management_temporal_transaction_125_questions:TT125-120,What was the total net cash flow during calendar year 2024 for investors who hold at least one position with investment type 'Mutual Fund'?,wealth_management_temporal_transaction_125_questions.csv,PIPELINE_SUCCESS,MATCH,MATCH,SQL,,[],[],[],The pipeline result exactly matches the required total net cash flow for 2024 among investors holding at least one Mutual Fund position.,44.879,"{""Q1"": ""WITH qualified_investors AS (\n    SELECT DISTINCT investor_id\n    FROM ATOM_ENTITY_PORTFOLIO_HOLDING_001\n    WHERE investment_type = 'Mutual Fund'\n),\ncash_per_investor AS (\n    SELECT investor_id,\n           SUM(amount) AS cash_sum\n    FROM ATOM_EVENT_CASH_FLOW_001\n    WHERE date BETWEEN '2024-01-01' AND '2024-12-31'\n      AND investor_id IN (SELECT investor_id FROM qualified_investors)\n    GROUP BY investor_id\n)\nSELECT SUM(cash_per_investor.cash_sum) AS total_net_cash_flow\nFROM ATOM_ENTITY_INVESTOR_PROFILE_001 AS inv\nINNER JOIN qualified_investors q ON inv.investor_id = q.investor_id\nINNER JOIN cash_per_investor ON inv.investor_id = cash_per_investor.investor_id;""}"
wealth_management_temporal_transaction_125_questions:TT125-122,"Among Moderate investors who have at least one underfunded goal (shortfall > 0), which 10 have the highest net cash flow overall?",wealth_management_temporal_transaction_125_questions.csv,PIPELINE_SUCCESS,MATCH,MATCH,SQL,,[],[],"[""Requirement introduces unsupported terms: ['top']"", ""group_by.0 has no quoted requirement."", ""group_by.1 has no quoted requirement.""]","The pipeline output exactly matches the ground truth top 10 Moderate investors with at least one underfunded goal, including investor IDs, names, net cash flows, and descending ranking order.",27.937,"{""Q1"": ""WITH cash_flow_agg AS (\n    SELECT investor_id,\n           SUM(amount) AS net_cash_flow\n    FROM ATOM_EVENT_CASH_FLOW_001\n    GROUP BY investor_id\n),\nunderfunded AS (\n    SELECT DISTINCT investor_id\n    FROM ATOM_ENTITY_INVESTMENT_GOAL_001\n    WHERE shortfall > 0\n)\nSELECT b.investor_id,\n       b.investor_name,\n       cf.net_cash_flow\nFROM ATOM_ENTITY_INVESTOR_PROFILE_001 AS b\nINNER JOIN underfunded u ON b.investor_id = u.investor_id\nINNER JOIN cash_flow_agg cf ON b.investor_id = cf.investor_id\nWHERE b.risk_tolerance = 'Moderate'\nORDER BY cf.net_cash_flow DESC, b.investor_id\nLIMIT 10;""}"
wealth_management_temporal_transaction_125_questions:TT125-124,What was the total net cash flow during calendar year 2024 for investors who hold at least one position with investment type 'ETF'?,wealth_management_temporal_transaction_125_questions.csv,PIPELINE_SUCCESS,MATCH,MATCH,SQL,,[],[],"[""Requirement introduces unsupported terms: ['must']"", ""Requirement introduces unsupported terms: ['must', 'within']"", ""measures.0 has no quoted requirement.""]",The pipeline result exactly matches the required total net cash flow for 2024 among investors holding at least one ETF position.,26.003,"{""Q1"": ""WITH qualified_investors AS (\n    SELECT DISTINCT investor_id\n    FROM ATOM_ENTITY_PORTFOLIO_HOLDING_001\n    WHERE investment_type = 'ETF'\n),\ncash_flow_per_investor AS (\n    SELECT investor_id,\n           SUM(amount) AS cash_sum\n    FROM ATOM_EVENT_CASH_FLOW_001\n    WHERE date BETWEEN '2024-01-01' AND '2024-12-31'\n    GROUP BY investor_id\n)\nSELECT SUM(cf.cash_sum) AS total_net_cash_flow\nFROM qualified_investors qi\nINNER JOIN cash_flow_per_investor cf ON qi.investor_id = cf.investor_id;""}"
wealth_management_temporal_transaction_125_questions:TT125-125,What is the average net cash flow of investors who have an allocation above 0% in Corporate?,wealth_management_temporal_transaction_125_questions.csv,PIPELINE_SUCCESS,MATCH,MISMATCH,SQL,,[],[],"[""Requirement introduces unsupported terms: ['must']"", ""Requirement introduces unsupported terms: ['acros', 'qualifying']""]","The pipeline returns the required average net cash flow for investors with a Corporate allocation above 0%, matching the ground truth within numeric tolerance.",26.996,"{""Q1"": ""WITH filtered_investors AS (\n    SELECT DISTINCT investor_id\n    FROM ATOM_ENTITY_SECTOR_ALLOCATION_001\n    WHERE sector = 'Corporate' AND allocation_pct > 0\n),\ncash_sums AS (\n    SELECT investor_id, SUM(amount) AS sum_amount\n    FROM ATOM_EVENT_CASH_FLOW_001\n    GROUP BY investor_id\n)\nSELECT AVG(cash_sums.sum_amount) AS average_net_cash_flow\nFROM filtered_investors\nJOIN cash_sums USING (investor_id);""}"
