global_question_id,source_csv,question_id,question,category,difficulty,query_type,tables_used,number_of_tables_used,sql_query,ground_truth_answer
wealth_management_125_question_benchmark:WM125-1T-003,wealth_management_125_question_benchmark.csv,WM125-1T-003,What is the investment goal and segment of investor INV-083?,Investor and portfolio lookup,Easy,Direct Retrieval,ATOM_ENTITY_INVESTOR_PROFILE_001,1,"SELECT investment_goal, segment FROM ATOM_ENTITY_INVESTOR_PROFILE_001 WHERE investor_id='INV-083';","[{""investment_goal"": ""Wealth Preservation"", ""segment"": null}]"
wealth_management_125_question_benchmark:WM125-1T-007,wealth_management_125_question_benchmark.csv,WM125-1T-007,What is the name of investor INV-087?,Investor and portfolio lookup,Easy,Direct Retrieval,ATOM_ENTITY_INVESTOR_PROFILE_001,1,SELECT investor_name FROM ATOM_ENTITY_INVESTOR_PROFILE_001 WHERE investor_id='INV-087';,"[{""investor_name"": ""Deepak Pandey""}]"
wealth_management_125_question_benchmark:WM125-1T-011,wealth_management_125_question_benchmark.csv,WM125-1T-011,"What are the risk, liquidity, and diversification scores of investor INV-091?",Investor and portfolio lookup,Easy,Direct Retrieval,ATOM_ENTITY_PORTFOLIO_HEALTH_001,1,"SELECT risk_score, liquidity_score, diversification_score FROM ATOM_ENTITY_PORTFOLIO_HEALTH_001 WHERE investor_id='INV-091';","[{""risk_score"": 94.137843, ""liquidity_score"": 52.170767, ""diversification_score"": 77.433519}]"
wealth_management_125_question_benchmark:WM125-1T-015,wealth_management_125_question_benchmark.csv,WM125-1T-015,What is the investment goal and segment of investor INV-095?,Investor and portfolio lookup,Easy,Direct Retrieval,ATOM_ENTITY_INVESTOR_PROFILE_001,1,"SELECT investment_goal, segment FROM ATOM_ENTITY_INVESTOR_PROFILE_001 WHERE investor_id='INV-095';","[{""investment_goal"": ""Wealth Preservation"", ""segment"": ""Diversified""}]"
wealth_management_125_question_benchmark:WM125-1T-019,wealth_management_125_question_benchmark.csv,WM125-1T-019,What is the name of investor INV-099?,Investor and portfolio lookup,Easy,Direct Retrieval,ATOM_ENTITY_INVESTOR_PROFILE_001,1,SELECT investor_name FROM ATOM_ENTITY_INVESTOR_PROFILE_001 WHERE investor_id='INV-099';,"[{""investor_name"": ""Anita Deshmukh""}]"
wealth_management_125_question_benchmark:WM125-1T-023,wealth_management_125_question_benchmark.csv,WM125-1T-023,"What are the risk, liquidity, and diversification scores of investor INV-1002?",Investor and portfolio lookup,Easy,Direct Retrieval,ATOM_ENTITY_PORTFOLIO_HEALTH_001,1,"SELECT risk_score, liquidity_score, diversification_score FROM ATOM_ENTITY_PORTFOLIO_HEALTH_001 WHERE investor_id='INV-1002';","[{""risk_score"": 0.0, ""liquidity_score"": 0.0, ""diversification_score"": 0.0}]"
wealth_management_125_question_benchmark:WM125-1T-027,wealth_management_125_question_benchmark.csv,WM125-1T-027,What is the investment goal and segment of investor INV-1006?,Investor and portfolio lookup,Easy,Direct Retrieval,ATOM_ENTITY_INVESTOR_PROFILE_001,1,"SELECT investment_goal, segment FROM ATOM_ENTITY_INVESTOR_PROFILE_001 WHERE investor_id='INV-1006';","[{""investment_goal"": ""Wealth Preservation"", ""segment"": ""Diversified""}]"
wealth_management_125_question_benchmark:WM125-1T-031,wealth_management_125_question_benchmark.csv,WM125-1T-031,What is the name of investor INV-101?,Investor and portfolio lookup,Easy,Direct Retrieval,ATOM_ENTITY_INVESTOR_PROFILE_001,1,SELECT investor_name FROM ATOM_ENTITY_INVESTOR_PROFILE_001 WHERE investor_id='INV-101';,"[{""investor_name"": ""Aishwarya Patel""}]"
wealth_management_125_question_benchmark:WM125-2T-001,wealth_management_125_question_benchmark.csv,WM125-2T-001,How many Aggressive investors have a risk score above 75?,Risk cohort,Medium,Multi-Relational,ATOM_ENTITY_INVESTOR_PROFILE_001; ATOM_ENTITY_PORTFOLIO_HEALTH_001,2,SELECT COUNT(DISTINCT p.investor_id) AS investor_count FROM ATOM_ENTITY_INVESTOR_PROFILE_001 p JOIN ATOM_ENTITY_PORTFOLIO_HEALTH_001 h ON h.investor_id=p.investor_id WHERE p.risk_tolerance='Aggressive' AND h.risk_score > 75;,"[{""investor_count"": 109}]"
wealth_management_125_question_benchmark:WM125-2T-005,wealth_management_125_question_benchmark.csv,WM125-2T-005,How many Conservative investors have a risk score above 90?,Risk cohort,Medium,Multi-Relational,ATOM_ENTITY_INVESTOR_PROFILE_001; ATOM_ENTITY_PORTFOLIO_HEALTH_001,2,SELECT COUNT(DISTINCT p.investor_id) AS investor_count FROM ATOM_ENTITY_INVESTOR_PROFILE_001 p JOIN ATOM_ENTITY_PORTFOLIO_HEALTH_001 h ON h.investor_id=p.investor_id WHERE p.risk_tolerance='Conservative' AND h.risk_score > 90;,"[{""investor_count"": 47}]"
wealth_management_125_question_benchmark:WM125-2T-009,wealth_management_125_question_benchmark.csv,WM125-2T-009,How many Moderate investors have a liquidity score below 25?,Risk cohort,Medium,Multi-Relational,ATOM_ENTITY_INVESTOR_PROFILE_001; ATOM_ENTITY_PORTFOLIO_HEALTH_001,2,SELECT COUNT(DISTINCT p.investor_id) AS investor_count FROM ATOM_ENTITY_INVESTOR_PROFILE_001 p JOIN ATOM_ENTITY_PORTFOLIO_HEALTH_001 h ON h.investor_id=p.investor_id WHERE p.risk_tolerance='Moderate' AND h.liquidity_score < 25;,"[{""investor_count"": 98}]"
wealth_management_125_question_benchmark:WM125-2T-013,wealth_management_125_question_benchmark.csv,WM125-2T-013,What is the average risk score of investors in the Large Cap segment?,Segment health,Medium,Categorical Aggregation,ATOM_ENTITY_INVESTOR_PROFILE_001; ATOM_ENTITY_PORTFOLIO_HEALTH_001,2,"SELECT ROUND(AVG(h.risk_score),2) AS avg_score FROM ATOM_ENTITY_INVESTOR_PROFILE_001 p JOIN ATOM_ENTITY_PORTFOLIO_HEALTH_001 h ON h.investor_id=p.investor_id WHERE p.segment='Large Cap';","[{""avg_score"": 50.19}]"
wealth_management_125_question_benchmark:WM125-2T-017,wealth_management_125_question_benchmark.csv,WM125-2T-017,What is the average liquidity score of investors in the Mid Cap segment?,Segment health,Medium,Categorical Aggregation,ATOM_ENTITY_INVESTOR_PROFILE_001; ATOM_ENTITY_PORTFOLIO_HEALTH_001,2,"SELECT ROUND(AVG(h.liquidity_score),2) AS avg_score FROM ATOM_ENTITY_INVESTOR_PROFILE_001 p JOIN ATOM_ENTITY_PORTFOLIO_HEALTH_001 h ON h.investor_id=p.investor_id WHERE p.segment='Mid Cap';","[{""avg_score"": 50.05}]"
wealth_management_125_question_benchmark:WM125-2T-021,wealth_management_125_question_benchmark.csv,WM125-2T-021,What is the average diversification score of investors in the Small Cap segment?,Segment health,Medium,Categorical Aggregation,ATOM_ENTITY_INVESTOR_PROFILE_001; ATOM_ENTITY_PORTFOLIO_HEALTH_001,2,"SELECT ROUND(AVG(h.diversification_score),2) AS avg_score FROM ATOM_ENTITY_INVESTOR_PROFILE_001 p JOIN ATOM_ENTITY_PORTFOLIO_HEALTH_001 h ON h.investor_id=p.investor_id WHERE p.segment='Small Cap';","[{""avg_score"": 50.3}]"
wealth_management_125_question_benchmark:WM125-2T-025,wealth_management_125_question_benchmark.csv,WM125-2T-025,"What is the average goal progress for investors whose stated goal is Income Generation, averaging each investor's goal progress first?",Goal progress by objective,Medium,Categorical Aggregation,ATOM_ENTITY_INVESTMENT_GOAL_001; ATOM_ENTITY_INVESTOR_PROFILE_001,2,"WITH g AS (SELECT investor_id, AVG(progress_pct) AS progress_pct FROM ATOM_ENTITY_INVESTMENT_GOAL_001 GROUP BY investor_id) SELECT ROUND(AVG(g.progress_pct),2) AS avg_progress FROM ATOM_ENTITY_INVESTOR_PROFILE_001 p LEFT JOIN g ON g.investor_id=p.investor_id WHERE p.investment_goal='Income Generation';","[{""avg_progress"": 42.59}]"
wealth_management_125_question_benchmark:WM125-2T-029,wealth_management_125_question_benchmark.csv,WM125-2T-029,How many investors hold at least one position with investment type 'ETF'?,Holding ownership,Medium,Multi-Relational,ATOM_ENTITY_INVESTOR_PROFILE_001; ATOM_ENTITY_PORTFOLIO_HOLDING_001,2,SELECT COUNT(DISTINCT p.investor_id) AS investor_count FROM ATOM_ENTITY_INVESTOR_PROFILE_001 p WHERE EXISTS (SELECT 1 FROM ATOM_ENTITY_PORTFOLIO_HOLDING_001 o WHERE o.investor_id=p.investor_id AND o.investment_type='ETF');,"[{""investor_count"": 740}]"
wealth_management_125_question_benchmark:WM125-3T-003,wealth_management_125_question_benchmark.csv,WM125-3T-003,Which Aggressive investors have a risk score above 75 and hold a position with investment type 'Equity'?,Risk + holding profile,Hard,Multi-Relational,ATOM_ENTITY_INVESTOR_PROFILE_001; ATOM_ENTITY_PORTFOLIO_HEALTH_001; ATOM_ENTITY_PORTFOLIO_HOLDING_001,3,"SELECT DISTINCT p.investor_id, p.investor_name FROM ATOM_ENTITY_INVESTOR_PROFILE_001 p JOIN ATOM_ENTITY_PORTFOLIO_HEALTH_001 h ON h.investor_id=p.investor_id WHERE p.risk_tolerance='Aggressive' AND h.risk_score>75 AND EXISTS (SELECT 1 FROM ATOM_ENTITY_PORTFOLIO_HOLDING_001 o WHERE o.investor_id=p.investor_id AND o.investment_type='Equity') ORDER BY p.investor_id;","[{""investor_id"": ""INV-037"", ""investor_name"": ""Chetan Sharma""}, {""investor_id"": ""INV-073"", ""investor_name"": ""Abhishek Mehta""}, {""investor_id"": ""INV-076"", ""investor_name"": ""Aishwarya Kulkarni""}, {""investor_id"": ""INV-078"", ""investor_name"": ""Rajesh Bhat""}, {""investor_id"": ""INV-079"", ""investor_name"": ""Ankita Rao""}, {""investor_id"": ""INV-084"", ""investor_name"": ""Anand Reddy""}, {""investor_id"": ""INV-1016"", ""investor_name"": ""Ankita Joshi""}, {""investor_id"": ""INV-1059"", ""investor_name"": ""Rahul Sharma""}, {""investor_id"": ""INV-1104"", ""investor_name"": ""Arjun Patel""}, {""investor_id"": ""INV-1111"", ""investor_name"": ""Rajesh Sharma""}, {""investor_id"": ""INV-1133"", ""investor_name"": ""Rajesh Chauhan""}, {""investor_id"": ""INV-1153"", ""investor_name"": ""Arvind Sharma""}, {""investor_id"": ""INV-1164"", ""investor_name"": ""Sneha Singh""}, {""investor_id"": ""INV-1184"", ""investor_name"": ""Amrita Mehta""}, {""investor_id"": ""INV-1185"", ""investor_name"": ""Kavita Singh""}, {""investor_id"": ""INV-121"", ""investor_name"": ""Anita Hegde""}, {""investor_id"": ""INV-1219"", ""investor_name"": ""Rajesh Mishra""}, {""investor_id"": ""INV-1236"", ""investor_name"": ""Dipti Yadav""}, {""investor_id"": ""INV-130"", ""investor_name"": ""Abhishek Verma""}, {""investor_id"": ""INV-1308"", ""investor_name"": ""Kavita Deshmukh""}, {""investor_id"": ""INV-1313"", ""investor_name"": ""Ramesh Bhat""}, {""investor_id"": ""INV-133"", ""investor_name"": ""Rohan Arora""}, {""investor_id"": ""INV-1336"", ""investor_name"": ""Vikram Kulkarni""}, {""investor_id"": ""INV-1341"", ""investor_name"": ""Amrita Chauhan""}, {""investor_id"": ""INV-1427"", ""investor_name"": ""Anjali Arora""}, {""investor_id"": ""INV-1459"", ""investor_name"": ""Arjun Iyer""}, {""investor_id"": ""INV-1513"", ""investor_name"": ""Geeta Reddy""}, {""investor_id"": ""INV-189"", ""investor_name"": ""Meena Hegde""}, {""investor_id"": ""INV-244"", ""investor_name"": ""Vikram Mishra""}, {""investor_id"": ""INV-281"", ""investor_name"": ""Sunita Pandey""}, {""investor_id"": ""INV-327"", ""investor_name"": ""Anjali Sharma""}, {""investor_id"": ""INV-349"", ""investor_name"": ""Arvind Kulkarni""}, {""investor_id"": ""INV-377"", ""investor_name"": ""Anita Singh""}, {""investor_id"": ""INV-395"", ""investor_name"": ""Rajesh Gupta""}, {""investor_id"": ""INV-507"", ""investor_name"": ""Ishita Sharma""}, {""investor_id"": ""INV-580"", ""investor_name"": ""Anita Patel""}, {""investor_id"": ""INV-644"", ""investor_name"": ""Abhishek Reddy""}, {""investor_id"": ""INV-653"", ""investor_name"": ""Suresh Bhat""}, {""investor_id"": ""INV-661"", ""investor_name"": ""Geeta Gupta""}, {""investor_id"": ""INV-721"", ""investor_name"": ""Amrita Reddy""}, {""investor_id"": ""INV-749"", ""investor_name"": ""Rahul Pandey""}, {""investor_id"": ""INV-768"", ""investor_name"": ""Amrita Reddy""}, {""investor_id"": ""INV-794"", ""investor_name"": ""Sneha Singh""}, {""investor_id"": ""INV-845"", ""investor_name"": ""Geeta Chauhan""}, {""investor_id"": ""INV-850"", ""investor_name"": ""Siddharth Reddy""}, {""investor_id"": ""INV-908"", ""investor_name"": ""Arjun Sharma""}]"
wealth_management_125_question_benchmark:WM125-3T-007,wealth_management_125_question_benchmark.csv,WM125-3T-007,Which Conservative investors have a risk score above 75 and hold a Corporate Bond?,Risk + holding profile,Hard,Multi-Relational,ATOM_ENTITY_INVESTOR_PROFILE_001; ATOM_ENTITY_PORTFOLIO_HEALTH_001; ATOM_ENTITY_PORTFOLIO_HOLDING_001,3,"SELECT DISTINCT p.investor_id, p.investor_name FROM ATOM_ENTITY_INVESTOR_PROFILE_001 p JOIN ATOM_ENTITY_PORTFOLIO_HEALTH_001 h ON h.investor_id=p.investor_id WHERE p.risk_tolerance='Conservative' AND h.risk_score>75 AND EXISTS (SELECT 1 FROM ATOM_ENTITY_PORTFOLIO_HOLDING_001 o WHERE o.investor_id=p.investor_id AND o.investment_type='Corporate Bond') ORDER BY p.investor_id;","{""_total_rows"": 63, ""_truncated_to"": 50, ""rows"": [{""investor_id"": ""INV-001"", ""investor_name"": ""Arjun Iyer""}, {""investor_id"": ""INV-034"", ""investor_name"": ""Sneha Reddy""}, {""investor_id"": ""INV-047"", ""investor_name"": ""Aishwarya Reddy""}, {""investor_id"": ""INV-069"", ""investor_name"": ""Sunita Patel""}, {""investor_id"": ""INV-071"", ""investor_name"": ""Anita Iyer""}, {""investor_id"": ""INV-1025"", ""investor_name"": ""Rohan Arora""}, {""investor_id"": ""INV-1045"", ""investor_name"": ""Arvind Nair""}, {""investor_id"": ""INV-1048"", ""investor_name"": ""Geeta Pandey""}, {""investor_id"": ""INV-1061"", ""investor_name"": ""Vikram Verma""}, {""investor_id"": ""INV-1071"", ""investor_name"": ""Anand Joshi""}, {""investor_id"": ""INV-1090"", ""investor_name"": ""Rajesh Yadav""}, {""investor_id"": ""INV-1129"", ""investor_name"": ""Akshay Hegde""}, {""investor_id"": ""INV-114"", ""investor_name"": ""Ishita Singh""}, {""investor_id"": ""INV-1154"", ""investor_name"": ""Ishita Hegde""}, {""investor_id"": ""INV-1198"", ""investor_name"": ""Anita Verma""}, {""investor_id"": ""INV-1221"", ""investor_name"": ""Aishwarya Kulkarni""}, {""investor_id"": ""INV-1273"", ""investor_name"": ""Aishwarya Hegde""}, {""investor_id"": ""INV-1281"", ""investor_name"": ""Ankita Rao""}, {""investor_id"": ""INV-1299"", ""investor_name"": ""Geeta Chauhan""}, {""investor_id"": ""INV-1309"", ""investor_name"": ""Anjali Rao""}, {""investor_id"": ""INV-1310"", ""investor_name"": ""Sneha Iyer""}, {""investor_id"": ""INV-1318"", ""investor_name"": ""Priyanka Pandey""}, {""investor_id"": ""INV-1321"", ""investor_name"": ""Sunita Verma""}, {""investor_id"": ""INV-1347"", ""investor_name"": ""Rohan Hegde""}, {""investor_id"": ""INV-1348"", ""investor_name"": ""Anand Deshmukh""}, {""investor_id"": ""INV-1378"", ""investor_name"": ""Anjali Joshi""}, {""investor_id"": ""INV-141"", ""investor_name"": ""Geeta Verma""}, {""investor_id"": ""INV-1434"", ""investor_name"": ""Arjun Mishra""}, {""investor_id"": ""INV-1446"", ""investor_name"": ""Arvind Arora""}, {""investor_id"": ""INV-1452"", ""investor_name"": ""Akshay Gupta""}, {""investor_id"": ""INV-1460"", ""investor_name"": ""Priyanka Iyer""}, {""investor_id"": ""INV-148"", ""investor_name"": ""Rohan Joshi""}, {""investor_id"": ""INV-1492"", ""investor_name"": ""Amrita Yadav""}, {""investor_id"": ""INV-1541"", ""investor_name"": ""Geeta Rao""}, {""investor_id"": ""INV-171"", ""investor_name"": ""Meena Mehta""}, {""investor_id"": ""INV-217"", ""investor_name"": ""Rohan Reddy""}, {""investor_id"": ""INV-221"", ""investor_name"": ""Aishwarya Yadav""}, {""investor_id"": ""INV-295"", ""investor_name"": ""Vikram Joshi""}, {""investor_id"": ""INV-300"", ""investor_name"": ""Geeta Rao""}, {""investor_id"": ""INV-309"", ""investor_name"": ""Arjun Joshi""}, {""investor_id"": ""INV-381"", ""investor_name"": ""Priyanka Deshmukh""}, {""investor_id"": ""INV-409"", ""investor_name"": ""Sneha Gupta""}, {""investor_id"": ""INV-465"", ""investor_name"": ""Abhishek Hegde""}, {""investor_id"": ""INV-473"", ""investor_name"": ""Rohan Rao""}, {""investor_id"": ""INV-491"", ""investor_name"": ""Aishwarya Chauhan""}, {""investor_id"": ""INV-506"", ""investor_name"": ""Amrita Mehta""}, {""investor_id"": ""INV-581"", ""investor_name"": ""Siddharth Pandey""}, {""investor_id"": ""INV-616"", ""investor_name"": ""Anjali Patel""}, {""investor_id"": ""INV-630"", ""investor_name"": ""Bhavna Nair""}, {""investor_id"": ""INV-648"", ""investor_name"": ""Deepak Kulkarni""}]}"
wealth_management_125_question_benchmark:WM125-3T-011,wealth_management_125_question_benchmark.csv,WM125-3T-011,Which Conservative investors have a risk score above 75 and hold a Gold?,Risk + holding profile,Hard,Multi-Relational,ATOM_ENTITY_INVESTOR_PROFILE_001; ATOM_ENTITY_PORTFOLIO_HEALTH_001; ATOM_ENTITY_PORTFOLIO_HOLDING_001,3,"SELECT DISTINCT p.investor_id, p.investor_name FROM ATOM_ENTITY_INVESTOR_PROFILE_001 p JOIN ATOM_ENTITY_PORTFOLIO_HEALTH_001 h ON h.investor_id=p.investor_id WHERE p.risk_tolerance='Conservative' AND h.risk_score>75 AND EXISTS (SELECT 1 FROM ATOM_ENTITY_PORTFOLIO_HOLDING_001 o WHERE o.investor_id=p.investor_id AND o.investment_type='Gold') ORDER BY p.investor_id;","{""_total_rows"": 64, ""_truncated_to"": 50, ""rows"": [{""investor_id"": ""INV-021"", ""investor_name"": ""Arvind Chauhan""}, {""investor_id"": ""INV-071"", ""investor_name"": ""Anita Iyer""}, {""investor_id"": ""INV-1012"", ""investor_name"": ""Amrita Iyer""}, {""investor_id"": ""INV-1025"", ""investor_name"": ""Rohan Arora""}, {""investor_id"": ""INV-1045"", ""investor_name"": ""Arvind Nair""}, {""investor_id"": ""INV-1048"", ""investor_name"": ""Geeta Pandey""}, {""investor_id"": ""INV-1072"", ""investor_name"": ""Amrita Kulkarni""}, {""investor_id"": ""INV-1120"", ""investor_name"": ""Arjun Bhat""}, {""investor_id"": ""INV-1121"", ""investor_name"": ""Rajesh Arora""}, {""investor_id"": ""INV-1138"", ""investor_name"": ""Sneha Reddy""}, {""investor_id"": ""INV-1139"", ""investor_name"": ""Rahul Chauhan""}, {""investor_id"": ""INV-114"", ""investor_name"": ""Ishita Singh""}, {""investor_id"": ""INV-1148"", ""investor_name"": ""Rohan Rao""}, {""investor_id"": ""INV-118"", ""investor_name"": ""Vivek Rao""}, {""investor_id"": ""INV-1198"", ""investor_name"": ""Anita Verma""}, {""investor_id"": ""INV-1221"", ""investor_name"": ""Aishwarya Kulkarni""}, {""investor_id"": ""INV-1238"", ""investor_name"": ""Bhavna Bhat""}, {""investor_id"": ""INV-124"", ""investor_name"": ""Rajesh Kulkarni""}, {""investor_id"": ""INV-1281"", ""investor_name"": ""Ankita Rao""}, {""investor_id"": ""INV-1310"", ""investor_name"": ""Sneha Iyer""}, {""investor_id"": ""INV-1312"", ""investor_name"": ""Amit Verma""}, {""investor_id"": ""INV-1321"", ""investor_name"": ""Sunita Verma""}, {""investor_id"": ""INV-1348"", ""investor_name"": ""Anand Deshmukh""}, {""investor_id"": ""INV-141"", ""investor_name"": ""Geeta Verma""}, {""investor_id"": ""INV-1421"", ""investor_name"": ""Meena Mishra""}, {""investor_id"": ""INV-1481"", ""investor_name"": ""Amit Mishra""}, {""investor_id"": ""INV-149"", ""investor_name"": ""Deepak Pandey""}, {""investor_id"": ""INV-1492"", ""investor_name"": ""Amrita Yadav""}, {""investor_id"": ""INV-161"", ""investor_name"": ""Rahul Mishra""}, {""investor_id"": ""INV-217"", ""investor_name"": ""Rohan Reddy""}, {""investor_id"": ""INV-221"", ""investor_name"": ""Aishwarya Yadav""}, {""investor_id"": ""INV-237"", ""investor_name"": ""Rohan Verma""}, {""investor_id"": ""INV-273"", ""investor_name"": ""Ankita Yadav""}, {""investor_id"": ""INV-294"", ""investor_name"": ""Anita Nair""}, {""investor_id"": ""INV-295"", ""investor_name"": ""Vikram Joshi""}, {""investor_id"": ""INV-300"", ""investor_name"": ""Geeta Rao""}, {""investor_id"": ""INV-366"", ""investor_name"": ""Ishita Bhat""}, {""investor_id"": ""INV-378"", ""investor_name"": ""Geeta Verma""}, {""investor_id"": ""INV-393"", ""investor_name"": ""Amrita Pandey""}, {""investor_id"": ""INV-465"", ""investor_name"": ""Abhishek Hegde""}, {""investor_id"": ""INV-481"", ""investor_name"": ""Rajesh Joshi""}, {""investor_id"": ""INV-486"", ""investor_name"": ""Anita Rao""}, {""investor_id"": ""INV-491"", ""investor_name"": ""Aishwarya Chauhan""}, {""investor_id"": ""INV-548"", ""investor_name"": ""Ishita Yadav""}, {""investor_id"": ""INV-581"", ""investor_name"": ""Siddharth Pandey""}, {""investor_id"": ""INV-588"", ""investor_name"": ""Anita Deshmukh""}, {""investor_id"": ""INV-607"", ""investor_name"": ""Vivek Gupta""}, {""investor_id"": ""INV-616"", ""investor_name"": ""Anjali Patel""}, {""investor_id"": ""INV-617"", ""investor_name"": ""Vivek Pandey""}, {""investor_id"": ""INV-621"", ""investor_name"": ""Kavita Reddy""}]}"
wealth_management_125_question_benchmark:WM125-3T-015,wealth_management_125_question_benchmark.csv,WM125-3T-015,Which Moderate investors have a risk score above 75 and hold a position with investment type 'Equity'?,Risk + holding profile,Hard,Multi-Relational,ATOM_ENTITY_INVESTOR_PROFILE_001; ATOM_ENTITY_PORTFOLIO_HEALTH_001; ATOM_ENTITY_PORTFOLIO_HOLDING_001,3,"SELECT DISTINCT p.investor_id, p.investor_name FROM ATOM_ENTITY_INVESTOR_PROFILE_001 p JOIN ATOM_ENTITY_PORTFOLIO_HEALTH_001 h ON h.investor_id=p.investor_id WHERE p.risk_tolerance='Moderate' AND h.risk_score>75 AND EXISTS (SELECT 1 FROM ATOM_ENTITY_PORTFOLIO_HOLDING_001 o WHERE o.investor_id=p.investor_id AND o.investment_type='Equity') ORDER BY p.investor_id;","[{""investor_id"": ""INV-053"", ""investor_name"": ""Anita Iyer""}, {""investor_id"": ""INV-058"", ""investor_name"": ""Meena Bhat""}, {""investor_id"": ""INV-072"", ""investor_name"": ""Siddharth Gupta""}, {""investor_id"": ""INV-1014"", ""investor_name"": ""Sneha Hegde""}, {""investor_id"": ""INV-1015"", ""investor_name"": ""Siddharth Deshmukh""}, {""investor_id"": ""INV-1021"", ""investor_name"": ""Amit Joshi""}, {""investor_id"": ""INV-1047"", ""investor_name"": ""Anjali Hegde""}, {""investor_id"": ""INV-1079"", ""investor_name"": ""Amit Reddy""}, {""investor_id"": ""INV-1101"", ""investor_name"": ""Rahul Verma""}, {""investor_id"": ""INV-1159"", ""investor_name"": ""Anand Sharma""}, {""investor_id"": ""INV-1241"", ""investor_name"": ""Sneha Hegde""}, {""investor_id"": ""INV-1287"", ""investor_name"": ""Ishita Mehta""}, {""investor_id"": ""INV-1349"", ""investor_name"": ""Dipti Pandey""}, {""investor_id"": ""INV-1461"", ""investor_name"": ""Amit Yadav""}, {""investor_id"": ""INV-1498"", ""investor_name"": ""Anand Mehta""}, {""investor_id"": ""INV-220"", ""investor_name"": ""Amit Joshi""}, {""investor_id"": ""INV-269"", ""investor_name"": ""Amrita Verma""}, {""investor_id"": ""INV-310"", ""investor_name"": ""Siddharth Nair""}, {""investor_id"": ""INV-373"", ""investor_name"": ""Priyanka Bhat""}, {""investor_id"": ""INV-374"", ""investor_name"": ""Anjali Pandey""}, {""investor_id"": ""INV-391"", ""investor_name"": ""Vivek Kulkarni""}, {""investor_id"": ""INV-412"", ""investor_name"": ""Kavita Verma""}, {""investor_id"": ""INV-418"", ""investor_name"": ""Akshay Mishra""}, {""investor_id"": ""INV-430"", ""investor_name"": ""Abhishek Verma""}, {""investor_id"": ""INV-441"", ""investor_name"": ""Ramesh Patel""}, {""investor_id"": ""INV-474"", ""investor_name"": ""Meena Kulkarni""}, {""investor_id"": ""INV-546"", ""investor_name"": ""Anand Mishra""}, {""investor_id"": ""INV-597"", ""investor_name"": ""Suresh Rao""}, {""investor_id"": ""INV-694"", ""investor_name"": ""Aishwarya Gupta""}, {""investor_id"": ""INV-718"", ""investor_name"": ""Anjali Mishra""}, {""investor_id"": ""INV-753"", ""investor_name"": ""Amit Sharma""}, {""investor_id"": ""INV-754"", ""investor_name"": ""Ramesh Deshmukh""}, {""investor_id"": ""INV-779"", ""investor_name"": ""Deepak Chauhan""}, {""investor_id"": ""INV-781"", ""investor_name"": ""Dipti Reddy""}, {""investor_id"": ""INV-846"", ""investor_name"": ""Akshay Patel""}, {""investor_id"": ""INV-847"", ""investor_name"": ""Chetan Joshi""}, {""investor_id"": ""INV-874"", ""investor_name"": ""Rajesh Bhat""}, {""investor_id"": ""INV-891"", ""investor_name"": ""Anita Deshmukh""}, {""investor_id"": ""INV-936"", ""investor_name"": ""Amrita Joshi""}, {""investor_id"": ""INV-945"", ""investor_name"": ""Siddharth Mehta""}, {""investor_id"": ""INV-969"", ""investor_name"": ""Vikram Mishra""}]"
wealth_management_125_question_benchmark:WM125-3T-019,wealth_management_125_question_benchmark.csv,WM125-3T-019,Which Aggressive investors have a liquidity score below 50 and a sector allocation above 0% in Automobile?,Health + allocation profile,Hard,Multi-Relational,ATOM_ENTITY_INVESTOR_PROFILE_001; ATOM_ENTITY_PORTFOLIO_HEALTH_001; ATOM_ENTITY_SECTOR_ALLOCATION_001,3,"SELECT DISTINCT p.investor_id, p.investor_name FROM ATOM_ENTITY_INVESTOR_PROFILE_001 p JOIN ATOM_ENTITY_PORTFOLIO_HEALTH_001 h ON h.investor_id=p.investor_id WHERE p.risk_tolerance='Aggressive' AND h.liquidity_score<50 AND EXISTS (SELECT 1 FROM ATOM_ENTITY_SECTOR_ALLOCATION_001 a WHERE a.investor_id=p.investor_id AND a.sector='Automobile' AND a.allocation_pct>0) ORDER BY p.investor_id;","[{""investor_id"": ""INV-045"", ""investor_name"": ""Aishwarya Deshmukh""}, {""investor_id"": ""INV-073"", ""investor_name"": ""Abhishek Mehta""}, {""investor_id"": ""INV-1027"", ""investor_name"": ""Aishwarya Deshmukh""}, {""investor_id"": ""INV-1106"", ""investor_name"": ""Vivek Bhat""}, {""investor_id"": ""INV-1332"", ""investor_name"": ""Amit Arora""}, {""investor_id"": ""INV-1448"", ""investor_name"": ""Anjali Mehta""}, {""investor_id"": ""INV-152"", ""investor_name"": ""Ramesh Gupta""}, {""investor_id"": ""INV-162"", ""investor_name"": ""Suresh Joshi""}, {""investor_id"": ""INV-165"", ""investor_name"": ""Meena Mishra""}, {""investor_id"": ""INV-213"", ""investor_name"": ""Suresh Mishra""}, {""investor_id"": ""INV-282"", ""investor_name"": ""Anita Deshmukh""}, {""investor_id"": ""INV-304"", ""investor_name"": ""Ishita Nair""}, {""investor_id"": ""INV-331"", ""investor_name"": ""Vivek Rao""}, {""investor_id"": ""INV-570"", ""investor_name"": ""Anita Pandey""}, {""investor_id"": ""INV-634"", ""investor_name"": ""Rohan Singh""}, {""investor_id"": ""INV-722"", ""investor_name"": ""Meena Deshmukh""}, {""investor_id"": ""INV-836"", ""investor_name"": ""Akshay Rao""}, {""investor_id"": ""INV-917"", ""investor_name"": ""Akshay Mishra""}, {""investor_id"": ""INV-959"", ""investor_name"": ""Anita Hegde""}]"
wealth_management_125_question_benchmark:WM125-3T-023,wealth_management_125_question_benchmark.csv,WM125-3T-023,Which Aggressive investors have a liquidity score below 50 and a sector allocation above 0% in Financial Services?,Health + allocation profile,Hard,Multi-Relational,ATOM_ENTITY_INVESTOR_PROFILE_001; ATOM_ENTITY_PORTFOLIO_HEALTH_001; ATOM_ENTITY_SECTOR_ALLOCATION_001,3,"SELECT DISTINCT p.investor_id, p.investor_name FROM ATOM_ENTITY_INVESTOR_PROFILE_001 p JOIN ATOM_ENTITY_PORTFOLIO_HEALTH_001 h ON h.investor_id=p.investor_id WHERE p.risk_tolerance='Aggressive' AND h.liquidity_score<50 AND EXISTS (SELECT 1 FROM ATOM_ENTITY_SECTOR_ALLOCATION_001 a WHERE a.investor_id=p.investor_id AND a.sector='Financial Services' AND a.allocation_pct>0) ORDER BY p.investor_id;","[{""investor_id"": ""INV-1248"", ""investor_name"": ""Siddharth Deshmukh""}, {""investor_id"": ""INV-1265"", ""investor_name"": ""Vivek Gupta""}, {""investor_id"": ""INV-1290"", ""investor_name"": ""Abhishek Joshi""}, {""investor_id"": ""INV-130"", ""investor_name"": ""Abhishek Verma""}, {""investor_id"": ""INV-137"", ""investor_name"": ""Dipti Mishra""}, {""investor_id"": ""INV-1407"", ""investor_name"": ""Akshay Verma""}, {""investor_id"": ""INV-1448"", ""investor_name"": ""Anjali Mehta""}, {""investor_id"": ""INV-1510"", ""investor_name"": ""Anita Yadav""}, {""investor_id"": ""INV-1532"", ""investor_name"": ""Ramesh Bhat""}, {""investor_id"": ""INV-1533"", ""investor_name"": ""Geeta Joshi""}, {""investor_id"": ""INV-442"", ""investor_name"": ""Arvind Rao""}, {""investor_id"": ""INV-487"", ""investor_name"": ""Akshay Deshmukh""}, {""investor_id"": ""INV-611"", ""investor_name"": ""Amit Verma""}, {""investor_id"": ""INV-825"", ""investor_name"": ""Sneha Kulkarni""}, {""investor_id"": ""INV-878"", ""investor_name"": ""Vikram Kulkarni""}, {""investor_id"": ""INV-900"", ""investor_name"": ""Rahul Mishra""}]"
wealth_management_125_question_benchmark:WM125-3T-027,wealth_management_125_question_benchmark.csv,WM125-3T-027,Which Conservative investors have a liquidity score below 50 and a sector allocation above 0% in Corporate?,Health + allocation profile,Hard,Multi-Relational,ATOM_ENTITY_INVESTOR_PROFILE_001; ATOM_ENTITY_PORTFOLIO_HEALTH_001; ATOM_ENTITY_SECTOR_ALLOCATION_001,3,"SELECT DISTINCT p.investor_id, p.investor_name FROM ATOM_ENTITY_INVESTOR_PROFILE_001 p JOIN ATOM_ENTITY_PORTFOLIO_HEALTH_001 h ON h.investor_id=p.investor_id WHERE p.risk_tolerance='Conservative' AND h.liquidity_score<50 AND EXISTS (SELECT 1 FROM ATOM_ENTITY_SECTOR_ALLOCATION_001 a WHERE a.investor_id=p.investor_id AND a.sector='Corporate' AND a.allocation_pct>0) ORDER BY p.investor_id;","[{""investor_id"": ""INV-027"", ""investor_name"": ""Sneha Verma""}, {""investor_id"": ""INV-1230"", ""investor_name"": ""Suresh Singh""}, {""investor_id"": ""INV-1246"", ""investor_name"": ""Deepak Verma""}, {""investor_id"": ""INV-1312"", ""investor_name"": ""Amit Verma""}, {""investor_id"": ""INV-1347"", ""investor_name"": ""Rohan Hegde""}, {""investor_id"": ""INV-1348"", ""investor_name"": ""Anand Deshmukh""}, {""investor_id"": ""INV-1369"", ""investor_name"": ""Anand Bhat""}, {""investor_id"": ""INV-145"", ""investor_name"": ""Sunita Singh""}, {""investor_id"": ""INV-205"", ""investor_name"": ""Kavita Deshmukh""}, {""investor_id"": ""INV-542"", ""investor_name"": ""Priyanka Singh""}, {""investor_id"": ""INV-547"", ""investor_name"": ""Rajesh Arora""}, {""investor_id"": ""INV-566"", ""investor_name"": ""Rahul Arora""}, {""investor_id"": ""INV-669"", ""investor_name"": ""Deepak Kulkarni""}, {""investor_id"": ""INV-700"", ""investor_name"": ""Bhavna Yadav""}, {""investor_id"": ""INV-707"", ""investor_name"": ""Siddharth Bhat""}, {""investor_id"": ""INV-939"", ""investor_name"": ""Suresh Singh""}]"
wealth_management_125_question_benchmark:WM125-4T-004,wealth_management_125_question_benchmark.csv,WM125-4T-004,"Which Aggressive investors have a diversification score below 25, a Currency Depreciation scenario record, and at least one underfunded goal?",Cross-table risk context,Advanced,Composite Reasoning,ATOM_ENTITY_INVESTMENT_GOAL_001; ATOM_ENTITY_INVESTOR_PROFILE_001; ATOM_ENTITY_PORTFOLIO_HEALTH_001; ATOM_EVENT_SCENARIO_REBALANCING_001,4,"SELECT DISTINCT p.investor_id, p.investor_name FROM ATOM_ENTITY_INVESTOR_PROFILE_001 p JOIN ATOM_ENTITY_PORTFOLIO_HEALTH_001 h ON h.investor_id=p.investor_id WHERE p.risk_tolerance='Aggressive' AND h.diversification_score<25 AND EXISTS (SELECT 1 FROM ATOM_EVENT_SCENARIO_REBALANCING_001 s WHERE s.investor_id=p.investor_id AND s.scenario='Currency Depreciation') AND EXISTS (SELECT 1 FROM ATOM_ENTITY_INVESTMENT_GOAL_001 g WHERE g.investor_id=p.investor_id AND g.shortfall>0) ORDER BY p.investor_id;","[{""investor_id"": ""INV-1306"", ""investor_name"": ""Deepak Mehta""}, {""investor_id"": ""INV-1465"", ""investor_name"": ""Amit Gupta""}, {""investor_id"": ""INV-264"", ""investor_name"": ""Meena Pandey""}, {""investor_id"": ""INV-407"", ""investor_name"": ""Akshay Chauhan""}, {""investor_id"": ""INV-502"", ""investor_name"": ""Dipti Pandey""}, {""investor_id"": ""INV-582"", ""investor_name"": ""Amit Bhat""}, {""investor_id"": ""INV-682"", ""investor_name"": ""Chetan Kulkarni""}, {""investor_id"": ""INV-794"", ""investor_name"": ""Sneha Singh""}, {""investor_id"": ""INV-804"", ""investor_name"": ""Vikram Bhat""}, {""investor_id"": ""INV-825"", ""investor_name"": ""Sneha Kulkarni""}, {""investor_id"": ""INV-909"", ""investor_name"": ""Rahul Yadav""}]"
wealth_management_125_question_benchmark:WM125-4T-008,wealth_management_125_question_benchmark.csv,WM125-4T-008,"Which Conservative investors have a diversification score below 25, a Bull Market scenario record, and at least one underfunded goal?",Cross-table risk context,Advanced,Composite Reasoning,ATOM_ENTITY_INVESTMENT_GOAL_001; ATOM_ENTITY_INVESTOR_PROFILE_001; ATOM_ENTITY_PORTFOLIO_HEALTH_001; ATOM_EVENT_SCENARIO_REBALANCING_001,4,"SELECT DISTINCT p.investor_id, p.investor_name FROM ATOM_ENTITY_INVESTOR_PROFILE_001 p JOIN ATOM_ENTITY_PORTFOLIO_HEALTH_001 h ON h.investor_id=p.investor_id WHERE p.risk_tolerance='Conservative' AND h.diversification_score<25 AND EXISTS (SELECT 1 FROM ATOM_EVENT_SCENARIO_REBALANCING_001 s WHERE s.investor_id=p.investor_id AND s.scenario='Bull Market') AND EXISTS (SELECT 1 FROM ATOM_ENTITY_INVESTMENT_GOAL_001 g WHERE g.investor_id=p.investor_id AND g.shortfall>0) ORDER BY p.investor_id;","[{""investor_id"": ""INV-047"", ""investor_name"": ""Aishwarya Reddy""}, {""investor_id"": ""INV-059"", ""investor_name"": ""Deepak Bhat""}, {""investor_id"": ""INV-066"", ""investor_name"": ""Arjun Mishra""}, {""investor_id"": ""INV-1120"", ""investor_name"": ""Arjun Bhat""}, {""investor_id"": ""INV-1292"", ""investor_name"": ""Deepak Bhat""}, {""investor_id"": ""INV-202"", ""investor_name"": ""Chetan Patel""}, {""investor_id"": ""INV-602"", ""investor_name"": ""Sneha Bhat""}, {""investor_id"": ""INV-727"", ""investor_name"": ""Rahul Bhat""}, {""investor_id"": ""INV-914"", ""investor_name"": ""Rohan Pandey""}]"
wealth_management_125_question_benchmark:WM125-4T-012,wealth_management_125_question_benchmark.csv,WM125-4T-012,"Which Moderate investors have a diversification score below 25, a Bear Market scenario record, and at least one underfunded goal?",Cross-table risk context,Advanced,Composite Reasoning,ATOM_ENTITY_INVESTMENT_GOAL_001; ATOM_ENTITY_INVESTOR_PROFILE_001; ATOM_ENTITY_PORTFOLIO_HEALTH_001; ATOM_EVENT_SCENARIO_REBALANCING_001,4,"SELECT DISTINCT p.investor_id, p.investor_name FROM ATOM_ENTITY_INVESTOR_PROFILE_001 p JOIN ATOM_ENTITY_PORTFOLIO_HEALTH_001 h ON h.investor_id=p.investor_id WHERE p.risk_tolerance='Moderate' AND h.diversification_score<25 AND EXISTS (SELECT 1 FROM ATOM_EVENT_SCENARIO_REBALANCING_001 s WHERE s.investor_id=p.investor_id AND s.scenario='Bear Market') AND EXISTS (SELECT 1 FROM ATOM_ENTITY_INVESTMENT_GOAL_001 g WHERE g.investor_id=p.investor_id AND g.shortfall>0) ORDER BY p.investor_id;","[{""investor_id"": ""INV-1160"", ""investor_name"": ""Geeta Joshi""}, {""investor_id"": ""INV-1477"", ""investor_name"": ""Siddharth Reddy""}, {""investor_id"": ""INV-367"", ""investor_name"": ""Sunita Kulkarni""}, {""investor_id"": ""INV-384"", ""investor_name"": ""Sneha Gupta""}, {""investor_id"": ""INV-447"", ""investor_name"": ""Amrita Sharma""}, {""investor_id"": ""INV-597"", ""investor_name"": ""Suresh Rao""}, {""investor_id"": ""INV-745"", ""investor_name"": ""Sunita Mehta""}, {""investor_id"": ""INV-827"", ""investor_name"": ""Meena Gupta""}]"
wealth_management_125_question_benchmark:WM125-4T-016,wealth_management_125_question_benchmark.csv,WM125-4T-016,"Which Long-term investors have a risk score above 50, hold a Corporate Bond, and have at least one rebalancing action?",Time-horizon cross-table profile,Advanced,Composite Reasoning,ATOM_ENTITY_INVESTOR_PROFILE_001; ATOM_ENTITY_PORTFOLIO_HEALTH_001; ATOM_ENTITY_PORTFOLIO_HOLDING_001; ATOM_EVENT_REBALANCING_ACTION_001,4,"SELECT DISTINCT p.investor_id, p.investor_name FROM ATOM_ENTITY_INVESTOR_PROFILE_001 p JOIN ATOM_ENTITY_PORTFOLIO_HEALTH_001 h ON h.investor_id=p.investor_id WHERE p.time_horizon='Long-term' AND h.risk_score>50 AND EXISTS (SELECT 1 FROM ATOM_ENTITY_PORTFOLIO_HOLDING_001 o WHERE o.investor_id=p.investor_id AND o.investment_type='Corporate Bond') AND EXISTS (SELECT 1 FROM ATOM_EVENT_REBALANCING_ACTION_001 r WHERE r.investor_id=p.investor_id) ORDER BY p.investor_id;","{""_total_rows"": 90, ""_truncated_to"": 50, ""rows"": [{""investor_id"": ""INV-034"", ""investor_name"": ""Sneha Reddy""}, {""investor_id"": ""INV-056"", ""investor_name"": ""Amrita Hegde""}, {""investor_id"": ""INV-064"", ""investor_name"": ""Arvind Singh""}, {""investor_id"": ""INV-081"", ""investor_name"": ""Bhavna Pandey""}, {""investor_id"": ""INV-098"", ""investor_name"": ""Arvind Singh""}, {""investor_id"": ""INV-1005"", ""investor_name"": ""Siddharth Chauhan""}, {""investor_id"": ""INV-1015"", ""investor_name"": ""Siddharth Deshmukh""}, {""investor_id"": ""INV-1041"", ""investor_name"": ""Deepak Kulkarni""}, {""investor_id"": ""INV-1061"", ""investor_name"": ""Vikram Verma""}, {""investor_id"": ""INV-1064"", ""investor_name"": ""Rohan Bhat""}, {""investor_id"": ""INV-1067"", ""investor_name"": ""Arvind Patel""}, {""investor_id"": ""INV-1099"", ""investor_name"": ""Anita Deshmukh""}, {""investor_id"": ""INV-110"", ""investor_name"": ""Vikram Iyer""}, {""investor_id"": ""INV-1113"", ""investor_name"": ""Suresh Rao""}, {""investor_id"": ""INV-1128"", ""investor_name"": ""Rajesh Arora""}, {""investor_id"": ""INV-113"", ""investor_name"": ""Anand Rao""}, {""investor_id"": ""INV-114"", ""investor_name"": ""Ishita Singh""}, {""investor_id"": ""INV-1140"", ""investor_name"": ""Ishita Gupta""}, {""investor_id"": ""INV-1153"", ""investor_name"": ""Arvind Sharma""}, {""investor_id"": ""INV-1154"", ""investor_name"": ""Ishita Hegde""}, {""investor_id"": ""INV-116"", ""investor_name"": ""Ankita Deshmukh""}, {""investor_id"": ""INV-1165"", ""investor_name"": ""Bhavna Mishra""}, {""investor_id"": ""INV-1168"", ""investor_name"": ""Suresh Hegde""}, {""investor_id"": ""INV-1187"", ""investor_name"": ""Anita Rao""}, {""investor_id"": ""INV-1228"", ""investor_name"": ""Geeta Iyer""}, {""investor_id"": ""INV-1236"", ""investor_name"": ""Dipti Yadav""}, {""investor_id"": ""INV-1281"", ""investor_name"": ""Ankita Rao""}, {""investor_id"": ""INV-1299"", ""investor_name"": ""Geeta Chauhan""}, {""investor_id"": ""INV-1335"", ""investor_name"": ""Anjali Gupta""}, {""investor_id"": ""INV-1336"", ""investor_name"": ""Vikram Kulkarni""}, {""investor_id"": ""INV-1390"", ""investor_name"": ""Suresh Reddy""}, {""investor_id"": ""INV-1438"", ""investor_name"": ""Ankita Arora""}, {""investor_id"": ""INV-1446"", ""investor_name"": ""Arvind Arora""}, {""investor_id"": ""INV-1479"", ""investor_name"": ""Rajesh Patel""}, {""investor_id"": ""INV-1488"", ""investor_name"": ""Priyanka Iyer""}, {""investor_id"": ""INV-1492"", ""investor_name"": ""Amrita Yadav""}, {""investor_id"": ""INV-1509"", ""investor_name"": ""Arjun Rao""}, {""investor_id"": ""INV-1541"", ""investor_name"": ""Geeta Rao""}, {""investor_id"": ""INV-164"", ""investor_name"": ""Rahul Hegde""}, {""investor_id"": ""INV-189"", ""investor_name"": ""Meena Hegde""}, {""investor_id"": ""INV-197"", ""investor_name"": ""Amrita Nair""}, {""investor_id"": ""INV-210"", ""investor_name"": ""Vivek Mishra""}, {""investor_id"": ""INV-221"", ""investor_name"": ""Aishwarya Yadav""}, {""investor_id"": ""INV-245"", ""investor_name"": ""Chetan Patel""}, {""investor_id"": ""INV-250"", ""investor_name"": ""Vivek Chauhan""}, {""investor_id"": ""INV-256"", ""investor_name"": ""Amrita Verma""}, {""investor_id"": ""INV-257"", ""investor_name"": ""Chetan Kulkarni""}, {""investor_id"": ""INV-276"", ""investor_name"": ""Arjun Mishra""}, {""investor_id"": ""INV-298"", ""investor_name"": ""Anita Arora""}, {""investor_id"": ""INV-309"", ""investor_name"": ""Arjun Joshi""}]}"
wealth_management_125_question_benchmark:WM125-4T-020,wealth_management_125_question_benchmark.csv,WM125-4T-020,"Which Medium-term investors have a risk score above 50, hold a Corporate Bond, and have at least one rebalancing action?",Time-horizon cross-table profile,Advanced,Composite Reasoning,ATOM_ENTITY_INVESTOR_PROFILE_001; ATOM_ENTITY_PORTFOLIO_HEALTH_001; ATOM_ENTITY_PORTFOLIO_HOLDING_001; ATOM_EVENT_REBALANCING_ACTION_001,4,"SELECT DISTINCT p.investor_id, p.investor_name FROM ATOM_ENTITY_INVESTOR_PROFILE_001 p JOIN ATOM_ENTITY_PORTFOLIO_HEALTH_001 h ON h.investor_id=p.investor_id WHERE p.time_horizon='Medium-term' AND h.risk_score>50 AND EXISTS (SELECT 1 FROM ATOM_ENTITY_PORTFOLIO_HOLDING_001 o WHERE o.investor_id=p.investor_id AND o.investment_type='Corporate Bond') AND EXISTS (SELECT 1 FROM ATOM_EVENT_REBALANCING_ACTION_001 r WHERE r.investor_id=p.investor_id) ORDER BY p.investor_id;","{""_total_rows"": 98, ""_truncated_to"": 50, ""rows"": [{""investor_id"": ""INV-016"", ""investor_name"": ""Deepak Joshi""}, {""investor_id"": ""INV-019"", ""investor_name"": ""Siddharth Mishra""}, {""investor_id"": ""INV-027"", ""investor_name"": ""Sneha Verma""}, {""investor_id"": ""INV-028"", ""investor_name"": ""Chetan Yadav""}, {""investor_id"": ""INV-037"", ""investor_name"": ""Chetan Sharma""}, {""investor_id"": ""INV-046"", ""investor_name"": ""Arjun Mishra""}, {""investor_id"": ""INV-047"", ""investor_name"": ""Aishwarya Reddy""}, {""investor_id"": ""INV-069"", ""investor_name"": ""Sunita Patel""}, {""investor_id"": ""INV-070"", ""investor_name"": ""Rohan Mishra""}, {""investor_id"": ""INV-072"", ""investor_name"": ""Siddharth Gupta""}, {""investor_id"": ""INV-073"", ""investor_name"": ""Abhishek Mehta""}, {""investor_id"": ""INV-078"", ""investor_name"": ""Rajesh Bhat""}, {""investor_id"": ""INV-092"", ""investor_name"": ""Anita Yadav""}, {""investor_id"": ""INV-1010"", ""investor_name"": ""Sunita Patel""}, {""investor_id"": ""INV-1019"", ""investor_name"": ""Kavita Hegde""}, {""investor_id"": ""INV-1034"", ""investor_name"": ""Priyanka Arora""}, {""investor_id"": ""INV-1048"", ""investor_name"": ""Geeta Pandey""}, {""investor_id"": ""INV-1073"", ""investor_name"": ""Rahul Iyer""}, {""investor_id"": ""INV-1074"", ""investor_name"": ""Vivek Pandey""}, {""investor_id"": ""INV-1077"", ""investor_name"": ""Rohan Joshi""}, {""investor_id"": ""INV-1090"", ""investor_name"": ""Rajesh Yadav""}, {""investor_id"": ""INV-1111"", ""investor_name"": ""Rajesh Sharma""}, {""investor_id"": ""INV-1115"", ""investor_name"": ""Akshay Chauhan""}, {""investor_id"": ""INV-1174"", ""investor_name"": ""Siddharth Mishra""}, {""investor_id"": ""INV-1197"", ""investor_name"": ""Rahul Yadav""}, {""investor_id"": ""INV-1198"", ""investor_name"": ""Anita Verma""}, {""investor_id"": ""INV-121"", ""investor_name"": ""Anita Hegde""}, {""investor_id"": ""INV-1264"", ""investor_name"": ""Aishwarya Singh""}, {""investor_id"": ""INV-1296"", ""investor_name"": ""Amit Chauhan""}, {""investor_id"": ""INV-1309"", ""investor_name"": ""Anjali Rao""}, {""investor_id"": ""INV-1318"", ""investor_name"": ""Priyanka Pandey""}, {""investor_id"": ""INV-1341"", ""investor_name"": ""Amrita Chauhan""}, {""investor_id"": ""INV-1344"", ""investor_name"": ""Arvind Deshmukh""}, {""investor_id"": ""INV-1347"", ""investor_name"": ""Rohan Hegde""}, {""investor_id"": ""INV-1348"", ""investor_name"": ""Anand Deshmukh""}, {""investor_id"": ""INV-1354"", ""investor_name"": ""Dipti Verma""}, {""investor_id"": ""INV-1369"", ""investor_name"": ""Anand Bhat""}, {""investor_id"": ""INV-1392"", ""investor_name"": ""Anand Mishra""}, {""investor_id"": ""INV-141"", ""investor_name"": ""Geeta Verma""}, {""investor_id"": ""INV-1416"", ""investor_name"": ""Ishita Bhat""}, {""investor_id"": ""INV-1440"", ""investor_name"": ""Bhavna Mehta""}, {""investor_id"": ""INV-1475"", ""investor_name"": ""Aishwarya Bhat""}, {""investor_id"": ""INV-1511"", ""investor_name"": ""Abhishek Sharma""}, {""investor_id"": ""INV-1544"", ""investor_name"": ""Chetan Rao""}, {""investor_id"": ""INV-1547"", ""investor_name"": ""Deepak Kulkarni""}, {""investor_id"": ""INV-212"", ""investor_name"": ""Meena Arora""}, {""investor_id"": ""INV-217"", ""investor_name"": ""Rohan Reddy""}, {""investor_id"": ""INV-227"", ""investor_name"": ""Amit Hegde""}, {""investor_id"": ""INV-229"", ""investor_name"": ""Kavita Pandey""}, {""investor_id"": ""INV-274"", ""investor_name"": ""Chetan Pandey""}]}"
wealth_management_125_question_benchmark:WM125-5T-004,wealth_management_125_question_benchmark.csv,WM125-5T-004,"Which Aggressive investors have a risk score above 50, hold a Gold position, have a 'Cash Deployment' rebalancing action, and an underfunded goal?",Five-table profile,Expert,Composite Reasoning,ATOM_ENTITY_INVESTMENT_GOAL_001; ATOM_ENTITY_INVESTOR_PROFILE_001; ATOM_ENTITY_PORTFOLIO_HEALTH_001; ATOM_ENTITY_PORTFOLIO_HOLDING_001; ATOM_EVENT_REBALANCING_ACTION_001,5,"SELECT DISTINCT p.investor_id, p.investor_name FROM ATOM_ENTITY_INVESTOR_PROFILE_001 p JOIN ATOM_ENTITY_PORTFOLIO_HEALTH_001 h ON h.investor_id=p.investor_id WHERE p.risk_tolerance='Aggressive' AND h.risk_score>50 AND EXISTS (SELECT 1 FROM ATOM_ENTITY_PORTFOLIO_HOLDING_001 o WHERE o.investor_id=p.investor_id AND o.investment_type='Gold') AND EXISTS (SELECT 1 FROM ATOM_EVENT_REBALANCING_ACTION_001 r WHERE r.investor_id=p.investor_id AND r.action='Cash Deployment') AND EXISTS (SELECT 1 FROM ATOM_ENTITY_INVESTMENT_GOAL_001 g WHERE g.investor_id=p.investor_id AND g.shortfall>0) ORDER BY p.investor_id;","[{""investor_id"": ""INV-049"", ""investor_name"": ""Deepak Mehta""}, {""investor_id"": ""INV-068"", ""investor_name"": ""Vikram Yadav""}, {""investor_id"": ""INV-1104"", ""investor_name"": ""Arjun Patel""}, {""investor_id"": ""INV-1360"", ""investor_name"": ""Dipti Bhat""}, {""investor_id"": ""INV-181"", ""investor_name"": ""Suresh Reddy""}, {""investor_id"": ""INV-189"", ""investor_name"": ""Meena Hegde""}, {""investor_id"": ""INV-257"", ""investor_name"": ""Chetan Kulkarni""}, {""investor_id"": ""INV-306"", ""investor_name"": ""Ishita Deshmukh""}, {""investor_id"": ""INV-312"", ""investor_name"": ""Priyanka Pandey""}, {""investor_id"": ""INV-377"", ""investor_name"": ""Anita Singh""}, {""investor_id"": ""INV-445"", ""investor_name"": ""Sneha Sharma""}, {""investor_id"": ""INV-578"", ""investor_name"": ""Amit Pandey""}, {""investor_id"": ""INV-580"", ""investor_name"": ""Anita Patel""}, {""investor_id"": ""INV-585"", ""investor_name"": ""Arjun Yadav""}, {""investor_id"": ""INV-635"", ""investor_name"": ""Rohan Yadav""}, {""investor_id"": ""INV-721"", ""investor_name"": ""Amrita Reddy""}, {""investor_id"": ""INV-773"", ""investor_name"": ""Arvind Joshi""}, {""investor_id"": ""INV-798"", ""investor_name"": ""Aishwarya Singh""}, {""investor_id"": ""INV-849"", ""investor_name"": ""Arvind Bhat""}, {""investor_id"": ""INV-869"", ""investor_name"": ""Deepak Patel""}, {""investor_id"": ""INV-878"", ""investor_name"": ""Vikram Kulkarni""}, {""investor_id"": ""INV-887"", ""investor_name"": ""Deepak Mishra""}]"
wealth_management_125_question_benchmark:WM125-5T-008,wealth_management_125_question_benchmark.csv,WM125-5T-008,"Which Conservative investors have a risk score above 50, hold a Gold position, have a 'Asset Reallocation' rebalancing action, and an underfunded goal?",Five-table profile,Expert,Composite Reasoning,ATOM_ENTITY_INVESTMENT_GOAL_001; ATOM_ENTITY_INVESTOR_PROFILE_001; ATOM_ENTITY_PORTFOLIO_HEALTH_001; ATOM_ENTITY_PORTFOLIO_HOLDING_001; ATOM_EVENT_REBALANCING_ACTION_001,5,"SELECT DISTINCT p.investor_id, p.investor_name FROM ATOM_ENTITY_INVESTOR_PROFILE_001 p JOIN ATOM_ENTITY_PORTFOLIO_HEALTH_001 h ON h.investor_id=p.investor_id WHERE p.risk_tolerance='Conservative' AND h.risk_score>50 AND EXISTS (SELECT 1 FROM ATOM_ENTITY_PORTFOLIO_HOLDING_001 o WHERE o.investor_id=p.investor_id AND o.investment_type='Gold') AND EXISTS (SELECT 1 FROM ATOM_EVENT_REBALANCING_ACTION_001 r WHERE r.investor_id=p.investor_id AND r.action='Asset Reallocation') AND EXISTS (SELECT 1 FROM ATOM_ENTITY_INVESTMENT_GOAL_001 g WHERE g.investor_id=p.investor_id AND g.shortfall>0) ORDER BY p.investor_id;","[{""investor_id"": ""INV-028"", ""investor_name"": ""Chetan Yadav""}, {""investor_id"": ""INV-1121"", ""investor_name"": ""Rajesh Arora""}, {""investor_id"": ""INV-1148"", ""investor_name"": ""Rohan Rao""}, {""investor_id"": ""INV-1358"", ""investor_name"": ""Akshay Mishra""}, {""investor_id"": ""INV-1390"", ""investor_name"": ""Suresh Reddy""}, {""investor_id"": ""INV-1479"", ""investor_name"": ""Rajesh Patel""}, {""investor_id"": ""INV-212"", ""investor_name"": ""Meena Arora""}, {""investor_id"": ""INV-221"", ""investor_name"": ""Aishwarya Yadav""}, {""investor_id"": ""INV-237"", ""investor_name"": ""Rohan Verma""}, {""investor_id"": ""INV-273"", ""investor_name"": ""Ankita Yadav""}, {""investor_id"": ""INV-276"", ""investor_name"": ""Arjun Mishra""}, {""investor_id"": ""INV-279"", ""investor_name"": ""Aishwarya Mehta""}, {""investor_id"": ""INV-366"", ""investor_name"": ""Ishita Bhat""}, {""investor_id"": ""INV-420"", ""investor_name"": ""Suresh Gupta""}, {""investor_id"": ""INV-481"", ""investor_name"": ""Rajesh Joshi""}, {""investor_id"": ""INV-486"", ""investor_name"": ""Anita Rao""}, {""investor_id"": ""INV-581"", ""investor_name"": ""Siddharth Pandey""}, {""investor_id"": ""INV-625"", ""investor_name"": ""Ishita Sharma""}]"
wealth_management_125_question_benchmark:WM125-5T-012,wealth_management_125_question_benchmark.csv,WM125-5T-012,"Which Conservative investors have a risk score above 50, hold a Gold position, have a 'Defensive Shift' rebalancing action, and an underfunded goal?",Five-table profile,Expert,Composite Reasoning,ATOM_ENTITY_INVESTMENT_GOAL_001; ATOM_ENTITY_INVESTOR_PROFILE_001; ATOM_ENTITY_PORTFOLIO_HEALTH_001; ATOM_ENTITY_PORTFOLIO_HOLDING_001; ATOM_EVENT_REBALANCING_ACTION_001,5,"SELECT DISTINCT p.investor_id, p.investor_name FROM ATOM_ENTITY_INVESTOR_PROFILE_001 p JOIN ATOM_ENTITY_PORTFOLIO_HEALTH_001 h ON h.investor_id=p.investor_id WHERE p.risk_tolerance='Conservative' AND h.risk_score>50 AND EXISTS (SELECT 1 FROM ATOM_ENTITY_PORTFOLIO_HOLDING_001 o WHERE o.investor_id=p.investor_id AND o.investment_type='Gold') AND EXISTS (SELECT 1 FROM ATOM_EVENT_REBALANCING_ACTION_001 r WHERE r.investor_id=p.investor_id AND r.action='Defensive Shift') AND EXISTS (SELECT 1 FROM ATOM_ENTITY_INVESTMENT_GOAL_001 g WHERE g.investor_id=p.investor_id AND g.shortfall>0) ORDER BY p.investor_id;","[{""investor_id"": ""INV-1048"", ""investor_name"": ""Geeta Pandey""}, {""investor_id"": ""INV-1121"", ""investor_name"": ""Rajesh Arora""}, {""investor_id"": ""INV-1198"", ""investor_name"": ""Anita Verma""}, {""investor_id"": ""INV-1221"", ""investor_name"": ""Aishwarya Kulkarni""}, {""investor_id"": ""INV-1228"", ""investor_name"": ""Geeta Iyer""}, {""investor_id"": ""INV-124"", ""investor_name"": ""Rajesh Kulkarni""}, {""investor_id"": ""INV-1281"", ""investor_name"": ""Ankita Rao""}, {""investor_id"": ""INV-1312"", ""investor_name"": ""Amit Verma""}, {""investor_id"": ""INV-1358"", ""investor_name"": ""Akshay Mishra""}, {""investor_id"": ""INV-157"", ""investor_name"": ""Dipti Mehta""}, {""investor_id"": ""INV-217"", ""investor_name"": ""Rohan Reddy""}, {""investor_id"": ""INV-221"", ""investor_name"": ""Aishwarya Yadav""}, {""investor_id"": ""INV-254"", ""investor_name"": ""Rajesh Hegde""}, {""investor_id"": ""INV-294"", ""investor_name"": ""Anita Nair""}, {""investor_id"": ""INV-486"", ""investor_name"": ""Anita Rao""}, {""investor_id"": ""INV-617"", ""investor_name"": ""Vivek Pandey""}, {""investor_id"": ""INV-716"", ""investor_name"": ""Kavita Pandey""}, {""investor_id"": ""INV-741"", ""investor_name"": ""Vivek Kulkarni""}, {""investor_id"": ""INV-792"", ""investor_name"": ""Amrita Arora""}, {""investor_id"": ""INV-920"", ""investor_name"": ""Arjun Sharma""}]"
wealth_management_at_risk_critical_125_questions:ARC125-1T-002,wealth_management_at_risk_critical_125_questions.csv,ARC125-1T-002,List the investor id and risk score of every portfolio whose risk score exceeds 90 (high-risk).,Portfolio health status,Easy,Rule-Based Detection,ATOM_ENTITY_PORTFOLIO_HEALTH_001,1,"SELECT investor_id, risk_score FROM ATOM_ENTITY_PORTFOLIO_HEALTH_001 WHERE risk_score > 90 ORDER BY risk_score DESC, investor_id ASC;","{""_total_rows"": 148, ""_truncated_to"": 50, ""rows"": [{""investor_id"": ""INV-001"", ""risk_score"": 100.0}, {""investor_id"": ""INV-021"", ""risk_score"": 100.0}, {""investor_id"": ""INV-041"", ""risk_score"": 100.0}, {""investor_id"": ""INV-061"", ""risk_score"": 100.0}, {""investor_id"": ""INV-081"", ""risk_score"": 100.0}, {""investor_id"": ""INV-1001"", ""risk_score"": 100.0}, {""investor_id"": ""INV-101"", ""risk_score"": 100.0}, {""investor_id"": ""INV-1021"", ""risk_score"": 100.0}, {""investor_id"": ""INV-1041"", ""risk_score"": 100.0}, {""investor_id"": ""INV-1061"", ""risk_score"": 100.0}, {""investor_id"": ""INV-1101"", ""risk_score"": 100.0}, {""investor_id"": ""INV-1121"", ""risk_score"": 100.0}, {""investor_id"": ""INV-1141"", ""risk_score"": 100.0}, {""investor_id"": ""INV-1161"", ""risk_score"": 100.0}, {""investor_id"": ""INV-1181"", ""risk_score"": 100.0}, {""investor_id"": ""INV-1201"", ""risk_score"": 100.0}, {""investor_id"": ""INV-121"", ""risk_score"": 100.0}, {""investor_id"": ""INV-1221"", ""risk_score"": 100.0}, {""investor_id"": ""INV-1241"", ""risk_score"": 100.0}, {""investor_id"": ""INV-1261"", ""risk_score"": 100.0}, {""investor_id"": ""INV-1281"", ""risk_score"": 100.0}, {""investor_id"": ""INV-1301"", ""risk_score"": 100.0}, {""investor_id"": ""INV-1321"", ""risk_score"": 100.0}, {""investor_id"": ""INV-1341"", ""risk_score"": 100.0}, {""investor_id"": ""INV-1361"", ""risk_score"": 100.0}, {""investor_id"": ""INV-1401"", ""risk_score"": 100.0}, {""investor_id"": ""INV-141"", ""risk_score"": 100.0}, {""investor_id"": ""INV-1421"", ""risk_score"": 100.0}, {""investor_id"": ""INV-1441"", ""risk_score"": 100.0}, {""investor_id"": ""INV-1461"", ""risk_score"": 100.0}, {""investor_id"": ""INV-1481"", ""risk_score"": 100.0}, {""investor_id"": ""INV-1501"", ""risk_score"": 100.0}, {""investor_id"": ""INV-1541"", ""risk_score"": 100.0}, {""investor_id"": ""INV-161"", ""risk_score"": 100.0}, {""investor_id"": ""INV-181"", ""risk_score"": 100.0}, {""investor_id"": ""INV-201"", ""risk_score"": 100.0}, {""investor_id"": ""INV-221"", ""risk_score"": 100.0}, {""investor_id"": ""INV-241"", ""risk_score"": 100.0}, {""investor_id"": ""INV-281"", ""risk_score"": 100.0}, {""investor_id"": ""INV-301"", ""risk_score"": 100.0}, {""investor_id"": ""INV-321"", ""risk_score"": 100.0}, {""investor_id"": ""INV-361"", ""risk_score"": 100.0}, {""investor_id"": ""INV-381"", ""risk_score"": 100.0}, {""investor_id"": ""INV-401"", ""risk_score"": 100.0}, {""investor_id"": ""INV-421"", ""risk_score"": 100.0}, {""investor_id"": ""INV-441"", ""risk_score"": 100.0}, {""investor_id"": ""INV-461"", ""risk_score"": 100.0}, {""investor_id"": ""INV-481"", ""risk_score"": 100.0}, {""investor_id"": ""INV-501"", ""risk_score"": 100.0}, {""investor_id"": ""INV-521"", ""risk_score"": 100.0}]}"
wealth_management_at_risk_critical_125_questions:ARC125-1T-006,wealth_management_at_risk_critical_125_questions.csv,ARC125-1T-006,List investors with a poorly diversified portfolio (diversification score below 25).,Portfolio health status,Easy,Filtered List,ATOM_ENTITY_PORTFOLIO_HEALTH_001,1,"SELECT investor_id, diversification_score FROM ATOM_ENTITY_PORTFOLIO_HEALTH_001 WHERE diversification_score < 25 ORDER BY diversification_score, investor_id ASC;","{""_total_rows"": 357, ""_truncated_to"": 50, ""rows"": [{""investor_id"": ""INV-002"", ""diversification_score"": 0.0}, {""investor_id"": ""INV-022"", ""diversification_score"": 0.0}, {""investor_id"": ""INV-042"", ""diversification_score"": 0.0}, {""investor_id"": ""INV-062"", ""diversification_score"": 0.0}, {""investor_id"": ""INV-082"", ""diversification_score"": 0.0}, {""investor_id"": ""INV-1002"", ""diversification_score"": 0.0}, {""investor_id"": ""INV-102"", ""diversification_score"": 0.0}, {""investor_id"": ""INV-1022"", ""diversification_score"": 0.0}, {""investor_id"": ""INV-1042"", ""diversification_score"": 0.0}, {""investor_id"": ""INV-1062"", ""diversification_score"": 0.0}, {""investor_id"": ""INV-1082"", ""diversification_score"": 0.0}, {""investor_id"": ""INV-1102"", ""diversification_score"": 0.0}, {""investor_id"": ""INV-1122"", ""diversification_score"": 0.0}, {""investor_id"": ""INV-1142"", ""diversification_score"": 0.0}, {""investor_id"": ""INV-1162"", ""diversification_score"": 0.0}, {""investor_id"": ""INV-1182"", ""diversification_score"": 0.0}, {""investor_id"": ""INV-1202"", ""diversification_score"": 0.0}, {""investor_id"": ""INV-122"", ""diversification_score"": 0.0}, {""investor_id"": ""INV-1222"", ""diversification_score"": 0.0}, {""investor_id"": ""INV-1242"", ""diversification_score"": 0.0}, {""investor_id"": ""INV-1262"", ""diversification_score"": 0.0}, {""investor_id"": ""INV-1282"", ""diversification_score"": 0.0}, {""investor_id"": ""INV-1302"", ""diversification_score"": 0.0}, {""investor_id"": ""INV-1322"", ""diversification_score"": 0.0}, {""investor_id"": ""INV-1342"", ""diversification_score"": 0.0}, {""investor_id"": ""INV-1362"", ""diversification_score"": 0.0}, {""investor_id"": ""INV-1382"", ""diversification_score"": 0.0}, {""investor_id"": ""INV-1402"", ""diversification_score"": 0.0}, {""investor_id"": ""INV-142"", ""diversification_score"": 0.0}, {""investor_id"": ""INV-1422"", ""diversification_score"": 0.0}, {""investor_id"": ""INV-1462"", ""diversification_score"": 0.0}, {""investor_id"": ""INV-1482"", ""diversification_score"": 0.0}, {""investor_id"": ""INV-1502"", ""diversification_score"": 0.0}, {""investor_id"": ""INV-1522"", ""diversification_score"": 0.0}, {""investor_id"": ""INV-1542"", ""diversification_score"": 0.0}, {""investor_id"": ""INV-162"", ""diversification_score"": 0.0}, {""investor_id"": ""INV-182"", ""diversification_score"": 0.0}, {""investor_id"": ""INV-202"", ""diversification_score"": 0.0}, {""investor_id"": ""INV-222"", ""diversification_score"": 0.0}, {""investor_id"": ""INV-242"", ""diversification_score"": 0.0}, {""investor_id"": ""INV-262"", ""diversification_score"": 0.0}, {""investor_id"": ""INV-282"", ""diversification_score"": 0.0}, {""investor_id"": ""INV-302"", ""diversification_score"": 0.0}, {""investor_id"": ""INV-322"", ""diversification_score"": 0.0}, {""investor_id"": ""INV-362"", ""diversification_score"": 0.0}, {""investor_id"": ""INV-382"", ""diversification_score"": 0.0}, {""investor_id"": ""INV-402"", ""diversification_score"": 0.0}, {""investor_id"": ""INV-422"", ""diversification_score"": 0.0}, {""investor_id"": ""INV-442"", ""diversification_score"": 0.0}, {""investor_id"": ""INV-462"", ""diversification_score"": 0.0}]}"
wealth_management_at_risk_critical_125_questions:ARC125-1T-010,wealth_management_at_risk_critical_125_questions.csv,ARC125-1T-010,Which portfolios pair a very high risk score above 90 with a diversification score below 25?,Critical portfolio health,Medium,Rule-Based Detection,ATOM_ENTITY_PORTFOLIO_HEALTH_001,1,"SELECT investor_id, risk_score, diversification_score FROM ATOM_ENTITY_PORTFOLIO_HEALTH_001 WHERE risk_score > 90 AND diversification_score < 25 ORDER BY risk_score DESC, investor_id ASC;","[{""investor_id"": ""INV-794"", ""risk_score"": 94.991049, ""diversification_score"": 12.742352}, {""investor_id"": ""INV-632"", ""risk_score"": 94.532936, ""diversification_score"": 9.925423}, {""investor_id"": ""INV-986"", ""risk_score"": 94.48769, ""diversification_score"": 11.519758}, {""investor_id"": ""INV-295"", ""risk_score"": 94.362072, ""diversification_score"": 17.253478}, {""investor_id"": ""INV-437"", ""risk_score"": 94.04985, ""diversification_score"": 20.478029}, {""investor_id"": ""INV-1239"", ""risk_score"": 93.171406, ""diversification_score"": 11.163545}, {""investor_id"": ""INV-490"", ""risk_score"": 92.911707, ""diversification_score"": 14.315296}, {""investor_id"": ""INV-366"", ""risk_score"": 92.484404, ""diversification_score"": 22.242578}, {""investor_id"": ""INV-899"", ""risk_score"": 92.356747, ""diversification_score"": 12.813868}, {""investor_id"": ""INV-434"", ""risk_score"": 91.9658, ""diversification_score"": 22.055804}, {""investor_id"": ""INV-047"", ""risk_score"": 91.768757, ""diversification_score"": 16.55581}, {""investor_id"": ""INV-068"", ""risk_score"": 90.791275, ""diversification_score"": 24.925303}]"
wealth_management_at_risk_critical_125_questions:ARC125-1T-014,wealth_management_at_risk_critical_125_questions.csv,ARC125-1T-014,Which investment goals have a severe shortfall exceeding 2437125?,Underfunded goals,Medium,Rule-Based Detection,ATOM_ENTITY_INVESTMENT_GOAL_001,1,"SELECT goal_id, investor_id, shortfall FROM ATOM_ENTITY_INVESTMENT_GOAL_001 WHERE shortfall > 2437125 ORDER BY shortfall DESC, goal_id ASC;","{""_total_rows"": 1122, ""_truncated_to"": 50, ""rows"": [{""goal_id"": ""ff88d2eb-2107-473e-957f-1edc99f812f9"", ""investor_id"": ""INV-1118"", ""shortfall"": 493962599.0}, {""goal_id"": ""1e15d493-da3e-4800-8f93-cc1a30a1c8aa"", ""investor_id"": ""INV-179"", ""shortfall"": 449771373.0}, {""goal_id"": ""356a2669-fab9-49b1-b674-f7dda77ab02b"", ""investor_id"": ""INV-1339"", ""shortfall"": 449521870.5}, {""goal_id"": ""81b15923-20c5-4b2e-aa43-f912cae84f90"", ""investor_id"": ""INV-282"", ""shortfall"": 449414718.3}, {""goal_id"": ""85396c3c-d943-4f7a-af69-7ac8e0272d14"", ""investor_id"": ""INV-1350"", ""shortfall"": 449413362.0}, {""goal_id"": ""2766fd8c-5a7e-4b63-827b-b01d08dc97a0"", ""investor_id"": ""INV-506"", ""shortfall"": 449170369.2}, {""goal_id"": ""9f8e886d-4a28-4bb4-96ea-735fd60f57fc"", ""investor_id"": ""INV-786"", ""shortfall"": 448747208.1}, {""goal_id"": ""01697f1d-9d41-4526-af59-1da48545ee52"", ""investor_id"": ""INV-147"", ""shortfall"": 448537825.8}, {""goal_id"": ""d8618f6c-0ed3-446b-9df4-c54e26e7d1dc"", ""investor_id"": ""INV-097"", ""shortfall"": 447743420.1}, {""goal_id"": ""b08b496b-cffa-47e7-93d8-3b0241e8ef5f"", ""investor_id"": ""INV-263"", ""shortfall"": 446008815.0}, {""goal_id"": ""efc227e2-4c25-41c9-a58d-c6a5ce24bb79"", ""investor_id"": ""INV-407"", ""shortfall"": 441127468.8}, {""goal_id"": ""99087640-c400-40b5-a12e-892d1d527f03"", ""investor_id"": ""INV-996"", ""shortfall"": 441036645.3}, {""goal_id"": ""54b57d84-d9bb-494d-aa32-70e6a0481e29"", ""investor_id"": ""INV-1012"", ""shortfall"": 440692302.6}, {""goal_id"": ""3d232cab-5786-4446-89dc-7d17ee693d18"", ""investor_id"": ""INV-830"", ""shortfall"": 439130017.8}, {""goal_id"": ""43157146-6adf-4ea5-8a61-a87fbbb965d4"", ""investor_id"": ""INV-994"", ""shortfall"": 439121204.1}, {""goal_id"": ""49bbfb27-1075-4316-8332-3049cbbef3cc"", ""investor_id"": ""INV-1285"", ""shortfall"": 438859031.4}, {""goal_id"": ""abb3e41b-1d4c-4e7f-9094-231f8acd7060"", ""investor_id"": ""INV-134"", ""shortfall"": 438265988.1}, {""goal_id"": ""7f049225-1b27-453d-abca-b660ffef012d"", ""investor_id"": ""INV-061"", ""shortfall"": 435884615.1}, {""goal_id"": ""fc327a24-2e4e-40ac-9201-a078e593056c"", ""investor_id"": ""INV-1242"", ""shortfall"": 435224718.9}, {""goal_id"": ""e50a28c6-a708-43cd-9df3-97dde67226fd"", ""investor_id"": ""INV-1220"", ""shortfall"": 433119204.0}, {""goal_id"": ""b543c2b7-655f-4a71-835c-40466a95dfd5"", ""investor_id"": ""INV-129"", ""shortfall"": 431825259.6}, {""goal_id"": ""7b2895b8-959a-4ce3-a225-3bc06895d208"", ""investor_id"": ""INV-1439"", ""shortfall"": 431242126.2}, {""goal_id"": ""7602433a-d445-4b50-b3fe-3dd03a3acfad"", ""investor_id"": ""INV-699"", ""shortfall"": 430951552.2}, {""goal_id"": ""335ddca5-b023-4964-b099-eda8c95dd365"", ""investor_id"": ""INV-877"", ""shortfall"": 430916765.4}, {""goal_id"": ""dafeb100-861c-4583-acd0-544faea40b6e"", ""investor_id"": ""INV-725"", ""shortfall"": 430876327.5}, {""goal_id"": ""938ef4fc-5961-4ae4-99a6-c9ba89b9dba8"", ""investor_id"": ""INV-449"", ""shortfall"": 429677943.3}, {""goal_id"": ""a04d5a31-32ff-444c-9e06-d09699cc8002"", ""investor_id"": ""INV-1002"", ""shortfall"": 428540528.7}, {""goal_id"": ""b4c3f82a-6161-4f6a-bbab-2dcfaf920207"", ""investor_id"": ""INV-1387"", ""shortfall"": 426830584.5}, {""goal_id"": ""f0de0030-ed79-4d76-8b09-af684a11ec33"", ""investor_id"": ""INV-937"", ""shortfall"": 426504393.9}, {""goal_id"": ""836cdf42-d802-4470-ac6c-49a6f04ac42c"", ""investor_id"": ""INV-1278"", ""shortfall"": 426499119.0}, {""goal_id"": ""601ea59a-b58c-4396-85b8-7ca404fc0414"", ""investor_id"": ""INV-053"", ""shortfall"": 426433222.8}, {""goal_id"": ""3a4c1bb1-a55b-4bf6-a1f5-d91308462c63"", ""investor_id"": ""INV-879"", ""shortfall"": 426222086.4}, {""goal_id"": ""09774385-c19d-4206-878b-419f1f9816b7"", ""investor_id"": ""INV-776"", ""shortfall"": 425625589.8}, {""goal_id"": ""8f4648af-72fe-4f96-bae7-e00ccf13daed"", ""investor_id"": ""INV-1039"", ""shortfall"": 424788244.2}, {""goal_id"": ""87eae867-8a2f-4009-8749-cc79b42d1edd"", ""investor_id"": ""INV-456"", ""shortfall"": 424779602.4}, {""goal_id"": ""f02d65a4-946b-4fa7-bd5e-774a86fbc443"", ""investor_id"": ""INV-442"", ""shortfall"": 424088303.4}, {""goal_id"": ""81957352-a356-434a-ba54-1503e221a6c9"", ""investor_id"": ""INV-866"", ""shortfall"": 422944983.0}, {""goal_id"": ""996672ab-50cd-473a-8d97-6c9bedb96b79"", ""investor_id"": ""INV-1089"", ""shortfall"": 422041931.0}, {""goal_id"": ""c7d53660-9856-4557-8873-8dde2f52f121"", ""investor_id"": ""INV-441"", ""shortfall"": 421559090.1}, {""goal_id"": ""a70341fb-89b9-4c0d-a14f-0327a5fda05a"", ""investor_id"": ""INV-1261"", ""shortfall"": 421482446.1}, {""goal_id"": ""0b430411-ec46-4d4f-8f2d-e6ebb26c61cf"", ""investor_id"": ""INV-151"", ""shortfall"": 421384257.0}, {""goal_id"": ""e39d30c9-04db-488d-a4bf-fba1a83a84f4"", ""investor_id"": ""INV-881"", ""shortfall"": 420792453.0}, {""goal_id"": ""c1679618-0c4f-4f81-bfdc-5e55281cb03d"", ""investor_id"": ""INV-120"", ""shortfall"": 420018030.0}, {""goal_id"": ""258fa061-83dc-414a-9c30-96e78ca51034"", ""investor_id"": ""INV-1412"", ""shortfall"": 417675258.9}, {""goal_id"": ""e4aa6da1-73e4-46f4-9298-c7a755e44f10"", ""investor_id"": ""INV-594"", ""shortfall"": 417526290.0}, {""goal_id"": ""b540aab7-683e-4639-81df-eda32756bf5a"", ""investor_id"": ""INV-147"", ""shortfall"": 416185008.3}, {""goal_id"": ""3fc719eb-8985-435c-87ce-83356e56d7bc"", ""investor_id"": ""INV-1426"", ""shortfall"": 412978147.2}, {""goal_id"": ""7894dca3-c43a-49e7-98e8-c677aa2a55dd"", ""investor_id"": ""INV-736"", ""shortfall"": 412925942.7}, {""goal_id"": ""cf8a6afc-c309-4c7b-93f0-8162d3492b0e"", ""investor_id"": ""INV-166"", ""shortfall"": 410441135.4}, {""goal_id"": ""e9132f7f-cb8d-4104-bbc3-c348adb2438e"", ""investor_id"": ""INV-846"", ""shortfall"": 409197096.9}]}"
wealth_management_at_risk_critical_125_questions:ARC125-1T-018,wealth_management_at_risk_critical_125_questions.csv,ARC125-1T-018,Which investment goals have a negative average Sharpe ratio (poor risk-adjusted return)?,Underperforming goals,Medium,Exception Detection,ATOM_ENTITY_INVESTMENT_GOAL_001,1,"SELECT goal_id, investor_id, avg_sharpe_ratio FROM ATOM_ENTITY_INVESTMENT_GOAL_001 WHERE avg_sharpe_ratio < 0 ORDER BY avg_sharpe_ratio, goal_id ASC;","{""_total_rows"": 1731, ""_truncated_to"": 50, ""rows"": [{""goal_id"": ""53169fa0-2c60-4893-a075-e99cfc52f586"", ""investor_id"": ""INV-928"", ""avg_sharpe_ratio"": -3.99}, {""goal_id"": ""82896a60-ca74-4aa7-a1d0-334611ec212d"", ""investor_id"": ""INV-1238"", ""avg_sharpe_ratio"": -3.99}, {""goal_id"": ""8f7e8a58-511a-415f-9a37-60a716a94de5"", ""investor_id"": ""INV-1517"", ""avg_sharpe_ratio"": -3.99}, {""goal_id"": ""814c443c-c8de-4133-a7c9-590f48a4203d"", ""investor_id"": ""INV-700"", ""avg_sharpe_ratio"": -3.98}, {""goal_id"": ""36cc1b72-99a0-47b6-90e6-95357cdf4663"", ""investor_id"": ""INV-1504"", ""avg_sharpe_ratio"": -3.9699999999999998}, {""goal_id"": ""474555cf-cb59-4d09-9b3f-4c797c422c53"", ""investor_id"": ""INV-162"", ""avg_sharpe_ratio"": -3.9699999999999998}, {""goal_id"": ""35b251ed-a94c-4e4b-82ce-68965a5f4f6a"", ""investor_id"": ""INV-863"", ""avg_sharpe_ratio"": -3.96}, {""goal_id"": ""75ae4681-cd00-46b2-a8a7-1b7dfd81de19"", ""investor_id"": ""INV-1064"", ""avg_sharpe_ratio"": -3.96}, {""goal_id"": ""bbef7b0f-c27b-40f1-ac07-e94735637402"", ""investor_id"": ""INV-699"", ""avg_sharpe_ratio"": -3.96}, {""goal_id"": ""8831bdd9-b0a7-4821-9dfd-9d7bb0ae1d2a"", ""investor_id"": ""INV-1308"", ""avg_sharpe_ratio"": -3.95}, {""goal_id"": ""6f8cad24-8b96-45bd-8b3a-776ca4353d32"", ""investor_id"": ""INV-1087"", ""avg_sharpe_ratio"": -3.94}, {""goal_id"": ""a8bfd9e9-05ff-435d-895c-ff464f0df528"", ""investor_id"": ""INV-472"", ""avg_sharpe_ratio"": -3.94}, {""goal_id"": ""063fbf5d-ea36-4b44-b89d-35fece95b264"", ""investor_id"": ""INV-185"", ""avg_sharpe_ratio"": -3.93}, {""goal_id"": ""0688e615-c730-4691-ac80-a30320fa942b"", ""investor_id"": ""INV-1241"", ""avg_sharpe_ratio"": -3.93}, {""goal_id"": ""441dfcc1-f75f-4dd5-9a80-626c6cd8dc50"", ""investor_id"": ""INV-433"", ""avg_sharpe_ratio"": -3.92}, {""goal_id"": ""aaa7b08b-eddd-4330-a121-3d4ce359c106"", ""investor_id"": ""INV-429"", ""avg_sharpe_ratio"": -3.92}, {""goal_id"": ""efe2fd0d-21e5-490f-b0d7-c20664496679"", ""investor_id"": ""INV-1202"", ""avg_sharpe_ratio"": -3.92}, {""goal_id"": ""e8d885f5-aca8-431e-b2b4-c9d47b884475"", ""investor_id"": ""INV-1484"", ""avg_sharpe_ratio"": -3.91}, {""goal_id"": ""8cb6ad74-d50a-433b-81a2-c51a9dc7a4f5"", ""investor_id"": ""INV-028"", ""avg_sharpe_ratio"": -3.9}, {""goal_id"": ""5b052d68-e0c7-4d35-95ba-2fd721184849"", ""investor_id"": ""INV-049"", ""avg_sharpe_ratio"": -3.89}, {""goal_id"": ""e302a127-7044-4736-9dbb-9c764e379051"", ""investor_id"": ""INV-1196"", ""avg_sharpe_ratio"": -3.89}, {""goal_id"": ""89eca682-1c4f-47bf-be38-7577e8fff4fb"", ""investor_id"": ""INV-431"", ""avg_sharpe_ratio"": -3.88}, {""goal_id"": ""c058d275-d895-4ae7-8ce1-77dbca361968"", ""investor_id"": ""INV-570"", ""avg_sharpe_ratio"": -3.88}, {""goal_id"": ""6070e08c-c850-4032-9663-825d988e242a"", ""investor_id"": ""INV-1222"", ""avg_sharpe_ratio"": -3.87}, {""goal_id"": ""f94b28fa-b103-44c3-b6da-d006122e324e"", ""investor_id"": ""INV-216"", ""avg_sharpe_ratio"": -3.87}, {""goal_id"": ""859af76e-a9e7-445e-a7cf-450863027a5e"", ""investor_id"": ""INV-1515"", ""avg_sharpe_ratio"": -3.86}, {""goal_id"": ""d20b1fe1-f4ba-4fb4-a714-abf437155483"", ""investor_id"": ""INV-1522"", ""avg_sharpe_ratio"": -3.86}, {""goal_id"": ""e349f2cc-28b9-411f-aa9a-e82571680ba6"", ""investor_id"": ""INV-091"", ""avg_sharpe_ratio"": -3.86}, {""goal_id"": ""a55af4ef-e320-4664-84c9-c4faa358fd52"", ""investor_id"": ""INV-328"", ""avg_sharpe_ratio"": -3.85}, {""goal_id"": ""415863a8-788e-4ed7-abdf-83941aadf442"", ""investor_id"": ""INV-1192"", ""avg_sharpe_ratio"": -3.84}, {""goal_id"": ""e2d96288-d8d1-4df4-9f76-54dfa93ad7dc"", ""investor_id"": ""INV-1407"", ""avg_sharpe_ratio"": -3.84}, {""goal_id"": ""02f9b2e1-431d-4860-a930-194d1dde01a7"", ""investor_id"": ""INV-736"", ""avg_sharpe_ratio"": -3.83}, {""goal_id"": ""0e9aaaa6-cff7-49e8-bc10-9ca9a0e892ef"", ""investor_id"": ""INV-298"", ""avg_sharpe_ratio"": -3.83}, {""goal_id"": ""eb430543-8c56-4c96-ad81-62743fc07bbd"", ""investor_id"": ""INV-669"", ""avg_sharpe_ratio"": -3.83}, {""goal_id"": ""3207a05d-132b-4266-9650-d063bb77e026"", ""investor_id"": ""INV-216"", ""avg_sharpe_ratio"": -3.82}, {""goal_id"": ""41b85122-2d61-4683-a347-7875690cb0dd"", ""investor_id"": ""INV-288"", ""avg_sharpe_ratio"": -3.82}, {""goal_id"": ""524893c3-ca40-440c-8874-9a52d450fbe3"", ""investor_id"": ""INV-1167"", ""avg_sharpe_ratio"": -3.82}, {""goal_id"": ""267313d7-aaf4-4a05-a6ac-fb4bdcfc7547"", ""investor_id"": ""INV-633"", ""avg_sharpe_ratio"": -3.81}, {""goal_id"": ""c73de439-02d6-4c9f-ad73-c3b0ba659367"", ""investor_id"": ""INV-1168"", ""avg_sharpe_ratio"": -3.81}, {""goal_id"": ""0809da9b-115c-4ff1-9433-5530951da027"", ""investor_id"": ""INV-1068"", ""avg_sharpe_ratio"": -3.8}, {""goal_id"": ""7fb0ab24-5d72-488e-b720-140b814f049c"", ""investor_id"": ""INV-577"", ""avg_sharpe_ratio"": -3.8}, {""goal_id"": ""0044706e-a54d-4a9d-a022-0ac8b83f8276"", ""investor_id"": ""INV-198"", ""avg_sharpe_ratio"": -3.79}, {""goal_id"": ""8f11973f-a1fc-4d1b-ba01-0bcd59b9b3b2"", ""investor_id"": ""INV-850"", ""avg_sharpe_ratio"": -3.79}, {""goal_id"": ""0df6537b-17b7-4e38-a892-0e225cdef7db"", ""investor_id"": ""INV-846"", ""avg_sharpe_ratio"": -3.7800000000000002}, {""goal_id"": ""64eb32e7-bfa0-43b5-b976-0b2a3b2690d9"", ""investor_id"": ""INV-546"", ""avg_sharpe_ratio"": -3.7800000000000002}, {""goal_id"": ""ea979df3-e6d7-4aa0-8ab7-5b04956eb596"", ""investor_id"": ""INV-818"", ""avg_sharpe_ratio"": -3.7800000000000002}, {""goal_id"": ""1fd6c88f-8efe-4175-986b-92ced9a76f73"", ""investor_id"": ""INV-1397"", ""avg_sharpe_ratio"": -3.77}, {""goal_id"": ""f0877f4d-6f2f-41b6-8ed8-44605acfdeba"", ""investor_id"": ""INV-480"", ""avg_sharpe_ratio"": -3.77}, {""goal_id"": ""69e3409d-55d0-4996-86e5-ea4dec1c2cfb"", ""investor_id"": ""INV-1446"", ""avg_sharpe_ratio"": -3.76}, {""goal_id"": ""2261f108-0dcf-4303-91e3-a0afa7b19fb9"", ""investor_id"": ""INV-789"", ""avg_sharpe_ratio"": -3.75}]}"
wealth_management_at_risk_critical_125_questions:ARC125-2T-002,wealth_management_at_risk_critical_125_questions.csv,ARC125-2T-002,List Aggressive investors whose risk score is above 90.,Risk cohort detection,Medium,Multi-Relational,ATOM_ENTITY_INVESTOR_PROFILE_001; ATOM_ENTITY_PORTFOLIO_HEALTH_001,2,"SELECT p.investor_id, p.investor_name, h.risk_score FROM ATOM_ENTITY_INVESTOR_PROFILE_001 p JOIN ATOM_ENTITY_PORTFOLIO_HEALTH_001 h ON h.investor_id=p.investor_id WHERE p.risk_tolerance='Aggressive' AND h.risk_score > 90 ORDER BY h.risk_score DESC, p.investor_id ASC;","[{""investor_id"": ""INV-061"", ""investor_name"": ""Kavita Sharma"", ""risk_score"": 100.0}, {""investor_id"": ""INV-081"", ""investor_name"": ""Bhavna Pandey"", ""risk_score"": 100.0}, {""investor_id"": ""INV-1001"", ""investor_name"": ""Vikram Singh"", ""risk_score"": 100.0}, {""investor_id"": ""INV-1041"", ""investor_name"": ""Deepak Kulkarni"", ""risk_score"": 100.0}, {""investor_id"": ""INV-121"", ""investor_name"": ""Anita Hegde"", ""risk_score"": 100.0}, {""investor_id"": ""INV-1261"", ""investor_name"": ""Ishita Arora"", ""risk_score"": 100.0}, {""investor_id"": ""INV-1341"", ""investor_name"": ""Amrita Chauhan"", ""risk_score"": 100.0}, {""investor_id"": ""INV-1361"", ""investor_name"": ""Anand Iyer"", ""risk_score"": 100.0}, {""investor_id"": ""INV-1501"", ""investor_name"": ""Priyanka Singh"", ""risk_score"": 100.0}, {""investor_id"": ""INV-181"", ""investor_name"": ""Suresh Reddy"", ""risk_score"": 100.0}, {""investor_id"": ""INV-281"", ""investor_name"": ""Sunita Pandey"", ""risk_score"": 100.0}, {""investor_id"": ""INV-301"", ""investor_name"": ""Dipti Reddy"", ""risk_score"": 100.0}, {""investor_id"": ""INV-401"", ""investor_name"": ""Amit Sharma"", ""risk_score"": 100.0}, {""investor_id"": ""INV-561"", ""investor_name"": ""Ishita Kulkarni"", ""risk_score"": 100.0}, {""investor_id"": ""INV-641"", ""investor_name"": ""Suresh Iyer"", ""risk_score"": 100.0}, {""investor_id"": ""INV-661"", ""investor_name"": ""Geeta Gupta"", ""risk_score"": 100.0}, {""investor_id"": ""INV-721"", ""investor_name"": ""Amrita Reddy"", ""risk_score"": 100.0}, {""investor_id"": ""INV-861"", ""investor_name"": ""Suresh Bhat"", ""risk_score"": 100.0}, {""investor_id"": ""INV-881"", ""investor_name"": ""Aishwarya Rao"", ""risk_score"": 100.0}, {""investor_id"": ""INV-921"", ""investor_name"": ""Vikram Sharma"", ""risk_score"": 100.0}, {""investor_id"": ""INV-794"", ""investor_name"": ""Sneha Singh"", ""risk_score"": 94.99104892094678}, {""investor_id"": ""INV-580"", ""investor_name"": ""Anita Patel"", ""risk_score"": 94.10552798358276}, {""investor_id"": ""INV-1360"", ""investor_name"": ""Dipti Bhat"", ""risk_score"": 94.06968647400441}, {""investor_id"": ""INV-593"", ""investor_name"": ""Rahul Chauhan"", ""risk_score"": 94.03573036887605}, {""investor_id"": ""INV-1070"", ""investor_name"": ""Ishita Chauhan"", ""risk_score"": 94.00723839605962}, {""investor_id"": ""INV-932"", ""investor_name"": ""Akshay Joshi"", ""risk_score"": 93.73505871370736}, {""investor_id"": ""INV-878"", ""investor_name"": ""Vikram Kulkarni"", ""risk_score"": 93.4555221385956}, {""investor_id"": ""INV-010"", ""investor_name"": ""Ankita Kulkarni"", ""risk_score"": 93.21467679143491}, {""investor_id"": ""INV-1264"", ""investor_name"": ""Aishwarya Singh"", ""risk_score"": 92.55112813691866}, {""investor_id"": ""INV-452"", ""investor_name"": ""Rohan Rao"", ""risk_score"": 92.51353936274924}, {""investor_id"": ""INV-152"", ""investor_name"": ""Ramesh Gupta"", ""risk_score"": 92.3959021348693}, {""investor_id"": ""INV-073"", ""investor_name"": ""Abhishek Mehta"", ""risk_score"": 92.21474188893754}, {""investor_id"": ""INV-434"", ""investor_name"": ""Siddharth Reddy"", ""risk_score"": 91.96579969533181}, {""investor_id"": ""INV-644"", ""investor_name"": ""Abhishek Reddy"", ""risk_score"": 91.90435617505678}, {""investor_id"": ""INV-887"", ""investor_name"": ""Deepak Mishra"", ""risk_score"": 91.71192510441105}, {""investor_id"": ""INV-1153"", ""investor_name"": ""Arvind Sharma"", ""risk_score"": 91.55123578174637}, {""investor_id"": ""INV-1031"", ""investor_name"": ""Vikram Arora"", ""risk_score"": 91.32546455988759}, {""investor_id"": ""INV-1256"", ""investor_name"": ""Sneha Nair"", ""risk_score"": 91.00381400669433}, {""investor_id"": ""INV-635"", ""investor_name"": ""Rohan Yadav"", ""risk_score"": 90.93105781032428}, {""investor_id"": ""INV-068"", ""investor_name"": ""Vikram Yadav"", ""risk_score"": 90.79127522974132}, {""investor_id"": ""INV-671"", ""investor_name"": ""Ishita Iyer"", ""risk_score"": 90.64139119822133}, {""investor_id"": ""INV-551"", ""investor_name"": ""Arjun Nair"", ""risk_score"": 90.635876817755}, {""investor_id"": ""INV-888"", ""investor_name"": ""Anjali Hegde"", ""risk_score"": 90.62855441094469}, {""investor_id"": ""INV-1219"", ""investor_name"": ""Rajesh Mishra"", ""risk_score"": 90.62340166899851}, {""investor_id"": ""INV-076"", ""investor_name"": ""Aishwarya Kulkarni"", ""risk_score"": 90.51618841731982}]"
wealth_management_at_risk_critical_125_questions:ARC125-2T-006,wealth_management_at_risk_critical_125_questions.csv,ARC125-2T-006,List Aggressive investors whose goal-match percentage is below 25.,Risk cohort detection,Medium,Multi-Relational,ATOM_ENTITY_INVESTOR_PROFILE_001; ATOM_ENTITY_PORTFOLIO_HEALTH_001,2,"SELECT p.investor_id, p.investor_name, h.goal_match_pct FROM ATOM_ENTITY_INVESTOR_PROFILE_001 p JOIN ATOM_ENTITY_PORTFOLIO_HEALTH_001 h ON h.investor_id=p.investor_id WHERE p.risk_tolerance='Aggressive' AND h.goal_match_pct < 25 ORDER BY h.goal_match_pct, p.investor_id ASC;","{""_total_rows"": 119, ""_truncated_to"": 50, ""rows"": [{""investor_id"": ""INV-082"", ""investor_name"": ""Amit Chauhan"", ""goal_match_pct"": 0.0}, {""investor_id"": ""INV-1122"", ""investor_name"": ""Deepak Sharma"", ""goal_match_pct"": 0.0}, {""investor_id"": ""INV-1202"", ""investor_name"": ""Sunita Sharma"", ""goal_match_pct"": 0.0}, {""investor_id"": ""INV-1302"", ""investor_name"": ""Arjun Nair"", ""goal_match_pct"": 0.0}, {""investor_id"": ""INV-1342"", ""investor_name"": ""Anita Chauhan"", ""goal_match_pct"": 0.0}, {""investor_id"": ""INV-1382"", ""investor_name"": ""Arjun Arora"", ""goal_match_pct"": 0.0}, {""investor_id"": ""INV-142"", ""investor_name"": ""Chetan Iyer"", ""goal_match_pct"": 0.0}, {""investor_id"": ""INV-1422"", ""investor_name"": ""Deepak Hegde"", ""goal_match_pct"": 0.0}, {""investor_id"": ""INV-1502"", ""investor_name"": ""Meena Rao"", ""goal_match_pct"": 0.0}, {""investor_id"": ""INV-162"", ""investor_name"": ""Suresh Joshi"", ""goal_match_pct"": 0.0}, {""investor_id"": ""INV-182"", ""investor_name"": ""Bhavna Verma"", ""goal_match_pct"": 0.0}, {""investor_id"": ""INV-402"", ""investor_name"": ""Anita Kulkarni"", ""goal_match_pct"": 0.0}, {""investor_id"": ""INV-442"", ""investor_name"": ""Arvind Rao"", ""goal_match_pct"": 0.0}, {""investor_id"": ""INV-482"", ""investor_name"": ""Deepak Mishra"", ""goal_match_pct"": 0.0}, {""investor_id"": ""INV-502"", ""investor_name"": ""Dipti Pandey"", ""goal_match_pct"": 0.0}, {""investor_id"": ""INV-562"", ""investor_name"": ""Ankita Joshi"", ""goal_match_pct"": 0.0}, {""investor_id"": ""INV-582"", ""investor_name"": ""Amit Bhat"", ""goal_match_pct"": 0.0}, {""investor_id"": ""INV-682"", ""investor_name"": ""Chetan Kulkarni"", ""goal_match_pct"": 0.0}, {""investor_id"": ""INV-702"", ""investor_name"": ""Meena Chauhan"", ""goal_match_pct"": 0.0}, {""investor_id"": ""INV-722"", ""investor_name"": ""Meena Deshmukh"", ""goal_match_pct"": 0.0}, {""investor_id"": ""INV-802"", ""investor_name"": ""Sunita Arora"", ""goal_match_pct"": 0.0}, {""investor_id"": ""INV-822"", ""investor_name"": ""Sneha Iyer"", ""goal_match_pct"": 0.0}, {""investor_id"": ""INV-942"", ""investor_name"": ""Dipti Reddy"", ""goal_match_pct"": 0.0}, {""investor_id"": ""INV-962"", ""investor_name"": ""Amit Mishra"", ""goal_match_pct"": 0.0}, {""investor_id"": ""INV-904"", ""investor_name"": ""Anand Yadav"", ""goal_match_pct"": 5.113995179886949}, {""investor_id"": ""INV-452"", ""investor_name"": ""Rohan Rao"", ""goal_match_pct"": 5.1692764857451765}, {""investor_id"": ""INV-580"", ""investor_name"": ""Anita Patel"", ""goal_match_pct"": 5.222205255997544}, {""investor_id"": ""INV-165"", ""investor_name"": ""Meena Mishra"", ""goal_match_pct"": 5.474459419971484}, {""investor_id"": ""INV-127"", ""investor_name"": ""Rahul Gupta"", ""goal_match_pct"": 5.579105820176677}, {""investor_id"": ""INV-653"", ""investor_name"": ""Suresh Bhat"", ""goal_match_pct"": 5.58815864789019}, {""investor_id"": ""INV-094"", ""investor_name"": ""Anita Bhat"", ""goal_match_pct"": 5.705972201278514}, {""investor_id"": ""INV-333"", ""investor_name"": ""Vivek Rao"", ""goal_match_pct"": 5.759647168618831}, {""investor_id"": ""INV-1474"", ""investor_name"": ""Amrita Yadav"", ""goal_match_pct"": 5.932825453270957}, {""investor_id"": ""INV-015"", ""investor_name"": ""Geeta Joshi"", ""goal_match_pct"": 6.099326491156246}, {""investor_id"": ""INV-755"", ""investor_name"": ""Vivek Rao"", ""goal_match_pct"": 6.398512470565779}, {""investor_id"": ""INV-055"", ""investor_name"": ""Ramesh Bhat"", ""goal_match_pct"": 6.496163445701072}, {""investor_id"": ""INV-040"", ""investor_name"": ""Anita Joshi"", ""goal_match_pct"": 6.610766012526655}, {""investor_id"": ""INV-554"", ""investor_name"": ""Geeta Bhat"", ""goal_match_pct"": 7.263558270692881}, {""investor_id"": ""INV-296"", ""investor_name"": ""Akshay Sharma"", ""goal_match_pct"": 7.302781483726154}, {""investor_id"": ""INV-1407"", ""investor_name"": ""Akshay Verma"", ""goal_match_pct"": 7.584015734997007}, {""investor_id"": ""INV-1432"", ""investor_name"": ""Chetan Yadav"", ""goal_match_pct"": 7.588440818465518}, {""investor_id"": ""INV-598"", ""investor_name"": ""Siddharth Reddy"", ""goal_match_pct"": 8.25093098925132}, {""investor_id"": ""INV-337"", ""investor_name"": ""Geeta Kulkarni"", ""goal_match_pct"": 8.394060404557269}, {""investor_id"": ""INV-1070"", ""investor_name"": ""Ishita Chauhan"", ""goal_match_pct"": 8.547126157982596}, {""investor_id"": ""INV-1033"", ""investor_name"": ""Arjun Kulkarni"", ""goal_match_pct"": 8.571759651727955}, {""investor_id"": ""INV-1220"", ""investor_name"": ""Aishwarya Arora"", ""goal_match_pct"": 8.63495083423841}, {""investor_id"": ""INV-044"", ""investor_name"": ""Ishita Sharma"", ""goal_match_pct"": 9.115326428268826}, {""investor_id"": ""INV-1493"", ""investor_name"": ""Abhishek Nair"", ""goal_match_pct"": 9.126423843958982}, {""investor_id"": ""INV-1427"", ""investor_name"": ""Anjali Arora"", ""goal_match_pct"": 9.285243023673768}, {""investor_id"": ""INV-804"", ""investor_name"": ""Vikram Bhat"", ""goal_match_pct"": 9.298182017434344}]}"
wealth_management_at_risk_critical_125_questions:ARC125-2T-010,wealth_management_at_risk_critical_125_questions.csv,ARC125-2T-010,List Conservative investors whose liquidity score is below 10.,Risk cohort detection,Medium,Multi-Relational,ATOM_ENTITY_INVESTOR_PROFILE_001; ATOM_ENTITY_PORTFOLIO_HEALTH_001,2,"SELECT p.investor_id, p.investor_name, h.liquidity_score FROM ATOM_ENTITY_INVESTOR_PROFILE_001 p JOIN ATOM_ENTITY_PORTFOLIO_HEALTH_001 h ON h.investor_id=p.investor_id WHERE p.risk_tolerance='Conservative' AND h.liquidity_score < 10 ORDER BY h.liquidity_score, p.investor_id ASC;","[{""investor_id"": ""INV-002"", ""investor_name"": ""Geeta Nair"", ""liquidity_score"": 0.0}, {""investor_id"": ""INV-102"", ""investor_name"": ""Akshay Iyer"", ""liquidity_score"": 0.0}, {""investor_id"": ""INV-1042"", ""investor_name"": ""Rajesh Kulkarni"", ""liquidity_score"": 0.0}, {""investor_id"": ""INV-1082"", ""investor_name"": ""Suresh Verma"", ""liquidity_score"": 0.0}, {""investor_id"": ""INV-1142"", ""investor_name"": ""Aishwarya Arora"", ""liquidity_score"": 0.0}, {""investor_id"": ""INV-1362"", ""investor_name"": ""Rahul Bhat"", ""liquidity_score"": 0.0}, {""investor_id"": ""INV-1442"", ""investor_name"": ""Rahul Patel"", ""liquidity_score"": 0.0}, {""investor_id"": ""INV-1462"", ""investor_name"": ""Sunita Kulkarni"", ""liquidity_score"": 0.0}, {""investor_id"": ""INV-1482"", ""investor_name"": ""Aishwarya Joshi"", ""liquidity_score"": 0.0}, {""investor_id"": ""INV-1522"", ""investor_name"": ""Sunita Kulkarni"", ""liquidity_score"": 0.0}, {""investor_id"": ""INV-202"", ""investor_name"": ""Chetan Patel"", ""liquidity_score"": 0.0}, {""investor_id"": ""INV-262"", ""investor_name"": ""Sneha Deshmukh"", ""liquidity_score"": 0.0}, {""investor_id"": ""INV-302"", ""investor_name"": ""Ankita Sharma"", ""liquidity_score"": 0.0}, {""investor_id"": ""INV-322"", ""investor_name"": ""Akshay Nair"", ""liquidity_score"": 0.0}, {""investor_id"": ""INV-342"", ""investor_name"": ""Ankita Rao"", ""liquidity_score"": 0.0}, {""investor_id"": ""INV-382"", ""investor_name"": ""Arvind Reddy"", ""liquidity_score"": 0.0}, {""investor_id"": ""INV-462"", ""investor_name"": ""Sneha Rao"", ""liquidity_score"": 0.0}, {""investor_id"": ""INV-522"", ""investor_name"": ""Siddharth Chauhan"", ""liquidity_score"": 0.0}, {""investor_id"": ""INV-542"", ""investor_name"": ""Priyanka Singh"", ""liquidity_score"": 0.0}, {""investor_id"": ""INV-602"", ""investor_name"": ""Sneha Bhat"", ""liquidity_score"": 0.0}, {""investor_id"": ""INV-622"", ""investor_name"": ""Vikram Sharma"", ""liquidity_score"": 0.0}, {""investor_id"": ""INV-642"", ""investor_name"": ""Priyanka Mishra"", ""liquidity_score"": 0.0}, {""investor_id"": ""INV-882"", ""investor_name"": ""Ankita Mishra"", ""liquidity_score"": 0.0}, {""investor_id"": ""INV-902"", ""investor_name"": ""Anjali Mehta"", ""liquidity_score"": 0.0}, {""investor_id"": ""INV-352"", ""investor_name"": ""Kavita Nair"", ""liquidity_score"": 5.200367842679268}, {""investor_id"": ""INV-1355"", ""investor_name"": ""Vivek Verma"", ""liquidity_score"": 5.21255293272135}, {""investor_id"": ""INV-039"", ""investor_name"": ""Siddharth Chauhan"", ""liquidity_score"": 5.2252837378388595}, {""investor_id"": ""INV-1246"", ""investor_name"": ""Deepak Verma"", ""liquidity_score"": 5.636779774144415}, {""investor_id"": ""INV-517"", ""investor_name"": ""Priyanka Gupta"", ""liquidity_score"": 5.869246002806204}, {""investor_id"": ""INV-378"", ""investor_name"": ""Geeta Verma"", ""liquidity_score"": 6.237556152576173}, {""investor_id"": ""INV-1232"", ""investor_name"": ""Kavita Arora"", ""liquidity_score"": 6.3129377829288735}, {""investor_id"": ""INV-316"", ""investor_name"": ""Akshay Sharma"", ""liquidity_score"": 6.493203313177882}, {""investor_id"": ""INV-179"", ""investor_name"": ""Anita Singh"", ""liquidity_score"": 7.453476354415935}, {""investor_id"": ""INV-1291"", ""investor_name"": ""Sunita Bhat"", ""liquidity_score"": 7.5166257852345675}, {""investor_id"": ""INV-396"", ""investor_name"": ""Sunita Deshmukh"", ""liquidity_score"": 7.640484670174043}, {""investor_id"": ""INV-1537"", ""investor_name"": ""Anjali Singh"", ""liquidity_score"": 7.675517857086321}, {""investor_id"": ""INV-1356"", ""investor_name"": ""Rajesh Hegde"", ""liquidity_score"": 7.728026707335119}, {""investor_id"": ""INV-550"", ""investor_name"": ""Vikram Sharma"", ""liquidity_score"": 7.757872621007858}, {""investor_id"": ""INV-1048"", ""investor_name"": ""Geeta Pandey"", ""liquidity_score"": 7.857196696156144}, {""investor_id"": ""INV-1374"", ""investor_name"": ""Vivek Mehta"", ""liquidity_score"": 8.252729788758195}, {""investor_id"": ""INV-600"", ""investor_name"": ""Ankita Yadav"", ""liquidity_score"": 8.262102944987221}, {""investor_id"": ""INV-092"", ""investor_name"": ""Anita Yadav"", ""liquidity_score"": 9.011808390713087}, {""investor_id"": ""INV-208"", ""investor_name"": ""Suresh Kulkarni"", ""liquidity_score"": 9.044052491771474}, {""investor_id"": ""INV-027"", ""investor_name"": ""Sneha Verma"", ""liquidity_score"": 9.70944205231108}]"
wealth_management_at_risk_critical_125_questions:ARC125-2T-014,wealth_management_at_risk_critical_125_questions.csv,ARC125-2T-014,List Moderate investors whose risk score is above 90.,Risk cohort detection,Medium,Multi-Relational,ATOM_ENTITY_INVESTOR_PROFILE_001; ATOM_ENTITY_PORTFOLIO_HEALTH_001,2,"SELECT p.investor_id, p.investor_name, h.risk_score FROM ATOM_ENTITY_INVESTOR_PROFILE_001 p JOIN ATOM_ENTITY_PORTFOLIO_HEALTH_001 h ON h.investor_id=p.investor_id WHERE p.risk_tolerance='Moderate' AND h.risk_score > 90 ORDER BY h.risk_score DESC, p.investor_id ASC;","[{""investor_id"": ""INV-041"", ""investor_name"": ""Sneha Nair"", ""risk_score"": 100.0}, {""investor_id"": ""INV-1021"", ""investor_name"": ""Amit Joshi"", ""risk_score"": 100.0}, {""investor_id"": ""INV-1101"", ""investor_name"": ""Rahul Verma"", ""risk_score"": 100.0}, {""investor_id"": ""INV-1141"", ""investor_name"": ""Ankita Iyer"", ""risk_score"": 100.0}, {""investor_id"": ""INV-1241"", ""investor_name"": ""Sneha Hegde"", ""risk_score"": 100.0}, {""investor_id"": ""INV-1401"", ""investor_name"": ""Anand Arora"", ""risk_score"": 100.0}, {""investor_id"": ""INV-1441"", ""investor_name"": ""Rahul Chauhan"", ""risk_score"": 100.0}, {""investor_id"": ""INV-1461"", ""investor_name"": ""Amit Yadav"", ""risk_score"": 100.0}, {""investor_id"": ""INV-241"", ""investor_name"": ""Vivek Rao"", ""risk_score"": 100.0}, {""investor_id"": ""INV-421"", ""investor_name"": ""Kavita Rao"", ""risk_score"": 100.0}, {""investor_id"": ""INV-441"", ""investor_name"": ""Ramesh Patel"", ""risk_score"": 100.0}, {""investor_id"": ""INV-461"", ""investor_name"": ""Amrita Arora"", ""risk_score"": 100.0}, {""investor_id"": ""INV-541"", ""investor_name"": ""Priyanka Rao"", ""risk_score"": 100.0}, {""investor_id"": ""INV-601"", ""investor_name"": ""Akshay Gupta"", ""risk_score"": 100.0}, {""investor_id"": ""INV-681"", ""investor_name"": ""Vikram Arora"", ""risk_score"": 100.0}, {""investor_id"": ""INV-701"", ""investor_name"": ""Priyanka Yadav"", ""risk_score"": 100.0}, {""investor_id"": ""INV-781"", ""investor_name"": ""Dipti Reddy"", ""risk_score"": 100.0}, {""investor_id"": ""INV-801"", ""investor_name"": ""Abhishek Chauhan"", ""risk_score"": 100.0}, {""investor_id"": ""INV-151"", ""investor_name"": ""Rahul Kulkarni"", ""risk_score"": 94.97681787041411}, {""investor_id"": ""INV-250"", ""investor_name"": ""Vivek Chauhan"", ""risk_score"": 94.91414633090965}, {""investor_id"": ""INV-874"", ""investor_name"": ""Rajesh Bhat"", ""risk_score"": 94.81080335870811}, {""investor_id"": ""INV-058"", ""investor_name"": ""Meena Bhat"", ""risk_score"": 94.77735668864135}, {""investor_id"": ""INV-1287"", ""investor_name"": ""Ishita Mehta"", ""risk_score"": 94.62587444201931}, {""investor_id"": ""INV-847"", ""investor_name"": ""Chetan Joshi"", ""risk_score"": 94.56135182906861}, {""investor_id"": ""INV-365"", ""investor_name"": ""Geeta Arora"", ""risk_score"": 94.51750152790123}, {""investor_id"": ""INV-986"", ""investor_name"": ""Rajesh Kulkarni"", ""risk_score"": 94.48768975427761}, {""investor_id"": ""INV-391"", ""investor_name"": ""Vivek Kulkarni"", ""risk_score"": 94.29434850819479}, {""investor_id"": ""INV-091"", ""investor_name"": ""Akshay Iyer"", ""risk_score"": 94.13784267979355}, {""investor_id"": ""INV-437"", ""investor_name"": ""Abhishek Singh"", ""risk_score"": 94.04985020851797}, {""investor_id"": ""INV-053"", ""investor_name"": ""Anita Iyer"", ""risk_score"": 93.83689180371942}, {""investor_id"": ""INV-006"", ""investor_name"": ""Rajesh Mishra"", ""risk_score"": 93.75055221977445}, {""investor_id"": ""INV-1239"", ""investor_name"": ""Sunita Bhat"", ""risk_score"": 93.1714055248132}, {""investor_id"": ""INV-1367"", ""investor_name"": ""Amrita Joshi"", ""risk_score"": 93.10789603940276}, {""investor_id"": ""INV-987"", ""investor_name"": ""Sneha Bhat"", ""risk_score"": 93.01467531252712}, {""investor_id"": ""INV-490"", ""investor_name"": ""Dipti Yadav"", ""risk_score"": 92.9117065897472}, {""investor_id"": ""INV-1047"", ""investor_name"": ""Anjali Hegde"", ""risk_score"": 92.78877037864257}, {""investor_id"": ""INV-936"", ""investor_name"": ""Amrita Joshi"", ""risk_score"": 92.55400477554245}, {""investor_id"": ""INV-718"", ""investor_name"": ""Anjali Mishra"", ""risk_score"": 92.55004164366434}, {""investor_id"": ""INV-1005"", ""investor_name"": ""Siddharth Chauhan"", ""risk_score"": 92.22774123753959}, {""investor_id"": ""INV-1468"", ""investor_name"": ""Vikram Arora"", ""risk_score"": 91.69169953144255}, {""investor_id"": ""INV-972"", ""investor_name"": ""Aishwarya Kulkarni"", ""risk_score"": 91.08629488157737}, {""investor_id"": ""INV-1079"", ""investor_name"": ""Amit Reddy"", ""risk_score"": 90.54420577834301}, {""investor_id"": ""INV-417"", ""investor_name"": ""Priyanka Yadav"", ""risk_score"": 90.04713302296528}, {""investor_id"": ""INV-474"", ""investor_name"": ""Meena Kulkarni"", ""risk_score"": 90.044968400531}, {""investor_id"": ""INV-993"", ""investor_name"": ""Arvind Rao"", ""risk_score"": 90.03270261868336}]"
wealth_management_at_risk_critical_125_questions:ARC125-2T-018,wealth_management_at_risk_critical_125_questions.csv,ARC125-2T-018,List Moderate investors whose goal-match percentage is below 25.,Risk cohort detection,Medium,Multi-Relational,ATOM_ENTITY_INVESTOR_PROFILE_001; ATOM_ENTITY_PORTFOLIO_HEALTH_001,2,"SELECT p.investor_id, p.investor_name, h.goal_match_pct FROM ATOM_ENTITY_INVESTOR_PROFILE_001 p JOIN ATOM_ENTITY_PORTFOLIO_HEALTH_001 h ON h.investor_id=p.investor_id WHERE p.risk_tolerance='Moderate' AND h.goal_match_pct < 25 ORDER BY h.goal_match_pct, p.investor_id ASC;","{""_total_rows"": 119, ""_truncated_to"": 50, ""rows"": [{""investor_id"": ""INV-022"", ""investor_name"": ""Rohan Rao"", ""goal_match_pct"": 0.0}, {""investor_id"": ""INV-042"", ""investor_name"": ""Suresh Bhat"", ""goal_match_pct"": 0.0}, {""investor_id"": ""INV-062"", ""investor_name"": ""Siddharth Iyer"", ""goal_match_pct"": 0.0}, {""investor_id"": ""INV-1002"", ""investor_name"": ""Anjali Sharma"", ""goal_match_pct"": 0.0}, {""investor_id"": ""INV-1022"", ""investor_name"": ""Geeta Mehta"", ""goal_match_pct"": 0.0}, {""investor_id"": ""INV-1062"", ""investor_name"": ""Rahul Joshi"", ""goal_match_pct"": 0.0}, {""investor_id"": ""INV-1102"", ""investor_name"": ""Deepak Gupta"", ""goal_match_pct"": 0.0}, {""investor_id"": ""INV-1162"", ""investor_name"": ""Siddharth Joshi"", ""goal_match_pct"": 0.0}, {""investor_id"": ""INV-1182"", ""investor_name"": ""Priyanka Singh"", ""goal_match_pct"": 0.0}, {""investor_id"": ""INV-122"", ""investor_name"": ""Dipti Gupta"", ""goal_match_pct"": 0.0}, {""investor_id"": ""INV-1222"", ""investor_name"": ""Siddharth Arora"", ""goal_match_pct"": 0.0}, {""investor_id"": ""INV-1242"", ""investor_name"": ""Rajesh Arora"", ""goal_match_pct"": 0.0}, {""investor_id"": ""INV-1262"", ""investor_name"": ""Vivek Kulkarni"", ""goal_match_pct"": 0.0}, {""investor_id"": ""INV-1282"", ""investor_name"": ""Akshay Pandey"", ""goal_match_pct"": 0.0}, {""investor_id"": ""INV-1322"", ""investor_name"": ""Bhavna Gupta"", ""goal_match_pct"": 0.0}, {""investor_id"": ""INV-1402"", ""investor_name"": ""Dipti Yadav"", ""goal_match_pct"": 0.0}, {""investor_id"": ""INV-222"", ""investor_name"": ""Geeta Pandey"", ""goal_match_pct"": 0.0}, {""investor_id"": ""INV-242"", ""investor_name"": ""Rahul Mishra"", ""goal_match_pct"": 0.0}, {""investor_id"": ""INV-422"", ""investor_name"": ""Sunita Rao"", ""goal_match_pct"": 0.0}, {""investor_id"": ""INV-662"", ""investor_name"": ""Arvind Chauhan"", ""goal_match_pct"": 0.0}, {""investor_id"": ""INV-742"", ""investor_name"": ""Rahul Deshmukh"", ""goal_match_pct"": 0.0}, {""investor_id"": ""INV-762"", ""investor_name"": ""Chetan Pandey"", ""goal_match_pct"": 0.0}, {""investor_id"": ""INV-782"", ""investor_name"": ""Chetan Kulkarni"", ""goal_match_pct"": 0.0}, {""investor_id"": ""INV-842"", ""investor_name"": ""Akshay Iyer"", ""goal_match_pct"": 0.0}, {""investor_id"": ""INV-862"", ""investor_name"": ""Aishwarya Rao"", ""goal_match_pct"": 0.0}, {""investor_id"": ""INV-922"", ""investor_name"": ""Dipti Iyer"", ""goal_match_pct"": 0.0}, {""investor_id"": ""INV-982"", ""investor_name"": ""Anjali Patel"", ""goal_match_pct"": 0.0}, {""investor_id"": ""INV-884"", ""investor_name"": ""Chetan Mehta"", ""goal_match_pct"": 5.029502445553163}, {""investor_id"": ""INV-046"", ""investor_name"": ""Arjun Mishra"", ""goal_match_pct"": 5.190563990266605}, {""investor_id"": ""INV-1368"", ""investor_name"": ""Anita Arora"", ""goal_match_pct"": 5.206942465692899}, {""investor_id"": ""INV-1014"", ""investor_name"": ""Sneha Hegde"", ""goal_match_pct"": 5.419304425914824}, {""investor_id"": ""INV-1188"", ""investor_name"": ""Anjali Bhat"", ""goal_match_pct"": 5.488704178629387}, {""investor_id"": ""INV-776"", ""investor_name"": ""Ramesh Reddy"", ""goal_match_pct"": 5.8708532551194335}, {""investor_id"": ""INV-1480"", ""investor_name"": ""Siddharth Deshmukh"", ""goal_match_pct"": 6.0160729236205635}, {""investor_id"": ""INV-967"", ""investor_name"": ""Priyanka Mehta"", ""goal_match_pct"": 6.207256039834808}, {""investor_id"": ""INV-950"", ""investor_name"": ""Ishita Iyer"", ""goal_match_pct"": 6.414118339726049}, {""investor_id"": ""INV-020"", ""investor_name"": ""Rajesh Kulkarni"", ""goal_match_pct"": 6.443961673138513}, {""investor_id"": ""INV-874"", ""investor_name"": ""Rajesh Bhat"", ""goal_match_pct"": 7.210963439756723}, {""investor_id"": ""INV-712"", ""investor_name"": ""Aishwarya Mehta"", ""goal_match_pct"": 7.518944365897012}, {""investor_id"": ""INV-1131"", ""investor_name"": ""Rajesh Deshmukh"", ""goal_match_pct"": 7.847901502750546}, {""investor_id"": ""INV-958"", ""investor_name"": ""Vivek Mishra"", ""goal_match_pct"": 7.883230329938005}, {""investor_id"": ""INV-1040"", ""investor_name"": ""Bhavna Pandey"", ""goal_match_pct"": 7.942385396155998}, {""investor_id"": ""INV-1380"", ""investor_name"": ""Priyanka Reddy"", ""goal_match_pct"": 8.161803957729454}, {""investor_id"": ""INV-496"", ""investor_name"": ""Priyanka Chauhan"", ""goal_match_pct"": 8.47165201500993}, {""investor_id"": ""INV-649"", ""investor_name"": ""Suresh Nair"", ""goal_match_pct"": 8.506313133804513}, {""investor_id"": ""INV-797"", ""investor_name"": ""Suresh Hegde"", ""goal_match_pct"": 8.50961738633719}, {""investor_id"": ""INV-1205"", ""investor_name"": ""Sneha Mehta"", ""goal_match_pct"": 8.54245546964944}, {""investor_id"": ""INV-999"", ""investor_name"": ""Suresh Sharma"", ""goal_match_pct"": 8.567389953089126}, {""investor_id"": ""INV-1454"", ""investor_name"": ""Meena Rao"", ""goal_match_pct"": 8.581519572882456}, {""investor_id"": ""INV-367"", ""investor_name"": ""Sunita Kulkarni"", ""goal_match_pct"": 8.676374513327403}]}"
wealth_management_at_risk_critical_125_questions:ARC125-2T-022,wealth_management_at_risk_critical_125_questions.csv,ARC125-2T-022,List Large Cap segment investors with a high risk score above 75.,Segment risk detection,Medium,Multi-Relational,ATOM_ENTITY_INVESTOR_PROFILE_001; ATOM_ENTITY_PORTFOLIO_HEALTH_001,2,"SELECT p.investor_id, p.investor_name, h.risk_score FROM ATOM_ENTITY_INVESTOR_PROFILE_001 p JOIN ATOM_ENTITY_PORTFOLIO_HEALTH_001 h ON h.investor_id=p.investor_id WHERE p.segment='Large Cap' AND h.risk_score > 75 ORDER BY h.risk_score DESC, p.investor_id ASC;","{""_total_rows"": 93, ""_truncated_to"": 50, ""rows"": [{""investor_id"": ""INV-021"", ""investor_name"": ""Arvind Chauhan"", ""risk_score"": 100.0}, {""investor_id"": ""INV-081"", ""investor_name"": ""Bhavna Pandey"", ""risk_score"": 100.0}, {""investor_id"": ""INV-101"", ""investor_name"": ""Aishwarya Patel"", ""risk_score"": 100.0}, {""investor_id"": ""INV-1061"", ""investor_name"": ""Vikram Verma"", ""risk_score"": 100.0}, {""investor_id"": ""INV-1101"", ""investor_name"": ""Rahul Verma"", ""risk_score"": 100.0}, {""investor_id"": ""INV-1121"", ""investor_name"": ""Rajesh Arora"", ""risk_score"": 100.0}, {""investor_id"": ""INV-1161"", ""investor_name"": ""Geeta Chauhan"", ""risk_score"": 100.0}, {""investor_id"": ""INV-121"", ""investor_name"": ""Anita Hegde"", ""risk_score"": 100.0}, {""investor_id"": ""INV-1221"", ""investor_name"": ""Aishwarya Kulkarni"", ""risk_score"": 100.0}, {""investor_id"": ""INV-1241"", ""investor_name"": ""Sneha Hegde"", ""risk_score"": 100.0}, {""investor_id"": ""INV-1261"", ""investor_name"": ""Ishita Arora"", ""risk_score"": 100.0}, {""investor_id"": ""INV-1301"", ""investor_name"": ""Ishita Pandey"", ""risk_score"": 100.0}, {""investor_id"": ""INV-1361"", ""investor_name"": ""Anand Iyer"", ""risk_score"": 100.0}, {""investor_id"": ""INV-1401"", ""investor_name"": ""Anand Arora"", ""risk_score"": 100.0}, {""investor_id"": ""INV-1441"", ""investor_name"": ""Rahul Chauhan"", ""risk_score"": 100.0}, {""investor_id"": ""INV-181"", ""investor_name"": ""Suresh Reddy"", ""risk_score"": 100.0}, {""investor_id"": ""INV-241"", ""investor_name"": ""Vivek Rao"", ""risk_score"": 100.0}, {""investor_id"": ""INV-301"", ""investor_name"": ""Dipti Reddy"", ""risk_score"": 100.0}, {""investor_id"": ""INV-361"", ""investor_name"": ""Sunita Kulkarni"", ""risk_score"": 100.0}, {""investor_id"": ""INV-401"", ""investor_name"": ""Amit Sharma"", ""risk_score"": 100.0}, {""investor_id"": ""INV-501"", ""investor_name"": ""Aishwarya Deshmukh"", ""risk_score"": 100.0}, {""investor_id"": ""INV-521"", ""investor_name"": ""Rahul Hegde"", ""risk_score"": 100.0}, {""investor_id"": ""INV-541"", ""investor_name"": ""Priyanka Rao"", ""risk_score"": 100.0}, {""investor_id"": ""INV-641"", ""investor_name"": ""Suresh Iyer"", ""risk_score"": 100.0}, {""investor_id"": ""INV-661"", ""investor_name"": ""Geeta Gupta"", ""risk_score"": 100.0}, {""investor_id"": ""INV-701"", ""investor_name"": ""Priyanka Yadav"", ""risk_score"": 100.0}, {""investor_id"": ""INV-721"", ""investor_name"": ""Amrita Reddy"", ""risk_score"": 100.0}, {""investor_id"": ""INV-741"", ""investor_name"": ""Vivek Kulkarni"", ""risk_score"": 100.0}, {""investor_id"": ""INV-761"", ""investor_name"": ""Meena Gupta"", ""risk_score"": 100.0}, {""investor_id"": ""INV-881"", ""investor_name"": ""Aishwarya Rao"", ""risk_score"": 100.0}, {""investor_id"": ""INV-151"", ""investor_name"": ""Rahul Kulkarni"", ""risk_score"": 94.97681787041411}, {""investor_id"": ""INV-1348"", ""investor_name"": ""Anand Deshmukh"", ""risk_score"": 94.93621748447434}, {""investor_id"": ""INV-1048"", ""investor_name"": ""Geeta Pandey"", ""risk_score"": 94.82190449887113}, {""investor_id"": ""INV-058"", ""investor_name"": ""Meena Bhat"", ""risk_score"": 94.77735668864135}, {""investor_id"": ""INV-652"", ""investor_name"": ""Geeta Pandey"", ""risk_score"": 94.42960074843529}, {""investor_id"": ""INV-593"", ""investor_name"": ""Rahul Chauhan"", ""risk_score"": 94.03573036887605}, {""investor_id"": ""INV-006"", ""investor_name"": ""Rajesh Mishra"", ""risk_score"": 93.75055221977445}, {""investor_id"": ""INV-932"", ""investor_name"": ""Akshay Joshi"", ""risk_score"": 93.73505871370736}, {""investor_id"": ""INV-878"", ""investor_name"": ""Vikram Kulkarni"", ""risk_score"": 93.4555221385956}, {""investor_id"": ""INV-010"", ""investor_name"": ""Ankita Kulkarni"", ""risk_score"": 93.21467679143491}, {""investor_id"": ""INV-228"", ""investor_name"": ""Vivek Rao"", ""risk_score"": 92.6252175951858}, {""investor_id"": ""INV-1269"", ""investor_name"": ""Vikram Patel"", ""risk_score"": 92.6044542678958}, {""investor_id"": ""INV-114"", ""investor_name"": ""Ishita Singh"", ""risk_score"": 92.43147041759181}, {""investor_id"": ""INV-434"", ""investor_name"": ""Siddharth Reddy"", ""risk_score"": 91.96579969533181}, {""investor_id"": ""INV-068"", ""investor_name"": ""Vikram Yadav"", ""risk_score"": 90.79127522974132}, {""investor_id"": ""INV-671"", ""investor_name"": ""Ishita Iyer"", ""risk_score"": 90.64139119822133}, {""investor_id"": ""INV-551"", ""investor_name"": ""Arjun Nair"", ""risk_score"": 90.635876817755}, {""investor_id"": ""INV-076"", ""investor_name"": ""Aishwarya Kulkarni"", ""risk_score"": 90.51618841731982}, {""investor_id"": ""INV-1014"", ""investor_name"": ""Sneha Hegde"", ""risk_score"": 89.93087363403383}, {""investor_id"": ""INV-1254"", ""investor_name"": ""Vikram Patel"", ""risk_score"": 89.1849879349853}]}"
wealth_management_at_risk_critical_125_questions:ARC125-2T-026,wealth_management_at_risk_critical_125_questions.csv,ARC125-2T-026,List Mid Cap segment investors with a low liquidity score below 25.,Segment risk detection,Medium,Multi-Relational,ATOM_ENTITY_INVESTOR_PROFILE_001; ATOM_ENTITY_PORTFOLIO_HEALTH_001,2,"SELECT p.investor_id, p.investor_name, h.liquidity_score FROM ATOM_ENTITY_INVESTOR_PROFILE_001 p JOIN ATOM_ENTITY_PORTFOLIO_HEALTH_001 h ON h.investor_id=p.investor_id WHERE p.segment='Mid Cap' AND h.liquidity_score < 25 ORDER BY h.liquidity_score, p.investor_id ASC;","{""_total_rows"": 79, ""_truncated_to"": 50, ""rows"": [{""investor_id"": ""INV-022"", ""investor_name"": ""Rohan Rao"", ""liquidity_score"": 0.0}, {""investor_id"": ""INV-102"", ""investor_name"": ""Akshay Iyer"", ""liquidity_score"": 0.0}, {""investor_id"": ""INV-1122"", ""investor_name"": ""Deepak Sharma"", ""liquidity_score"": 0.0}, {""investor_id"": ""INV-1142"", ""investor_name"": ""Aishwarya Arora"", ""liquidity_score"": 0.0}, {""investor_id"": ""INV-122"", ""investor_name"": ""Dipti Gupta"", ""liquidity_score"": 0.0}, {""investor_id"": ""INV-1302"", ""investor_name"": ""Arjun Nair"", ""liquidity_score"": 0.0}, {""investor_id"": ""INV-1322"", ""investor_name"": ""Bhavna Gupta"", ""liquidity_score"": 0.0}, {""investor_id"": ""INV-142"", ""investor_name"": ""Chetan Iyer"", ""liquidity_score"": 0.0}, {""investor_id"": ""INV-1422"", ""investor_name"": ""Deepak Hegde"", ""liquidity_score"": 0.0}, {""investor_id"": ""INV-1482"", ""investor_name"": ""Aishwarya Joshi"", ""liquidity_score"": 0.0}, {""investor_id"": ""INV-1542"", ""investor_name"": ""Bhavna Verma"", ""liquidity_score"": 0.0}, {""investor_id"": ""INV-262"", ""investor_name"": ""Sneha Deshmukh"", ""liquidity_score"": 0.0}, {""investor_id"": ""INV-302"", ""investor_name"": ""Ankita Sharma"", ""liquidity_score"": 0.0}, {""investor_id"": ""INV-402"", ""investor_name"": ""Anita Kulkarni"", ""liquidity_score"": 0.0}, {""investor_id"": ""INV-482"", ""investor_name"": ""Deepak Mishra"", ""liquidity_score"": 0.0}, {""investor_id"": ""INV-562"", ""investor_name"": ""Ankita Joshi"", ""liquidity_score"": 0.0}, {""investor_id"": ""INV-702"", ""investor_name"": ""Meena Chauhan"", ""liquidity_score"": 0.0}, {""investor_id"": ""INV-782"", ""investor_name"": ""Chetan Kulkarni"", ""liquidity_score"": 0.0}, {""investor_id"": ""INV-822"", ""investor_name"": ""Sneha Iyer"", ""liquidity_score"": 0.0}, {""investor_id"": ""INV-902"", ""investor_name"": ""Anjali Mehta"", ""liquidity_score"": 0.0}, {""investor_id"": ""INV-1049"", ""investor_name"": ""Abhishek Yadav"", ""liquidity_score"": 5.150663281345841}, {""investor_id"": ""INV-1355"", ""investor_name"": ""Vivek Verma"", ""liquidity_score"": 5.21255293272135}, {""investor_id"": ""INV-517"", ""investor_name"": ""Priyanka Gupta"", ""liquidity_score"": 5.869246002806204}, {""investor_id"": ""INV-316"", ""investor_name"": ""Akshay Sharma"", ""liquidity_score"": 6.493203313177882}, {""investor_id"": ""INV-1449"", ""investor_name"": ""Akshay Mishra"", ""liquidity_score"": 6.965552931319584}, {""investor_id"": ""INV-1098"", ""investor_name"": ""Arvind Iyer"", ""liquidity_score"": 7.334205740130605}, {""investor_id"": ""INV-1291"", ""investor_name"": ""Sunita Bhat"", ""liquidity_score"": 7.5166257852345675}, {""investor_id"": ""INV-396"", ""investor_name"": ""Sunita Deshmukh"", ""liquidity_score"": 7.640484670174043}, {""investor_id"": ""INV-1356"", ""investor_name"": ""Rajesh Hegde"", ""liquidity_score"": 7.728026707335119}, {""investor_id"": ""INV-033"", ""investor_name"": ""Aishwarya Sharma"", ""liquidity_score"": 8.194945309116106}, {""investor_id"": ""INV-092"", ""investor_name"": ""Anita Yadav"", ""liquidity_score"": 9.011808390713087}, {""investor_id"": ""INV-027"", ""investor_name"": ""Sneha Verma"", ""liquidity_score"": 9.70944205231108}, {""investor_id"": ""INV-887"", ""investor_name"": ""Deepak Mishra"", ""liquidity_score"": 10.417915837494807}, {""investor_id"": ""INV-380"", ""investor_name"": ""Geeta Joshi"", ""liquidity_score"": 11.047186531850892}, {""investor_id"": ""INV-611"", ""investor_name"": ""Amit Verma"", ""liquidity_score"": 11.394886157292298}, {""investor_id"": ""INV-808"", ""investor_name"": ""Kavita Hegde"", ""liquidity_score"": 11.83705582711097}, {""investor_id"": ""INV-456"", ""investor_name"": ""Anand Joshi"", ""liquidity_score"": 11.882621095543897}, {""investor_id"": ""INV-575"", ""investor_name"": ""Vikram Sharma"", ""liquidity_score"": 12.013113387040876}, {""investor_id"": ""INV-707"", ""investor_name"": ""Siddharth Bhat"", ""liquidity_score"": 12.422225737149875}, {""investor_id"": ""INV-472"", ""investor_name"": ""Chetan Kulkarni"", ""liquidity_score"": 12.736831916590097}, {""investor_id"": ""INV-1027"", ""investor_name"": ""Aishwarya Deshmukh"", ""liquidity_score"": 13.216377186358125}, {""investor_id"": ""INV-733"", ""investor_name"": ""Amit Arora"", ""liquidity_score"": 13.454894467141292}, {""investor_id"": ""INV-764"", ""investor_name"": ""Deepak Rao"", ""liquidity_score"": 13.671682333888691}, {""investor_id"": ""INV-755"", ""investor_name"": ""Vivek Rao"", ""liquidity_score"": 15.26482338060826}, {""investor_id"": ""INV-766"", ""investor_name"": ""Amit Bhat"", ""liquidity_score"": 15.474165426831854}, {""investor_id"": ""INV-566"", ""investor_name"": ""Rahul Arora"", ""liquidity_score"": 15.584188197480502}, {""investor_id"": ""INV-107"", ""investor_name"": ""Arjun Rao"", ""liquidity_score"": 15.70073758470125}, {""investor_id"": ""INV-1437"", ""investor_name"": ""Arvind Rao"", ""liquidity_score"": 15.796369354267444}, {""investor_id"": ""INV-1252"", ""investor_name"": ""Ramesh Sharma"", ""liquidity_score"": 16.810427062909575}, {""investor_id"": ""INV-188"", ""investor_name"": ""Ankita Chauhan"", ""liquidity_score"": 17.019290317308794}]}"
wealth_management_at_risk_critical_125_questions:ARC125-2T-030,wealth_management_at_risk_critical_125_questions.csv,ARC125-2T-030,List Small Cap segment investors with a low diversification score below 25.,Segment risk detection,Medium,Multi-Relational,ATOM_ENTITY_INVESTOR_PROFILE_001; ATOM_ENTITY_PORTFOLIO_HEALTH_001,2,"SELECT p.investor_id, p.investor_name, h.diversification_score FROM ATOM_ENTITY_INVESTOR_PROFILE_001 p JOIN ATOM_ENTITY_PORTFOLIO_HEALTH_001 h ON h.investor_id=p.investor_id WHERE p.segment='Small Cap' AND h.diversification_score < 25 ORDER BY h.diversification_score, p.investor_id ASC;","{""_total_rows"": 89, ""_truncated_to"": 50, ""rows"": [{""investor_id"": ""INV-1042"", ""investor_name"": ""Rajesh Kulkarni"", ""diversification_score"": 0.0}, {""investor_id"": ""INV-1082"", ""investor_name"": ""Suresh Verma"", ""diversification_score"": 0.0}, {""investor_id"": ""INV-1222"", ""investor_name"": ""Siddharth Arora"", ""diversification_score"": 0.0}, {""investor_id"": ""INV-1242"", ""investor_name"": ""Rajesh Arora"", ""diversification_score"": 0.0}, {""investor_id"": ""INV-1262"", ""investor_name"": ""Vivek Kulkarni"", ""diversification_score"": 0.0}, {""investor_id"": ""INV-1362"", ""investor_name"": ""Rahul Bhat"", ""diversification_score"": 0.0}, {""investor_id"": ""INV-1382"", ""investor_name"": ""Arjun Arora"", ""diversification_score"": 0.0}, {""investor_id"": ""INV-1522"", ""investor_name"": ""Sunita Kulkarni"", ""diversification_score"": 0.0}, {""investor_id"": ""INV-182"", ""investor_name"": ""Bhavna Verma"", ""diversification_score"": 0.0}, {""investor_id"": ""INV-242"", ""investor_name"": ""Rahul Mishra"", ""diversification_score"": 0.0}, {""investor_id"": ""INV-362"", ""investor_name"": ""Siddharth Kulkarni"", ""diversification_score"": 0.0}, {""investor_id"": ""INV-542"", ""investor_name"": ""Priyanka Singh"", ""diversification_score"": 0.0}, {""investor_id"": ""INV-842"", ""investor_name"": ""Akshay Iyer"", ""diversification_score"": 0.0}, {""investor_id"": ""INV-862"", ""investor_name"": ""Aishwarya Rao"", ""diversification_score"": 0.0}, {""investor_id"": ""INV-942"", ""investor_name"": ""Dipti Reddy"", ""diversification_score"": 0.0}, {""investor_id"": ""INV-026"", ""investor_name"": ""Sneha Pandey"", ""diversification_score"": 5.736133555237925}, {""investor_id"": ""INV-409"", ""investor_name"": ""Sneha Gupta"", ""diversification_score"": 6.049358686495863}, {""investor_id"": ""INV-237"", ""investor_name"": ""Rohan Verma"", ""diversification_score"": 6.104821044486627}, {""investor_id"": ""INV-1253"", ""investor_name"": ""Sneha Bhat"", ""diversification_score"": 6.23850906732585}, {""investor_id"": ""INV-990"", ""investor_name"": ""Anita Reddy"", ""diversification_score"": 6.6040100720872905}, {""investor_id"": ""INV-1536"", ""investor_name"": ""Suresh Joshi"", ""diversification_score"": 6.701721152813358}, {""investor_id"": ""INV-559"", ""investor_name"": ""Sneha Joshi"", ""diversification_score"": 6.914211221827058}, {""investor_id"": ""INV-584"", ""investor_name"": ""Kavita Chauhan"", ""diversification_score"": 7.280884581603056}, {""investor_id"": ""INV-929"", ""investor_name"": ""Priyanka Rao"", ""diversification_score"": 7.311105473396658}, {""investor_id"": ""INV-066"", ""investor_name"": ""Arjun Mishra"", ""diversification_score"": 7.694142895450695}, {""investor_id"": ""INV-724"", ""investor_name"": ""Akshay Verma"", ""diversification_score"": 7.7126718061533985}, {""investor_id"": ""INV-1448"", ""investor_name"": ""Anjali Mehta"", ""diversification_score"": 8.237601019801989}, {""investor_id"": ""INV-1511"", ""investor_name"": ""Abhishek Sharma"", ""diversification_score"": 8.293131469038466}, {""investor_id"": ""INV-1176"", ""investor_name"": ""Vikram Mishra"", ""diversification_score"": 9.001351823841883}, {""investor_id"": ""INV-834"", ""investor_name"": ""Akshay Mehta"", ""diversification_score"": 9.052367016781773}, {""investor_id"": ""INV-497"", ""investor_name"": ""Ramesh Patel"", ""diversification_score"": 9.19629918293093}, {""investor_id"": ""INV-1388"", ""investor_name"": ""Rajesh Patel"", ""diversification_score"": 9.386779802436092}, {""investor_id"": ""INV-150"", ""investor_name"": ""Priyanka Reddy"", ""diversification_score"": 9.432157275785244}, {""investor_id"": ""INV-1306"", ""investor_name"": ""Deepak Mehta"", ""diversification_score"": 9.435910988400932}, {""investor_id"": ""INV-1015"", ""investor_name"": ""Siddharth Deshmukh"", ""diversification_score"": 9.48444213191489}, {""investor_id"": ""INV-1145"", ""investor_name"": ""Rajesh Hegde"", ""diversification_score"": 9.582056544950143}, {""investor_id"": ""INV-1035"", ""investor_name"": ""Arjun Verma"", ""diversification_score"": 9.674577154702565}, {""investor_id"": ""INV-1370"", ""investor_name"": ""Vivek Reddy"", ""diversification_score"": 10.169900664668257}, {""investor_id"": ""INV-948"", ""investor_name"": ""Dipti Sharma"", ""diversification_score"": 10.325446700344926}, {""investor_id"": ""INV-1106"", ""investor_name"": ""Vivek Bhat"", ""diversification_score"": 11.26818359837264}, {""investor_id"": ""INV-028"", ""investor_name"": ""Chetan Yadav"", ""diversification_score"": 11.501285468924292}, {""investor_id"": ""INV-1270"", ""investor_name"": ""Aishwarya Hegde"", ""diversification_score"": 11.767831900964193}, {""investor_id"": ""INV-531"", ""investor_name"": ""Suresh Pandey"", ""diversification_score"": 12.077086872038244}, {""investor_id"": ""INV-776"", ""investor_name"": ""Ramesh Reddy"", ""diversification_score"": 12.74271811695785}, {""investor_id"": ""INV-291"", ""investor_name"": ""Rahul Iyer"", ""diversification_score"": 13.03172899607577}, {""investor_id"": ""INV-473"", ""investor_name"": ""Rohan Rao"", ""diversification_score"": 13.786064692160704}, {""investor_id"": ""INV-947"", ""investor_name"": ""Deepak Singh"", ""diversification_score"": 13.930515623675175}, {""investor_id"": ""INV-490"", ""investor_name"": ""Dipti Yadav"", ""diversification_score"": 14.315296464433086}, {""investor_id"": ""INV-1178"", ""investor_name"": ""Kavita Pandey"", ""diversification_score"": 14.688677286468907}, {""investor_id"": ""INV-1160"", ""investor_name"": ""Geeta Joshi"", ""diversification_score"": 15.058576602822084}]}"
wealth_management_at_risk_critical_125_questions:ARC125-3T-004,wealth_management_at_risk_critical_125_questions.csv,ARC125-3T-004,Which Aggressive investors have a liquidity score below 25 and at least one underfunded goal?,At-risk underfunded detection,Hard,Multi-Relational,ATOM_ENTITY_INVESTMENT_GOAL_001; ATOM_ENTITY_INVESTOR_PROFILE_001; ATOM_ENTITY_PORTFOLIO_HEALTH_001,3,"SELECT DISTINCT p.investor_id, p.investor_name FROM ATOM_ENTITY_INVESTOR_PROFILE_001 p JOIN ATOM_ENTITY_PORTFOLIO_HEALTH_001 h ON h.investor_id=p.investor_id WHERE p.risk_tolerance='Aggressive' AND h.liquidity_score < 25 AND EXISTS (SELECT 1 FROM ATOM_ENTITY_INVESTMENT_GOAL_001 g WHERE g.investor_id=p.investor_id AND g.shortfall > 0) ORDER BY p.investor_id;","{""_total_rows"": 121, ""_truncated_to"": 50, ""rows"": [{""investor_id"": ""INV-033"", ""investor_name"": ""Aishwarya Sharma""}, {""investor_id"": ""INV-051"", ""investor_name"": ""Ishita Sharma""}, {""investor_id"": ""INV-064"", ""investor_name"": ""Arvind Singh""}, {""investor_id"": ""INV-067"", ""investor_name"": ""Vikram Iyer""}, {""investor_id"": ""INV-073"", ""investor_name"": ""Abhishek Mehta""}, {""investor_id"": ""INV-082"", ""investor_name"": ""Amit Chauhan""}, {""investor_id"": ""INV-084"", ""investor_name"": ""Anand Reddy""}, {""investor_id"": ""INV-096"", ""investor_name"": ""Anita Mishra""}, {""investor_id"": ""INV-1004"", ""investor_name"": ""Abhishek Hegde""}, {""investor_id"": ""INV-1018"", ""investor_name"": ""Kavita Hegde""}, {""investor_id"": ""INV-1027"", ""investor_name"": ""Aishwarya Deshmukh""}, {""investor_id"": ""INV-1084"", ""investor_name"": ""Amit Singh""}, {""investor_id"": ""INV-1089"", ""investor_name"": ""Rahul Joshi""}, {""investor_id"": ""INV-1098"", ""investor_name"": ""Arvind Iyer""}, {""investor_id"": ""INV-1106"", ""investor_name"": ""Vivek Bhat""}, {""investor_id"": ""INV-1122"", ""investor_name"": ""Deepak Sharma""}, {""investor_id"": ""INV-1165"", ""investor_name"": ""Bhavna Mishra""}, {""investor_id"": ""INV-1187"", ""investor_name"": ""Anita Rao""}, {""investor_id"": ""INV-1229"", ""investor_name"": ""Ramesh Joshi""}, {""investor_id"": ""INV-1247"", ""investor_name"": ""Ramesh Verma""}, {""investor_id"": ""INV-1259"", ""investor_name"": ""Sneha Iyer""}, {""investor_id"": ""INV-1265"", ""investor_name"": ""Vivek Gupta""}, {""investor_id"": ""INV-1266"", ""investor_name"": ""Vikram Iyer""}, {""investor_id"": ""INV-1277"", ""investor_name"": ""Geeta Gupta""}, {""investor_id"": ""INV-1279"", ""investor_name"": ""Aishwarya Mehta""}, {""investor_id"": ""INV-1290"", ""investor_name"": ""Abhishek Joshi""}, {""investor_id"": ""INV-1302"", ""investor_name"": ""Arjun Nair""}, {""investor_id"": ""INV-1314"", ""investor_name"": ""Siddharth Patel""}, {""investor_id"": ""INV-1316"", ""investor_name"": ""Deepak Deshmukh""}, {""investor_id"": ""INV-1332"", ""investor_name"": ""Amit Arora""}, {""investor_id"": ""INV-1336"", ""investor_name"": ""Vikram Kulkarni""}, {""investor_id"": ""INV-1342"", ""investor_name"": ""Anita Chauhan""}, {""investor_id"": ""INV-1375"", ""investor_name"": ""Kavita Patel""}, {""investor_id"": ""INV-1382"", ""investor_name"": ""Arjun Arora""}, {""investor_id"": ""INV-1398"", ""investor_name"": ""Rahul Singh""}, {""investor_id"": ""INV-1407"", ""investor_name"": ""Akshay Verma""}, {""investor_id"": ""INV-142"", ""investor_name"": ""Chetan Iyer""}, {""investor_id"": ""INV-1422"", ""investor_name"": ""Deepak Hegde""}, {""investor_id"": ""INV-1433"", ""investor_name"": ""Vivek Bhat""}, {""investor_id"": ""INV-1439"", ""investor_name"": ""Sneha Kulkarni""}, {""investor_id"": ""INV-1451"", ""investor_name"": ""Kavita Arora""}, {""investor_id"": ""INV-1458"", ""investor_name"": ""Sunita Singh""}, {""investor_id"": ""INV-1465"", ""investor_name"": ""Amit Gupta""}, {""investor_id"": ""INV-1474"", ""investor_name"": ""Amrita Yadav""}, {""investor_id"": ""INV-1500"", ""investor_name"": ""Arvind Kulkarni""}, {""investor_id"": ""INV-1502"", ""investor_name"": ""Meena Rao""}, {""investor_id"": ""INV-162"", ""investor_name"": ""Suresh Joshi""}, {""investor_id"": ""INV-182"", ""investor_name"": ""Bhavna Verma""}, {""investor_id"": ""INV-184"", ""investor_name"": ""Vivek Joshi""}, {""investor_id"": ""INV-193"", ""investor_name"": ""Dipti Gupta""}]}"
wealth_management_at_risk_critical_125_questions:ARC125-3T-008,wealth_management_at_risk_critical_125_questions.csv,ARC125-3T-008,Which Conservative investors have a risk score above 75 and at least one underfunded goal?,At-risk underfunded detection,Hard,Multi-Relational,ATOM_ENTITY_INVESTMENT_GOAL_001; ATOM_ENTITY_INVESTOR_PROFILE_001; ATOM_ENTITY_PORTFOLIO_HEALTH_001,3,"SELECT DISTINCT p.investor_id, p.investor_name FROM ATOM_ENTITY_INVESTOR_PROFILE_001 p JOIN ATOM_ENTITY_PORTFOLIO_HEALTH_001 h ON h.investor_id=p.investor_id WHERE p.risk_tolerance='Conservative' AND h.risk_score > 75 AND EXISTS (SELECT 1 FROM ATOM_ENTITY_INVESTMENT_GOAL_001 g WHERE g.investor_id=p.investor_id AND g.shortfall > 0) ORDER BY p.investor_id;","{""_total_rows"": 133, ""_truncated_to"": 50, ""rows"": [{""investor_id"": ""INV-001"", ""investor_name"": ""Arjun Iyer""}, {""investor_id"": ""INV-021"", ""investor_name"": ""Arvind Chauhan""}, {""investor_id"": ""INV-034"", ""investor_name"": ""Sneha Reddy""}, {""investor_id"": ""INV-047"", ""investor_name"": ""Aishwarya Reddy""}, {""investor_id"": ""INV-069"", ""investor_name"": ""Sunita Patel""}, {""investor_id"": ""INV-071"", ""investor_name"": ""Anita Iyer""}, {""investor_id"": ""INV-101"", ""investor_name"": ""Aishwarya Patel""}, {""investor_id"": ""INV-1012"", ""investor_name"": ""Amrita Iyer""}, {""investor_id"": ""INV-1025"", ""investor_name"": ""Rohan Arora""}, {""investor_id"": ""INV-1045"", ""investor_name"": ""Arvind Nair""}, {""investor_id"": ""INV-1048"", ""investor_name"": ""Geeta Pandey""}, {""investor_id"": ""INV-1061"", ""investor_name"": ""Vikram Verma""}, {""investor_id"": ""INV-1071"", ""investor_name"": ""Anand Joshi""}, {""investor_id"": ""INV-1072"", ""investor_name"": ""Amrita Kulkarni""}, {""investor_id"": ""INV-1090"", ""investor_name"": ""Rajesh Yadav""}, {""investor_id"": ""INV-1091"", ""investor_name"": ""Bhavna Rao""}, {""investor_id"": ""INV-1093"", ""investor_name"": ""Akshay Yadav""}, {""investor_id"": ""INV-1120"", ""investor_name"": ""Arjun Bhat""}, {""investor_id"": ""INV-1121"", ""investor_name"": ""Rajesh Arora""}, {""investor_id"": ""INV-1129"", ""investor_name"": ""Akshay Hegde""}, {""investor_id"": ""INV-1138"", ""investor_name"": ""Sneha Reddy""}, {""investor_id"": ""INV-1139"", ""investor_name"": ""Rahul Chauhan""}, {""investor_id"": ""INV-114"", ""investor_name"": ""Ishita Singh""}, {""investor_id"": ""INV-1148"", ""investor_name"": ""Rohan Rao""}, {""investor_id"": ""INV-1154"", ""investor_name"": ""Ishita Hegde""}, {""investor_id"": ""INV-1176"", ""investor_name"": ""Vikram Mishra""}, {""investor_id"": ""INV-118"", ""investor_name"": ""Vivek Rao""}, {""investor_id"": ""INV-1198"", ""investor_name"": ""Anita Verma""}, {""investor_id"": ""INV-1200"", ""investor_name"": ""Ishita Gupta""}, {""investor_id"": ""INV-1201"", ""investor_name"": ""Ankita Gupta""}, {""investor_id"": ""INV-1221"", ""investor_name"": ""Aishwarya Kulkarni""}, {""investor_id"": ""INV-1238"", ""investor_name"": ""Bhavna Bhat""}, {""investor_id"": ""INV-124"", ""investor_name"": ""Rajesh Kulkarni""}, {""investor_id"": ""INV-1269"", ""investor_name"": ""Vikram Patel""}, {""investor_id"": ""INV-1273"", ""investor_name"": ""Aishwarya Hegde""}, {""investor_id"": ""INV-1281"", ""investor_name"": ""Ankita Rao""}, {""investor_id"": ""INV-1299"", ""investor_name"": ""Geeta Chauhan""}, {""investor_id"": ""INV-1301"", ""investor_name"": ""Ishita Pandey""}, {""investor_id"": ""INV-1309"", ""investor_name"": ""Anjali Rao""}, {""investor_id"": ""INV-1310"", ""investor_name"": ""Sneha Iyer""}, {""investor_id"": ""INV-1312"", ""investor_name"": ""Amit Verma""}, {""investor_id"": ""INV-1318"", ""investor_name"": ""Priyanka Pandey""}, {""investor_id"": ""INV-1321"", ""investor_name"": ""Sunita Verma""}, {""investor_id"": ""INV-1347"", ""investor_name"": ""Rohan Hegde""}, {""investor_id"": ""INV-1348"", ""investor_name"": ""Anand Deshmukh""}, {""investor_id"": ""INV-1378"", ""investor_name"": ""Anjali Joshi""}, {""investor_id"": ""INV-1409"", ""investor_name"": ""Vivek Hegde""}, {""investor_id"": ""INV-141"", ""investor_name"": ""Geeta Verma""}, {""investor_id"": ""INV-1421"", ""investor_name"": ""Meena Mishra""}, {""investor_id"": ""INV-1425"", ""investor_name"": ""Geeta Iyer""}]}"
wealth_management_at_risk_critical_125_questions:ARC125-3T-012,wealth_management_at_risk_critical_125_questions.csv,ARC125-3T-012,Which Conservative investors have a diversification score below 25 and at least one underfunded goal?,At-risk underfunded detection,Hard,Multi-Relational,ATOM_ENTITY_INVESTMENT_GOAL_001; ATOM_ENTITY_INVESTOR_PROFILE_001; ATOM_ENTITY_PORTFOLIO_HEALTH_001,3,"SELECT DISTINCT p.investor_id, p.investor_name FROM ATOM_ENTITY_INVESTOR_PROFILE_001 p JOIN ATOM_ENTITY_PORTFOLIO_HEALTH_001 h ON h.investor_id=p.investor_id WHERE p.risk_tolerance='Conservative' AND h.diversification_score < 25 AND EXISTS (SELECT 1 FROM ATOM_ENTITY_INVESTMENT_GOAL_001 g WHERE g.investor_id=p.investor_id AND g.shortfall > 0) ORDER BY p.investor_id;","{""_total_rows"": 119, ""_truncated_to"": 50, ""rows"": [{""investor_id"": ""INV-002"", ""investor_name"": ""Geeta Nair""}, {""investor_id"": ""INV-028"", ""investor_name"": ""Chetan Yadav""}, {""investor_id"": ""INV-047"", ""investor_name"": ""Aishwarya Reddy""}, {""investor_id"": ""INV-059"", ""investor_name"": ""Deepak Bhat""}, {""investor_id"": ""INV-066"", ""investor_name"": ""Arjun Mishra""}, {""investor_id"": ""INV-092"", ""investor_name"": ""Anita Yadav""}, {""investor_id"": ""INV-1012"", ""investor_name"": ""Amrita Iyer""}, {""investor_id"": ""INV-102"", ""investor_name"": ""Akshay Iyer""}, {""investor_id"": ""INV-1025"", ""investor_name"": ""Rohan Arora""}, {""investor_id"": ""INV-1035"", ""investor_name"": ""Arjun Verma""}, {""investor_id"": ""INV-1042"", ""investor_name"": ""Rajesh Kulkarni""}, {""investor_id"": ""INV-1080"", ""investor_name"": ""Sneha Yadav""}, {""investor_id"": ""INV-1082"", ""investor_name"": ""Suresh Verma""}, {""investor_id"": ""INV-1120"", ""investor_name"": ""Arjun Bhat""}, {""investor_id"": ""INV-1125"", ""investor_name"": ""Vikram Joshi""}, {""investor_id"": ""INV-1127"", ""investor_name"": ""Bhavna Bhat""}, {""investor_id"": ""INV-1132"", ""investor_name"": ""Deepak Bhat""}, {""investor_id"": ""INV-1142"", ""investor_name"": ""Aishwarya Arora""}, {""investor_id"": ""INV-1145"", ""investor_name"": ""Rajesh Hegde""}, {""investor_id"": ""INV-1148"", ""investor_name"": ""Rohan Rao""}, {""investor_id"": ""INV-1154"", ""investor_name"": ""Ishita Hegde""}, {""investor_id"": ""INV-1167"", ""investor_name"": ""Geeta Reddy""}, {""investor_id"": ""INV-1169"", ""investor_name"": ""Vivek Reddy""}, {""investor_id"": ""INV-1176"", ""investor_name"": ""Vikram Mishra""}, {""investor_id"": ""INV-1178"", ""investor_name"": ""Kavita Pandey""}, {""investor_id"": ""INV-1230"", ""investor_name"": ""Suresh Singh""}, {""investor_id"": ""INV-126"", ""investor_name"": ""Vivek Pandey""}, {""investor_id"": ""INV-1289"", ""investor_name"": ""Anjali Verma""}, {""investor_id"": ""INV-1292"", ""investor_name"": ""Deepak Bhat""}, {""investor_id"": ""INV-1330"", ""investor_name"": ""Ishita Mishra""}, {""investor_id"": ""INV-1354"", ""investor_name"": ""Dipti Verma""}, {""investor_id"": ""INV-1355"", ""investor_name"": ""Vivek Verma""}, {""investor_id"": ""INV-1357"", ""investor_name"": ""Priyanka Joshi""}, {""investor_id"": ""INV-1362"", ""investor_name"": ""Rahul Bhat""}, {""investor_id"": ""INV-1370"", ""investor_name"": ""Vivek Reddy""}, {""investor_id"": ""INV-1371"", ""investor_name"": ""Sunita Patel""}, {""investor_id"": ""INV-1372"", ""investor_name"": ""Anand Singh""}, {""investor_id"": ""INV-1376"", ""investor_name"": ""Anand Hegde""}, {""investor_id"": ""INV-1388"", ""investor_name"": ""Rajesh Patel""}, {""investor_id"": ""INV-1406"", ""investor_name"": ""Meena Sharma""}, {""investor_id"": ""INV-1431"", ""investor_name"": ""Akshay Reddy""}, {""investor_id"": ""INV-1434"", ""investor_name"": ""Arjun Mishra""}, {""investor_id"": ""INV-1437"", ""investor_name"": ""Arvind Rao""}, {""investor_id"": ""INV-146"", ""investor_name"": ""Dipti Chauhan""}, {""investor_id"": ""INV-1462"", ""investor_name"": ""Sunita Kulkarni""}, {""investor_id"": ""INV-1479"", ""investor_name"": ""Rajesh Patel""}, {""investor_id"": ""INV-1482"", ""investor_name"": ""Aishwarya Joshi""}, {""investor_id"": ""INV-150"", ""investor_name"": ""Priyanka Reddy""}, {""investor_id"": ""INV-1505"", ""investor_name"": ""Akshay Nair""}, {""investor_id"": ""INV-1522"", ""investor_name"": ""Sunita Kulkarni""}]}"
wealth_management_at_risk_critical_125_questions:ARC125-3T-016,wealth_management_at_risk_critical_125_questions.csv,ARC125-3T-016,Which Moderate investors have a liquidity score below 25 and at least one underfunded goal?,At-risk underfunded detection,Hard,Multi-Relational,ATOM_ENTITY_INVESTMENT_GOAL_001; ATOM_ENTITY_INVESTOR_PROFILE_001; ATOM_ENTITY_PORTFOLIO_HEALTH_001,3,"SELECT DISTINCT p.investor_id, p.investor_name FROM ATOM_ENTITY_INVESTOR_PROFILE_001 p JOIN ATOM_ENTITY_PORTFOLIO_HEALTH_001 h ON h.investor_id=p.investor_id WHERE p.risk_tolerance='Moderate' AND h.liquidity_score < 25 AND EXISTS (SELECT 1 FROM ATOM_ENTITY_INVESTMENT_GOAL_001 g WHERE g.investor_id=p.investor_id AND g.shortfall > 0) ORDER BY p.investor_id;","{""_total_rows"": 97, ""_truncated_to"": 50, ""rows"": [{""investor_id"": ""INV-009"", ""investor_name"": ""Anand Verma""}, {""investor_id"": ""INV-022"", ""investor_name"": ""Rohan Rao""}, {""investor_id"": ""INV-062"", ""investor_name"": ""Siddharth Iyer""}, {""investor_id"": ""INV-075"", ""investor_name"": ""Arjun Rao""}, {""investor_id"": ""INV-089"", ""investor_name"": ""Siddharth Pandey""}, {""investor_id"": ""INV-1002"", ""investor_name"": ""Anjali Sharma""}, {""investor_id"": ""INV-1009"", ""investor_name"": ""Siddharth Hegde""}, {""investor_id"": ""INV-1022"", ""investor_name"": ""Geeta Mehta""}, {""investor_id"": ""INV-1038"", ""investor_name"": ""Rahul Iyer""}, {""investor_id"": ""INV-1039"", ""investor_name"": ""Ishita Rao""}, {""investor_id"": ""INV-1049"", ""investor_name"": ""Abhishek Yadav""}, {""investor_id"": ""INV-107"", ""investor_name"": ""Arjun Rao""}, {""investor_id"": ""INV-1102"", ""investor_name"": ""Deepak Gupta""}, {""investor_id"": ""INV-1105"", ""investor_name"": ""Anita Reddy""}, {""investor_id"": ""INV-1116"", ""investor_name"": ""Bhavna Iyer""}, {""investor_id"": ""INV-1136"", ""investor_name"": ""Bhavna Iyer""}, {""investor_id"": ""INV-1155"", ""investor_name"": ""Rahul Bhat""}, {""investor_id"": ""INV-1159"", ""investor_name"": ""Anand Sharma""}, {""investor_id"": ""INV-1162"", ""investor_name"": ""Siddharth Joshi""}, {""investor_id"": ""INV-1182"", ""investor_name"": ""Priyanka Singh""}, {""investor_id"": ""INV-119"", ""investor_name"": ""Vikram Gupta""}, {""investor_id"": ""INV-1218"", ""investor_name"": ""Vivek Rao""}, {""investor_id"": ""INV-122"", ""investor_name"": ""Dipti Gupta""}, {""investor_id"": ""INV-1222"", ""investor_name"": ""Siddharth Arora""}, {""investor_id"": ""INV-1234"", ""investor_name"": ""Ishita Iyer""}, {""investor_id"": ""INV-1242"", ""investor_name"": ""Rajesh Arora""}, {""investor_id"": ""INV-1260"", ""investor_name"": ""Vikram Gupta""}, {""investor_id"": ""INV-1262"", ""investor_name"": ""Vivek Kulkarni""}, {""investor_id"": ""INV-1282"", ""investor_name"": ""Akshay Pandey""}, {""investor_id"": ""INV-1294"", ""investor_name"": ""Vikram Gupta""}, {""investor_id"": ""INV-1322"", ""investor_name"": ""Bhavna Gupta""}, {""investor_id"": ""INV-1331"", ""investor_name"": ""Meena Iyer""}, {""investor_id"": ""INV-1349"", ""investor_name"": ""Dipti Pandey""}, {""investor_id"": ""INV-1365"", ""investor_name"": ""Akshay Rao""}, {""investor_id"": ""INV-1402"", ""investor_name"": ""Dipti Yadav""}, {""investor_id"": ""INV-1438"", ""investor_name"": ""Ankita Arora""}, {""investor_id"": ""INV-1450"", ""investor_name"": ""Anand Patel""}, {""investor_id"": ""INV-1467"", ""investor_name"": ""Ankita Bhat""}, {""investor_id"": ""INV-1468"", ""investor_name"": ""Vikram Arora""}, {""investor_id"": ""INV-1498"", ""investor_name"": ""Anand Mehta""}, {""investor_id"": ""INV-1531"", ""investor_name"": ""Rohan Singh""}, {""investor_id"": ""INV-1546"", ""investor_name"": ""Sunita Hegde""}, {""investor_id"": ""INV-1547"", ""investor_name"": ""Deepak Kulkarni""}, {""investor_id"": ""INV-1550"", ""investor_name"": ""Siddharth Yadav""}, {""investor_id"": ""INV-167"", ""investor_name"": ""Priyanka Reddy""}, {""investor_id"": ""INV-174"", ""investor_name"": ""Meena Sharma""}, {""investor_id"": ""INV-186"", ""investor_name"": ""Bhavna Arora""}, {""investor_id"": ""INV-188"", ""investor_name"": ""Ankita Chauhan""}, {""investor_id"": ""INV-194"", ""investor_name"": ""Amrita Patel""}, {""investor_id"": ""INV-196"", ""investor_name"": ""Amit Rao""}]}"
wealth_management_at_risk_critical_125_questions:ARC125-3T-020,wealth_management_at_risk_critical_125_questions.csv,ARC125-3T-020,Which Aggressive investors have a liquidity score below 25 and an allocation above 0% in the Banking sector?,Illiquid + sector detection,Hard,Multi-Relational,ATOM_ENTITY_INVESTOR_PROFILE_001; ATOM_ENTITY_PORTFOLIO_HEALTH_001; ATOM_ENTITY_SECTOR_ALLOCATION_001,3,"SELECT DISTINCT p.investor_id, p.investor_name FROM ATOM_ENTITY_INVESTOR_PROFILE_001 p JOIN ATOM_ENTITY_PORTFOLIO_HEALTH_001 h ON h.investor_id=p.investor_id WHERE p.risk_tolerance='Aggressive' AND h.liquidity_score < 25 AND EXISTS (SELECT 1 FROM ATOM_ENTITY_SECTOR_ALLOCATION_001 a WHERE a.investor_id=p.investor_id AND a.sector='Banking' AND a.allocation_pct > 0) ORDER BY p.investor_id;","[{""investor_id"": ""INV-084"", ""investor_name"": ""Anand Reddy""}, {""investor_id"": ""INV-1027"", ""investor_name"": ""Aishwarya Deshmukh""}, {""investor_id"": ""INV-1265"", ""investor_name"": ""Vivek Gupta""}, {""investor_id"": ""INV-1314"", ""investor_name"": ""Siddharth Patel""}, {""investor_id"": ""INV-1332"", ""investor_name"": ""Amit Arora""}, {""investor_id"": ""INV-1336"", ""investor_name"": ""Vikram Kulkarni""}, {""investor_id"": ""INV-1342"", ""investor_name"": ""Anita Chauhan""}, {""investor_id"": ""INV-1382"", ""investor_name"": ""Arjun Arora""}, {""investor_id"": ""INV-387"", ""investor_name"": ""Deepak Bhat""}, {""investor_id"": ""INV-562"", ""investor_name"": ""Ankita Joshi""}, {""investor_id"": ""INV-665"", ""investor_name"": ""Vikram Singh""}, {""investor_id"": ""INV-678"", ""investor_name"": ""Ankita Gupta""}, {""investor_id"": ""INV-794"", ""investor_name"": ""Sneha Singh""}, {""investor_id"": ""INV-806"", ""investor_name"": ""Vikram Rao""}, {""investor_id"": ""INV-927"", ""investor_name"": ""Sneha Kulkarni""}, {""investor_id"": ""INV-942"", ""investor_name"": ""Dipti Reddy""}]"
wealth_management_at_risk_critical_125_questions:ARC125-3T-024,wealth_management_at_risk_critical_125_questions.csv,ARC125-3T-024,Which Conservative investors have a liquidity score below 25 and an allocation above 0% in the Automobile sector?,Illiquid + sector detection,Hard,Multi-Relational,ATOM_ENTITY_INVESTOR_PROFILE_001; ATOM_ENTITY_PORTFOLIO_HEALTH_001; ATOM_ENTITY_SECTOR_ALLOCATION_001,3,"SELECT DISTINCT p.investor_id, p.investor_name FROM ATOM_ENTITY_INVESTOR_PROFILE_001 p JOIN ATOM_ENTITY_PORTFOLIO_HEALTH_001 h ON h.investor_id=p.investor_id WHERE p.risk_tolerance='Conservative' AND h.liquidity_score < 25 AND EXISTS (SELECT 1 FROM ATOM_ENTITY_SECTOR_ALLOCATION_001 a WHERE a.investor_id=p.investor_id AND a.sector='Automobile' AND a.allocation_pct > 0) ORDER BY p.investor_id;","[{""investor_id"": ""INV-1192"", ""investor_name"": ""Amit Deshmukh""}, {""investor_id"": ""INV-258"", ""investor_name"": ""Anita Rao""}, {""investor_id"": ""INV-787"", ""investor_name"": ""Bhavna Kulkarni""}, {""investor_id"": ""INV-882"", ""investor_name"": ""Ankita Mishra""}]"
wealth_management_at_risk_critical_125_questions:ARC125-3T-028,wealth_management_at_risk_critical_125_questions.csv,ARC125-3T-028,Which Conservative investors have a liquidity score below 25 and an allocation above 0% in the Financial Services sector?,Illiquid + sector detection,Hard,Multi-Relational,ATOM_ENTITY_INVESTOR_PROFILE_001; ATOM_ENTITY_PORTFOLIO_HEALTH_001; ATOM_ENTITY_SECTOR_ALLOCATION_001,3,"SELECT DISTINCT p.investor_id, p.investor_name FROM ATOM_ENTITY_INVESTOR_PROFILE_001 p JOIN ATOM_ENTITY_PORTFOLIO_HEALTH_001 h ON h.investor_id=p.investor_id WHERE p.risk_tolerance='Conservative' AND h.liquidity_score < 25 AND EXISTS (SELECT 1 FROM ATOM_ENTITY_SECTOR_ALLOCATION_001 a WHERE a.investor_id=p.investor_id AND a.sector='Financial Services' AND a.allocation_pct > 0) ORDER BY p.investor_id;","[{""investor_id"": ""INV-060"", ""investor_name"": ""Sneha Rao""}, {""investor_id"": ""INV-1096"", ""investor_name"": ""Amrita Sharma""}, {""investor_id"": ""INV-1142"", ""investor_name"": ""Aishwarya Arora""}, {""investor_id"": ""INV-1217"", ""investor_name"": ""Siddharth Mehta""}, {""investor_id"": ""INV-1369"", ""investor_name"": ""Anand Bhat""}, {""investor_id"": ""INV-1538"", ""investor_name"": ""Priyanka Joshi""}, {""investor_id"": ""INV-352"", ""investor_name"": ""Kavita Nair""}, {""investor_id"": ""INV-848"", ""investor_name"": ""Sneha Patel""}, {""investor_id"": ""INV-885"", ""investor_name"": ""Sneha Nair""}, {""investor_id"": ""INV-947"", ""investor_name"": ""Deepak Singh""}]"
wealth_management_at_risk_critical_125_questions:ARC125-4T-002,wealth_management_at_risk_critical_125_questions.csv,ARC125-4T-002,"Which Aggressive investors have a liquidity score below 25, an underfunded goal, and a loss-making holding (counting only holdings with a recorded cost and current value)?",Critical multi-signal,Advanced,Composite Reasoning,ATOM_ENTITY_INVESTMENT_GOAL_001; ATOM_ENTITY_INVESTOR_PROFILE_001; ATOM_ENTITY_PORTFOLIO_HEALTH_001; ATOM_ENTITY_PORTFOLIO_HOLDING_001,4,"SELECT DISTINCT p.investor_id, p.investor_name FROM ATOM_ENTITY_INVESTOR_PROFILE_001 p JOIN ATOM_ENTITY_PORTFOLIO_HEALTH_001 h ON h.investor_id=p.investor_id WHERE p.risk_tolerance='Aggressive' AND h.liquidity_score < 25 AND EXISTS (SELECT 1 FROM ATOM_ENTITY_INVESTMENT_GOAL_001 g WHERE g.investor_id=p.investor_id AND g.shortfall > 0) AND EXISTS (SELECT 1 FROM ATOM_ENTITY_PORTFOLIO_HOLDING_001 o WHERE o.investor_id=p.investor_id AND o.returns_pct < 0 AND o.cost > 0 AND o.current_value IS NOT NULL) ORDER BY p.investor_id;","[{""investor_id"": ""INV-067"", ""investor_name"": ""Vikram Iyer""}, {""investor_id"": ""INV-1018"", ""investor_name"": ""Kavita Hegde""}, {""investor_id"": ""INV-1084"", ""investor_name"": ""Amit Singh""}, {""investor_id"": ""INV-1098"", ""investor_name"": ""Arvind Iyer""}, {""investor_id"": ""INV-1165"", ""investor_name"": ""Bhavna Mishra""}, {""investor_id"": ""INV-1247"", ""investor_name"": ""Ramesh Verma""}, {""investor_id"": ""INV-1279"", ""investor_name"": ""Aishwarya Mehta""}, {""investor_id"": ""INV-1290"", ""investor_name"": ""Abhishek Joshi""}, {""investor_id"": ""INV-1332"", ""investor_name"": ""Amit Arora""}, {""investor_id"": ""INV-1336"", ""investor_name"": ""Vikram Kulkarni""}, {""investor_id"": ""INV-1407"", ""investor_name"": ""Akshay Verma""}, {""investor_id"": ""INV-1422"", ""investor_name"": ""Deepak Hegde""}, {""investor_id"": ""INV-1433"", ""investor_name"": ""Vivek Bhat""}, {""investor_id"": ""INV-1474"", ""investor_name"": ""Amrita Yadav""}, {""investor_id"": ""INV-193"", ""investor_name"": ""Dipti Gupta""}, {""investor_id"": ""INV-204"", ""investor_name"": ""Sneha Hegde""}, {""investor_id"": ""INV-229"", ""investor_name"": ""Kavita Pandey""}, {""investor_id"": ""INV-285"", ""investor_name"": ""Meena Reddy""}, {""investor_id"": ""INV-296"", ""investor_name"": ""Akshay Sharma""}, {""investor_id"": ""INV-330"", ""investor_name"": ""Amit Kulkarni""}, {""investor_id"": ""INV-349"", ""investor_name"": ""Arvind Kulkarni""}, {""investor_id"": ""INV-434"", ""investor_name"": ""Siddharth Reddy""}, {""investor_id"": ""INV-482"", ""investor_name"": ""Deepak Mishra""}, {""investor_id"": ""INV-554"", ""investor_name"": ""Geeta Bhat""}, {""investor_id"": ""INV-559"", ""investor_name"": ""Sneha Joshi""}, {""investor_id"": ""INV-575"", ""investor_name"": ""Vikram Sharma""}, {""investor_id"": ""INV-665"", ""investor_name"": ""Vikram Singh""}, {""investor_id"": ""INV-715"", ""investor_name"": ""Anand Pandey""}, {""investor_id"": ""INV-802"", ""investor_name"": ""Sunita Arora""}, {""investor_id"": ""INV-806"", ""investor_name"": ""Vikram Rao""}, {""investor_id"": ""INV-808"", ""investor_name"": ""Kavita Hegde""}, {""investor_id"": ""INV-887"", ""investor_name"": ""Deepak Mishra""}, {""investor_id"": ""INV-929"", ""investor_name"": ""Priyanka Rao""}, {""investor_id"": ""INV-942"", ""investor_name"": ""Dipti Reddy""}, {""investor_id"": ""INV-953"", ""investor_name"": ""Chetan Reddy""}]"
wealth_management_at_risk_critical_125_questions:ARC125-4T-006,wealth_management_at_risk_critical_125_questions.csv,ARC125-4T-006,"Which Moderate investors have a liquidity score below 25, an underfunded goal, and a loss-making holding (counting only holdings with a recorded cost and current value)?",Critical multi-signal,Advanced,Composite Reasoning,ATOM_ENTITY_INVESTMENT_GOAL_001; ATOM_ENTITY_INVESTOR_PROFILE_001; ATOM_ENTITY_PORTFOLIO_HEALTH_001; ATOM_ENTITY_PORTFOLIO_HOLDING_001,4,"SELECT DISTINCT p.investor_id, p.investor_name FROM ATOM_ENTITY_INVESTOR_PROFILE_001 p JOIN ATOM_ENTITY_PORTFOLIO_HEALTH_001 h ON h.investor_id=p.investor_id WHERE p.risk_tolerance='Moderate' AND h.liquidity_score < 25 AND EXISTS (SELECT 1 FROM ATOM_ENTITY_INVESTMENT_GOAL_001 g WHERE g.investor_id=p.investor_id AND g.shortfall > 0) AND EXISTS (SELECT 1 FROM ATOM_ENTITY_PORTFOLIO_HOLDING_001 o WHERE o.investor_id=p.investor_id AND o.returns_pct < 0 AND o.cost > 0 AND o.current_value IS NOT NULL) ORDER BY p.investor_id;","[{""investor_id"": ""INV-022"", ""investor_name"": ""Rohan Rao""}, {""investor_id"": ""INV-062"", ""investor_name"": ""Siddharth Iyer""}, {""investor_id"": ""INV-075"", ""investor_name"": ""Arjun Rao""}, {""investor_id"": ""INV-1002"", ""investor_name"": ""Anjali Sharma""}, {""investor_id"": ""INV-1009"", ""investor_name"": ""Siddharth Hegde""}, {""investor_id"": ""INV-1102"", ""investor_name"": ""Deepak Gupta""}, {""investor_id"": ""INV-1136"", ""investor_name"": ""Bhavna Iyer""}, {""investor_id"": ""INV-1159"", ""investor_name"": ""Anand Sharma""}, {""investor_id"": ""INV-1182"", ""investor_name"": ""Priyanka Singh""}, {""investor_id"": ""INV-122"", ""investor_name"": ""Dipti Gupta""}, {""investor_id"": ""INV-1222"", ""investor_name"": ""Siddharth Arora""}, {""investor_id"": ""INV-1234"", ""investor_name"": ""Ishita Iyer""}, {""investor_id"": ""INV-1294"", ""investor_name"": ""Vikram Gupta""}, {""investor_id"": ""INV-1349"", ""investor_name"": ""Dipti Pandey""}, {""investor_id"": ""INV-1450"", ""investor_name"": ""Anand Patel""}, {""investor_id"": ""INV-1498"", ""investor_name"": ""Anand Mehta""}, {""investor_id"": ""INV-1531"", ""investor_name"": ""Rohan Singh""}, {""investor_id"": ""INV-1546"", ""investor_name"": ""Sunita Hegde""}, {""investor_id"": ""INV-1547"", ""investor_name"": ""Deepak Kulkarni""}, {""investor_id"": ""INV-1550"", ""investor_name"": ""Siddharth Yadav""}, {""investor_id"": ""INV-167"", ""investor_name"": ""Priyanka Reddy""}, {""investor_id"": ""INV-196"", ""investor_name"": ""Amit Rao""}, {""investor_id"": ""INV-211"", ""investor_name"": ""Amrita Reddy""}, {""investor_id"": ""INV-239"", ""investor_name"": ""Anita Chauhan""}, {""investor_id"": ""INV-299"", ""investor_name"": ""Chetan Pandey""}, {""investor_id"": ""INV-384"", ""investor_name"": ""Sneha Gupta""}, {""investor_id"": ""INV-515"", ""investor_name"": ""Rahul Verma""}, {""investor_id"": ""INV-553"", ""investor_name"": ""Rohan Nair""}, {""investor_id"": ""INV-560"", ""investor_name"": ""Kavita Patel""}, {""investor_id"": ""INV-742"", ""investor_name"": ""Rahul Deshmukh""}, {""investor_id"": ""INV-842"", ""investor_name"": ""Akshay Iyer""}, {""investor_id"": ""INV-860"", ""investor_name"": ""Ankita Patel""}, {""investor_id"": ""INV-862"", ""investor_name"": ""Aishwarya Rao""}, {""investor_id"": ""INV-982"", ""investor_name"": ""Anjali Patel""}, {""investor_id"": ""INV-993"", ""investor_name"": ""Arvind Rao""}]"
wealth_management_at_risk_critical_125_questions:ARC125-4T-010,wealth_management_at_risk_critical_125_questions.csv,ARC125-4T-010,"Which Aggressive investors have a risk score above 75, an underfunded goal, and a 'Cash Deployment' rebalancing action?",At-risk with rebalancing,Advanced,Composite Reasoning,ATOM_ENTITY_INVESTMENT_GOAL_001; ATOM_ENTITY_INVESTOR_PROFILE_001; ATOM_ENTITY_PORTFOLIO_HEALTH_001; ATOM_EVENT_REBALANCING_ACTION_001,4,"SELECT DISTINCT p.investor_id, p.investor_name FROM ATOM_ENTITY_INVESTOR_PROFILE_001 p JOIN ATOM_ENTITY_PORTFOLIO_HEALTH_001 h ON h.investor_id=p.investor_id WHERE p.risk_tolerance='Aggressive' AND h.risk_score > 75 AND EXISTS (SELECT 1 FROM ATOM_ENTITY_INVESTMENT_GOAL_001 g WHERE g.investor_id=p.investor_id AND g.shortfall > 0) AND EXISTS (SELECT 1 FROM ATOM_EVENT_REBALANCING_ACTION_001 r WHERE r.investor_id=p.investor_id AND r.action='Cash Deployment') ORDER BY p.investor_id;","[{""investor_id"": ""INV-068"", ""investor_name"": ""Vikram Yadav""}, {""investor_id"": ""INV-084"", ""investor_name"": ""Anand Reddy""}, {""investor_id"": ""INV-094"", ""investor_name"": ""Anita Bhat""}, {""investor_id"": ""INV-1104"", ""investor_name"": ""Arjun Patel""}, {""investor_id"": ""INV-1153"", ""investor_name"": ""Arvind Sharma""}, {""investor_id"": ""INV-121"", ""investor_name"": ""Anita Hegde""}, {""investor_id"": ""INV-1313"", ""investor_name"": ""Ramesh Bhat""}, {""investor_id"": ""INV-133"", ""investor_name"": ""Rohan Arora""}, {""investor_id"": ""INV-1341"", ""investor_name"": ""Amrita Chauhan""}, {""investor_id"": ""INV-1360"", ""investor_name"": ""Dipti Bhat""}, {""investor_id"": ""INV-1361"", ""investor_name"": ""Anand Iyer""}, {""investor_id"": ""INV-1433"", ""investor_name"": ""Vivek Bhat""}, {""investor_id"": ""INV-181"", ""investor_name"": ""Suresh Reddy""}, {""investor_id"": ""INV-189"", ""investor_name"": ""Meena Hegde""}, {""investor_id"": ""INV-306"", ""investor_name"": ""Ishita Deshmukh""}, {""investor_id"": ""INV-364"", ""investor_name"": ""Anjali Patel""}, {""investor_id"": ""INV-377"", ""investor_name"": ""Anita Singh""}, {""investor_id"": ""INV-580"", ""investor_name"": ""Anita Patel""}, {""investor_id"": ""INV-635"", ""investor_name"": ""Rohan Yadav""}, {""investor_id"": ""INV-714"", ""investor_name"": ""Abhishek Deshmukh""}, {""investor_id"": ""INV-721"", ""investor_name"": ""Amrita Reddy""}, {""investor_id"": ""INV-849"", ""investor_name"": ""Arvind Bhat""}, {""investor_id"": ""INV-878"", ""investor_name"": ""Vikram Kulkarni""}, {""investor_id"": ""INV-887"", ""investor_name"": ""Deepak Mishra""}]"
wealth_management_at_risk_critical_125_questions:ARC125-4T-014,wealth_management_at_risk_critical_125_questions.csv,ARC125-4T-014,"Which Conservative investors have a risk score above 75, an underfunded goal, and a 'Cash Deployment' rebalancing action?",At-risk with rebalancing,Advanced,Composite Reasoning,ATOM_ENTITY_INVESTMENT_GOAL_001; ATOM_ENTITY_INVESTOR_PROFILE_001; ATOM_ENTITY_PORTFOLIO_HEALTH_001; ATOM_EVENT_REBALANCING_ACTION_001,4,"SELECT DISTINCT p.investor_id, p.investor_name FROM ATOM_ENTITY_INVESTOR_PROFILE_001 p JOIN ATOM_ENTITY_PORTFOLIO_HEALTH_001 h ON h.investor_id=p.investor_id WHERE p.risk_tolerance='Conservative' AND h.risk_score > 75 AND EXISTS (SELECT 1 FROM ATOM_ENTITY_INVESTMENT_GOAL_001 g WHERE g.investor_id=p.investor_id AND g.shortfall > 0) AND EXISTS (SELECT 1 FROM ATOM_EVENT_REBALANCING_ACTION_001 r WHERE r.investor_id=p.investor_id AND r.action='Cash Deployment') ORDER BY p.investor_id;","[{""investor_id"": ""INV-047"", ""investor_name"": ""Aishwarya Reddy""}, {""investor_id"": ""INV-1012"", ""investor_name"": ""Amrita Iyer""}, {""investor_id"": ""INV-1091"", ""investor_name"": ""Bhavna Rao""}, {""investor_id"": ""INV-118"", ""investor_name"": ""Vivek Rao""}, {""investor_id"": ""INV-1312"", ""investor_name"": ""Amit Verma""}, {""investor_id"": ""INV-1378"", ""investor_name"": ""Anjali Joshi""}, {""investor_id"": ""INV-1425"", ""investor_name"": ""Geeta Iyer""}, {""investor_id"": ""INV-1484"", ""investor_name"": ""Geeta Bhat""}, {""investor_id"": ""INV-1496"", ""investor_name"": ""Vikram Chauhan""}, {""investor_id"": ""INV-1541"", ""investor_name"": ""Geeta Rao""}, {""investor_id"": ""INV-251"", ""investor_name"": ""Ishita Sharma""}, {""investor_id"": ""INV-491"", ""investor_name"": ""Aishwarya Chauhan""}, {""investor_id"": ""INV-612"", ""investor_name"": ""Geeta Yadav""}, {""investor_id"": ""INV-692"", ""investor_name"": ""Ramesh Joshi""}, {""investor_id"": ""INV-696"", ""investor_name"": ""Rajesh Chauhan""}, {""investor_id"": ""INV-792"", ""investor_name"": ""Amrita Arora""}, {""investor_id"": ""INV-848"", ""investor_name"": ""Sneha Patel""}, {""investor_id"": ""INV-865"", ""investor_name"": ""Ishita Arora""}]"
wealth_management_at_risk_critical_125_questions:ARC125-4T-018,wealth_management_at_risk_critical_125_questions.csv,ARC125-4T-018,"Which Moderate investors have a risk score above 75, an underfunded goal, and a 'Cash Deployment' rebalancing action?",At-risk with rebalancing,Advanced,Composite Reasoning,ATOM_ENTITY_INVESTMENT_GOAL_001; ATOM_ENTITY_INVESTOR_PROFILE_001; ATOM_ENTITY_PORTFOLIO_HEALTH_001; ATOM_EVENT_REBALANCING_ACTION_001,4,"SELECT DISTINCT p.investor_id, p.investor_name FROM ATOM_ENTITY_INVESTOR_PROFILE_001 p JOIN ATOM_ENTITY_PORTFOLIO_HEALTH_001 h ON h.investor_id=p.investor_id WHERE p.risk_tolerance='Moderate' AND h.risk_score > 75 AND EXISTS (SELECT 1 FROM ATOM_ENTITY_INVESTMENT_GOAL_001 g WHERE g.investor_id=p.investor_id AND g.shortfall > 0) AND EXISTS (SELECT 1 FROM ATOM_EVENT_REBALANCING_ACTION_001 r WHERE r.investor_id=p.investor_id AND r.action='Cash Deployment') ORDER BY p.investor_id;","[{""investor_id"": ""INV-1218"", ""investor_name"": ""Vivek Rao""}, {""investor_id"": ""INV-1441"", ""investor_name"": ""Rahul Chauhan""}, {""investor_id"": ""INV-269"", ""investor_name"": ""Amrita Verma""}, {""investor_id"": ""INV-412"", ""investor_name"": ""Kavita Verma""}, {""investor_id"": ""INV-417"", ""investor_name"": ""Priyanka Yadav""}, {""investor_id"": ""INV-733"", ""investor_name"": ""Amit Arora""}, {""investor_id"": ""INV-754"", ""investor_name"": ""Ramesh Deshmukh""}, {""investor_id"": ""INV-801"", ""investor_name"": ""Abhishek Chauhan""}, {""investor_id"": ""INV-846"", ""investor_name"": ""Akshay Patel""}, {""investor_id"": ""INV-847"", ""investor_name"": ""Chetan Joshi""}]"
wealth_management_at_risk_critical_125_questions:ARC125-4T-022,wealth_management_at_risk_critical_125_questions.csv,ARC125-4T-022,"Which Aggressive investors have a diversification score below 25, a loss-making holding (counting only holdings with a recorded cost and current value), and an allocation above 0% in the Corporate sector?",Undiversified multi-signal,Advanced,Composite Reasoning,ATOM_ENTITY_INVESTOR_PROFILE_001; ATOM_ENTITY_PORTFOLIO_HEALTH_001; ATOM_ENTITY_PORTFOLIO_HOLDING_001; ATOM_ENTITY_SECTOR_ALLOCATION_001,4,"SELECT DISTINCT p.investor_id, p.investor_name FROM ATOM_ENTITY_INVESTOR_PROFILE_001 p JOIN ATOM_ENTITY_PORTFOLIO_HEALTH_001 h ON h.investor_id=p.investor_id WHERE p.risk_tolerance='Aggressive' AND h.diversification_score < 25 AND EXISTS (SELECT 1 FROM ATOM_ENTITY_PORTFOLIO_HOLDING_001 o WHERE o.investor_id=p.investor_id AND o.returns_pct < 0 AND o.cost > 0 AND o.current_value IS NOT NULL) AND EXISTS (SELECT 1 FROM ATOM_ENTITY_SECTOR_ALLOCATION_001 a WHERE a.investor_id=p.investor_id AND a.sector='Corporate' AND a.allocation_pct > 0) ORDER BY p.investor_id;","[{""investor_id"": ""INV-1513"", ""investor_name"": ""Geeta Reddy""}, {""investor_id"": ""INV-330"", ""investor_name"": ""Amit Kulkarni""}, {""investor_id"": ""INV-545"", ""investor_name"": ""Anjali Arora""}, {""investor_id"": ""INV-554"", ""investor_name"": ""Geeta Bhat""}]"
wealth_management_at_risk_critical_125_questions:ARC125-5T-001,wealth_management_at_risk_critical_125_questions.csv,ARC125-5T-001,"Which Aggressive investors have a risk score above 75, a loss-making holding (counting only holdings with a recorded cost and current value), an underfunded goal, and an allocation above 0% in the Automobile sector?",Five-signal critical detection,Expert,Composite Reasoning,ATOM_ENTITY_INVESTMENT_GOAL_001; ATOM_ENTITY_INVESTOR_PROFILE_001; ATOM_ENTITY_PORTFOLIO_HEALTH_001; ATOM_ENTITY_PORTFOLIO_HOLDING_001; ATOM_ENTITY_SECTOR_ALLOCATION_001,5,"SELECT DISTINCT p.investor_id, p.investor_name FROM ATOM_ENTITY_INVESTOR_PROFILE_001 p JOIN ATOM_ENTITY_PORTFOLIO_HEALTH_001 h ON h.investor_id=p.investor_id WHERE p.risk_tolerance='Aggressive' AND h.risk_score > 75 AND EXISTS (SELECT 1 FROM ATOM_ENTITY_PORTFOLIO_HOLDING_001 o WHERE o.investor_id=p.investor_id AND o.returns_pct < 0 AND o.cost > 0 AND o.current_value IS NOT NULL) AND EXISTS (SELECT 1 FROM ATOM_ENTITY_INVESTMENT_GOAL_001 g WHERE g.investor_id=p.investor_id AND g.shortfall > 0) AND EXISTS (SELECT 1 FROM ATOM_ENTITY_SECTOR_ALLOCATION_001 a WHERE a.investor_id=p.investor_id AND a.sector='Automobile' AND a.allocation_pct > 0) ORDER BY p.investor_id;","[{""investor_id"": ""INV-037"", ""investor_name"": ""Chetan Sharma""}, {""investor_id"": ""INV-1332"", ""investor_name"": ""Amit Arora""}, {""investor_id"": ""INV-152"", ""investor_name"": ""Ramesh Gupta""}, {""investor_id"": ""INV-181"", ""investor_name"": ""Suresh Reddy""}, {""investor_id"": ""INV-377"", ""investor_name"": ""Anita Singh""}, {""investor_id"": ""INV-721"", ""investor_name"": ""Amrita Reddy""}]"
wealth_management_at_risk_critical_125_questions:ARC125-5T-005,wealth_management_at_risk_critical_125_questions.csv,ARC125-5T-005,"Which Conservative investors have a risk score above 75, a loss-making holding (counting only holdings with a recorded cost and current value), an underfunded goal, and an allocation above 0% in the Automobile sector?",Five-signal critical detection,Expert,Composite Reasoning,ATOM_ENTITY_INVESTMENT_GOAL_001; ATOM_ENTITY_INVESTOR_PROFILE_001; ATOM_ENTITY_PORTFOLIO_HEALTH_001; ATOM_ENTITY_PORTFOLIO_HOLDING_001; ATOM_ENTITY_SECTOR_ALLOCATION_001,5,"SELECT DISTINCT p.investor_id, p.investor_name FROM ATOM_ENTITY_INVESTOR_PROFILE_001 p JOIN ATOM_ENTITY_PORTFOLIO_HEALTH_001 h ON h.investor_id=p.investor_id WHERE p.risk_tolerance='Conservative' AND h.risk_score > 75 AND EXISTS (SELECT 1 FROM ATOM_ENTITY_PORTFOLIO_HOLDING_001 o WHERE o.investor_id=p.investor_id AND o.returns_pct < 0 AND o.cost > 0 AND o.current_value IS NOT NULL) AND EXISTS (SELECT 1 FROM ATOM_ENTITY_INVESTMENT_GOAL_001 g WHERE g.investor_id=p.investor_id AND g.shortfall > 0) AND EXISTS (SELECT 1 FROM ATOM_ENTITY_SECTOR_ALLOCATION_001 a WHERE a.investor_id=p.investor_id AND a.sector='Automobile' AND a.allocation_pct > 0) ORDER BY p.investor_id;","[{""investor_id"": ""INV-047"", ""investor_name"": ""Aishwarya Reddy""}, {""investor_id"": ""INV-1025"", ""investor_name"": ""Rohan Arora""}, {""investor_id"": ""INV-1281"", ""investor_name"": ""Ankita Rao""}, {""investor_id"": ""INV-1321"", ""investor_name"": ""Sunita Verma""}, {""investor_id"": ""INV-725"", ""investor_name"": ""Ishita Patel""}, {""investor_id"": ""INV-761"", ""investor_name"": ""Meena Gupta""}, {""investor_id"": ""INV-961"", ""investor_name"": ""Amrita Yadav""}]"
wealth_management_at_risk_critical_125_questions:ARC125-5T-009,wealth_management_at_risk_critical_125_questions.csv,ARC125-5T-009,"Which Moderate investors have a risk score above 75, a loss-making holding (counting only holdings with a recorded cost and current value), an underfunded goal, and an allocation above 0% in the Automobile sector?",Five-signal critical detection,Expert,Composite Reasoning,ATOM_ENTITY_INVESTMENT_GOAL_001; ATOM_ENTITY_INVESTOR_PROFILE_001; ATOM_ENTITY_PORTFOLIO_HEALTH_001; ATOM_ENTITY_PORTFOLIO_HOLDING_001; ATOM_ENTITY_SECTOR_ALLOCATION_001,5,"SELECT DISTINCT p.investor_id, p.investor_name FROM ATOM_ENTITY_INVESTOR_PROFILE_001 p JOIN ATOM_ENTITY_PORTFOLIO_HEALTH_001 h ON h.investor_id=p.investor_id WHERE p.risk_tolerance='Moderate' AND h.risk_score > 75 AND EXISTS (SELECT 1 FROM ATOM_ENTITY_PORTFOLIO_HOLDING_001 o WHERE o.investor_id=p.investor_id AND o.returns_pct < 0 AND o.cost > 0 AND o.current_value IS NOT NULL) AND EXISTS (SELECT 1 FROM ATOM_ENTITY_INVESTMENT_GOAL_001 g WHERE g.investor_id=p.investor_id AND g.shortfall > 0) AND EXISTS (SELECT 1 FROM ATOM_ENTITY_SECTOR_ALLOCATION_001 a WHERE a.investor_id=p.investor_id AND a.sector='Automobile' AND a.allocation_pct > 0) ORDER BY p.investor_id;","[{""investor_id"": ""INV-1349"", ""investor_name"": ""Dipti Pandey""}, {""investor_id"": ""INV-972"", ""investor_name"": ""Aishwarya Kulkarni""}]"
wealth_management_at_risk_critical_125_questions:ARC125-5T-013,wealth_management_at_risk_critical_125_questions.csv,ARC125-5T-013,"Which Aggressive investors have a liquidity score below 25, a loss-making holding (counting only holdings with a recorded cost and current value), an underfunded goal, and a 'Aggressive Entry' rebalancing action?",Five-signal critical detection,Expert,Composite Reasoning,ATOM_ENTITY_INVESTMENT_GOAL_001; ATOM_ENTITY_INVESTOR_PROFILE_001; ATOM_ENTITY_PORTFOLIO_HEALTH_001; ATOM_ENTITY_PORTFOLIO_HOLDING_001; ATOM_EVENT_REBALANCING_ACTION_001,5,"SELECT DISTINCT p.investor_id, p.investor_name FROM ATOM_ENTITY_INVESTOR_PROFILE_001 p JOIN ATOM_ENTITY_PORTFOLIO_HEALTH_001 h ON h.investor_id=p.investor_id WHERE p.risk_tolerance='Aggressive' AND h.liquidity_score < 25 AND EXISTS (SELECT 1 FROM ATOM_ENTITY_PORTFOLIO_HOLDING_001 o WHERE o.investor_id=p.investor_id AND o.returns_pct < 0 AND o.cost > 0 AND o.current_value IS NOT NULL) AND EXISTS (SELECT 1 FROM ATOM_ENTITY_INVESTMENT_GOAL_001 g WHERE g.investor_id=p.investor_id AND g.shortfall > 0) AND EXISTS (SELECT 1 FROM ATOM_EVENT_REBALANCING_ACTION_001 r WHERE r.investor_id=p.investor_id AND r.action='Aggressive Entry') ORDER BY p.investor_id;","[{""investor_id"": ""INV-1084"", ""investor_name"": ""Amit Singh""}, {""investor_id"": ""INV-1098"", ""investor_name"": ""Arvind Iyer""}, {""investor_id"": ""INV-1247"", ""investor_name"": ""Ramesh Verma""}, {""investor_id"": ""INV-1332"", ""investor_name"": ""Amit Arora""}, {""investor_id"": ""INV-1422"", ""investor_name"": ""Deepak Hegde""}, {""investor_id"": ""INV-349"", ""investor_name"": ""Arvind Kulkarni""}, {""investor_id"": ""INV-808"", ""investor_name"": ""Kavita Hegde""}]"
wealth_management_at_risk_critical_125_questions:ARC125-5T-017,wealth_management_at_risk_critical_125_questions.csv,ARC125-5T-017,"Which Conservative investors have a liquidity score below 25, a loss-making holding (counting only holdings with a recorded cost and current value), an underfunded goal, and a 'Aggressive Entry' rebalancing action?",Five-signal critical detection,Expert,Composite Reasoning,ATOM_ENTITY_INVESTMENT_GOAL_001; ATOM_ENTITY_INVESTOR_PROFILE_001; ATOM_ENTITY_PORTFOLIO_HEALTH_001; ATOM_ENTITY_PORTFOLIO_HOLDING_001; ATOM_EVENT_REBALANCING_ACTION_001,5,"SELECT DISTINCT p.investor_id, p.investor_name FROM ATOM_ENTITY_INVESTOR_PROFILE_001 p JOIN ATOM_ENTITY_PORTFOLIO_HEALTH_001 h ON h.investor_id=p.investor_id WHERE p.risk_tolerance='Conservative' AND h.liquidity_score < 25 AND EXISTS (SELECT 1 FROM ATOM_ENTITY_PORTFOLIO_HOLDING_001 o WHERE o.investor_id=p.investor_id AND o.returns_pct < 0 AND o.cost > 0 AND o.current_value IS NOT NULL) AND EXISTS (SELECT 1 FROM ATOM_ENTITY_INVESTMENT_GOAL_001 g WHERE g.investor_id=p.investor_id AND g.shortfall > 0) AND EXISTS (SELECT 1 FROM ATOM_EVENT_REBALANCING_ACTION_001 r WHERE r.investor_id=p.investor_id AND r.action='Aggressive Entry') ORDER BY p.investor_id;","[{""investor_id"": ""INV-1117"", ""investor_name"": ""Arvind Kulkarni""}, {""investor_id"": ""INV-1348"", ""investor_name"": ""Anand Deshmukh""}, {""investor_id"": ""INV-1522"", ""investor_name"": ""Sunita Kulkarni""}, {""investor_id"": ""INV-258"", ""investor_name"": ""Anita Rao""}, {""investor_id"": ""INV-707"", ""investor_name"": ""Siddharth Bhat""}, {""investor_id"": ""INV-939"", ""investor_name"": ""Suresh Singh""}]"
wealth_management_batch_status_125_questions:BSQ125-1T-001,wealth_management_batch_status_125_questions.csv,BSQ125-1T-001,How many investors are classified in the Long-term time-horizon cohort?,Time-horizon cohort,Easy,Categorical Aggregation,ATOM_ENTITY_INVESTOR_PROFILE_001,1,SELECT COUNT(DISTINCT investor_id) AS investor_count FROM ATOM_ENTITY_INVESTOR_PROFILE_001 WHERE time_horizon='Long-term';,"[{""investor_count"": 489}]"
wealth_management_batch_status_125_questions:BSQ125-1T-005,wealth_management_batch_status_125_questions.csv,BSQ125-1T-005,List the investor id and name of every investor in the Diversified segment cohort.,Segment roster,Easy,Filtered List,ATOM_ENTITY_INVESTOR_PROFILE_001,1,"SELECT investor_id, investor_name FROM ATOM_ENTITY_INVESTOR_PROFILE_001 WHERE segment='Diversified' ORDER BY investor_id;","{""_total_rows"": 360, ""_truncated_to"": 50, ""rows"": [{""investor_id"": ""INV-011"", ""investor_name"": ""Bhavna Verma""}, {""investor_id"": ""INV-013"", ""investor_name"": ""Abhishek Singh""}, {""investor_id"": ""INV-020"", ""investor_name"": ""Rajesh Kulkarni""}, {""investor_id"": ""INV-031"", ""investor_name"": ""Meena Rao""}, {""investor_id"": ""INV-034"", ""investor_name"": ""Sneha Reddy""}, {""investor_id"": ""INV-042"", ""investor_name"": ""Suresh Bhat""}, {""investor_id"": ""INV-044"", ""investor_name"": ""Ishita Sharma""}, {""investor_id"": ""INV-045"", ""investor_name"": ""Aishwarya Deshmukh""}, {""investor_id"": ""INV-050"", ""investor_name"": ""Rajesh Singh""}, {""investor_id"": ""INV-051"", ""investor_name"": ""Ishita Sharma""}, {""investor_id"": ""INV-060"", ""investor_name"": ""Sneha Rao""}, {""investor_id"": ""INV-062"", ""investor_name"": ""Siddharth Iyer""}, {""investor_id"": ""INV-067"", ""investor_name"": ""Vikram Iyer""}, {""investor_id"": ""INV-074"", ""investor_name"": ""Vivek Deshmukh""}, {""investor_id"": ""INV-075"", ""investor_name"": ""Arjun Rao""}, {""investor_id"": ""INV-077"", ""investor_name"": ""Arjun Gupta""}, {""investor_id"": ""INV-080"", ""investor_name"": ""Anjali Iyer""}, {""investor_id"": ""INV-082"", ""investor_name"": ""Amit Chauhan""}, {""investor_id"": ""INV-088"", ""investor_name"": ""Anjali Mishra""}, {""investor_id"": ""INV-089"", ""investor_name"": ""Siddharth Pandey""}, {""investor_id"": ""INV-090"", ""investor_name"": ""Abhishek Mishra""}, {""investor_id"": ""INV-093"", ""investor_name"": ""Anand Gupta""}, {""investor_id"": ""INV-095"", ""investor_name"": ""Anita Rao""}, {""investor_id"": ""INV-1004"", ""investor_name"": ""Abhishek Hegde""}, {""investor_id"": ""INV-1006"", ""investor_name"": ""Suresh Bhat""}, {""investor_id"": ""INV-1008"", ""investor_name"": ""Priyanka Sharma""}, {""investor_id"": ""INV-1009"", ""investor_name"": ""Siddharth Hegde""}, {""investor_id"": ""INV-1024"", ""investor_name"": ""Geeta Gupta""}, {""investor_id"": ""INV-1025"", ""investor_name"": ""Rohan Arora""}, {""investor_id"": ""INV-1029"", ""investor_name"": ""Abhishek Hegde""}, {""investor_id"": ""INV-1031"", ""investor_name"": ""Vikram Arora""}, {""investor_id"": ""INV-1038"", ""investor_name"": ""Rahul Iyer""}, {""investor_id"": ""INV-1039"", ""investor_name"": ""Ishita Rao""}, {""investor_id"": ""INV-1041"", ""investor_name"": ""Deepak Kulkarni""}, {""investor_id"": ""INV-1047"", ""investor_name"": ""Anjali Hegde""}, {""investor_id"": ""INV-1050"", ""investor_name"": ""Rajesh Joshi""}, {""investor_id"": ""INV-1051"", ""investor_name"": ""Rahul Reddy""}, {""investor_id"": ""INV-1055"", ""investor_name"": ""Akshay Gupta""}, {""investor_id"": ""INV-1062"", ""investor_name"": ""Rahul Joshi""}, {""investor_id"": ""INV-1063"", ""investor_name"": ""Anand Arora""}, {""investor_id"": ""INV-1070"", ""investor_name"": ""Ishita Chauhan""}, {""investor_id"": ""INV-1072"", ""investor_name"": ""Amrita Kulkarni""}, {""investor_id"": ""INV-1073"", ""investor_name"": ""Rahul Iyer""}, {""investor_id"": ""INV-1076"", ""investor_name"": ""Suresh Yadav""}, {""investor_id"": ""INV-1080"", ""investor_name"": ""Sneha Yadav""}, {""investor_id"": ""INV-1085"", ""investor_name"": ""Akshay Chauhan""}, {""investor_id"": ""INV-1086"", ""investor_name"": ""Amrita Rao""}, {""investor_id"": ""INV-1087"", ""investor_name"": ""Rajesh Arora""}, {""investor_id"": ""INV-1090"", ""investor_name"": ""Rajesh Yadav""}, {""investor_id"": ""INV-1093"", ""investor_name"": ""Akshay Yadav""}]}"
wealth_management_batch_status_125_questions:BSQ125-1T-009,wealth_management_batch_status_125_questions.csv,BSQ125-1T-009,How many Child Education goals are underfunded (carrying a positive shortfall)?,Goal funding status,Medium,Rule-Based Detection,ATOM_ENTITY_INVESTMENT_GOAL_001,1,SELECT COUNT(*) AS goal_count FROM ATOM_ENTITY_INVESTMENT_GOAL_001 WHERE investment_goal='Child Education' AND shortfall > 0;,"[{""goal_count"": 618}]"
wealth_management_batch_status_125_questions:BSQ125-1T-013,wealth_management_batch_status_125_questions.csv,BSQ125-1T-013,How many investors belong to the Large Cap segment cohort?,Segment cohort,Easy,Categorical Aggregation,ATOM_ENTITY_INVESTOR_PROFILE_001,1,SELECT COUNT(DISTINCT investor_id) AS investor_count FROM ATOM_ENTITY_INVESTOR_PROFILE_001 WHERE segment='Large Cap';,"[{""investor_count"": 373}]"
wealth_management_batch_status_125_questions:BSQ125-1T-017,wealth_management_batch_status_125_questions.csv,BSQ125-1T-017,List the investor id and name of every investor in the Equity category cohort.,Category roster,Easy,Filtered List,ATOM_ENTITY_INVESTOR_PROFILE_001,1,"SELECT investor_id, investor_name FROM ATOM_ENTITY_INVESTOR_PROFILE_001 WHERE category='Equity' ORDER BY investor_id;","{""_total_rows"": 306, ""_truncated_to"": 50, ""rows"": [{""investor_id"": ""INV-010"", ""investor_name"": ""Ankita Kulkarni""}, {""investor_id"": ""INV-016"", ""investor_name"": ""Deepak Joshi""}, {""investor_id"": ""INV-034"", ""investor_name"": ""Sneha Reddy""}, {""investor_id"": ""INV-040"", ""investor_name"": ""Anita Joshi""}, {""investor_id"": ""INV-041"", ""investor_name"": ""Sneha Nair""}, {""investor_id"": ""INV-046"", ""investor_name"": ""Arjun Mishra""}, {""investor_id"": ""INV-051"", ""investor_name"": ""Ishita Sharma""}, {""investor_id"": ""INV-055"", ""investor_name"": ""Ramesh Bhat""}, {""investor_id"": ""INV-058"", ""investor_name"": ""Meena Bhat""}, {""investor_id"": ""INV-064"", ""investor_name"": ""Arvind Singh""}, {""investor_id"": ""INV-077"", ""investor_name"": ""Arjun Gupta""}, {""investor_id"": ""INV-083"", ""investor_name"": ""Siddharth Chauhan""}, {""investor_id"": ""INV-092"", ""investor_name"": ""Anita Yadav""}, {""investor_id"": ""INV-095"", ""investor_name"": ""Anita Rao""}, {""investor_id"": ""INV-1004"", ""investor_name"": ""Abhishek Hegde""}, {""investor_id"": ""INV-101"", ""investor_name"": ""Aishwarya Patel""}, {""investor_id"": ""INV-1013"", ""investor_name"": ""Aishwarya Yadav""}, {""investor_id"": ""INV-1015"", ""investor_name"": ""Siddharth Deshmukh""}, {""investor_id"": ""INV-1020"", ""investor_name"": ""Amrita Arora""}, {""investor_id"": ""INV-1021"", ""investor_name"": ""Amit Joshi""}, {""investor_id"": ""INV-1023"", ""investor_name"": ""Priyanka Joshi""}, {""investor_id"": ""INV-1026"", ""investor_name"": ""Amit Patel""}, {""investor_id"": ""INV-1027"", ""investor_name"": ""Aishwarya Deshmukh""}, {""investor_id"": ""INV-1032"", ""investor_name"": ""Anjali Gupta""}, {""investor_id"": ""INV-1033"", ""investor_name"": ""Arjun Kulkarni""}, {""investor_id"": ""INV-1037"", ""investor_name"": ""Anjali Reddy""}, {""investor_id"": ""INV-1045"", ""investor_name"": ""Arvind Nair""}, {""investor_id"": ""INV-1047"", ""investor_name"": ""Anjali Hegde""}, {""investor_id"": ""INV-1053"", ""investor_name"": ""Anita Patel""}, {""investor_id"": ""INV-1059"", ""investor_name"": ""Rahul Sharma""}, {""investor_id"": ""INV-1065"", ""investor_name"": ""Akshay Gupta""}, {""investor_id"": ""INV-107"", ""investor_name"": ""Arjun Rao""}, {""investor_id"": ""INV-1072"", ""investor_name"": ""Amrita Kulkarni""}, {""investor_id"": ""INV-1077"", ""investor_name"": ""Rohan Joshi""}, {""investor_id"": ""INV-1078"", ""investor_name"": ""Akshay Joshi""}, {""investor_id"": ""INV-1080"", ""investor_name"": ""Sneha Yadav""}, {""investor_id"": ""INV-1081"", ""investor_name"": ""Priyanka Deshmukh""}, {""investor_id"": ""INV-1084"", ""investor_name"": ""Amit Singh""}, {""investor_id"": ""INV-1085"", ""investor_name"": ""Akshay Chauhan""}, {""investor_id"": ""INV-1089"", ""investor_name"": ""Rahul Joshi""}, {""investor_id"": ""INV-1100"", ""investor_name"": ""Arjun Nair""}, {""investor_id"": ""INV-1108"", ""investor_name"": ""Ramesh Iyer""}, {""investor_id"": ""INV-1111"", ""investor_name"": ""Rajesh Sharma""}, {""investor_id"": ""INV-1115"", ""investor_name"": ""Akshay Chauhan""}, {""investor_id"": ""INV-1119"", ""investor_name"": ""Ishita Nair""}, {""investor_id"": ""INV-1125"", ""investor_name"": ""Vikram Joshi""}, {""investor_id"": ""INV-1126"", ""investor_name"": ""Anita Iyer""}, {""investor_id"": ""INV-113"", ""investor_name"": ""Anand Rao""}, {""investor_id"": ""INV-1133"", ""investor_name"": ""Rajesh Chauhan""}, {""investor_id"": ""INV-1143"", ""investor_name"": ""Priyanka Yadav""}]}"
wealth_management_batch_status_125_questions:BSQ125-1T-021,wealth_management_batch_status_125_questions.csv,BSQ125-1T-021,How many Emergency Fund goals are on track with progress of at least 50 percent?,Goal funding status,Medium,Rule-Based Detection,ATOM_ENTITY_INVESTMENT_GOAL_001,1,SELECT COUNT(*) AS goal_count FROM ATOM_ENTITY_INVESTMENT_GOAL_001 WHERE investment_goal='Emergency Fund' AND progress_pct >= 50;,"[{""goal_count"": 369}]"
wealth_management_batch_status_125_questions:BSQ125-1T-025,wealth_management_batch_status_125_questions.csv,BSQ125-1T-025,How many investors have Growth as their stated investment goal?,Goal-objective cohort,Easy,Categorical Aggregation,ATOM_ENTITY_INVESTOR_PROFILE_001,1,SELECT COUNT(DISTINCT investor_id) AS investor_count FROM ATOM_ENTITY_INVESTOR_PROFILE_001 WHERE investment_goal='Growth';,"[{""investor_count"": 252}]"
wealth_management_batch_status_125_questions:BSQ125-1T-029,wealth_management_batch_status_125_questions.csv,BSQ125-1T-029,How many investors fall in the elevated-risk health band with a risk score above 75?,Health-status band,Easy,Rule-Based Detection,ATOM_ENTITY_PORTFOLIO_HEALTH_001,1,SELECT COUNT(DISTINCT investor_id) AS investor_count FROM ATOM_ENTITY_PORTFOLIO_HEALTH_001 WHERE risk_score > 75;,"[{""investor_count"": 372}]"
wealth_management_batch_status_125_questions:BSQ125-1T-033,wealth_management_batch_status_125_questions.csv,BSQ125-1T-033,How many investors sit in the Hybrid category cohort?,Category cohort,Easy,Categorical Aggregation,ATOM_ENTITY_INVESTOR_PROFILE_001,1,SELECT COUNT(DISTINCT investor_id) AS investor_count FROM ATOM_ENTITY_INVESTOR_PROFILE_001 WHERE category='Hybrid';,"[{""investor_count"": 304}]"
wealth_management_batch_status_125_questions:BSQ125-2T-002,wealth_management_batch_status_125_questions.csv,BSQ125-2T-002,What is the average risk score of investors in the Long-term time-horizon cohort?,Time-horizon health snapshot,Medium,Categorical Aggregation,ATOM_ENTITY_INVESTOR_PROFILE_001; ATOM_ENTITY_PORTFOLIO_HEALTH_001,2,"SELECT ROUND(AVG(h.risk_score),2) AS avg_score FROM ATOM_ENTITY_INVESTOR_PROFILE_001 p JOIN ATOM_ENTITY_PORTFOLIO_HEALTH_001 h ON h.investor_id=p.investor_id WHERE p.time_horizon='Long-term';","[{""avg_score"": 48.98}]"
wealth_management_batch_status_125_questions:BSQ125-2T-006,wealth_management_batch_status_125_questions.csv,BSQ125-2T-006,What is the average diversification score of investors in the Long-term time-horizon cohort?,Time-horizon health snapshot,Medium,Categorical Aggregation,ATOM_ENTITY_INVESTOR_PROFILE_001; ATOM_ENTITY_PORTFOLIO_HEALTH_001,2,"SELECT ROUND(AVG(h.diversification_score),2) AS avg_score FROM ATOM_ENTITY_INVESTOR_PROFILE_001 p JOIN ATOM_ENTITY_PORTFOLIO_HEALTH_001 h ON h.investor_id=p.investor_id WHERE p.time_horizon='Long-term';","[{""avg_score"": 49.47}]"
wealth_management_batch_status_125_questions:BSQ125-2T-010,wealth_management_batch_status_125_questions.csv,BSQ125-2T-010,How many investors in the Debt category cohort sit in the low-liquidity band with a liquidity score below 25?,Category liquidity band,Medium,Rule-Based Detection,ATOM_ENTITY_INVESTOR_PROFILE_001; ATOM_ENTITY_PORTFOLIO_HEALTH_001,2,SELECT COUNT(DISTINCT p.investor_id) AS investor_count FROM ATOM_ENTITY_INVESTOR_PROFILE_001 p JOIN ATOM_ENTITY_PORTFOLIO_HEALTH_001 h ON h.investor_id=p.investor_id WHERE p.category='Debt' AND h.liquidity_score < 25;,"[{""investor_count"": 64}]"
wealth_management_batch_status_125_questions:BSQ125-2T-014,wealth_management_batch_status_125_questions.csv,BSQ125-2T-014,How many investors in the Aggressive risk cohort hold at least one Corporate Bond position?,Risk cohort holdings,Medium,Multi-Relational,ATOM_ENTITY_INVESTOR_PROFILE_001; ATOM_ENTITY_PORTFOLIO_HOLDING_001,2,SELECT COUNT(DISTINCT p.investor_id) AS investor_count FROM ATOM_ENTITY_INVESTOR_PROFILE_001 p WHERE p.risk_tolerance='Aggressive' AND EXISTS (SELECT 1 FROM ATOM_ENTITY_PORTFOLIO_HOLDING_001 o WHERE o.investor_id=p.investor_id AND o.investment_type='Corporate Bond');,"[{""investor_count"": 236}]"
wealth_management_batch_status_125_questions:BSQ125-2T-018,wealth_management_batch_status_125_questions.csv,BSQ125-2T-018,What is the average risk score of investors in the Equity category cohort?,Category health snapshot,Medium,Categorical Aggregation,ATOM_ENTITY_INVESTOR_PROFILE_001; ATOM_ENTITY_PORTFOLIO_HEALTH_001,2,"SELECT ROUND(AVG(h.risk_score),2) AS avg_score FROM ATOM_ENTITY_INVESTOR_PROFILE_001 p JOIN ATOM_ENTITY_PORTFOLIO_HEALTH_001 h ON h.investor_id=p.investor_id WHERE p.category='Equity';","[{""avg_score"": 51.27}]"
wealth_management_batch_status_125_questions:BSQ125-2T-022,wealth_management_batch_status_125_questions.csv,BSQ125-2T-022,What is the average diversification score of investors in the Equity category cohort?,Category health snapshot,Medium,Categorical Aggregation,ATOM_ENTITY_INVESTOR_PROFILE_001; ATOM_ENTITY_PORTFOLIO_HEALTH_001,2,"SELECT ROUND(AVG(h.diversification_score),2) AS avg_score FROM ATOM_ENTITY_INVESTOR_PROFILE_001 p JOIN ATOM_ENTITY_PORTFOLIO_HEALTH_001 h ON h.investor_id=p.investor_id WHERE p.category='Equity';","[{""avg_score"": 48.72}]"
wealth_management_batch_status_125_questions:BSQ125-2T-026,wealth_management_batch_status_125_questions.csv,BSQ125-2T-026,How many investors in the Large Cap segment cohort sit in the elevated-risk band with a risk score above 75?,Segment risk band,Medium,Rule-Based Detection,ATOM_ENTITY_INVESTOR_PROFILE_001; ATOM_ENTITY_PORTFOLIO_HEALTH_001,2,SELECT COUNT(DISTINCT p.investor_id) AS investor_count FROM ATOM_ENTITY_INVESTOR_PROFILE_001 p JOIN ATOM_ENTITY_PORTFOLIO_HEALTH_001 h ON h.investor_id=p.investor_id WHERE p.segment='Large Cap' AND h.risk_score > 75;,"[{""investor_count"": 93}]"
wealth_management_batch_status_125_questions:BSQ125-2T-030,wealth_management_batch_status_125_questions.csv,BSQ125-2T-030,List the Large Cap segment investors whose goal-match percentage is above 70.,Segment roster,Medium,Filtered List,ATOM_ENTITY_INVESTOR_PROFILE_001; ATOM_ENTITY_PORTFOLIO_HEALTH_001,2,"SELECT p.investor_id, p.investor_name FROM ATOM_ENTITY_INVESTOR_PROFILE_001 p JOIN ATOM_ENTITY_PORTFOLIO_HEALTH_001 h ON h.investor_id=p.investor_id WHERE p.segment='Large Cap' AND h.goal_match_pct > 70 ORDER BY p.investor_id;","{""_total_rows"": 107, ""_truncated_to"": 50, ""rows"": [{""investor_id"": ""INV-014"", ""investor_name"": ""Rohan Chauhan""}, {""investor_id"": ""INV-018"", ""investor_name"": ""Meena Rao""}, {""investor_id"": ""INV-021"", ""investor_name"": ""Arvind Chauhan""}, {""investor_id"": ""INV-057"", ""investor_name"": ""Sneha Verma""}, {""investor_id"": ""INV-070"", ""investor_name"": ""Rohan Mishra""}, {""investor_id"": ""INV-081"", ""investor_name"": ""Bhavna Pandey""}, {""investor_id"": ""INV-087"", ""investor_name"": ""Deepak Pandey""}, {""investor_id"": ""INV-101"", ""investor_name"": ""Aishwarya Patel""}, {""investor_id"": ""INV-1013"", ""investor_name"": ""Aishwarya Yadav""}, {""investor_id"": ""INV-1018"", ""investor_name"": ""Kavita Hegde""}, {""investor_id"": ""INV-105"", ""investor_name"": ""Chetan Verma""}, {""investor_id"": ""INV-1061"", ""investor_name"": ""Vikram Verma""}, {""investor_id"": ""INV-1078"", ""investor_name"": ""Akshay Joshi""}, {""investor_id"": ""INV-1096"", ""investor_name"": ""Amrita Sharma""}, {""investor_id"": ""INV-1101"", ""investor_name"": ""Rahul Verma""}, {""investor_id"": ""INV-1121"", ""investor_name"": ""Rajesh Arora""}, {""investor_id"": ""INV-113"", ""investor_name"": ""Anand Rao""}, {""investor_id"": ""INV-1161"", ""investor_name"": ""Geeta Chauhan""}, {""investor_id"": ""INV-1164"", ""investor_name"": ""Sneha Singh""}, {""investor_id"": ""INV-1184"", ""investor_name"": ""Amrita Mehta""}, {""investor_id"": ""INV-1191"", ""investor_name"": ""Kavita Bhat""}, {""investor_id"": ""INV-1209"", ""investor_name"": ""Vivek Iyer""}, {""investor_id"": ""INV-121"", ""investor_name"": ""Anita Hegde""}, {""investor_id"": ""INV-1221"", ""investor_name"": ""Aishwarya Kulkarni""}, {""investor_id"": ""INV-1227"", ""investor_name"": ""Amrita Singh""}, {""investor_id"": ""INV-1235"", ""investor_name"": ""Aishwarya Reddy""}, {""investor_id"": ""INV-1241"", ""investor_name"": ""Sneha Hegde""}, {""investor_id"": ""INV-1261"", ""investor_name"": ""Ishita Arora""}, {""investor_id"": ""INV-1269"", ""investor_name"": ""Vikram Patel""}, {""investor_id"": ""INV-128"", ""investor_name"": ""Anita Pandey""}, {""investor_id"": ""INV-1286"", ""investor_name"": ""Ramesh Hegde""}, {""investor_id"": ""INV-1301"", ""investor_name"": ""Ishita Pandey""}, {""investor_id"": ""INV-1315"", ""investor_name"": ""Priyanka Hegde""}, {""investor_id"": ""INV-1349"", ""investor_name"": ""Dipti Pandey""}, {""investor_id"": ""INV-1351"", ""investor_name"": ""Geeta Deshmukh""}, {""investor_id"": ""INV-1357"", ""investor_name"": ""Priyanka Joshi""}, {""investor_id"": ""INV-1361"", ""investor_name"": ""Anand Iyer""}, {""investor_id"": ""INV-1390"", ""investor_name"": ""Suresh Reddy""}, {""investor_id"": ""INV-1401"", ""investor_name"": ""Anand Arora""}, {""investor_id"": ""INV-1405"", ""investor_name"": ""Vivek Bhat""}, {""investor_id"": ""INV-1406"", ""investor_name"": ""Meena Sharma""}, {""investor_id"": ""INV-1433"", ""investor_name"": ""Vivek Bhat""}, {""investor_id"": ""INV-1441"", ""investor_name"": ""Rahul Chauhan""}, {""investor_id"": ""INV-1446"", ""investor_name"": ""Arvind Arora""}, {""investor_id"": ""INV-1475"", ""investor_name"": ""Aishwarya Bhat""}, {""investor_id"": ""INV-151"", ""investor_name"": ""Rahul Kulkarni""}, {""investor_id"": ""INV-1538"", ""investor_name"": ""Priyanka Joshi""}, {""investor_id"": ""INV-166"", ""investor_name"": ""Geeta Pandey""}, {""investor_id"": ""INV-173"", ""investor_name"": ""Arjun Rao""}, {""investor_id"": ""INV-181"", ""investor_name"": ""Suresh Reddy""}]}"
wealth_management_batch_status_125_questions:BSQ125-2T-034,wealth_management_batch_status_125_questions.csv,BSQ125-2T-034,"What is the average goal progress percentage for investors in the Conservative risk cohort (averaging each investor's goals first, then across investors)?",Risk cohort goal progress,Medium,Categorical Aggregation,ATOM_ENTITY_INVESTMENT_GOAL_001; ATOM_ENTITY_INVESTOR_PROFILE_001,2,"WITH g AS (SELECT investor_id, AVG(progress_pct) AS progress_pct FROM ATOM_ENTITY_INVESTMENT_GOAL_001 GROUP BY investor_id) SELECT ROUND(AVG(g.progress_pct),2) AS avg_progress FROM ATOM_ENTITY_INVESTOR_PROFILE_001 p LEFT JOIN g ON g.investor_id=p.investor_id WHERE p.risk_tolerance='Conservative';","[{""avg_progress"": 38.25}]"
wealth_management_batch_status_125_questions:BSQ125-2T-038,wealth_management_batch_status_125_questions.csv,BSQ125-2T-038,What is the average liquidity score of investors in the Short-term time-horizon cohort?,Time-horizon health snapshot,Medium,Categorical Aggregation,ATOM_ENTITY_INVESTOR_PROFILE_001; ATOM_ENTITY_PORTFOLIO_HEALTH_001,2,"SELECT ROUND(AVG(h.liquidity_score),2) AS avg_score FROM ATOM_ENTITY_INVESTOR_PROFILE_001 p JOIN ATOM_ENTITY_PORTFOLIO_HEALTH_001 h ON h.investor_id=p.investor_id WHERE p.time_horizon='Short-term';","[{""avg_score"": 51.32}]"
wealth_management_batch_status_125_questions:BSQ125-3T-002,wealth_management_batch_status_125_questions.csv,BSQ125-3T-002,Which investors in the Diversified segment cohort have a liquidity score below 50 and hold a Corporate Bond position?,Segment liquidity + holding,Hard,Multi-Relational,ATOM_ENTITY_INVESTOR_PROFILE_001; ATOM_ENTITY_PORTFOLIO_HEALTH_001; ATOM_ENTITY_PORTFOLIO_HOLDING_001,3,"SELECT DISTINCT p.investor_id, p.investor_name FROM ATOM_ENTITY_INVESTOR_PROFILE_001 p JOIN ATOM_ENTITY_PORTFOLIO_HEALTH_001 h ON h.investor_id=p.investor_id WHERE p.segment='Diversified' AND h.liquidity_score < 50 AND EXISTS (SELECT 1 FROM ATOM_ENTITY_PORTFOLIO_HOLDING_001 o WHERE o.investor_id=p.investor_id AND o.investment_type='Corporate Bond') ORDER BY p.investor_id;","{""_total_rows"": 87, ""_truncated_to"": 50, ""rows"": [{""investor_id"": ""INV-020"", ""investor_name"": ""Rajesh Kulkarni""}, {""investor_id"": ""INV-045"", ""investor_name"": ""Aishwarya Deshmukh""}, {""investor_id"": ""INV-060"", ""investor_name"": ""Sneha Rao""}, {""investor_id"": ""INV-062"", ""investor_name"": ""Siddharth Iyer""}, {""investor_id"": ""INV-075"", ""investor_name"": ""Arjun Rao""}, {""investor_id"": ""INV-1004"", ""investor_name"": ""Abhishek Hegde""}, {""investor_id"": ""INV-1006"", ""investor_name"": ""Suresh Bhat""}, {""investor_id"": ""INV-1039"", ""investor_name"": ""Ishita Rao""}, {""investor_id"": ""INV-1070"", ""investor_name"": ""Ishita Chauhan""}, {""investor_id"": ""INV-1085"", ""investor_name"": ""Akshay Chauhan""}, {""investor_id"": ""INV-1087"", ""investor_name"": ""Rajesh Arora""}, {""investor_id"": ""INV-110"", ""investor_name"": ""Vikram Iyer""}, {""investor_id"": ""INV-1110"", ""investor_name"": ""Vikram Yadav""}, {""investor_id"": ""INV-1116"", ""investor_name"": ""Bhavna Iyer""}, {""investor_id"": ""INV-1130"", ""investor_name"": ""Siddharth Chauhan""}, {""investor_id"": ""INV-1147"", ""investor_name"": ""Bhavna Mehta""}, {""investor_id"": ""INV-1162"", ""investor_name"": ""Siddharth Joshi""}, {""investor_id"": ""INV-1187"", ""investor_name"": ""Anita Rao""}, {""investor_id"": ""INV-119"", ""investor_name"": ""Vikram Gupta""}, {""investor_id"": ""INV-1213"", ""investor_name"": ""Sneha Reddy""}, {""investor_id"": ""INV-1224"", ""investor_name"": ""Akshay Pandey""}, {""investor_id"": ""INV-1309"", ""investor_name"": ""Anjali Rao""}, {""investor_id"": ""INV-1314"", ""investor_name"": ""Siddharth Patel""}, {""investor_id"": ""INV-1336"", ""investor_name"": ""Vikram Kulkarni""}, {""investor_id"": ""INV-1342"", ""investor_name"": ""Anita Chauhan""}, {""investor_id"": ""INV-1354"", ""investor_name"": ""Dipti Verma""}, {""investor_id"": ""INV-1360"", ""investor_name"": ""Dipti Bhat""}, {""investor_id"": ""INV-1369"", ""investor_name"": ""Anand Bhat""}, {""investor_id"": ""INV-1375"", ""investor_name"": ""Kavita Patel""}, {""investor_id"": ""INV-1398"", ""investor_name"": ""Rahul Singh""}, {""investor_id"": ""INV-1442"", ""investor_name"": ""Rahul Patel""}, {""investor_id"": ""INV-146"", ""investor_name"": ""Dipti Chauhan""}, {""investor_id"": ""INV-1473"", ""investor_name"": ""Rohan Patel""}, {""investor_id"": ""INV-1476"", ""investor_name"": ""Dipti Nair""}, {""investor_id"": ""INV-1488"", ""investor_name"": ""Priyanka Iyer""}, {""investor_id"": ""INV-1489"", ""investor_name"": ""Amrita Bhat""}, {""investor_id"": ""INV-1492"", ""investor_name"": ""Amrita Yadav""}, {""investor_id"": ""INV-1502"", ""investor_name"": ""Meena Rao""}, {""investor_id"": ""INV-1546"", ""investor_name"": ""Sunita Hegde""}, {""investor_id"": ""INV-1547"", ""investor_name"": ""Deepak Kulkarni""}, {""investor_id"": ""INV-156"", ""investor_name"": ""Meena Kulkarni""}, {""investor_id"": ""INV-167"", ""investor_name"": ""Priyanka Reddy""}, {""investor_id"": ""INV-193"", ""investor_name"": ""Dipti Gupta""}, {""investor_id"": ""INV-197"", ""investor_name"": ""Amrita Nair""}, {""investor_id"": ""INV-204"", ""investor_name"": ""Sneha Hegde""}, {""investor_id"": ""INV-205"", ""investor_name"": ""Kavita Deshmukh""}, {""investor_id"": ""INV-212"", ""investor_name"": ""Meena Arora""}, {""investor_id"": ""INV-227"", ""investor_name"": ""Amit Hegde""}, {""investor_id"": ""INV-229"", ""investor_name"": ""Kavita Pandey""}, {""investor_id"": ""INV-236"", ""investor_name"": ""Suresh Iyer""}]}"
wealth_management_batch_status_125_questions:BSQ125-3T-006,wealth_management_batch_status_125_questions.csv,BSQ125-3T-006,Which investors in the Conservative risk cohort sit in the elevated-risk band above 75 and carry at least one underfunded goal?,Risk cohort at-risk goals,Hard,Rule-Based Detection,ATOM_ENTITY_INVESTMENT_GOAL_001; ATOM_ENTITY_INVESTOR_PROFILE_001; ATOM_ENTITY_PORTFOLIO_HEALTH_001,3,"SELECT DISTINCT p.investor_id, p.investor_name FROM ATOM_ENTITY_INVESTOR_PROFILE_001 p JOIN ATOM_ENTITY_PORTFOLIO_HEALTH_001 h ON h.investor_id=p.investor_id WHERE p.risk_tolerance='Conservative' AND h.risk_score > 75 AND EXISTS (SELECT 1 FROM ATOM_ENTITY_INVESTMENT_GOAL_001 g WHERE g.investor_id=p.investor_id AND g.shortfall > 0) ORDER BY p.investor_id;","{""_total_rows"": 133, ""_truncated_to"": 50, ""rows"": [{""investor_id"": ""INV-001"", ""investor_name"": ""Arjun Iyer""}, {""investor_id"": ""INV-021"", ""investor_name"": ""Arvind Chauhan""}, {""investor_id"": ""INV-034"", ""investor_name"": ""Sneha Reddy""}, {""investor_id"": ""INV-047"", ""investor_name"": ""Aishwarya Reddy""}, {""investor_id"": ""INV-069"", ""investor_name"": ""Sunita Patel""}, {""investor_id"": ""INV-071"", ""investor_name"": ""Anita Iyer""}, {""investor_id"": ""INV-101"", ""investor_name"": ""Aishwarya Patel""}, {""investor_id"": ""INV-1012"", ""investor_name"": ""Amrita Iyer""}, {""investor_id"": ""INV-1025"", ""investor_name"": ""Rohan Arora""}, {""investor_id"": ""INV-1045"", ""investor_name"": ""Arvind Nair""}, {""investor_id"": ""INV-1048"", ""investor_name"": ""Geeta Pandey""}, {""investor_id"": ""INV-1061"", ""investor_name"": ""Vikram Verma""}, {""investor_id"": ""INV-1071"", ""investor_name"": ""Anand Joshi""}, {""investor_id"": ""INV-1072"", ""investor_name"": ""Amrita Kulkarni""}, {""investor_id"": ""INV-1090"", ""investor_name"": ""Rajesh Yadav""}, {""investor_id"": ""INV-1091"", ""investor_name"": ""Bhavna Rao""}, {""investor_id"": ""INV-1093"", ""investor_name"": ""Akshay Yadav""}, {""investor_id"": ""INV-1120"", ""investor_name"": ""Arjun Bhat""}, {""investor_id"": ""INV-1121"", ""investor_name"": ""Rajesh Arora""}, {""investor_id"": ""INV-1129"", ""investor_name"": ""Akshay Hegde""}, {""investor_id"": ""INV-1138"", ""investor_name"": ""Sneha Reddy""}, {""investor_id"": ""INV-1139"", ""investor_name"": ""Rahul Chauhan""}, {""investor_id"": ""INV-114"", ""investor_name"": ""Ishita Singh""}, {""investor_id"": ""INV-1148"", ""investor_name"": ""Rohan Rao""}, {""investor_id"": ""INV-1154"", ""investor_name"": ""Ishita Hegde""}, {""investor_id"": ""INV-1176"", ""investor_name"": ""Vikram Mishra""}, {""investor_id"": ""INV-118"", ""investor_name"": ""Vivek Rao""}, {""investor_id"": ""INV-1198"", ""investor_name"": ""Anita Verma""}, {""investor_id"": ""INV-1200"", ""investor_name"": ""Ishita Gupta""}, {""investor_id"": ""INV-1201"", ""investor_name"": ""Ankita Gupta""}, {""investor_id"": ""INV-1221"", ""investor_name"": ""Aishwarya Kulkarni""}, {""investor_id"": ""INV-1238"", ""investor_name"": ""Bhavna Bhat""}, {""investor_id"": ""INV-124"", ""investor_name"": ""Rajesh Kulkarni""}, {""investor_id"": ""INV-1269"", ""investor_name"": ""Vikram Patel""}, {""investor_id"": ""INV-1273"", ""investor_name"": ""Aishwarya Hegde""}, {""investor_id"": ""INV-1281"", ""investor_name"": ""Ankita Rao""}, {""investor_id"": ""INV-1299"", ""investor_name"": ""Geeta Chauhan""}, {""investor_id"": ""INV-1301"", ""investor_name"": ""Ishita Pandey""}, {""investor_id"": ""INV-1309"", ""investor_name"": ""Anjali Rao""}, {""investor_id"": ""INV-1310"", ""investor_name"": ""Sneha Iyer""}, {""investor_id"": ""INV-1312"", ""investor_name"": ""Amit Verma""}, {""investor_id"": ""INV-1318"", ""investor_name"": ""Priyanka Pandey""}, {""investor_id"": ""INV-1321"", ""investor_name"": ""Sunita Verma""}, {""investor_id"": ""INV-1347"", ""investor_name"": ""Rohan Hegde""}, {""investor_id"": ""INV-1348"", ""investor_name"": ""Anand Deshmukh""}, {""investor_id"": ""INV-1378"", ""investor_name"": ""Anjali Joshi""}, {""investor_id"": ""INV-1409"", ""investor_name"": ""Vivek Hegde""}, {""investor_id"": ""INV-141"", ""investor_name"": ""Geeta Verma""}, {""investor_id"": ""INV-1421"", ""investor_name"": ""Meena Mishra""}, {""investor_id"": ""INV-1425"", ""investor_name"": ""Geeta Iyer""}]}"
wealth_management_batch_status_125_questions:BSQ125-3T-010,wealth_management_batch_status_125_questions.csv,BSQ125-3T-010,How many investors in the Conservative risk cohort with a diversification score below 25 carry at least one underfunded goal?,Risk cohort fragile + goals,Hard,Rule-Based Detection,ATOM_ENTITY_INVESTMENT_GOAL_001; ATOM_ENTITY_INVESTOR_PROFILE_001; ATOM_ENTITY_PORTFOLIO_HEALTH_001,3,SELECT COUNT(DISTINCT p.investor_id) AS investor_count FROM ATOM_ENTITY_INVESTOR_PROFILE_001 p JOIN ATOM_ENTITY_PORTFOLIO_HEALTH_001 h ON h.investor_id=p.investor_id WHERE p.risk_tolerance='Conservative' AND h.diversification_score < 25 AND EXISTS (SELECT 1 FROM ATOM_ENTITY_INVESTMENT_GOAL_001 g WHERE g.investor_id=p.investor_id AND g.shortfall > 0);,"[{""investor_count"": 119}]"
wealth_management_batch_status_125_questions:BSQ125-3T-014,wealth_management_batch_status_125_questions.csv,BSQ125-3T-014,How many investors in the Medium-term time-horizon cohort with a goal-match percentage above 50 also hold a Corporate Bond position?,Time-horizon match + holding,Hard,Multi-Relational,ATOM_ENTITY_INVESTOR_PROFILE_001; ATOM_ENTITY_PORTFOLIO_HEALTH_001; ATOM_ENTITY_PORTFOLIO_HOLDING_001,3,SELECT COUNT(DISTINCT p.investor_id) AS investor_count FROM ATOM_ENTITY_INVESTOR_PROFILE_001 p JOIN ATOM_ENTITY_PORTFOLIO_HEALTH_001 h ON h.investor_id=p.investor_id WHERE p.time_horizon='Medium-term' AND h.goal_match_pct > 50 AND EXISTS (SELECT 1 FROM ATOM_ENTITY_PORTFOLIO_HOLDING_001 o WHERE o.investor_id=p.investor_id AND o.investment_type='Corporate Bond');,"[{""investor_count"": 89}]"
wealth_management_batch_status_125_questions:BSQ125-3T-018,wealth_management_batch_status_125_questions.csv,BSQ125-3T-018,How many investors in the Medium-term time-horizon cohort with a goal-match percentage above 50 also hold a position with investment type 'ETF'?,Time-horizon match + holding,Hard,Multi-Relational,ATOM_ENTITY_INVESTOR_PROFILE_001; ATOM_ENTITY_PORTFOLIO_HEALTH_001; ATOM_ENTITY_PORTFOLIO_HOLDING_001,3,SELECT COUNT(DISTINCT p.investor_id) AS investor_count FROM ATOM_ENTITY_INVESTOR_PROFILE_001 p JOIN ATOM_ENTITY_PORTFOLIO_HEALTH_001 h ON h.investor_id=p.investor_id WHERE p.time_horizon='Medium-term' AND h.goal_match_pct > 50 AND EXISTS (SELECT 1 FROM ATOM_ENTITY_PORTFOLIO_HOLDING_001 o WHERE o.investor_id=p.investor_id AND o.investment_type='ETF');,"[{""investor_count"": 93}]"
wealth_management_batch_status_125_questions:BSQ125-3T-022,wealth_management_batch_status_125_questions.csv,BSQ125-3T-022,Which investors in the Large Cap segment cohort have a liquidity score below 50 and hold a position with investment type 'Equity'?,Segment liquidity + holding,Hard,Multi-Relational,ATOM_ENTITY_INVESTOR_PROFILE_001; ATOM_ENTITY_PORTFOLIO_HEALTH_001; ATOM_ENTITY_PORTFOLIO_HOLDING_001,3,"SELECT DISTINCT p.investor_id, p.investor_name FROM ATOM_ENTITY_INVESTOR_PROFILE_001 p JOIN ATOM_ENTITY_PORTFOLIO_HEALTH_001 h ON h.investor_id=p.investor_id WHERE p.segment='Large Cap' AND h.liquidity_score < 50 AND EXISTS (SELECT 1 FROM ATOM_ENTITY_PORTFOLIO_HOLDING_001 o WHERE o.investor_id=p.investor_id AND o.investment_type='Equity') ORDER BY p.investor_id;","{""_total_rows"": 99, ""_truncated_to"": 50, ""rows"": [{""investor_id"": ""INV-014"", ""investor_name"": ""Rohan Chauhan""}, {""investor_id"": ""INV-016"", ""investor_name"": ""Deepak Joshi""}, {""investor_id"": ""INV-058"", ""investor_name"": ""Meena Bhat""}, {""investor_id"": ""INV-087"", ""investor_name"": ""Deepak Pandey""}, {""investor_id"": ""INV-1002"", ""investor_name"": ""Anjali Sharma""}, {""investor_id"": ""INV-1014"", ""investor_name"": ""Sneha Hegde""}, {""investor_id"": ""INV-1016"", ""investor_name"": ""Ankita Joshi""}, {""investor_id"": ""INV-1018"", ""investor_name"": ""Kavita Hegde""}, {""investor_id"": ""INV-1022"", ""investor_name"": ""Geeta Mehta""}, {""investor_id"": ""INV-1084"", ""investor_name"": ""Amit Singh""}, {""investor_id"": ""INV-1096"", ""investor_name"": ""Amrita Sharma""}, {""investor_id"": ""INV-1102"", ""investor_name"": ""Deepak Gupta""}, {""investor_id"": ""INV-1117"", ""investor_name"": ""Arvind Kulkarni""}, {""investor_id"": ""INV-1155"", ""investor_name"": ""Rahul Bhat""}, {""investor_id"": ""INV-1164"", ""investor_name"": ""Sneha Singh""}, {""investor_id"": ""INV-1182"", ""investor_name"": ""Priyanka Singh""}, {""investor_id"": ""INV-1192"", ""investor_name"": ""Amit Deshmukh""}, {""investor_id"": ""INV-120"", ""investor_name"": ""Arjun Arora""}, {""investor_id"": ""INV-1207"", ""investor_name"": ""Arvind Iyer""}, {""investor_id"": ""INV-1232"", ""investor_name"": ""Kavita Arora""}, {""investor_id"": ""INV-1235"", ""investor_name"": ""Aishwarya Reddy""}, {""investor_id"": ""INV-1266"", ""investor_name"": ""Vikram Iyer""}, {""investor_id"": ""INV-1269"", ""investor_name"": ""Vikram Patel""}, {""investor_id"": ""INV-1272"", ""investor_name"": ""Sneha Deshmukh""}, {""investor_id"": ""INV-1275"", ""investor_name"": ""Amit Patel""}, {""investor_id"": ""INV-1286"", ""investor_name"": ""Ramesh Hegde""}, {""investor_id"": ""INV-1290"", ""investor_name"": ""Abhishek Joshi""}, {""investor_id"": ""INV-1298"", ""investor_name"": ""Rajesh Verma""}, {""investor_id"": ""INV-1308"", ""investor_name"": ""Kavita Deshmukh""}, {""investor_id"": ""INV-1315"", ""investor_name"": ""Priyanka Hegde""}, {""investor_id"": ""INV-1346"", ""investor_name"": ""Vikram Kulkarni""}, {""investor_id"": ""INV-1349"", ""investor_name"": ""Dipti Pandey""}, {""investor_id"": ""INV-1352"", ""investor_name"": ""Vikram Joshi""}, {""investor_id"": ""INV-1353"", ""investor_name"": ""Bhavna Arora""}, {""investor_id"": ""INV-139"", ""investor_name"": ""Anita Iyer""}, {""investor_id"": ""INV-1390"", ""investor_name"": ""Suresh Reddy""}, {""investor_id"": ""INV-1446"", ""investor_name"": ""Arvind Arora""}, {""investor_id"": ""INV-1485"", ""investor_name"": ""Geeta Rao""}, {""investor_id"": ""INV-1498"", ""investor_name"": ""Anand Mehta""}, {""investor_id"": ""INV-1524"", ""investor_name"": ""Anita Kulkarni""}, {""investor_id"": ""INV-1528"", ""investor_name"": ""Anand Mishra""}, {""investor_id"": ""INV-1538"", ""investor_name"": ""Priyanka Joshi""}, {""investor_id"": ""INV-1540"", ""investor_name"": ""Amit Chauhan""}, {""investor_id"": ""INV-158"", ""investor_name"": ""Meena Yadav""}, {""investor_id"": ""INV-165"", ""investor_name"": ""Meena Mishra""}, {""investor_id"": ""INV-172"", ""investor_name"": ""Dipti Gupta""}, {""investor_id"": ""INV-198"", ""investor_name"": ""Abhishek Pandey""}, {""investor_id"": ""INV-225"", ""investor_name"": ""Vivek Chauhan""}, {""investor_id"": ""INV-279"", ""investor_name"": ""Aishwarya Mehta""}, {""investor_id"": ""INV-282"", ""investor_name"": ""Anita Deshmukh""}]}"
wealth_management_batch_status_125_questions:BSQ125-3T-026,wealth_management_batch_status_125_questions.csv,BSQ125-3T-026,Which investors in the Hybrid category cohort have a diversification score below 50 and a sector allocation above 0% in Automobile?,Category diversification + allocation,Hard,Multi-Relational,ATOM_ENTITY_INVESTOR_PROFILE_001; ATOM_ENTITY_PORTFOLIO_HEALTH_001; ATOM_ENTITY_SECTOR_ALLOCATION_001,3,"SELECT DISTINCT p.investor_id, p.investor_name FROM ATOM_ENTITY_INVESTOR_PROFILE_001 p JOIN ATOM_ENTITY_PORTFOLIO_HEALTH_001 h ON h.investor_id=p.investor_id WHERE p.category='Hybrid' AND h.diversification_score < 50 AND EXISTS (SELECT 1 FROM ATOM_ENTITY_SECTOR_ALLOCATION_001 a WHERE a.investor_id=p.investor_id AND a.sector='Automobile' AND a.allocation_pct > 0) ORDER BY p.investor_id;","[{""investor_id"": ""INV-045"", ""investor_name"": ""Aishwarya Deshmukh""}, {""investor_id"": ""INV-049"", ""investor_name"": ""Deepak Mehta""}, {""investor_id"": ""INV-1025"", ""investor_name"": ""Rohan Arora""}, {""investor_id"": ""INV-1167"", ""investor_name"": ""Geeta Reddy""}, {""investor_id"": ""INV-270"", ""investor_name"": ""Bhavna Hegde""}, {""investor_id"": ""INV-282"", ""investor_name"": ""Anita Deshmukh""}, {""investor_id"": ""INV-297"", ""investor_name"": ""Siddharth Gupta""}, {""investor_id"": ""INV-377"", ""investor_name"": ""Anita Singh""}, {""investor_id"": ""INV-425"", ""investor_name"": ""Dipti Bhat""}, {""investor_id"": ""INV-693"", ""investor_name"": ""Rohan Mehta""}, {""investor_id"": ""INV-842"", ""investor_name"": ""Akshay Iyer""}]"
wealth_management_batch_status_125_questions:BSQ125-3T-030,wealth_management_batch_status_125_questions.csv,BSQ125-3T-030,Which investors in the Real Estate category cohort have a diversification score below 50 and a sector allocation above 0% in Automobile?,Category diversification + allocation,Hard,Multi-Relational,ATOM_ENTITY_INVESTOR_PROFILE_001; ATOM_ENTITY_PORTFOLIO_HEALTH_001; ATOM_ENTITY_SECTOR_ALLOCATION_001,3,"SELECT DISTINCT p.investor_id, p.investor_name FROM ATOM_ENTITY_INVESTOR_PROFILE_001 p JOIN ATOM_ENTITY_PORTFOLIO_HEALTH_001 h ON h.investor_id=p.investor_id WHERE p.category='Real Estate' AND h.diversification_score < 50 AND EXISTS (SELECT 1 FROM ATOM_ENTITY_SECTOR_ALLOCATION_001 a WHERE a.investor_id=p.investor_id AND a.sector='Automobile' AND a.allocation_pct > 0) ORDER BY p.investor_id;","[{""investor_id"": ""INV-013"", ""investor_name"": ""Abhishek Singh""}, {""investor_id"": ""INV-047"", ""investor_name"": ""Aishwarya Reddy""}, {""investor_id"": ""INV-090"", ""investor_name"": ""Abhishek Mishra""}, {""investor_id"": ""INV-1106"", ""investor_name"": ""Vivek Bhat""}, {""investor_id"": ""INV-1349"", ""investor_name"": ""Dipti Pandey""}, {""investor_id"": ""INV-1448"", ""investor_name"": ""Anjali Mehta""}, {""investor_id"": ""INV-162"", ""investor_name"": ""Suresh Joshi""}, {""investor_id"": ""INV-165"", ""investor_name"": ""Meena Mishra""}, {""investor_id"": ""INV-588"", ""investor_name"": ""Anita Deshmukh""}, {""investor_id"": ""INV-634"", ""investor_name"": ""Rohan Singh""}, {""investor_id"": ""INV-725"", ""investor_name"": ""Ishita Patel""}]"
wealth_management_batch_status_125_questions:BSQ125-4T-004,wealth_management_batch_status_125_questions.csv,BSQ125-4T-004,"Which investors in the Aggressive risk cohort have a risk score above 50, hold a position with investment type 'ETF', and carry at least one underfunded goal?",Risk cohort holding + goal,Advanced,Multi-Relational,ATOM_ENTITY_INVESTMENT_GOAL_001; ATOM_ENTITY_INVESTOR_PROFILE_001; ATOM_ENTITY_PORTFOLIO_HEALTH_001; ATOM_ENTITY_PORTFOLIO_HOLDING_001,4,"SELECT DISTINCT p.investor_id, p.investor_name FROM ATOM_ENTITY_INVESTOR_PROFILE_001 p JOIN ATOM_ENTITY_PORTFOLIO_HEALTH_001 h ON h.investor_id=p.investor_id WHERE p.risk_tolerance='Aggressive' AND h.risk_score > 50 AND EXISTS (SELECT 1 FROM ATOM_ENTITY_PORTFOLIO_HOLDING_001 o WHERE o.investor_id=p.investor_id AND o.investment_type='ETF') AND EXISTS (SELECT 1 FROM ATOM_ENTITY_INVESTMENT_GOAL_001 g WHERE g.investor_id=p.investor_id AND g.shortfall > 0) ORDER BY p.investor_id;","{""_total_rows"": 108, ""_truncated_to"": 50, ""rows"": [{""investor_id"": ""INV-010"", ""investor_name"": ""Ankita Kulkarni""}, {""investor_id"": ""INV-019"", ""investor_name"": ""Siddharth Mishra""}, {""investor_id"": ""INV-037"", ""investor_name"": ""Chetan Sharma""}, {""investor_id"": ""INV-040"", ""investor_name"": ""Anita Joshi""}, {""investor_id"": ""INV-049"", ""investor_name"": ""Deepak Mehta""}, {""investor_id"": ""INV-061"", ""investor_name"": ""Kavita Sharma""}, {""investor_id"": ""INV-064"", ""investor_name"": ""Arvind Singh""}, {""investor_id"": ""INV-068"", ""investor_name"": ""Vikram Yadav""}, {""investor_id"": ""INV-073"", ""investor_name"": ""Abhishek Mehta""}, {""investor_id"": ""INV-076"", ""investor_name"": ""Aishwarya Kulkarni""}, {""investor_id"": ""INV-078"", ""investor_name"": ""Rajesh Bhat""}, {""investor_id"": ""INV-084"", ""investor_name"": ""Anand Reddy""}, {""investor_id"": ""INV-094"", ""investor_name"": ""Anita Bhat""}, {""investor_id"": ""INV-097"", ""investor_name"": ""Rajesh Patel""}, {""investor_id"": ""INV-1026"", ""investor_name"": ""Amit Patel""}, {""investor_id"": ""INV-1033"", ""investor_name"": ""Arjun Kulkarni""}, {""investor_id"": ""INV-1046"", ""investor_name"": ""Dipti Deshmukh""}, {""investor_id"": ""INV-1052"", ""investor_name"": ""Amit Reddy""}, {""investor_id"": ""INV-1059"", ""investor_name"": ""Rahul Sharma""}, {""investor_id"": ""INV-1067"", ""investor_name"": ""Arvind Patel""}, {""investor_id"": ""INV-1070"", ""investor_name"": ""Ishita Chauhan""}, {""investor_id"": ""INV-1074"", ""investor_name"": ""Vivek Pandey""}, {""investor_id"": ""INV-1098"", ""investor_name"": ""Arvind Iyer""}, {""investor_id"": ""INV-1108"", ""investor_name"": ""Ramesh Iyer""}, {""investor_id"": ""INV-1111"", ""investor_name"": ""Rajesh Sharma""}, {""investor_id"": ""INV-1133"", ""investor_name"": ""Rajesh Chauhan""}, {""investor_id"": ""INV-1153"", ""investor_name"": ""Arvind Sharma""}, {""investor_id"": ""INV-1164"", ""investor_name"": ""Sneha Singh""}, {""investor_id"": ""INV-117"", ""investor_name"": ""Akshay Patel""}, {""investor_id"": ""INV-121"", ""investor_name"": ""Anita Hegde""}, {""investor_id"": ""INV-1212"", ""investor_name"": ""Sneha Iyer""}, {""investor_id"": ""INV-1245"", ""investor_name"": ""Amit Patel""}, {""investor_id"": ""INV-1261"", ""investor_name"": ""Ishita Arora""}, {""investor_id"": ""INV-1279"", ""investor_name"": ""Aishwarya Mehta""}, {""investor_id"": ""INV-1296"", ""investor_name"": ""Amit Chauhan""}, {""investor_id"": ""INV-1308"", ""investor_name"": ""Kavita Deshmukh""}, {""investor_id"": ""INV-1341"", ""investor_name"": ""Amrita Chauhan""}, {""investor_id"": ""INV-1353"", ""investor_name"": ""Bhavna Arora""}, {""investor_id"": ""INV-1373"", ""investor_name"": ""Ramesh Patel""}, {""investor_id"": ""INV-1407"", ""investor_name"": ""Akshay Verma""}, {""investor_id"": ""INV-1408"", ""investor_name"": ""Ishita Bhat""}, {""investor_id"": ""INV-1427"", ""investor_name"": ""Anjali Arora""}, {""investor_id"": ""INV-1430"", ""investor_name"": ""Abhishek Arora""}, {""investor_id"": ""INV-1432"", ""investor_name"": ""Chetan Yadav""}, {""investor_id"": ""INV-1433"", ""investor_name"": ""Vivek Bhat""}, {""investor_id"": ""INV-1458"", ""investor_name"": ""Sunita Singh""}, {""investor_id"": ""INV-1459"", ""investor_name"": ""Arjun Iyer""}, {""investor_id"": ""INV-1466"", ""investor_name"": ""Ankita Mehta""}, {""investor_id"": ""INV-1471"", ""investor_name"": ""Siddharth Iyer""}, {""investor_id"": ""INV-1513"", ""investor_name"": ""Geeta Reddy""}]}"
wealth_management_batch_status_125_questions:BSQ125-4T-008,wealth_management_batch_status_125_questions.csv,BSQ125-4T-008,"Which investors in the Large Cap segment cohort have a liquidity score below 50, a sector allocation above 0% in Automobile, and at least one underfunded goal?",Segment allocation + goal,Advanced,Multi-Relational,ATOM_ENTITY_INVESTMENT_GOAL_001; ATOM_ENTITY_INVESTOR_PROFILE_001; ATOM_ENTITY_PORTFOLIO_HEALTH_001; ATOM_ENTITY_SECTOR_ALLOCATION_001,4,"SELECT DISTINCT p.investor_id, p.investor_name FROM ATOM_ENTITY_INVESTOR_PROFILE_001 p JOIN ATOM_ENTITY_PORTFOLIO_HEALTH_001 h ON h.investor_id=p.investor_id WHERE p.segment='Large Cap' AND h.liquidity_score < 50 AND EXISTS (SELECT 1 FROM ATOM_ENTITY_SECTOR_ALLOCATION_001 a WHERE a.investor_id=p.investor_id AND a.sector='Automobile' AND a.allocation_pct > 0) AND EXISTS (SELECT 1 FROM ATOM_ENTITY_INVESTMENT_GOAL_001 g WHERE g.investor_id=p.investor_id AND g.shortfall > 0) ORDER BY p.investor_id;","[{""investor_id"": ""INV-1167"", ""investor_name"": ""Geeta Reddy""}, {""investor_id"": ""INV-1192"", ""investor_name"": ""Amit Deshmukh""}, {""investor_id"": ""INV-1332"", ""investor_name"": ""Amit Arora""}, {""investor_id"": ""INV-1346"", ""investor_name"": ""Vikram Kulkarni""}, {""investor_id"": ""INV-1349"", ""investor_name"": ""Dipti Pandey""}, {""investor_id"": ""INV-1524"", ""investor_name"": ""Anita Kulkarni""}, {""investor_id"": ""INV-165"", ""investor_name"": ""Meena Mishra""}, {""investor_id"": ""INV-282"", ""investor_name"": ""Anita Deshmukh""}, {""investor_id"": ""INV-331"", ""investor_name"": ""Vivek Rao""}, {""investor_id"": ""INV-515"", ""investor_name"": ""Rahul Verma""}, {""investor_id"": ""INV-722"", ""investor_name"": ""Meena Deshmukh""}, {""investor_id"": ""INV-787"", ""investor_name"": ""Bhavna Kulkarni""}, {""investor_id"": ""INV-836"", ""investor_name"": ""Akshay Rao""}, {""investor_id"": ""INV-882"", ""investor_name"": ""Ankita Mishra""}, {""investor_id"": ""INV-917"", ""investor_name"": ""Akshay Mishra""}]"
wealth_management_batch_status_125_questions:BSQ125-4T-012,wealth_management_batch_status_125_questions.csv,BSQ125-4T-012,"Which investors in the Equity category cohort have a diversification score below 50, hold a position with investment type 'ETF', and have a sector allocation above 0% in Automobile?",Category holding + allocation,Advanced,Multi-Relational,ATOM_ENTITY_INVESTOR_PROFILE_001; ATOM_ENTITY_PORTFOLIO_HEALTH_001; ATOM_ENTITY_PORTFOLIO_HOLDING_001; ATOM_ENTITY_SECTOR_ALLOCATION_001,4,"SELECT DISTINCT p.investor_id, p.investor_name FROM ATOM_ENTITY_INVESTOR_PROFILE_001 p JOIN ATOM_ENTITY_PORTFOLIO_HEALTH_001 h ON h.investor_id=p.investor_id WHERE p.category='Equity' AND h.diversification_score < 50 AND EXISTS (SELECT 1 FROM ATOM_ENTITY_PORTFOLIO_HOLDING_001 o WHERE o.investor_id=p.investor_id AND o.investment_type='ETF') AND EXISTS (SELECT 1 FROM ATOM_ENTITY_SECTOR_ALLOCATION_001 a WHERE a.investor_id=p.investor_id AND a.sector='Automobile' AND a.allocation_pct > 0) ORDER BY p.investor_id;","[{""investor_id"": ""INV-1027"", ""investor_name"": ""Aishwarya Deshmukh""}, {""investor_id"": ""INV-1179"", ""investor_name"": ""Arjun Pandey""}, {""investor_id"": ""INV-331"", ""investor_name"": ""Vivek Rao""}]"
wealth_management_batch_status_125_questions:BSQ125-4T-016,wealth_management_batch_status_125_questions.csv,BSQ125-4T-016,"Which investors in the Conservative risk cohort have a risk score above 50, hold a position with investment type 'Equity', and carry at least one underfunded goal?",Risk cohort holding + goal,Advanced,Multi-Relational,ATOM_ENTITY_INVESTMENT_GOAL_001; ATOM_ENTITY_INVESTOR_PROFILE_001; ATOM_ENTITY_PORTFOLIO_HEALTH_001; ATOM_ENTITY_PORTFOLIO_HOLDING_001,4,"SELECT DISTINCT p.investor_id, p.investor_name FROM ATOM_ENTITY_INVESTOR_PROFILE_001 p JOIN ATOM_ENTITY_PORTFOLIO_HEALTH_001 h ON h.investor_id=p.investor_id WHERE p.risk_tolerance='Conservative' AND h.risk_score > 50 AND EXISTS (SELECT 1 FROM ATOM_ENTITY_PORTFOLIO_HOLDING_001 o WHERE o.investor_id=p.investor_id AND o.investment_type='Equity') AND EXISTS (SELECT 1 FROM ATOM_ENTITY_INVESTMENT_GOAL_001 g WHERE g.investor_id=p.investor_id AND g.shortfall > 0) ORDER BY p.investor_id;","{""_total_rows"": 125, ""_truncated_to"": 50, ""rows"": [{""investor_id"": ""INV-012"", ""investor_name"": ""Dipti Arora""}, {""investor_id"": ""INV-016"", ""investor_name"": ""Deepak Joshi""}, {""investor_id"": ""INV-021"", ""investor_name"": ""Arvind Chauhan""}, {""investor_id"": ""INV-027"", ""investor_name"": ""Sneha Verma""}, {""investor_id"": ""INV-031"", ""investor_name"": ""Meena Rao""}, {""investor_id"": ""INV-047"", ""investor_name"": ""Aishwarya Reddy""}, {""investor_id"": ""INV-056"", ""investor_name"": ""Amrita Hegde""}, {""investor_id"": ""INV-069"", ""investor_name"": ""Sunita Patel""}, {""investor_id"": ""INV-092"", ""investor_name"": ""Anita Yadav""}, {""investor_id"": ""INV-1024"", ""investor_name"": ""Geeta Gupta""}, {""investor_id"": ""INV-1025"", ""investor_name"": ""Rohan Arora""}, {""investor_id"": ""INV-1035"", ""investor_name"": ""Arjun Verma""}, {""investor_id"": ""INV-1045"", ""investor_name"": ""Arvind Nair""}, {""investor_id"": ""INV-1072"", ""investor_name"": ""Amrita Kulkarni""}, {""investor_id"": ""INV-1090"", ""investor_name"": ""Rajesh Yadav""}, {""investor_id"": ""INV-1093"", ""investor_name"": ""Akshay Yadav""}, {""investor_id"": ""INV-1115"", ""investor_name"": ""Akshay Chauhan""}, {""investor_id"": ""INV-1120"", ""investor_name"": ""Arjun Bhat""}, {""investor_id"": ""INV-1139"", ""investor_name"": ""Rahul Chauhan""}, {""investor_id"": ""INV-1145"", ""investor_name"": ""Rajesh Hegde""}, {""investor_id"": ""INV-1154"", ""investor_name"": ""Ishita Hegde""}, {""investor_id"": ""INV-1171"", ""investor_name"": ""Anjali Iyer""}, {""investor_id"": ""INV-1176"", ""investor_name"": ""Vikram Mishra""}, {""investor_id"": ""INV-1193"", ""investor_name"": ""Amrita Hegde""}, {""investor_id"": ""INV-1198"", ""investor_name"": ""Anita Verma""}, {""investor_id"": ""INV-1200"", ""investor_name"": ""Ishita Gupta""}, {""investor_id"": ""INV-1217"", ""investor_name"": ""Siddharth Mehta""}, {""investor_id"": ""INV-1235"", ""investor_name"": ""Aishwarya Reddy""}, {""investor_id"": ""INV-1238"", ""investor_name"": ""Bhavna Bhat""}, {""investor_id"": ""INV-126"", ""investor_name"": ""Vivek Pandey""}, {""investor_id"": ""INV-1269"", ""investor_name"": ""Vikram Patel""}, {""investor_id"": ""INV-1272"", ""investor_name"": ""Sneha Deshmukh""}, {""investor_id"": ""INV-1281"", ""investor_name"": ""Ankita Rao""}, {""investor_id"": ""INV-1299"", ""investor_name"": ""Geeta Chauhan""}, {""investor_id"": ""INV-1309"", ""investor_name"": ""Anjali Rao""}, {""investor_id"": ""INV-1310"", ""investor_name"": ""Sneha Iyer""}, {""investor_id"": ""INV-1321"", ""investor_name"": ""Sunita Verma""}, {""investor_id"": ""INV-1330"", ""investor_name"": ""Ishita Mishra""}, {""investor_id"": ""INV-1347"", ""investor_name"": ""Rohan Hegde""}, {""investor_id"": ""INV-1364"", ""investor_name"": ""Amit Patel""}, {""investor_id"": ""INV-1369"", ""investor_name"": ""Anand Bhat""}, {""investor_id"": ""INV-1372"", ""investor_name"": ""Anand Singh""}, {""investor_id"": ""INV-1378"", ""investor_name"": ""Anjali Joshi""}, {""investor_id"": ""INV-1387"", ""investor_name"": ""Ishita Mehta""}, {""investor_id"": ""INV-1390"", ""investor_name"": ""Suresh Reddy""}, {""investor_id"": ""INV-1409"", ""investor_name"": ""Vivek Hegde""}, {""investor_id"": ""INV-141"", ""investor_name"": ""Geeta Verma""}, {""investor_id"": ""INV-1421"", ""investor_name"": ""Meena Mishra""}, {""investor_id"": ""INV-1434"", ""investor_name"": ""Arjun Mishra""}, {""investor_id"": ""INV-1446"", ""investor_name"": ""Arvind Arora""}]}"
wealth_management_batch_status_125_questions:BSQ125-4T-020,wealth_management_batch_status_125_questions.csv,BSQ125-4T-020,"Which investors in the Small Cap segment cohort have a liquidity score below 50, a sector allocation above 0% in Automobile, and at least one underfunded goal?",Segment allocation + goal,Advanced,Multi-Relational,ATOM_ENTITY_INVESTMENT_GOAL_001; ATOM_ENTITY_INVESTOR_PROFILE_001; ATOM_ENTITY_PORTFOLIO_HEALTH_001; ATOM_ENTITY_SECTOR_ALLOCATION_001,4,"SELECT DISTINCT p.investor_id, p.investor_name FROM ATOM_ENTITY_INVESTOR_PROFILE_001 p JOIN ATOM_ENTITY_PORTFOLIO_HEALTH_001 h ON h.investor_id=p.investor_id WHERE p.segment='Small Cap' AND h.liquidity_score < 50 AND EXISTS (SELECT 1 FROM ATOM_ENTITY_SECTOR_ALLOCATION_001 a WHERE a.investor_id=p.investor_id AND a.sector='Automobile' AND a.allocation_pct > 0) AND EXISTS (SELECT 1 FROM ATOM_ENTITY_INVESTMENT_GOAL_001 g WHERE g.investor_id=p.investor_id AND g.shortfall > 0) ORDER BY p.investor_id;","[{""investor_id"": ""INV-073"", ""investor_name"": ""Abhishek Mehta""}, {""investor_id"": ""INV-1106"", ""investor_name"": ""Vivek Bhat""}, {""investor_id"": ""INV-1448"", ""investor_name"": ""Anjali Mehta""}, {""investor_id"": ""INV-152"", ""investor_name"": ""Ramesh Gupta""}, {""investor_id"": ""INV-1545"", ""investor_name"": ""Anita Patel""}, {""investor_id"": ""INV-213"", ""investor_name"": ""Suresh Mishra""}, {""investor_id"": ""INV-373"", ""investor_name"": ""Priyanka Bhat""}, {""investor_id"": ""INV-420"", ""investor_name"": ""Suresh Gupta""}, {""investor_id"": ""INV-570"", ""investor_name"": ""Anita Pandey""}, {""investor_id"": ""INV-693"", ""investor_name"": ""Rohan Mehta""}, {""investor_id"": ""INV-732"", ""investor_name"": ""Anjali Reddy""}, {""investor_id"": ""INV-793"", ""investor_name"": ""Ramesh Deshmukh""}, {""investor_id"": ""INV-842"", ""investor_name"": ""Akshay Iyer""}, {""investor_id"": ""INV-862"", ""investor_name"": ""Aishwarya Rao""}]"
wealth_management_enrichment_context_125_questions:EC125-2T-004,wealth_management_enrichment_context_125_questions.csv,EC125-2T-004,"For investor INV-002, what is their segment and total cash-flow amount?",enrichment / context,Medium,Multi-Relational,ATOM_ENTITY_INVESTOR_PROFILE_001; ATOM_EVENT_CASH_FLOW_001,2,"SELECT p.segment, (SELECT ROUND(SUM(c.amount),2) FROM ATOM_EVENT_CASH_FLOW_001 c WHERE c.investor_id=p.investor_id) AS total_cash_flow FROM ATOM_ENTITY_INVESTOR_PROFILE_001 p WHERE p.investor_id='INV-002';","[{""segment"": null, ""total_cash_flow"": -99991316.0}]"
wealth_management_enrichment_context_125_questions:EC125-2T-008,wealth_management_enrichment_context_125_questions.csv,EC125-2T-008,"For investor INV-004, what is their category and average holding return percentage (counting only holdings with a recorded cost and current value)?",enrichment / context,Medium,Multi-Relational,ATOM_ENTITY_INVESTOR_PROFILE_001; ATOM_ENTITY_PORTFOLIO_HOLDING_001,2,"SELECT p.category, (SELECT ROUND(AVG(o.returns_pct),2) FROM ATOM_ENTITY_PORTFOLIO_HOLDING_001 o WHERE o.investor_id=p.investor_id AND o.cost > 0 AND o.current_value IS NOT NULL) AS avg_return_pct FROM ATOM_ENTITY_INVESTOR_PROFILE_001 p WHERE p.investor_id='INV-004';","[{""category"": ""Gold"", ""avg_return_pct"": 50.0}]"
wealth_management_enrichment_context_125_questions:EC125-2T-012,wealth_management_enrichment_context_125_questions.csv,EC125-2T-012,"For investor INV-006, what is their risk tolerance and how many holdings do they own?",enrichment / context,Medium,Multi-Relational,ATOM_ENTITY_INVESTOR_PROFILE_001; ATOM_ENTITY_PORTFOLIO_HOLDING_001,2,"SELECT p.risk_tolerance, (SELECT COUNT(DISTINCT o.holding_id) FROM ATOM_ENTITY_PORTFOLIO_HOLDING_001 o WHERE o.investor_id=p.investor_id) AS holding_count FROM ATOM_ENTITY_INVESTOR_PROFILE_001 p WHERE p.investor_id='INV-006';","[{""risk_tolerance"": ""Moderate"", ""holding_count"": 5}]"
wealth_management_enrichment_context_125_questions:EC125-2T-016,wealth_management_enrichment_context_125_questions.csv,EC125-2T-016,"For investor INV-008, what is their investment goal and how many rebalancing actions were recorded?",enrichment / context,Medium,Multi-Relational,ATOM_ENTITY_INVESTOR_PROFILE_001; ATOM_EVENT_REBALANCING_ACTION_001,2,"SELECT p.investment_goal, (SELECT COUNT(DISTINCT r.rebalance_id) FROM ATOM_EVENT_REBALANCING_ACTION_001 r WHERE r.investor_id=p.investor_id) AS rebalance_count FROM ATOM_ENTITY_INVESTOR_PROFILE_001 p WHERE p.investor_id='INV-008';","[{""investment_goal"": ""Retirement Planning"", ""rebalance_count"": 5}]"
wealth_management_enrichment_context_125_questions:EC125-2T-020,wealth_management_enrichment_context_125_questions.csv,EC125-2T-020,"For investor INV-010, what is their time horizon and total sector-allocation amount?",enrichment / context,Medium,Multi-Relational,ATOM_ENTITY_INVESTOR_PROFILE_001; ATOM_ENTITY_SECTOR_ALLOCATION_001,2,"SELECT p.time_horizon, (SELECT ROUND(SUM(a.total_investment),2) FROM ATOM_ENTITY_SECTOR_ALLOCATION_001 a WHERE a.investor_id=p.investor_id) AS total_allocation FROM ATOM_ENTITY_INVESTOR_PROFILE_001 p WHERE p.investor_id='INV-010';","[{""time_horizon"": ""Long-term"", ""total_allocation"": 388920.0}]"
wealth_management_enrichment_context_125_questions:EC125-2T-024,wealth_management_enrichment_context_125_questions.csv,EC125-2T-024,"For investor INV-012, what is their segment and total cash-flow amount?",enrichment / context,Medium,Multi-Relational,ATOM_ENTITY_INVESTOR_PROFILE_001; ATOM_EVENT_CASH_FLOW_001,2,"SELECT p.segment, (SELECT ROUND(SUM(c.amount),2) FROM ATOM_EVENT_CASH_FLOW_001 c WHERE c.investor_id=p.investor_id) AS total_cash_flow FROM ATOM_ENTITY_INVESTOR_PROFILE_001 p WHERE p.investor_id='INV-012';","[{""segment"": ""Small Cap"", ""total_cash_flow"": 15443.0}]"
wealth_management_enrichment_context_125_questions:EC125-2T-028,wealth_management_enrichment_context_125_questions.csv,EC125-2T-028,"For investor INV-014, what is their category and average holding return percentage (counting only holdings with a recorded cost and current value)?",enrichment / context,Medium,Multi-Relational,ATOM_ENTITY_INVESTOR_PROFILE_001; ATOM_ENTITY_PORTFOLIO_HOLDING_001,2,"SELECT p.category, (SELECT ROUND(AVG(o.returns_pct),2) FROM ATOM_ENTITY_PORTFOLIO_HOLDING_001 o WHERE o.investor_id=p.investor_id AND o.cost > 0 AND o.current_value IS NOT NULL) AS avg_return_pct FROM ATOM_ENTITY_INVESTOR_PROFILE_001 p WHERE p.investor_id='INV-014';","[{""category"": ""Hybrid"", ""avg_return_pct"": 16.67}]"
wealth_management_enrichment_context_125_questions:EC125-2T-032,wealth_management_enrichment_context_125_questions.csv,EC125-2T-032,"For investor INV-016, what is their risk tolerance and how many holdings do they own?",enrichment / context,Medium,Multi-Relational,ATOM_ENTITY_INVESTOR_PROFILE_001; ATOM_ENTITY_PORTFOLIO_HOLDING_001,2,"SELECT p.risk_tolerance, (SELECT COUNT(DISTINCT o.holding_id) FROM ATOM_ENTITY_PORTFOLIO_HOLDING_001 o WHERE o.investor_id=p.investor_id) AS holding_count FROM ATOM_ENTITY_INVESTOR_PROFILE_001 p WHERE p.investor_id='INV-016';","[{""risk_tolerance"": ""Conservative"", ""holding_count"": 10}]"
wealth_management_enrichment_context_125_questions:EC125-2T-036,wealth_management_enrichment_context_125_questions.csv,EC125-2T-036,"For investor INV-018, what is their investment goal and how many rebalancing actions were recorded?",enrichment / context,Medium,Multi-Relational,ATOM_ENTITY_INVESTOR_PROFILE_001; ATOM_EVENT_REBALANCING_ACTION_001,2,"SELECT p.investment_goal, (SELECT COUNT(DISTINCT r.rebalance_id) FROM ATOM_EVENT_REBALANCING_ACTION_001 r WHERE r.investor_id=p.investor_id) AS rebalance_count FROM ATOM_ENTITY_INVESTOR_PROFILE_001 p WHERE p.investor_id='INV-018';","[{""investment_goal"": ""Growth"", ""rebalance_count"": 0}]"
wealth_management_enrichment_context_125_questions:EC125-2T-040,wealth_management_enrichment_context_125_questions.csv,EC125-2T-040,"For investor INV-020, what is their time horizon and total sector-allocation amount?",enrichment / context,Medium,Multi-Relational,ATOM_ENTITY_INVESTOR_PROFILE_001; ATOM_ENTITY_SECTOR_ALLOCATION_001,2,"SELECT p.time_horizon, (SELECT ROUND(SUM(a.total_investment),2) FROM ATOM_ENTITY_SECTOR_ALLOCATION_001 a WHERE a.investor_id=p.investor_id) AS total_allocation FROM ATOM_ENTITY_INVESTOR_PROFILE_001 p WHERE p.investor_id='INV-020';","[{""time_horizon"": ""Medium-term"", ""total_allocation"": 29723.0}]"
wealth_management_enrichment_context_125_questions:EC125-2T-044,wealth_management_enrichment_context_125_questions.csv,EC125-2T-044,"For investor INV-022, what is their segment and total cash-flow amount?",enrichment / context,Medium,Multi-Relational,ATOM_ENTITY_INVESTOR_PROFILE_001; ATOM_EVENT_CASH_FLOW_001,2,"SELECT p.segment, (SELECT ROUND(SUM(c.amount),2) FROM ATOM_EVENT_CASH_FLOW_001 c WHERE c.investor_id=p.investor_id) AS total_cash_flow FROM ATOM_ENTITY_INVESTOR_PROFILE_001 p WHERE p.investor_id='INV-022';","[{""segment"": ""Mid Cap"", ""total_cash_flow"": 14064.0}]"
wealth_management_enrichment_context_125_questions:EC125-3T-003,wealth_management_enrichment_context_125_questions.csv,EC125-3T-003,"For each risk tolerance and investment type, how many distinct investors with a risk score above 50 fall into that combination?",enrichment / context,Hard,Categorical Aggregation,ATOM_ENTITY_INVESTOR_PROFILE_001; ATOM_ENTITY_PORTFOLIO_HEALTH_001; ATOM_ENTITY_PORTFOLIO_HOLDING_001,3,"SELECT p.risk_tolerance AS risk_tolerance, o.investment_type AS investment_type, COUNT(DISTINCT p.investor_id) AS investor_count FROM ATOM_ENTITY_INVESTOR_PROFILE_001 p JOIN ATOM_ENTITY_PORTFOLIO_HEALTH_001 h ON h.investor_id=p.investor_id JOIN ATOM_ENTITY_PORTFOLIO_HOLDING_001 o ON o.investor_id=p.investor_id WHERE h.risk_score>50 GROUP BY p.risk_tolerance, o.investment_type ORDER BY p.risk_tolerance, o.investment_type;","{""_total_rows"": 60, ""_truncated_to"": 50, ""rows"": [{""risk_tolerance"": null, ""investment_type"": null, ""investor_count"": 14}, {""risk_tolerance"": null, ""investment_type"": ""Corporate Bond"", ""investor_count"": 20}, {""risk_tolerance"": null, ""investment_type"": ""ETF"", ""investor_count"": 20}, {""risk_tolerance"": null, ""investment_type"": ""Equity"", ""investor_count"": 21}, {""risk_tolerance"": null, ""investment_type"": ""Global Equity"", ""investor_count"": 22}, {""risk_tolerance"": null, ""investment_type"": ""Gold"", ""investor_count"": 14}, {""risk_tolerance"": null, ""investment_type"": ""Government Bond"", ""investor_count"": 25}, {""risk_tolerance"": null, ""investment_type"": ""Hedge Fund"", ""investor_count"": 17}, {""risk_tolerance"": null, ""investment_type"": ""InVIT"", ""investor_count"": 18}, {""risk_tolerance"": null, ""investment_type"": ""Index Fund"", ""investor_count"": 18}, {""risk_tolerance"": null, ""investment_type"": ""Mutual Fund"", ""investor_count"": 18}, {""risk_tolerance"": null, ""investment_type"": ""Private Equity"", ""investor_count"": 16}, {""risk_tolerance"": null, ""investment_type"": ""REIT"", ""investor_count"": 18}, {""risk_tolerance"": null, ""investment_type"": ""Real Estate"", ""investor_count"": 21}, {""risk_tolerance"": null, ""investment_type"": ""Venture Capital"", ""investor_count"": 15}, {""risk_tolerance"": ""Aggressive"", ""investment_type"": null, ""investor_count"": 81}, {""risk_tolerance"": ""Aggressive"", ""investment_type"": ""Corporate Bond"", ""investor_count"": 103}, {""risk_tolerance"": ""Aggressive"", ""investment_type"": ""ETF"", ""investor_count"": 108}, {""risk_tolerance"": ""Aggressive"", ""investment_type"": ""Equity"", ""investor_count"": 101}, {""risk_tolerance"": ""Aggressive"", ""investment_type"": ""Global Equity"", ""investor_count"": 119}, {""risk_tolerance"": ""Aggressive"", ""investment_type"": ""Gold"", ""investor_count"": 109}, {""risk_tolerance"": ""Aggressive"", ""investment_type"": ""Government Bond"", ""investor_count"": 112}, {""risk_tolerance"": ""Aggressive"", ""investment_type"": ""Hedge Fund"", ""investor_count"": 121}, {""risk_tolerance"": ""Aggressive"", ""investment_type"": ""InVIT"", ""investor_count"": 102}, {""risk_tolerance"": ""Aggressive"", ""investment_type"": ""Index Fund"", ""investor_count"": 104}, {""risk_tolerance"": ""Aggressive"", ""investment_type"": ""Mutual Fund"", ""investor_count"": 82}, {""risk_tolerance"": ""Aggressive"", ""investment_type"": ""Private Equity"", ""investor_count"": 100}, {""risk_tolerance"": ""Aggressive"", ""investment_type"": ""REIT"", ""investor_count"": 123}, {""risk_tolerance"": ""Aggressive"", ""investment_type"": ""Real Estate"", ""investor_count"": 111}, {""risk_tolerance"": ""Aggressive"", ""investment_type"": ""Venture Capital"", ""investor_count"": 99}, {""risk_tolerance"": ""Conservative"", ""investment_type"": null, ""investor_count"": 84}, {""risk_tolerance"": ""Conservative"", ""investment_type"": ""Corporate Bond"", ""investor_count"": 119}, {""risk_tolerance"": ""Conservative"", ""investment_type"": ""ETF"", ""investor_count"": 115}, {""risk_tolerance"": ""Conservative"", ""investment_type"": ""Equity"", ""investor_count"": 125}, {""risk_tolerance"": ""Conservative"", ""investment_type"": ""Global Equity"", ""investor_count"": 114}, {""risk_tolerance"": ""Conservative"", ""investment_type"": ""Gold"", ""investor_count"": 115}, {""risk_tolerance"": ""Conservative"", ""investment_type"": ""Government Bond"", ""investor_count"": 114}, {""risk_tolerance"": ""Conservative"", ""investment_type"": ""Hedge Fund"", ""investor_count"": 105}, {""risk_tolerance"": ""Conservative"", ""investment_type"": ""InVIT"", ""investor_count"": 106}, {""risk_tolerance"": ""Conservative"", ""investment_type"": ""Index Fund"", ""investor_count"": 102}, {""risk_tolerance"": ""Conservative"", ""investment_type"": ""Mutual Fund"", ""investor_count"": 99}, {""risk_tolerance"": ""Conservative"", ""investment_type"": ""Private Equity"", ""investor_count"": 104}, {""risk_tolerance"": ""Conservative"", ""investment_type"": ""REIT"", ""investor_count"": 112}, {""risk_tolerance"": ""Conservative"", ""investment_type"": ""Real Estate"", ""investor_count"": 124}, {""risk_tolerance"": ""Conservative"", ""investment_type"": ""Venture Capital"", ""investor_count"": 112}, {""risk_tolerance"": ""Moderate"", ""investment_type"": null, ""investor_count"": 84}, {""risk_tolerance"": ""Moderate"", ""investment_type"": ""Corporate Bond"", ""investor_count"": 104}, {""risk_tolerance"": ""Moderate"", ""investment_type"": ""ETF"", ""investor_count"": 96}, {""risk_tolerance"": ""Moderate"", ""investment_type"": ""Equity"", ""investor_count"": 97}, {""risk_tolerance"": ""Moderate"", ""investment_type"": ""Global Equity"", ""investor_count"": 102}]}"
wealth_management_enrichment_context_125_questions:EC125-3T-007,wealth_management_enrichment_context_125_questions.csv,EC125-3T-007,"For each risk tolerance and cash-flow type, how many distinct investors with a risk score above 50 fall into that combination?",enrichment / context,Hard,Categorical Aggregation,ATOM_ENTITY_INVESTOR_PROFILE_001; ATOM_ENTITY_PORTFOLIO_HEALTH_001; ATOM_EVENT_CASH_FLOW_001,3,"SELECT p.risk_tolerance AS risk_tolerance, c.type AS type, COUNT(DISTINCT p.investor_id) AS investor_count FROM ATOM_ENTITY_INVESTOR_PROFILE_001 p JOIN ATOM_ENTITY_PORTFOLIO_HEALTH_001 h ON h.investor_id=p.investor_id JOIN ATOM_EVENT_CASH_FLOW_001 c ON c.investor_id=p.investor_id WHERE h.risk_score>50 GROUP BY p.risk_tolerance, c.type ORDER BY p.risk_tolerance, c.type;","[{""risk_tolerance"": null, ""type"": null, ""investor_count"": 12}, {""risk_tolerance"": null, ""type"": ""Deposit"", ""investor_count"": 21}, {""risk_tolerance"": null, ""type"": ""Dividend Reinvestment"", ""investor_count"": 24}, {""risk_tolerance"": null, ""type"": ""Interest Credit"", ""investor_count"": 15}, {""risk_tolerance"": null, ""type"": ""Lump Sum"", ""investor_count"": 22}, {""risk_tolerance"": null, ""type"": ""Redemption"", ""investor_count"": 19}, {""risk_tolerance"": null, ""type"": ""SIP"", ""investor_count"": 14}, {""risk_tolerance"": null, ""type"": ""Tax Refund"", ""investor_count"": 22}, {""risk_tolerance"": null, ""type"": ""Withdrawal"", ""investor_count"": 16}, {""risk_tolerance"": ""Aggressive"", ""type"": null, ""investor_count"": 42}, {""risk_tolerance"": ""Aggressive"", ""type"": ""Deposit"", ""investor_count"": 89}, {""risk_tolerance"": ""Aggressive"", ""type"": ""Dividend Reinvestment"", ""investor_count"": 100}, {""risk_tolerance"": ""Aggressive"", ""type"": ""Interest Credit"", ""investor_count"": 108}, {""risk_tolerance"": ""Aggressive"", ""type"": ""Lump Sum"", ""investor_count"": 111}, {""risk_tolerance"": ""Aggressive"", ""type"": ""Redemption"", ""investor_count"": 94}, {""risk_tolerance"": ""Aggressive"", ""type"": ""SIP"", ""investor_count"": 108}, {""risk_tolerance"": ""Aggressive"", ""type"": ""Tax Refund"", ""investor_count"": 113}, {""risk_tolerance"": ""Aggressive"", ""type"": ""Withdrawal"", ""investor_count"": 105}, {""risk_tolerance"": ""Conservative"", ""type"": null, ""investor_count"": 53}, {""risk_tolerance"": ""Conservative"", ""type"": ""Deposit"", ""investor_count"": 118}, {""risk_tolerance"": ""Conservative"", ""type"": ""Dividend Reinvestment"", ""investor_count"": 121}, {""risk_tolerance"": ""Conservative"", ""type"": ""Interest Credit"", ""investor_count"": 109}, {""risk_tolerance"": ""Conservative"", ""type"": ""Lump Sum"", ""investor_count"": 107}, {""risk_tolerance"": ""Conservative"", ""type"": ""Redemption"", ""investor_count"": 103}, {""risk_tolerance"": ""Conservative"", ""type"": ""SIP"", ""investor_count"": 108}, {""risk_tolerance"": ""Conservative"", ""type"": ""Tax Refund"", ""investor_count"": 105}, {""risk_tolerance"": ""Conservative"", ""type"": ""Withdrawal"", ""investor_count"": 114}, {""risk_tolerance"": ""Moderate"", ""type"": null, ""investor_count"": 48}, {""risk_tolerance"": ""Moderate"", ""type"": ""Deposit"", ""investor_count"": 94}, {""risk_tolerance"": ""Moderate"", ""type"": ""Dividend Reinvestment"", ""investor_count"": 87}, {""risk_tolerance"": ""Moderate"", ""type"": ""Interest Credit"", ""investor_count"": 105}, {""risk_tolerance"": ""Moderate"", ""type"": ""Lump Sum"", ""investor_count"": 106}, {""risk_tolerance"": ""Moderate"", ""type"": ""Redemption"", ""investor_count"": 98}, {""risk_tolerance"": ""Moderate"", ""type"": ""SIP"", ""investor_count"": 117}, {""risk_tolerance"": ""Moderate"", ""type"": ""Tax Refund"", ""investor_count"": 98}, {""risk_tolerance"": ""Moderate"", ""type"": ""Withdrawal"", ""investor_count"": 97}]"
wealth_management_enrichment_context_125_questions:EC125-3T-011,wealth_management_enrichment_context_125_questions.csv,EC125-3T-011,"For each risk tolerance and scenario, how many distinct investors with a risk score above 50 fall into that combination?",enrichment / context,Hard,Categorical Aggregation,ATOM_ENTITY_INVESTOR_PROFILE_001; ATOM_ENTITY_PORTFOLIO_HEALTH_001; ATOM_EVENT_SCENARIO_REBALANCING_001,3,"SELECT p.risk_tolerance AS risk_tolerance, s.scenario AS scenario, COUNT(DISTINCT p.investor_id) AS investor_count FROM ATOM_ENTITY_INVESTOR_PROFILE_001 p JOIN ATOM_ENTITY_PORTFOLIO_HEALTH_001 h ON h.investor_id=p.investor_id JOIN ATOM_EVENT_SCENARIO_REBALANCING_001 s ON s.investor_id=p.investor_id WHERE h.risk_score>50 GROUP BY p.risk_tolerance, s.scenario ORDER BY p.risk_tolerance, s.scenario;","{""_total_rows"": 52, ""_truncated_to"": 50, ""rows"": [{""risk_tolerance"": null, ""scenario"": null, ""investor_count"": 1}, {""risk_tolerance"": null, ""scenario"": ""Approaching Goal"", ""investor_count"": 2}, {""risk_tolerance"": null, ""scenario"": ""Bear Market"", ""investor_count"": 4}, {""risk_tolerance"": null, ""scenario"": ""Bull Market"", ""investor_count"": 5}, {""risk_tolerance"": null, ""scenario"": ""Currency Depreciation"", ""investor_count"": 1}, {""risk_tolerance"": null, ""scenario"": ""Economic Growth"", ""investor_count"": 5}, {""risk_tolerance"": null, ""scenario"": ""Flash Crash"", ""investor_count"": 2}, {""risk_tolerance"": null, ""scenario"": ""Geopolitical Tension"", ""investor_count"": 3}, {""risk_tolerance"": null, ""scenario"": ""Inflation Surge"", ""investor_count"": 4}, {""risk_tolerance"": null, ""scenario"": ""Interest Rate Cut"", ""investor_count"": 1}, {""risk_tolerance"": null, ""scenario"": ""Interest Rate Hike"", ""investor_count"": 4}, {""risk_tolerance"": null, ""scenario"": ""Market Volatility"", ""investor_count"": 7}, {""risk_tolerance"": null, ""scenario"": ""Sector Rotation"", ""investor_count"": 6}, {""risk_tolerance"": ""Aggressive"", ""scenario"": null, ""investor_count"": 10}, {""risk_tolerance"": ""Aggressive"", ""scenario"": ""Approaching Goal"", ""investor_count"": 19}, {""risk_tolerance"": ""Aggressive"", ""scenario"": ""Bear Market"", ""investor_count"": 12}, {""risk_tolerance"": ""Aggressive"", ""scenario"": ""Bull Market"", ""investor_count"": 15}, {""risk_tolerance"": ""Aggressive"", ""scenario"": ""Currency Depreciation"", ""investor_count"": 17}, {""risk_tolerance"": ""Aggressive"", ""scenario"": ""Economic Growth"", ""investor_count"": 24}, {""risk_tolerance"": ""Aggressive"", ""scenario"": ""Flash Crash"", ""investor_count"": 19}, {""risk_tolerance"": ""Aggressive"", ""scenario"": ""Geopolitical Tension"", ""investor_count"": 19}, {""risk_tolerance"": ""Aggressive"", ""scenario"": ""Inflation Surge"", ""investor_count"": 18}, {""risk_tolerance"": ""Aggressive"", ""scenario"": ""Interest Rate Cut"", ""investor_count"": 16}, {""risk_tolerance"": ""Aggressive"", ""scenario"": ""Interest Rate Hike"", ""investor_count"": 21}, {""risk_tolerance"": ""Aggressive"", ""scenario"": ""Market Volatility"", ""investor_count"": 18}, {""risk_tolerance"": ""Aggressive"", ""scenario"": ""Sector Rotation"", ""investor_count"": 15}, {""risk_tolerance"": ""Conservative"", ""scenario"": null, ""investor_count"": 8}, {""risk_tolerance"": ""Conservative"", ""scenario"": ""Approaching Goal"", ""investor_count"": 20}, {""risk_tolerance"": ""Conservative"", ""scenario"": ""Bear Market"", ""investor_count"": 23}, {""risk_tolerance"": ""Conservative"", ""scenario"": ""Bull Market"", ""investor_count"": 13}, {""risk_tolerance"": ""Conservative"", ""scenario"": ""Currency Depreciation"", ""investor_count"": 16}, {""risk_tolerance"": ""Conservative"", ""scenario"": ""Economic Growth"", ""investor_count"": 21}, {""risk_tolerance"": ""Conservative"", ""scenario"": ""Flash Crash"", ""investor_count"": 22}, {""risk_tolerance"": ""Conservative"", ""scenario"": ""Geopolitical Tension"", ""investor_count"": 16}, {""risk_tolerance"": ""Conservative"", ""scenario"": ""Inflation Surge"", ""investor_count"": 15}, {""risk_tolerance"": ""Conservative"", ""scenario"": ""Interest Rate Cut"", ""investor_count"": 12}, {""risk_tolerance"": ""Conservative"", ""scenario"": ""Interest Rate Hike"", ""investor_count"": 22}, {""risk_tolerance"": ""Conservative"", ""scenario"": ""Market Volatility"", ""investor_count"": 9}, {""risk_tolerance"": ""Conservative"", ""scenario"": ""Sector Rotation"", ""investor_count"": 14}, {""risk_tolerance"": ""Moderate"", ""scenario"": null, ""investor_count"": 11}, {""risk_tolerance"": ""Moderate"", ""scenario"": ""Approaching Goal"", ""investor_count"": 23}, {""risk_tolerance"": ""Moderate"", ""scenario"": ""Bear Market"", ""investor_count"": 23}, {""risk_tolerance"": ""Moderate"", ""scenario"": ""Bull Market"", ""investor_count"": 12}, {""risk_tolerance"": ""Moderate"", ""scenario"": ""Currency Depreciation"", ""investor_count"": 16}, {""risk_tolerance"": ""Moderate"", ""scenario"": ""Economic Growth"", ""investor_count"": 16}, {""risk_tolerance"": ""Moderate"", ""scenario"": ""Flash Crash"", ""investor_count"": 12}, {""risk_tolerance"": ""Moderate"", ""scenario"": ""Geopolitical Tension"", ""investor_count"": 17}, {""risk_tolerance"": ""Moderate"", ""scenario"": ""Inflation Surge"", ""investor_count"": 14}, {""risk_tolerance"": ""Moderate"", ""scenario"": ""Interest Rate Cut"", ""investor_count"": 15}, {""risk_tolerance"": ""Moderate"", ""scenario"": ""Interest Rate Hike"", ""investor_count"": 12}]}"
wealth_management_enrichment_context_125_questions:EC125-3T-015,wealth_management_enrichment_context_125_questions.csv,EC125-3T-015,"For each time horizon and investment type, how many distinct investors with a risk score above 50 fall into that combination?",enrichment / context,Hard,Categorical Aggregation,ATOM_ENTITY_INVESTOR_PROFILE_001; ATOM_ENTITY_PORTFOLIO_HEALTH_001; ATOM_ENTITY_PORTFOLIO_HOLDING_001,3,"SELECT p.time_horizon AS time_horizon, o.investment_type AS investment_type, COUNT(DISTINCT p.investor_id) AS investor_count FROM ATOM_ENTITY_INVESTOR_PROFILE_001 p JOIN ATOM_ENTITY_PORTFOLIO_HEALTH_001 h ON h.investor_id=p.investor_id JOIN ATOM_ENTITY_PORTFOLIO_HOLDING_001 o ON o.investor_id=p.investor_id WHERE h.risk_score>50 GROUP BY p.time_horizon, o.investment_type ORDER BY p.time_horizon, o.investment_type;","{""_total_rows"": 60, ""_truncated_to"": 50, ""rows"": [{""time_horizon"": null, ""investment_type"": null, ""investor_count"": 12}, {""time_horizon"": null, ""investment_type"": ""Corporate Bond"", ""investor_count"": 17}, {""time_horizon"": null, ""investment_type"": ""ETF"", ""investor_count"": 11}, {""time_horizon"": null, ""investment_type"": ""Equity"", ""investor_count"": 12}, {""time_horizon"": null, ""investment_type"": ""Global Equity"", ""investor_count"": 15}, {""time_horizon"": null, ""investment_type"": ""Gold"", ""investor_count"": 15}, {""time_horizon"": null, ""investment_type"": ""Government Bond"", ""investor_count"": 16}, {""time_horizon"": null, ""investment_type"": ""Hedge Fund"", ""investor_count"": 15}, {""time_horizon"": null, ""investment_type"": ""InVIT"", ""investor_count"": 13}, {""time_horizon"": null, ""investment_type"": ""Index Fund"", ""investor_count"": 14}, {""time_horizon"": null, ""investment_type"": ""Mutual Fund"", ""investor_count"": 14}, {""time_horizon"": null, ""investment_type"": ""Private Equity"", ""investor_count"": 12}, {""time_horizon"": null, ""investment_type"": ""REIT"", ""investor_count"": 16}, {""time_horizon"": null, ""investment_type"": ""Real Estate"", ""investor_count"": 20}, {""time_horizon"": null, ""investment_type"": ""Venture Capital"", ""investor_count"": 12}, {""time_horizon"": ""Long-term"", ""investment_type"": null, ""investor_count"": 81}, {""time_horizon"": ""Long-term"", ""investment_type"": ""Corporate Bond"", ""investor_count"": 95}, {""time_horizon"": ""Long-term"", ""investment_type"": ""ETF"", ""investor_count"": 103}, {""time_horizon"": ""Long-term"", ""investment_type"": ""Equity"", ""investor_count"": 94}, {""time_horizon"": ""Long-term"", ""investment_type"": ""Global Equity"", ""investor_count"": 112}, {""time_horizon"": ""Long-term"", ""investment_type"": ""Gold"", ""investor_count"": 111}, {""time_horizon"": ""Long-term"", ""investment_type"": ""Government Bond"", ""investor_count"": 107}, {""time_horizon"": ""Long-term"", ""investment_type"": ""Hedge Fund"", ""investor_count"": 100}, {""time_horizon"": ""Long-term"", ""investment_type"": ""InVIT"", ""investor_count"": 93}, {""time_horizon"": ""Long-term"", ""investment_type"": ""Index Fund"", ""investor_count"": 98}, {""time_horizon"": ""Long-term"", ""investment_type"": ""Mutual Fund"", ""investor_count"": 85}, {""time_horizon"": ""Long-term"", ""investment_type"": ""Private Equity"", ""investor_count"": 92}, {""time_horizon"": ""Long-term"", ""investment_type"": ""REIT"", ""investor_count"": 111}, {""time_horizon"": ""Long-term"", ""investment_type"": ""Real Estate"", ""investor_count"": 108}, {""time_horizon"": ""Long-term"", ""investment_type"": ""Venture Capital"", ""investor_count"": 104}, {""time_horizon"": ""Medium-term"", ""investment_type"": null, ""investor_count"": 84}, {""time_horizon"": ""Medium-term"", ""investment_type"": ""Corporate Bond"", ""investor_count"": 115}, {""time_horizon"": ""Medium-term"", ""investment_type"": ""ETF"", ""investor_count"": 109}, {""time_horizon"": ""Medium-term"", ""investment_type"": ""Equity"", ""investor_count"": 115}, {""time_horizon"": ""Medium-term"", ""investment_type"": ""Global Equity"", ""investor_count"": 110}, {""time_horizon"": ""Medium-term"", ""investment_type"": ""Gold"", ""investor_count"": 101}, {""time_horizon"": ""Medium-term"", ""investment_type"": ""Government Bond"", ""investor_count"": 108}, {""time_horizon"": ""Medium-term"", ""investment_type"": ""Hedge Fund"", ""investor_count"": 117}, {""time_horizon"": ""Medium-term"", ""investment_type"": ""InVIT"", ""investor_count"": 104}, {""time_horizon"": ""Medium-term"", ""investment_type"": ""Index Fund"", ""investor_count"": 112}, {""time_horizon"": ""Medium-term"", ""investment_type"": ""Mutual Fund"", ""investor_count"": 93}, {""time_horizon"": ""Medium-term"", ""investment_type"": ""Private Equity"", ""investor_count"": 106}, {""time_horizon"": ""Medium-term"", ""investment_type"": ""REIT"", ""investor_count"": 100}, {""time_horizon"": ""Medium-term"", ""investment_type"": ""Real Estate"", ""investor_count"": 119}, {""time_horizon"": ""Medium-term"", ""investment_type"": ""Venture Capital"", ""investor_count"": 108}, {""time_horizon"": ""Short-term"", ""investment_type"": null, ""investor_count"": 86}, {""time_horizon"": ""Short-term"", ""investment_type"": ""Corporate Bond"", ""investor_count"": 119}, {""time_horizon"": ""Short-term"", ""investment_type"": ""ETF"", ""investor_count"": 116}, {""time_horizon"": ""Short-term"", ""investment_type"": ""Equity"", ""investor_count"": 123}, {""time_horizon"": ""Short-term"", ""investment_type"": ""Global Equity"", ""investor_count"": 120}]}"
wealth_management_enrichment_context_125_questions:EC125-3T-019,wealth_management_enrichment_context_125_questions.csv,EC125-3T-019,"For each time horizon and cash-flow type, how many distinct investors with a risk score above 50 fall into that combination?",enrichment / context,Hard,Categorical Aggregation,ATOM_ENTITY_INVESTOR_PROFILE_001; ATOM_ENTITY_PORTFOLIO_HEALTH_001; ATOM_EVENT_CASH_FLOW_001,3,"SELECT p.time_horizon AS time_horizon, c.type AS type, COUNT(DISTINCT p.investor_id) AS investor_count FROM ATOM_ENTITY_INVESTOR_PROFILE_001 p JOIN ATOM_ENTITY_PORTFOLIO_HEALTH_001 h ON h.investor_id=p.investor_id JOIN ATOM_EVENT_CASH_FLOW_001 c ON c.investor_id=p.investor_id WHERE h.risk_score>50 GROUP BY p.time_horizon, c.type ORDER BY p.time_horizon, c.type;","[{""time_horizon"": null, ""type"": null, ""investor_count"": 5}, {""time_horizon"": null, ""type"": ""Deposit"", ""investor_count"": 19}, {""time_horizon"": null, ""type"": ""Dividend Reinvestment"", ""investor_count"": 13}, {""time_horizon"": null, ""type"": ""Interest Credit"", ""investor_count"": 13}, {""time_horizon"": null, ""type"": ""Lump Sum"", ""investor_count"": 15}, {""time_horizon"": null, ""type"": ""Redemption"", ""investor_count"": 11}, {""time_horizon"": null, ""type"": ""SIP"", ""investor_count"": 15}, {""time_horizon"": null, ""type"": ""Tax Refund"", ""investor_count"": 15}, {""time_horizon"": null, ""type"": ""Withdrawal"", ""investor_count"": 14}, {""time_horizon"": ""Long-term"", ""type"": null, ""investor_count"": 47}, {""time_horizon"": ""Long-term"", ""type"": ""Deposit"", ""investor_count"": 98}, {""time_horizon"": ""Long-term"", ""type"": ""Dividend Reinvestment"", ""investor_count"": 101}, {""time_horizon"": ""Long-term"", ""type"": ""Interest Credit"", ""investor_count"": 103}, {""time_horizon"": ""Long-term"", ""type"": ""Lump Sum"", ""investor_count"": 107}, {""time_horizon"": ""Long-term"", ""type"": ""Redemption"", ""investor_count"": 104}, {""time_horizon"": ""Long-term"", ""type"": ""SIP"", ""investor_count"": 102}, {""time_horizon"": ""Long-term"", ""type"": ""Tax Refund"", ""investor_count"": 100}, {""time_horizon"": ""Long-term"", ""type"": ""Withdrawal"", ""investor_count"": 104}, {""time_horizon"": ""Medium-term"", ""type"": null, ""investor_count"": 63}, {""time_horizon"": ""Medium-term"", ""type"": ""Deposit"", ""investor_count"": 98}, {""time_horizon"": ""Medium-term"", ""type"": ""Dividend Reinvestment"", ""investor_count"": 106}, {""time_horizon"": ""Medium-term"", ""type"": ""Interest Credit"", ""investor_count"": 105}, {""time_horizon"": ""Medium-term"", ""type"": ""Lump Sum"", ""investor_count"": 112}, {""time_horizon"": ""Medium-term"", ""type"": ""Redemption"", ""investor_count"": 97}, {""time_horizon"": ""Medium-term"", ""type"": ""SIP"", ""investor_count"": 108}, {""time_horizon"": ""Medium-term"", ""type"": ""Tax Refund"", ""investor_count"": 111}, {""time_horizon"": ""Medium-term"", ""type"": ""Withdrawal"", ""investor_count"": 107}, {""time_horizon"": ""Short-term"", ""type"": null, ""investor_count"": 40}, {""time_horizon"": ""Short-term"", ""type"": ""Deposit"", ""investor_count"": 107}, {""time_horizon"": ""Short-term"", ""type"": ""Dividend Reinvestment"", ""investor_count"": 112}, {""time_horizon"": ""Short-term"", ""type"": ""Interest Credit"", ""investor_count"": 116}, {""time_horizon"": ""Short-term"", ""type"": ""Lump Sum"", ""investor_count"": 112}, {""time_horizon"": ""Short-term"", ""type"": ""Redemption"", ""investor_count"": 102}, {""time_horizon"": ""Short-term"", ""type"": ""SIP"", ""investor_count"": 122}, {""time_horizon"": ""Short-term"", ""type"": ""Tax Refund"", ""investor_count"": 112}, {""time_horizon"": ""Short-term"", ""type"": ""Withdrawal"", ""investor_count"": 107}]"
wealth_management_enrichment_context_125_questions:EC125-3T-023,wealth_management_enrichment_context_125_questions.csv,EC125-3T-023,"For each time horizon and scenario, how many distinct investors with a risk score above 50 fall into that combination?",enrichment / context,Hard,Categorical Aggregation,ATOM_ENTITY_INVESTOR_PROFILE_001; ATOM_ENTITY_PORTFOLIO_HEALTH_001; ATOM_EVENT_SCENARIO_REBALANCING_001,3,"SELECT p.time_horizon AS time_horizon, s.scenario AS scenario, COUNT(DISTINCT p.investor_id) AS investor_count FROM ATOM_ENTITY_INVESTOR_PROFILE_001 p JOIN ATOM_ENTITY_PORTFOLIO_HEALTH_001 h ON h.investor_id=p.investor_id JOIN ATOM_EVENT_SCENARIO_REBALANCING_001 s ON s.investor_id=p.investor_id WHERE h.risk_score>50 GROUP BY p.time_horizon, s.scenario ORDER BY p.time_horizon, s.scenario;","{""_total_rows"": 51, ""_truncated_to"": 50, ""rows"": [{""time_horizon"": null, ""scenario"": null, ""investor_count"": 2}, {""time_horizon"": null, ""scenario"": ""Approaching Goal"", ""investor_count"": 2}, {""time_horizon"": null, ""scenario"": ""Bear Market"", ""investor_count"": 2}, {""time_horizon"": null, ""scenario"": ""Bull Market"", ""investor_count"": 2}, {""time_horizon"": null, ""scenario"": ""Currency Depreciation"", ""investor_count"": 2}, {""time_horizon"": null, ""scenario"": ""Economic Growth"", ""investor_count"": 2}, {""time_horizon"": null, ""scenario"": ""Flash Crash"", ""investor_count"": 2}, {""time_horizon"": null, ""scenario"": ""Inflation Surge"", ""investor_count"": 2}, {""time_horizon"": null, ""scenario"": ""Interest Rate Cut"", ""investor_count"": 1}, {""time_horizon"": null, ""scenario"": ""Interest Rate Hike"", ""investor_count"": 1}, {""time_horizon"": null, ""scenario"": ""Market Volatility"", ""investor_count"": 5}, {""time_horizon"": null, ""scenario"": ""Sector Rotation"", ""investor_count"": 4}, {""time_horizon"": ""Long-term"", ""scenario"": null, ""investor_count"": 8}, {""time_horizon"": ""Long-term"", ""scenario"": ""Approaching Goal"", ""investor_count"": 22}, {""time_horizon"": ""Long-term"", ""scenario"": ""Bear Market"", ""investor_count"": 14}, {""time_horizon"": ""Long-term"", ""scenario"": ""Bull Market"", ""investor_count"": 12}, {""time_horizon"": ""Long-term"", ""scenario"": ""Currency Depreciation"", ""investor_count"": 15}, {""time_horizon"": ""Long-term"", ""scenario"": ""Economic Growth"", ""investor_count"": 21}, {""time_horizon"": ""Long-term"", ""scenario"": ""Flash Crash"", ""investor_count"": 19}, {""time_horizon"": ""Long-term"", ""scenario"": ""Geopolitical Tension"", ""investor_count"": 19}, {""time_horizon"": ""Long-term"", ""scenario"": ""Inflation Surge"", ""investor_count"": 20}, {""time_horizon"": ""Long-term"", ""scenario"": ""Interest Rate Cut"", ""investor_count"": 17}, {""time_horizon"": ""Long-term"", ""scenario"": ""Interest Rate Hike"", ""investor_count"": 15}, {""time_horizon"": ""Long-term"", ""scenario"": ""Market Volatility"", ""investor_count"": 17}, {""time_horizon"": ""Long-term"", ""scenario"": ""Sector Rotation"", ""investor_count"": 12}, {""time_horizon"": ""Medium-term"", ""scenario"": null, ""investor_count"": 12}, {""time_horizon"": ""Medium-term"", ""scenario"": ""Approaching Goal"", ""investor_count"": 22}, {""time_horizon"": ""Medium-term"", ""scenario"": ""Bear Market"", ""investor_count"": 19}, {""time_horizon"": ""Medium-term"", ""scenario"": ""Bull Market"", ""investor_count"": 16}, {""time_horizon"": ""Medium-term"", ""scenario"": ""Currency Depreciation"", ""investor_count"": 11}, {""time_horizon"": ""Medium-term"", ""scenario"": ""Economic Growth"", ""investor_count"": 20}, {""time_horizon"": ""Medium-term"", ""scenario"": ""Flash Crash"", ""investor_count"": 13}, {""time_horizon"": ""Medium-term"", ""scenario"": ""Geopolitical Tension"", ""investor_count"": 13}, {""time_horizon"": ""Medium-term"", ""scenario"": ""Inflation Surge"", ""investor_count"": 19}, {""time_horizon"": ""Medium-term"", ""scenario"": ""Interest Rate Cut"", ""investor_count"": 13}, {""time_horizon"": ""Medium-term"", ""scenario"": ""Interest Rate Hike"", ""investor_count"": 22}, {""time_horizon"": ""Medium-term"", ""scenario"": ""Market Volatility"", ""investor_count"": 12}, {""time_horizon"": ""Medium-term"", ""scenario"": ""Sector Rotation"", ""investor_count"": 18}, {""time_horizon"": ""Short-term"", ""scenario"": null, ""investor_count"": 8}, {""time_horizon"": ""Short-term"", ""scenario"": ""Approaching Goal"", ""investor_count"": 18}, {""time_horizon"": ""Short-term"", ""scenario"": ""Bear Market"", ""investor_count"": 27}, {""time_horizon"": ""Short-term"", ""scenario"": ""Bull Market"", ""investor_count"": 15}, {""time_horizon"": ""Short-term"", ""scenario"": ""Currency Depreciation"", ""investor_count"": 22}, {""time_horizon"": ""Short-term"", ""scenario"": ""Economic Growth"", ""investor_count"": 23}, {""time_horizon"": ""Short-term"", ""scenario"": ""Flash Crash"", ""investor_count"": 21}, {""time_horizon"": ""Short-term"", ""scenario"": ""Geopolitical Tension"", ""investor_count"": 23}, {""time_horizon"": ""Short-term"", ""scenario"": ""Inflation Surge"", ""investor_count"": 10}, {""time_horizon"": ""Short-term"", ""scenario"": ""Interest Rate Cut"", ""investor_count"": 13}, {""time_horizon"": ""Short-term"", ""scenario"": ""Interest Rate Hike"", ""investor_count"": 21}, {""time_horizon"": ""Short-term"", ""scenario"": ""Market Volatility"", ""investor_count"": 16}]}"
wealth_management_enrichment_context_125_questions:EC125-3T-027,wealth_management_enrichment_context_125_questions.csv,EC125-3T-027,"For each segment and investment type, how many distinct investors with a risk score above 50 fall into that combination?",enrichment / context,Hard,Categorical Aggregation,ATOM_ENTITY_INVESTOR_PROFILE_001; ATOM_ENTITY_PORTFOLIO_HEALTH_001; ATOM_ENTITY_PORTFOLIO_HOLDING_001,3,"SELECT p.segment AS segment, o.investment_type AS investment_type, COUNT(DISTINCT p.investor_id) AS investor_count FROM ATOM_ENTITY_INVESTOR_PROFILE_001 p JOIN ATOM_ENTITY_PORTFOLIO_HEALTH_001 h ON h.investor_id=p.investor_id JOIN ATOM_ENTITY_PORTFOLIO_HOLDING_001 o ON o.investor_id=p.investor_id WHERE h.risk_score>50 GROUP BY p.segment, o.investment_type ORDER BY p.segment, o.investment_type;","{""_total_rows"": 75, ""_truncated_to"": 50, ""rows"": [{""segment"": null, ""investment_type"": null, ""investor_count"": 11}, {""segment"": null, ""investment_type"": ""Corporate Bond"", ""investor_count"": 17}, {""segment"": null, ""investment_type"": ""ETF"", ""investor_count"": 20}, {""segment"": null, ""investment_type"": ""Equity"", ""investor_count"": 14}, {""segment"": null, ""investment_type"": ""Global Equity"", ""investor_count"": 18}, {""segment"": null, ""investment_type"": ""Gold"", ""investor_count"": 19}, {""segment"": null, ""investment_type"": ""Government Bond"", ""investor_count"": 17}, {""segment"": null, ""investment_type"": ""Hedge Fund"", ""investor_count"": 21}, {""segment"": null, ""investment_type"": ""InVIT"", ""investor_count"": 16}, {""segment"": null, ""investment_type"": ""Index Fund"", ""investor_count"": 10}, {""segment"": null, ""investment_type"": ""Mutual Fund"", ""investor_count"": 15}, {""segment"": null, ""investment_type"": ""Private Equity"", ""investor_count"": 16}, {""segment"": null, ""investment_type"": ""REIT"", ""investor_count"": 14}, {""segment"": null, ""investment_type"": ""Real Estate"", ""investor_count"": 11}, {""segment"": null, ""investment_type"": ""Venture Capital"", ""investor_count"": 15}, {""segment"": ""Diversified"", ""investment_type"": null, ""investor_count"": 53}, {""segment"": ""Diversified"", ""investment_type"": ""Corporate Bond"", ""investor_count"": 71}, {""segment"": ""Diversified"", ""investment_type"": ""ETF"", ""investor_count"": 67}, {""segment"": ""Diversified"", ""investment_type"": ""Equity"", ""investor_count"": 80}, {""segment"": ""Diversified"", ""investment_type"": ""Global Equity"", ""investor_count"": 79}, {""segment"": ""Diversified"", ""investment_type"": ""Gold"", ""investor_count"": 62}, {""segment"": ""Diversified"", ""investment_type"": ""Government Bond"", ""investor_count"": 74}, {""segment"": ""Diversified"", ""investment_type"": ""Hedge Fund"", ""investor_count"": 71}, {""segment"": ""Diversified"", ""investment_type"": ""InVIT"", ""investor_count"": 70}, {""segment"": ""Diversified"", ""investment_type"": ""Index Fund"", ""investor_count"": 80}, {""segment"": ""Diversified"", ""investment_type"": ""Mutual Fund"", ""investor_count"": 63}, {""segment"": ""Diversified"", ""investment_type"": ""Private Equity"", ""investor_count"": 69}, {""segment"": ""Diversified"", ""investment_type"": ""REIT"", ""investor_count"": 80}, {""segment"": ""Diversified"", ""investment_type"": ""Real Estate"", ""investor_count"": 77}, {""segment"": ""Diversified"", ""investment_type"": ""Venture Capital"", ""investor_count"": 70}, {""segment"": ""Large Cap"", ""investment_type"": null, ""investor_count"": 62}, {""segment"": ""Large Cap"", ""investment_type"": ""Corporate Bond"", ""investor_count"": 80}, {""segment"": ""Large Cap"", ""investment_type"": ""ETF"", ""investor_count"": 84}, {""segment"": ""Large Cap"", ""investment_type"": ""Equity"", ""investor_count"": 70}, {""segment"": ""Large Cap"", ""investment_type"": ""Global Equity"", ""investor_count"": 79}, {""segment"": ""Large Cap"", ""investment_type"": ""Gold"", ""investor_count"": 76}, {""segment"": ""Large Cap"", ""investment_type"": ""Government Bond"", ""investor_count"": 71}, {""segment"": ""Large Cap"", ""investment_type"": ""Hedge Fund"", ""investor_count"": 66}, {""segment"": ""Large Cap"", ""investment_type"": ""InVIT"", ""investor_count"": 73}, {""segment"": ""Large Cap"", ""investment_type"": ""Index Fund"", ""investor_count"": 84}, {""segment"": ""Large Cap"", ""investment_type"": ""Mutual Fund"", ""investor_count"": 64}, {""segment"": ""Large Cap"", ""investment_type"": ""Private Equity"", ""investor_count"": 65}, {""segment"": ""Large Cap"", ""investment_type"": ""REIT"", ""investor_count"": 78}, {""segment"": ""Large Cap"", ""investment_type"": ""Real Estate"", ""investor_count"": 74}, {""segment"": ""Large Cap"", ""investment_type"": ""Venture Capital"", ""investor_count"": 72}, {""segment"": ""Mid Cap"", ""investment_type"": null, ""investor_count"": 71}, {""segment"": ""Mid Cap"", ""investment_type"": ""Corporate Bond"", ""investor_count"": 74}, {""segment"": ""Mid Cap"", ""investment_type"": ""ETF"", ""investor_count"": 82}, {""segment"": ""Mid Cap"", ""investment_type"": ""Equity"", ""investor_count"": 87}, {""segment"": ""Mid Cap"", ""investment_type"": ""Global Equity"", ""investor_count"": 99}]}"
wealth_management_enrichment_context_125_questions:EC125-3T-031,wealth_management_enrichment_context_125_questions.csv,EC125-3T-031,"For each segment and cash-flow type, how many distinct investors with a risk score above 50 fall into that combination?",enrichment / context,Hard,Categorical Aggregation,ATOM_ENTITY_INVESTOR_PROFILE_001; ATOM_ENTITY_PORTFOLIO_HEALTH_001; ATOM_EVENT_CASH_FLOW_001,3,"SELECT p.segment AS segment, c.type AS type, COUNT(DISTINCT p.investor_id) AS investor_count FROM ATOM_ENTITY_INVESTOR_PROFILE_001 p JOIN ATOM_ENTITY_PORTFOLIO_HEALTH_001 h ON h.investor_id=p.investor_id JOIN ATOM_EVENT_CASH_FLOW_001 c ON c.investor_id=p.investor_id WHERE h.risk_score>50 GROUP BY p.segment, c.type ORDER BY p.segment, c.type;","[{""segment"": null, ""type"": null, ""investor_count"": 5}, {""segment"": null, ""type"": ""Deposit"", ""investor_count"": 14}, {""segment"": null, ""type"": ""Dividend Reinvestment"", ""investor_count"": 13}, {""segment"": null, ""type"": ""Interest Credit"", ""investor_count"": 13}, {""segment"": null, ""type"": ""Lump Sum"", ""investor_count"": 15}, {""segment"": null, ""type"": ""Redemption"", ""investor_count"": 13}, {""segment"": null, ""type"": ""SIP"", ""investor_count"": 15}, {""segment"": null, ""type"": ""Tax Refund"", ""investor_count"": 16}, {""segment"": null, ""type"": ""Withdrawal"", ""investor_count"": 12}, {""segment"": ""Diversified"", ""type"": null, ""investor_count"": 37}, {""segment"": ""Diversified"", ""type"": ""Deposit"", ""investor_count"": 63}, {""segment"": ""Diversified"", ""type"": ""Dividend Reinvestment"", ""investor_count"": 69}, {""segment"": ""Diversified"", ""type"": ""Interest Credit"", ""investor_count"": 83}, {""segment"": ""Diversified"", ""type"": ""Lump Sum"", ""investor_count"": 71}, {""segment"": ""Diversified"", ""type"": ""Redemption"", ""investor_count"": 62}, {""segment"": ""Diversified"", ""type"": ""SIP"", ""investor_count"": 87}, {""segment"": ""Diversified"", ""type"": ""Tax Refund"", ""investor_count"": 80}, {""segment"": ""Diversified"", ""type"": ""Withdrawal"", ""investor_count"": 67}, {""segment"": ""Large Cap"", ""type"": null, ""investor_count"": 34}, {""segment"": ""Large Cap"", ""type"": ""Deposit"", ""investor_count"": 74}, {""segment"": ""Large Cap"", ""type"": ""Dividend Reinvestment"", ""investor_count"": 73}, {""segment"": ""Large Cap"", ""type"": ""Interest Credit"", ""investor_count"": 77}, {""segment"": ""Large Cap"", ""type"": ""Lump Sum"", ""investor_count"": 71}, {""segment"": ""Large Cap"", ""type"": ""Redemption"", ""investor_count"": 78}, {""segment"": ""Large Cap"", ""type"": ""SIP"", ""investor_count"": 82}, {""segment"": ""Large Cap"", ""type"": ""Tax Refund"", ""investor_count"": 81}, {""segment"": ""Large Cap"", ""type"": ""Withdrawal"", ""investor_count"": 76}, {""segment"": ""Mid Cap"", ""type"": null, ""investor_count"": 40}, {""segment"": ""Mid Cap"", ""type"": ""Deposit"", ""investor_count"": 80}, {""segment"": ""Mid Cap"", ""type"": ""Dividend Reinvestment"", ""investor_count"": 78}, {""segment"": ""Mid Cap"", ""type"": ""Interest Credit"", ""investor_count"": 78}, {""segment"": ""Mid Cap"", ""type"": ""Lump Sum"", ""investor_count"": 90}, {""segment"": ""Mid Cap"", ""type"": ""Redemption"", ""investor_count"": 82}, {""segment"": ""Mid Cap"", ""type"": ""SIP"", ""investor_count"": 74}, {""segment"": ""Mid Cap"", ""type"": ""Tax Refund"", ""investor_count"": 82}, {""segment"": ""Mid Cap"", ""type"": ""Withdrawal"", ""investor_count"": 90}, {""segment"": ""Small Cap"", ""type"": null, ""investor_count"": 39}, {""segment"": ""Small Cap"", ""type"": ""Deposit"", ""investor_count"": 91}, {""segment"": ""Small Cap"", ""type"": ""Dividend Reinvestment"", ""investor_count"": 99}, {""segment"": ""Small Cap"", ""type"": ""Interest Credit"", ""investor_count"": 86}, {""segment"": ""Small Cap"", ""type"": ""Lump Sum"", ""investor_count"": 99}, {""segment"": ""Small Cap"", ""type"": ""Redemption"", ""investor_count"": 79}, {""segment"": ""Small Cap"", ""type"": ""SIP"", ""investor_count"": 89}, {""segment"": ""Small Cap"", ""type"": ""Tax Refund"", ""investor_count"": 79}, {""segment"": ""Small Cap"", ""type"": ""Withdrawal"", ""investor_count"": 87}]"
wealth_management_enrichment_context_125_questions:EC125-3T-035,wealth_management_enrichment_context_125_questions.csv,EC125-3T-035,"For each segment and scenario, how many distinct investors with a risk score above 50 fall into that combination?",enrichment / context,Hard,Categorical Aggregation,ATOM_ENTITY_INVESTOR_PROFILE_001; ATOM_ENTITY_PORTFOLIO_HEALTH_001; ATOM_EVENT_SCENARIO_REBALANCING_001,3,"SELECT p.segment AS segment, s.scenario AS scenario, COUNT(DISTINCT p.investor_id) AS investor_count FROM ATOM_ENTITY_INVESTOR_PROFILE_001 p JOIN ATOM_ENTITY_PORTFOLIO_HEALTH_001 h ON h.investor_id=p.investor_id JOIN ATOM_EVENT_SCENARIO_REBALANCING_001 s ON s.investor_id=p.investor_id WHERE h.risk_score>50 GROUP BY p.segment, s.scenario ORDER BY p.segment, s.scenario;","{""_total_rows"": 64, ""_truncated_to"": 50, ""rows"": [{""segment"": null, ""scenario"": null, ""investor_count"": 1}, {""segment"": null, ""scenario"": ""Approaching Goal"", ""investor_count"": 1}, {""segment"": null, ""scenario"": ""Bear Market"", ""investor_count"": 3}, {""segment"": null, ""scenario"": ""Bull Market"", ""investor_count"": 3}, {""segment"": null, ""scenario"": ""Economic Growth"", ""investor_count"": 1}, {""segment"": null, ""scenario"": ""Flash Crash"", ""investor_count"": 2}, {""segment"": null, ""scenario"": ""Geopolitical Tension"", ""investor_count"": 4}, {""segment"": null, ""scenario"": ""Inflation Surge"", ""investor_count"": 3}, {""segment"": null, ""scenario"": ""Interest Rate Cut"", ""investor_count"": 2}, {""segment"": null, ""scenario"": ""Interest Rate Hike"", ""investor_count"": 1}, {""segment"": null, ""scenario"": ""Market Volatility"", ""investor_count"": 1}, {""segment"": null, ""scenario"": ""Sector Rotation"", ""investor_count"": 6}, {""segment"": ""Diversified"", ""scenario"": null, ""investor_count"": 8}, {""segment"": ""Diversified"", ""scenario"": ""Approaching Goal"", ""investor_count"": 8}, {""segment"": ""Diversified"", ""scenario"": ""Bear Market"", ""investor_count"": 13}, {""segment"": ""Diversified"", ""scenario"": ""Bull Market"", ""investor_count"": 7}, {""segment"": ""Diversified"", ""scenario"": ""Currency Depreciation"", ""investor_count"": 11}, {""segment"": ""Diversified"", ""scenario"": ""Economic Growth"", ""investor_count"": 15}, {""segment"": ""Diversified"", ""scenario"": ""Flash Crash"", ""investor_count"": 14}, {""segment"": ""Diversified"", ""scenario"": ""Geopolitical Tension"", ""investor_count"": 16}, {""segment"": ""Diversified"", ""scenario"": ""Inflation Surge"", ""investor_count"": 12}, {""segment"": ""Diversified"", ""scenario"": ""Interest Rate Cut"", ""investor_count"": 5}, {""segment"": ""Diversified"", ""scenario"": ""Interest Rate Hike"", ""investor_count"": 13}, {""segment"": ""Diversified"", ""scenario"": ""Market Volatility"", ""investor_count"": 16}, {""segment"": ""Diversified"", ""scenario"": ""Sector Rotation"", ""investor_count"": 11}, {""segment"": ""Large Cap"", ""scenario"": null, ""investor_count"": 5}, {""segment"": ""Large Cap"", ""scenario"": ""Approaching Goal"", ""investor_count"": 18}, {""segment"": ""Large Cap"", ""scenario"": ""Bear Market"", ""investor_count"": 12}, {""segment"": ""Large Cap"", ""scenario"": ""Bull Market"", ""investor_count"": 11}, {""segment"": ""Large Cap"", ""scenario"": ""Currency Depreciation"", ""investor_count"": 14}, {""segment"": ""Large Cap"", ""scenario"": ""Economic Growth"", ""investor_count"": 21}, {""segment"": ""Large Cap"", ""scenario"": ""Flash Crash"", ""investor_count"": 9}, {""segment"": ""Large Cap"", ""scenario"": ""Geopolitical Tension"", ""investor_count"": 12}, {""segment"": ""Large Cap"", ""scenario"": ""Inflation Surge"", ""investor_count"": 11}, {""segment"": ""Large Cap"", ""scenario"": ""Interest Rate Cut"", ""investor_count"": 9}, {""segment"": ""Large Cap"", ""scenario"": ""Interest Rate Hike"", ""investor_count"": 12}, {""segment"": ""Large Cap"", ""scenario"": ""Market Volatility"", ""investor_count"": 10}, {""segment"": ""Large Cap"", ""scenario"": ""Sector Rotation"", ""investor_count"": 10}, {""segment"": ""Mid Cap"", ""scenario"": null, ""investor_count"": 9}, {""segment"": ""Mid Cap"", ""scenario"": ""Approaching Goal"", ""investor_count"": 20}, {""segment"": ""Mid Cap"", ""scenario"": ""Bear Market"", ""investor_count"": 13}, {""segment"": ""Mid Cap"", ""scenario"": ""Bull Market"", ""investor_count"": 11}, {""segment"": ""Mid Cap"", ""scenario"": ""Currency Depreciation"", ""investor_count"": 12}, {""segment"": ""Mid Cap"", ""scenario"": ""Economic Growth"", ""investor_count"": 14}, {""segment"": ""Mid Cap"", ""scenario"": ""Flash Crash"", ""investor_count"": 15}, {""segment"": ""Mid Cap"", ""scenario"": ""Geopolitical Tension"", ""investor_count"": 11}, {""segment"": ""Mid Cap"", ""scenario"": ""Inflation Surge"", ""investor_count"": 10}, {""segment"": ""Mid Cap"", ""scenario"": ""Interest Rate Cut"", ""investor_count"": 12}, {""segment"": ""Mid Cap"", ""scenario"": ""Interest Rate Hike"", ""investor_count"": 17}, {""segment"": ""Mid Cap"", ""scenario"": ""Market Volatility"", ""investor_count"": 13}]}"
wealth_management_enrichment_context_125_questions:EC125-3T-039,wealth_management_enrichment_context_125_questions.csv,EC125-3T-039,"For each category and investment type, how many distinct investors with a risk score above 50 fall into that combination?",enrichment / context,Hard,Categorical Aggregation,ATOM_ENTITY_INVESTOR_PROFILE_001; ATOM_ENTITY_PORTFOLIO_HEALTH_001; ATOM_ENTITY_PORTFOLIO_HOLDING_001,3,"SELECT p.category AS category, o.investment_type AS investment_type, COUNT(DISTINCT p.investor_id) AS investor_count FROM ATOM_ENTITY_INVESTOR_PROFILE_001 p JOIN ATOM_ENTITY_PORTFOLIO_HEALTH_001 h ON h.investor_id=p.investor_id JOIN ATOM_ENTITY_PORTFOLIO_HOLDING_001 o ON o.investor_id=p.investor_id WHERE h.risk_score>50 GROUP BY p.category, o.investment_type ORDER BY p.category, o.investment_type;","{""_total_rows"": 90, ""_truncated_to"": 50, ""rows"": [{""category"": null, ""investment_type"": null, ""investor_count"": 8}, {""category"": null, ""investment_type"": ""Corporate Bond"", ""investor_count"": 21}, {""category"": null, ""investment_type"": ""ETF"", ""investor_count"": 21}, {""category"": null, ""investment_type"": ""Equity"", ""investor_count"": 21}, {""category"": null, ""investment_type"": ""Global Equity"", ""investor_count"": 19}, {""category"": null, ""investment_type"": ""Gold"", ""investor_count"": 17}, {""category"": null, ""investment_type"": ""Government Bond"", ""investor_count"": 18}, {""category"": null, ""investment_type"": ""Hedge Fund"", ""investor_count"": 19}, {""category"": null, ""investment_type"": ""InVIT"", ""investor_count"": 21}, {""category"": null, ""investment_type"": ""Index Fund"", ""investor_count"": 16}, {""category"": null, ""investment_type"": ""Mutual Fund"", ""investor_count"": 16}, {""category"": null, ""investment_type"": ""Private Equity"", ""investor_count"": 20}, {""category"": null, ""investment_type"": ""REIT"", ""investor_count"": 17}, {""category"": null, ""investment_type"": ""Real Estate"", ""investor_count"": 13}, {""category"": null, ""investment_type"": ""Venture Capital"", ""investor_count"": 18}, {""category"": ""Debt"", ""investment_type"": null, ""investor_count"": 39}, {""category"": ""Debt"", ""investment_type"": ""Corporate Bond"", ""investor_count"": 52}, {""category"": ""Debt"", ""investment_type"": ""ETF"", ""investor_count"": 40}, {""category"": ""Debt"", ""investment_type"": ""Equity"", ""investor_count"": 52}, {""category"": ""Debt"", ""investment_type"": ""Global Equity"", ""investor_count"": 57}, {""category"": ""Debt"", ""investment_type"": ""Gold"", ""investor_count"": 66}, {""category"": ""Debt"", ""investment_type"": ""Government Bond"", ""investor_count"": 50}, {""category"": ""Debt"", ""investment_type"": ""Hedge Fund"", ""investor_count"": 61}, {""category"": ""Debt"", ""investment_type"": ""InVIT"", ""investor_count"": 56}, {""category"": ""Debt"", ""investment_type"": ""Index Fund"", ""investor_count"": 56}, {""category"": ""Debt"", ""investment_type"": ""Mutual Fund"", ""investor_count"": 47}, {""category"": ""Debt"", ""investment_type"": ""Private Equity"", ""investor_count"": 52}, {""category"": ""Debt"", ""investment_type"": ""REIT"", ""investor_count"": 61}, {""category"": ""Debt"", ""investment_type"": ""Real Estate"", ""investor_count"": 55}, {""category"": ""Debt"", ""investment_type"": ""Venture Capital"", ""investor_count"": 49}, {""category"": ""Equity"", ""investment_type"": null, ""investor_count"": 41}, {""category"": ""Equity"", ""investment_type"": ""Corporate Bond"", ""investor_count"": 81}, {""category"": ""Equity"", ""investment_type"": ""ETF"", ""investor_count"": 75}, {""category"": ""Equity"", ""investment_type"": ""Equity"", ""investor_count"": 76}, {""category"": ""Equity"", ""investment_type"": ""Global Equity"", ""investor_count"": 77}, {""category"": ""Equity"", ""investment_type"": ""Gold"", ""investor_count"": 69}, {""category"": ""Equity"", ""investment_type"": ""Government Bond"", ""investor_count"": 86}, {""category"": ""Equity"", ""investment_type"": ""Hedge Fund"", ""investor_count"": 70}, {""category"": ""Equity"", ""investment_type"": ""InVIT"", ""investor_count"": 67}, {""category"": ""Equity"", ""investment_type"": ""Index Fund"", ""investor_count"": 76}, {""category"": ""Equity"", ""investment_type"": ""Mutual Fund"", ""investor_count"": 66}, {""category"": ""Equity"", ""investment_type"": ""Private Equity"", ""investor_count"": 64}, {""category"": ""Equity"", ""investment_type"": ""REIT"", ""investor_count"": 72}, {""category"": ""Equity"", ""investment_type"": ""Real Estate"", ""investor_count"": 76}, {""category"": ""Equity"", ""investment_type"": ""Venture Capital"", ""investor_count"": 68}, {""category"": ""Gold"", ""investment_type"": null, ""investor_count"": 54}, {""category"": ""Gold"", ""investment_type"": ""Corporate Bond"", ""investor_count"": 63}, {""category"": ""Gold"", ""investment_type"": ""ETF"", ""investor_count"": 63}, {""category"": ""Gold"", ""investment_type"": ""Equity"", ""investor_count"": 57}, {""category"": ""Gold"", ""investment_type"": ""Global Equity"", ""investor_count"": 60}]}"
wealth_management_enrichment_context_125_questions:EC125-3T-043,wealth_management_enrichment_context_125_questions.csv,EC125-3T-043,"For each category and cash-flow type, how many distinct investors with a risk score above 50 fall into that combination?",enrichment / context,Hard,Categorical Aggregation,ATOM_ENTITY_INVESTOR_PROFILE_001; ATOM_ENTITY_PORTFOLIO_HEALTH_001; ATOM_EVENT_CASH_FLOW_001,3,"SELECT p.category AS category, c.type AS type, COUNT(DISTINCT p.investor_id) AS investor_count FROM ATOM_ENTITY_INVESTOR_PROFILE_001 p JOIN ATOM_ENTITY_PORTFOLIO_HEALTH_001 h ON h.investor_id=p.investor_id JOIN ATOM_EVENT_CASH_FLOW_001 c ON c.investor_id=p.investor_id WHERE h.risk_score>50 GROUP BY p.category, c.type ORDER BY p.category, c.type;","{""_total_rows"": 54, ""_truncated_to"": 50, ""rows"": [{""category"": null, ""type"": null, ""investor_count"": 9}, {""category"": null, ""type"": ""Deposit"", ""investor_count"": 20}, {""category"": null, ""type"": ""Dividend Reinvestment"", ""investor_count"": 19}, {""category"": null, ""type"": ""Interest Credit"", ""investor_count"": 20}, {""category"": null, ""type"": ""Lump Sum"", ""investor_count"": 22}, {""category"": null, ""type"": ""Redemption"", ""investor_count"": 17}, {""category"": null, ""type"": ""SIP"", ""investor_count"": 15}, {""category"": null, ""type"": ""Tax Refund"", ""investor_count"": 16}, {""category"": null, ""type"": ""Withdrawal"", ""investor_count"": 19}, {""category"": ""Debt"", ""type"": null, ""investor_count"": 23}, {""category"": ""Debt"", ""type"": ""Deposit"", ""investor_count"": 61}, {""category"": ""Debt"", ""type"": ""Dividend Reinvestment"", ""investor_count"": 51}, {""category"": ""Debt"", ""type"": ""Interest Credit"", ""investor_count"": 50}, {""category"": ""Debt"", ""type"": ""Lump Sum"", ""investor_count"": 55}, {""category"": ""Debt"", ""type"": ""Redemption"", ""investor_count"": 58}, {""category"": ""Debt"", ""type"": ""SIP"", ""investor_count"": 59}, {""category"": ""Debt"", ""type"": ""Tax Refund"", ""investor_count"": 57}, {""category"": ""Debt"", ""type"": ""Withdrawal"", ""investor_count"": 54}, {""category"": ""Equity"", ""type"": null, ""investor_count"": 33}, {""category"": ""Equity"", ""type"": ""Deposit"", ""investor_count"": 54}, {""category"": ""Equity"", ""type"": ""Dividend Reinvestment"", ""investor_count"": 75}, {""category"": ""Equity"", ""type"": ""Interest Credit"", ""investor_count"": 74}, {""category"": ""Equity"", ""type"": ""Lump Sum"", ""investor_count"": 65}, {""category"": ""Equity"", ""type"": ""Redemption"", ""investor_count"": 62}, {""category"": ""Equity"", ""type"": ""SIP"", ""investor_count"": 78}, {""category"": ""Equity"", ""type"": ""Tax Refund"", ""investor_count"": 80}, {""category"": ""Equity"", ""type"": ""Withdrawal"", ""investor_count"": 58}, {""category"": ""Gold"", ""type"": null, ""investor_count"": 26}, {""category"": ""Gold"", ""type"": ""Deposit"", ""investor_count"": 63}, {""category"": ""Gold"", ""type"": ""Dividend Reinvestment"", ""investor_count"": 64}, {""category"": ""Gold"", ""type"": ""Interest Credit"", ""investor_count"": 65}, {""category"": ""Gold"", ""type"": ""Lump Sum"", ""investor_count"": 63}, {""category"": ""Gold"", ""type"": ""Redemption"", ""investor_count"": 56}, {""category"": ""Gold"", ""type"": ""SIP"", ""investor_count"": 63}, {""category"": ""Gold"", ""type"": ""Tax Refund"", ""investor_count"": 60}, {""category"": ""Gold"", ""type"": ""Withdrawal"", ""investor_count"": 71}, {""category"": ""Hybrid"", ""type"": null, ""investor_count"": 32}, {""category"": ""Hybrid"", ""type"": ""Deposit"", ""investor_count"": 67}, {""category"": ""Hybrid"", ""type"": ""Dividend Reinvestment"", ""investor_count"": 67}, {""category"": ""Hybrid"", ""type"": ""Interest Credit"", ""investor_count"": 74}, {""category"": ""Hybrid"", ""type"": ""Lump Sum"", ""investor_count"": 74}, {""category"": ""Hybrid"", ""type"": ""Redemption"", ""investor_count"": 58}, {""category"": ""Hybrid"", ""type"": ""SIP"", ""investor_count"": 74}, {""category"": ""Hybrid"", ""type"": ""Tax Refund"", ""investor_count"": 62}, {""category"": ""Hybrid"", ""type"": ""Withdrawal"", ""investor_count"": 71}, {""category"": ""Real Estate"", ""type"": null, ""investor_count"": 32}, {""category"": ""Real Estate"", ""type"": ""Deposit"", ""investor_count"": 57}, {""category"": ""Real Estate"", ""type"": ""Dividend Reinvestment"", ""investor_count"": 56}, {""category"": ""Real Estate"", ""type"": ""Interest Credit"", ""investor_count"": 54}, {""category"": ""Real Estate"", ""type"": ""Lump Sum"", ""investor_count"": 67}]}"
wealth_management_enrichment_context_125_questions:EC125-4T-002,wealth_management_enrichment_context_125_questions.csv,EC125-4T-002,"For each risk tolerance, how many distinct investors with a risk score above 25 both hold a position with investment type 'Equity' and have a SIP transaction?",enrichment / context,Advanced,Multi-Relational,ATOM_ENTITY_INVESTOR_PROFILE_001; ATOM_ENTITY_PORTFOLIO_HEALTH_001; ATOM_ENTITY_PORTFOLIO_HOLDING_001; ATOM_EVENT_CASH_FLOW_001,4,"SELECT p.risk_tolerance AS risk_tolerance, COUNT(DISTINCT p.investor_id) AS investor_count FROM ATOM_ENTITY_INVESTOR_PROFILE_001 p JOIN ATOM_ENTITY_PORTFOLIO_HEALTH_001 h ON h.investor_id=p.investor_id WHERE h.risk_score>25 AND EXISTS (SELECT 1 FROM ATOM_ENTITY_PORTFOLIO_HOLDING_001 o WHERE o.investor_id=p.investor_id AND o.investment_type='Equity') AND EXISTS (SELECT 1 FROM ATOM_EVENT_CASH_FLOW_001 c WHERE c.investor_id=p.investor_id AND c.type='SIP') GROUP BY p.risk_tolerance ORDER BY p.risk_tolerance;","[{""risk_tolerance"": null, ""investor_count"": 11}, {""risk_tolerance"": ""Aggressive"", ""investor_count"": 77}, {""risk_tolerance"": ""Conservative"", ""investor_count"": 98}, {""risk_tolerance"": ""Moderate"", ""investor_count"": 75}]"
wealth_management_enrichment_context_125_questions:EC125-4T-006,wealth_management_enrichment_context_125_questions.csv,EC125-4T-006,"For each risk tolerance, how many distinct investors with a risk score above 25 both hold a position with investment type 'ETF' and have a Buy rebalancing action?",enrichment / context,Advanced,Multi-Relational,ATOM_ENTITY_INVESTOR_PROFILE_001; ATOM_ENTITY_PORTFOLIO_HEALTH_001; ATOM_ENTITY_PORTFOLIO_HOLDING_001; ATOM_EVENT_REBALANCING_ACTION_001,4,"SELECT p.risk_tolerance AS risk_tolerance, COUNT(DISTINCT p.investor_id) AS investor_count FROM ATOM_ENTITY_INVESTOR_PROFILE_001 p JOIN ATOM_ENTITY_PORTFOLIO_HEALTH_001 h ON h.investor_id=p.investor_id WHERE h.risk_score>25 AND EXISTS (SELECT 1 FROM ATOM_ENTITY_PORTFOLIO_HOLDING_001 o WHERE o.investor_id=p.investor_id AND o.investment_type='ETF') AND EXISTS (SELECT 1 FROM ATOM_EVENT_REBALANCING_ACTION_001 r WHERE r.investor_id=p.investor_id AND r.action='Buy') GROUP BY p.risk_tolerance ORDER BY p.risk_tolerance;","[{""risk_tolerance"": null, ""investor_count"": 5}, {""risk_tolerance"": ""Aggressive"", ""investor_count"": 25}, {""risk_tolerance"": ""Conservative"", ""investor_count"": 20}, {""risk_tolerance"": ""Moderate"", ""investor_count"": 32}]"
wealth_management_enrichment_context_125_questions:EC125-4T-010,wealth_management_enrichment_context_125_questions.csv,EC125-4T-010,"For each risk tolerance, how many distinct investors with a risk score above 25 both hold a Real Estate position and have a Growth goal?",enrichment / context,Advanced,Multi-Relational,ATOM_ENTITY_INVESTMENT_GOAL_001; ATOM_ENTITY_INVESTOR_PROFILE_001; ATOM_ENTITY_PORTFOLIO_HEALTH_001; ATOM_ENTITY_PORTFOLIO_HOLDING_001,4,"SELECT p.risk_tolerance AS risk_tolerance, COUNT(DISTINCT p.investor_id) AS investor_count FROM ATOM_ENTITY_INVESTOR_PROFILE_001 p JOIN ATOM_ENTITY_PORTFOLIO_HEALTH_001 h ON h.investor_id=p.investor_id WHERE h.risk_score>25 AND EXISTS (SELECT 1 FROM ATOM_ENTITY_PORTFOLIO_HOLDING_001 o WHERE o.investor_id=p.investor_id AND o.investment_type='Real Estate') AND EXISTS (SELECT 1 FROM ATOM_ENTITY_INVESTMENT_GOAL_001 g WHERE g.investor_id=p.investor_id AND g.investment_goal='Growth') GROUP BY p.risk_tolerance ORDER BY p.risk_tolerance;","[{""risk_tolerance"": null, ""investor_count"": 13}, {""risk_tolerance"": ""Aggressive"", ""investor_count"": 75}, {""risk_tolerance"": ""Conservative"", ""investor_count"": 77}, {""risk_tolerance"": ""Moderate"", ""investor_count"": 87}]"
wealth_management_enrichment_context_125_questions:EC125-4T-014,wealth_management_enrichment_context_125_questions.csv,EC125-4T-014,"For each time horizon, how many distinct investors with a risk score above 25 both hold a position with investment type 'Equity' and have a SIP transaction?",enrichment / context,Advanced,Multi-Relational,ATOM_ENTITY_INVESTOR_PROFILE_001; ATOM_ENTITY_PORTFOLIO_HEALTH_001; ATOM_ENTITY_PORTFOLIO_HOLDING_001; ATOM_EVENT_CASH_FLOW_001,4,"SELECT p.time_horizon AS time_horizon, COUNT(DISTINCT p.investor_id) AS investor_count FROM ATOM_ENTITY_INVESTOR_PROFILE_001 p JOIN ATOM_ENTITY_PORTFOLIO_HEALTH_001 h ON h.investor_id=p.investor_id WHERE h.risk_score>25 AND EXISTS (SELECT 1 FROM ATOM_ENTITY_PORTFOLIO_HOLDING_001 o WHERE o.investor_id=p.investor_id AND o.investment_type='Equity') AND EXISTS (SELECT 1 FROM ATOM_EVENT_CASH_FLOW_001 c WHERE c.investor_id=p.investor_id AND c.type='SIP') GROUP BY p.time_horizon ORDER BY p.time_horizon;","[{""time_horizon"": null, ""investor_count"": 11}, {""time_horizon"": ""Long-term"", ""investor_count"": 68}, {""time_horizon"": ""Medium-term"", ""investor_count"": 89}, {""time_horizon"": ""Short-term"", ""investor_count"": 93}]"
wealth_management_enrichment_context_125_questions:EC125-4T-018,wealth_management_enrichment_context_125_questions.csv,EC125-4T-018,"For each time horizon, how many distinct investors with a risk score above 25 both hold a position with investment type 'ETF' and have a Buy rebalancing action?",enrichment / context,Advanced,Multi-Relational,ATOM_ENTITY_INVESTOR_PROFILE_001; ATOM_ENTITY_PORTFOLIO_HEALTH_001; ATOM_ENTITY_PORTFOLIO_HOLDING_001; ATOM_EVENT_REBALANCING_ACTION_001,4,"SELECT p.time_horizon AS time_horizon, COUNT(DISTINCT p.investor_id) AS investor_count FROM ATOM_ENTITY_INVESTOR_PROFILE_001 p JOIN ATOM_ENTITY_PORTFOLIO_HEALTH_001 h ON h.investor_id=p.investor_id WHERE h.risk_score>25 AND EXISTS (SELECT 1 FROM ATOM_ENTITY_PORTFOLIO_HOLDING_001 o WHERE o.investor_id=p.investor_id AND o.investment_type='ETF') AND EXISTS (SELECT 1 FROM ATOM_EVENT_REBALANCING_ACTION_001 r WHERE r.investor_id=p.investor_id AND r.action='Buy') GROUP BY p.time_horizon ORDER BY p.time_horizon;","[{""time_horizon"": null, ""investor_count"": 3}, {""time_horizon"": ""Long-term"", ""investor_count"": 31}, {""time_horizon"": ""Medium-term"", ""investor_count"": 24}, {""time_horizon"": ""Short-term"", ""investor_count"": 24}]"
wealth_management_enrichment_context_125_questions:EC125-4T-022,wealth_management_enrichment_context_125_questions.csv,EC125-4T-022,"For each time horizon, how many distinct investors with a risk score above 25 both hold a Real Estate position and have a Growth goal?",enrichment / context,Advanced,Multi-Relational,ATOM_ENTITY_INVESTMENT_GOAL_001; ATOM_ENTITY_INVESTOR_PROFILE_001; ATOM_ENTITY_PORTFOLIO_HEALTH_001; ATOM_ENTITY_PORTFOLIO_HOLDING_001,4,"SELECT p.time_horizon AS time_horizon, COUNT(DISTINCT p.investor_id) AS investor_count FROM ATOM_ENTITY_INVESTOR_PROFILE_001 p JOIN ATOM_ENTITY_PORTFOLIO_HEALTH_001 h ON h.investor_id=p.investor_id WHERE h.risk_score>25 AND EXISTS (SELECT 1 FROM ATOM_ENTITY_PORTFOLIO_HOLDING_001 o WHERE o.investor_id=p.investor_id AND o.investment_type='Real Estate') AND EXISTS (SELECT 1 FROM ATOM_ENTITY_INVESTMENT_GOAL_001 g WHERE g.investor_id=p.investor_id AND g.investment_goal='Growth') GROUP BY p.time_horizon ORDER BY p.time_horizon;","[{""time_horizon"": null, ""investor_count"": 17}, {""time_horizon"": ""Long-term"", ""investor_count"": 74}, {""time_horizon"": ""Medium-term"", ""investor_count"": 83}, {""time_horizon"": ""Short-term"", ""investor_count"": 78}]"
wealth_management_enrichment_context_125_questions:EC125-4T-026,wealth_management_enrichment_context_125_questions.csv,EC125-4T-026,"For each segment, how many distinct investors with a risk score above 25 both hold a position with investment type 'Equity' and have a SIP transaction?",enrichment / context,Advanced,Multi-Relational,ATOM_ENTITY_INVESTOR_PROFILE_001; ATOM_ENTITY_PORTFOLIO_HEALTH_001; ATOM_ENTITY_PORTFOLIO_HOLDING_001; ATOM_EVENT_CASH_FLOW_001,4,"SELECT p.segment AS segment, COUNT(DISTINCT p.investor_id) AS investor_count FROM ATOM_ENTITY_INVESTOR_PROFILE_001 p JOIN ATOM_ENTITY_PORTFOLIO_HEALTH_001 h ON h.investor_id=p.investor_id WHERE h.risk_score>25 AND EXISTS (SELECT 1 FROM ATOM_ENTITY_PORTFOLIO_HOLDING_001 o WHERE o.investor_id=p.investor_id AND o.investment_type='Equity') AND EXISTS (SELECT 1 FROM ATOM_EVENT_CASH_FLOW_001 c WHERE c.investor_id=p.investor_id AND c.type='SIP') GROUP BY p.segment ORDER BY p.segment;","[{""segment"": null, ""investor_count"": 11}, {""segment"": ""Diversified"", ""investor_count"": 65}, {""segment"": ""Large Cap"", ""investor_count"": 67}, {""segment"": ""Mid Cap"", ""investor_count"": 58}, {""segment"": ""Small Cap"", ""investor_count"": 60}]"
wealth_management_enrichment_context_125_questions:EC125-4T-030,wealth_management_enrichment_context_125_questions.csv,EC125-4T-030,"For each segment, how many distinct investors with a risk score above 25 both hold a position with investment type 'ETF' and have a Buy rebalancing action?",enrichment / context,Advanced,Multi-Relational,ATOM_ENTITY_INVESTOR_PROFILE_001; ATOM_ENTITY_PORTFOLIO_HEALTH_001; ATOM_ENTITY_PORTFOLIO_HOLDING_001; ATOM_EVENT_REBALANCING_ACTION_001,4,"SELECT p.segment AS segment, COUNT(DISTINCT p.investor_id) AS investor_count FROM ATOM_ENTITY_INVESTOR_PROFILE_001 p JOIN ATOM_ENTITY_PORTFOLIO_HEALTH_001 h ON h.investor_id=p.investor_id WHERE h.risk_score>25 AND EXISTS (SELECT 1 FROM ATOM_ENTITY_PORTFOLIO_HOLDING_001 o WHERE o.investor_id=p.investor_id AND o.investment_type='ETF') AND EXISTS (SELECT 1 FROM ATOM_EVENT_REBALANCING_ACTION_001 r WHERE r.investor_id=p.investor_id AND r.action='Buy') GROUP BY p.segment ORDER BY p.segment;","[{""segment"": null, ""investor_count"": 4}, {""segment"": ""Diversified"", ""investor_count"": 20}, {""segment"": ""Large Cap"", ""investor_count"": 21}, {""segment"": ""Mid Cap"", ""investor_count"": 23}, {""segment"": ""Small Cap"", ""investor_count"": 14}]"
wealth_management_enrichment_context_125_questions:EC125-4T-034,wealth_management_enrichment_context_125_questions.csv,EC125-4T-034,"For each segment, how many distinct investors with a risk score above 25 both hold a Corporate Bond position and have a Withdrawal transaction?",enrichment / context,Advanced,Multi-Relational,ATOM_ENTITY_INVESTOR_PROFILE_001; ATOM_ENTITY_PORTFOLIO_HEALTH_001; ATOM_ENTITY_PORTFOLIO_HOLDING_001; ATOM_EVENT_CASH_FLOW_001,4,"SELECT p.segment AS segment, COUNT(DISTINCT p.investor_id) AS investor_count FROM ATOM_ENTITY_INVESTOR_PROFILE_001 p JOIN ATOM_ENTITY_PORTFOLIO_HEALTH_001 h ON h.investor_id=p.investor_id WHERE h.risk_score>25 AND EXISTS (SELECT 1 FROM ATOM_ENTITY_PORTFOLIO_HOLDING_001 o WHERE o.investor_id=p.investor_id AND o.investment_type='Corporate Bond') AND EXISTS (SELECT 1 FROM ATOM_EVENT_CASH_FLOW_001 c WHERE c.investor_id=p.investor_id AND c.type='Withdrawal') GROUP BY p.segment ORDER BY p.segment;","[{""segment"": null, ""investor_count"": 7}, {""segment"": ""Diversified"", ""investor_count"": 53}, {""segment"": ""Large Cap"", ""investor_count"": 53}, {""segment"": ""Mid Cap"", ""investor_count"": 60}, {""segment"": ""Small Cap"", ""investor_count"": 74}]"
wealth_management_multi_step_comparative_125_questions:MC125-003,wealth_management_multi_step_comparative_125_questions.csv,MC125-003,"Across risk tolerance, compare the average rebalance amount, average rebalance shift (target minus current allocation %), and average rebalance count (0 for investors with no rebalancing actions) of investors.",Cross-dimension metric comparison,Hard,Comparative,ATOM_ENTITY_INVESTOR_PROFILE_001; ATOM_EVENT_REBALANCING_ACTION_001,2,"WITH reb AS (SELECT investor_id, SUM(amount) r_amt, AVG(target_allocation_pct-current_allocation_pct) r_shift, COUNT(*) r_cnt FROM ATOM_EVENT_REBALANCING_ACTION_001 GROUP BY investor_id)
SELECT p.risk_tolerance AS risk_tolerance,
       ROUND(AVG(rb.r_amt),2) AS avg_rebalance_amount,
       ROUND(AVG(rb.r_shift),2) AS avg_rebalance_shift,
       ROUND(AVG(COALESCE(rb.r_cnt,0)),2) AS avg_rebalance_count,
       COUNT(DISTINCT p.investor_id) AS investor_count
FROM ATOM_ENTITY_INVESTOR_PROFILE_001 p
     LEFT JOIN reb rb ON rb.investor_id=p.investor_id
GROUP BY p.risk_tolerance
ORDER BY p.risk_tolerance;","[{""risk_tolerance"": null, ""avg_rebalance_amount"": 415032.17, ""avg_rebalance_shift"": 0.43, ""avg_rebalance_count"": 3.55, ""investor_count"": 77}, {""risk_tolerance"": ""Aggressive"", ""avg_rebalance_amount"": 405853.84, ""avg_rebalance_shift"": -1.29, ""avg_rebalance_count"": 4.15, ""investor_count"": 486}, {""risk_tolerance"": ""Conservative"", ""avg_rebalance_amount"": 414995.35, ""avg_rebalance_shift"": 1.75, ""avg_rebalance_count"": 3.96, ""investor_count"": 502}, {""risk_tolerance"": ""Moderate"", ""avg_rebalance_amount"": 396592.36, ""avg_rebalance_shift"": -1.76, ""avg_rebalance_count"": 3.95, ""investor_count"": 485}]"
wealth_management_multi_step_comparative_125_questions:MC125-007,wealth_management_multi_step_comparative_125_questions.csv,MC125-007,"Across risk tolerance, compare the average goal progress, average goal shortfall, average annual return, and average goal volatility of investors.",Cross-dimension metric comparison,Hard,Comparative,ATOM_ENTITY_INVESTMENT_GOAL_001; ATOM_ENTITY_INVESTOR_PROFILE_001,2,"WITH goals AS (SELECT investor_id, AVG(progress_pct) g_prog, AVG(shortfall) g_short, AVG(avg_annual_return_pct) g_ret, AVG(avg_volatility_pct) g_vol FROM ATOM_ENTITY_INVESTMENT_GOAL_001 GROUP BY investor_id)
SELECT p.risk_tolerance AS risk_tolerance,
       ROUND(AVG(g.g_prog),2) AS avg_goal_progress,
       ROUND(AVG(g.g_short),2) AS avg_goal_shortfall,
       ROUND(AVG(g.g_ret),2) AS avg_annual_return,
       ROUND(AVG(g.g_vol),2) AS avg_goal_volatility,
       COUNT(DISTINCT p.investor_id) AS investor_count
FROM ATOM_ENTITY_INVESTOR_PROFILE_001 p
     LEFT JOIN goals g ON g.investor_id=p.investor_id
GROUP BY p.risk_tolerance
ORDER BY p.risk_tolerance;","[{""risk_tolerance"": null, ""avg_goal_progress"": 46.45, ""avg_goal_shortfall"": 18627483.33, ""avg_annual_return"": 11.47, ""avg_goal_volatility"": 13.94, ""investor_count"": 77}, {""risk_tolerance"": ""Aggressive"", ""avg_goal_progress"": 39.76, ""avg_goal_shortfall"": 23218312.17, ""avg_annual_return"": 10.27, ""avg_goal_volatility"": 14.38, ""investor_count"": 486}, {""risk_tolerance"": ""Conservative"", ""avg_goal_progress"": 38.25, ""avg_goal_shortfall"": 23686380.49, ""avg_annual_return"": 10.42, ""avg_goal_volatility"": 14.19, ""investor_count"": 502}, {""risk_tolerance"": ""Moderate"", ""avg_goal_progress"": 41.21, ""avg_goal_shortfall"": 22760174.64, ""avg_annual_return"": 10.61, ""avg_goal_volatility"": 14.46, ""investor_count"": 485}]"
wealth_management_multi_step_comparative_125_questions:MC125-011,wealth_management_multi_step_comparative_125_questions.csv,MC125-011,"Across time horizon, compare the average total sector investment and average allocation percentage of investors.",Cross-dimension metric comparison,Hard,Comparative,ATOM_ENTITY_INVESTOR_PROFILE_001; ATOM_ENTITY_SECTOR_ALLOCATION_001,2,"WITH alloc AS (SELECT investor_id, SUM(total_investment) a_inv, AVG(allocation_pct) a_pct FROM ATOM_ENTITY_SECTOR_ALLOCATION_001 GROUP BY investor_id)
SELECT p.time_horizon AS time_horizon,
       ROUND(AVG(al.a_inv),2) AS avg_sector_investment,
       ROUND(AVG(al.a_pct),2) AS avg_allocation_pct,
       COUNT(DISTINCT p.investor_id) AS investor_count
FROM ATOM_ENTITY_INVESTOR_PROFILE_001 p
     LEFT JOIN alloc al ON al.investor_id=p.investor_id
GROUP BY p.time_horizon
ORDER BY p.time_horizon;","[{""time_horizon"": null, ""avg_sector_investment"": 865681.58, ""avg_allocation_pct"": 14.6, ""investor_count"": 77}, {""time_horizon"": ""Long-term"", ""avg_sector_investment"": 861989.24, ""avg_allocation_pct"": 15.93, ""investor_count"": 489}, {""time_horizon"": ""Medium-term"", ""avg_sector_investment"": 970873.64, ""avg_allocation_pct"": 15.86, ""investor_count"": 487}, {""time_horizon"": ""Short-term"", ""avg_sector_investment"": 914355.96, ""avg_allocation_pct"": 14.05, ""investor_count"": 497}]"
wealth_management_multi_step_comparative_125_questions:MC125-015,wealth_management_multi_step_comparative_125_questions.csv,MC125-015,"Across segment, compare the average net cash flow, average signed cash-flow amount, and average cash-flow count of investors.",Cross-dimension metric comparison,Hard,Comparative,ATOM_ENTITY_INVESTOR_PROFILE_001; ATOM_EVENT_CASH_FLOW_001,2,"WITH cash AS (SELECT investor_id, SUM(amount) c_net, AVG(amount) c_avg, COUNT(*) c_cnt FROM ATOM_EVENT_CASH_FLOW_001 GROUP BY investor_id)
SELECT p.segment AS segment,
       ROUND(AVG(cf.c_net),2) AS avg_net_cash_flow,
       ROUND(AVG(cf.c_avg),2) AS avg_cashflow_amount,
       ROUND(AVG(cf.c_cnt),2) AS avg_cashflow_count,
       COUNT(DISTINCT p.investor_id) AS investor_count
FROM ATOM_ENTITY_INVESTOR_PROFILE_001 p
     LEFT JOIN cash cf ON cf.investor_id=p.investor_id
GROUP BY p.segment
ORDER BY p.segment;","[{""segment"": null, ""avg_net_cash_flow"": 6821.25, ""avg_cashflow_amount"": 1432.01, ""avg_cashflow_count"": 5.04, ""investor_count"": 77}, {""segment"": ""Diversified"", ""avg_net_cash_flow"": 1395897.51, ""avg_cashflow_amount"": 242194.95, ""avg_cashflow_count"": 5.04, ""investor_count"": 360}, {""segment"": ""Large Cap"", ""avg_net_cash_flow"": 1079159.28, ""avg_cashflow_amount"": 198020.05, ""avg_cashflow_count"": 5.08, ""investor_count"": 373}, {""segment"": ""Mid Cap"", ""avg_net_cash_flow"": 1668695.27, ""avg_cashflow_amount"": 278403.47, ""avg_cashflow_count"": 5.05, ""investor_count"": 361}, {""segment"": ""Small Cap"", ""avg_net_cash_flow"": 1590088.87, ""avg_cashflow_amount"": 274106.59, ""avg_cashflow_count"": 5.04, ""investor_count"": 379}]"
wealth_management_multi_step_comparative_125_questions:MC125-019,wealth_management_multi_step_comparative_125_questions.csv,MC125-019,List the top 10 investors by total sector investment.,Investor composite ranking,Hard,Ranking,ATOM_ENTITY_INVESTOR_PROFILE_001; ATOM_ENTITY_SECTOR_ALLOCATION_001,2,"SELECT p.investor_id, p.investor_name,
       ROUND(SUM(al.total_investment),2) AS sector_investment
FROM ATOM_ENTITY_INVESTOR_PROFILE_001 p
     JOIN ATOM_ENTITY_SECTOR_ALLOCATION_001 al ON al.investor_id=p.investor_id
GROUP BY p.investor_id, p.investor_name
ORDER BY sector_investment DESC, p.investor_id ASC
LIMIT 10;","[{""investor_id"": ""INV-515"", ""investor_name"": ""Rahul Verma"", ""sector_investment"": 3918704.0}, {""investor_id"": ""INV-1315"", ""investor_name"": ""Priyanka Hegde"", ""sector_investment"": 3895040.0}, {""investor_id"": ""INV-1004"", ""investor_name"": ""Abhishek Hegde"", ""sector_investment"": 3682075.0}, {""investor_id"": ""INV-1125"", ""investor_name"": ""Vikram Joshi"", ""sector_investment"": 3621738.0}, {""investor_id"": ""INV-1096"", ""investor_name"": ""Amrita Sharma"", ""sector_investment"": 3596744.0}, {""investor_id"": ""INV-1304"", ""investor_name"": ""Aishwarya Chauhan"", ""sector_investment"": 3546684.0}, {""investor_id"": ""INV-250"", ""investor_name"": ""Vivek Chauhan"", ""sector_investment"": 3446611.0}, {""investor_id"": ""INV-886"", ""investor_name"": ""Rohan Pandey"", ""sector_investment"": 3110874.0}, {""investor_id"": ""INV-1312"", ""investor_name"": ""Amit Verma"", ""sector_investment"": 3090435.0}, {""investor_id"": ""INV-1481"", ""investor_name"": ""Amit Mishra"", ""sector_investment"": 3036561.0}]"
wealth_management_multi_step_comparative_125_questions:MC125-023,wealth_management_multi_step_comparative_125_questions.csv,MC125-023,List the top 20 investors by total net cash flow.,Investor composite ranking,Hard,Ranking,ATOM_ENTITY_INVESTOR_PROFILE_001; ATOM_EVENT_CASH_FLOW_001,2,"SELECT p.investor_id, p.investor_name,
       ROUND(SUM(cf.amount),2) AS net_cash_flow
FROM ATOM_ENTITY_INVESTOR_PROFILE_001 p
     JOIN ATOM_EVENT_CASH_FLOW_001 cf ON cf.investor_id=p.investor_id
GROUP BY p.investor_id, p.investor_name
ORDER BY net_cash_flow DESC, p.investor_id ASC
LIMIT 20;","[{""investor_id"": ""INV-122"", ""investor_name"": ""Dipti Gupta"", ""net_cash_flow"": 100018438.0}, {""investor_id"": ""INV-202"", ""investor_name"": ""Chetan Patel"", ""net_cash_flow"": 100017961.0}, {""investor_id"": ""INV-642"", ""investor_name"": ""Priyanka Mishra"", ""net_cash_flow"": 100016395.0}, {""investor_id"": ""INV-482"", ""investor_name"": ""Deepak Mishra"", ""net_cash_flow"": 100015961.0}, {""investor_id"": ""INV-082"", ""investor_name"": ""Amit Chauhan"", ""net_cash_flow"": 100015142.0}, {""investor_id"": ""INV-1522"", ""investor_name"": ""Sunita Kulkarni"", ""net_cash_flow"": 100014834.0}, {""investor_id"": ""INV-1322"", ""investor_name"": ""Bhavna Gupta"", ""net_cash_flow"": 100013945.0}, {""investor_id"": ""INV-1042"", ""investor_name"": ""Rajesh Kulkarni"", ""net_cash_flow"": 100011994.0}, {""investor_id"": ""INV-522"", ""investor_name"": ""Siddharth Chauhan"", ""net_cash_flow"": 100009757.0}, {""investor_id"": ""INV-322"", ""investor_name"": ""Akshay Nair"", ""net_cash_flow"": 100009040.0}, {""investor_id"": ""INV-802"", ""investor_name"": ""Sunita Arora"", ""net_cash_flow"": 100006527.0}, {""investor_id"": ""INV-1122"", ""investor_name"": ""Deepak Sharma"", ""net_cash_flow"": 100006313.0}, {""investor_id"": ""INV-282"", ""investor_name"": ""Anita Deshmukh"", ""net_cash_flow"": 100006303.0}, {""investor_id"": ""INV-1082"", ""investor_name"": ""Suresh Verma"", ""net_cash_flow"": 100006214.0}, {""investor_id"": ""INV-1482"", ""investor_name"": ""Aishwarya Joshi"", ""net_cash_flow"": 100005610.0}, {""investor_id"": ""INV-1362"", ""investor_name"": ""Rahul Bhat"", ""net_cash_flow"": 100005285.0}, {""investor_id"": ""INV-1202"", ""investor_name"": ""Sunita Sharma"", ""net_cash_flow"": 100004184.0}, {""investor_id"": ""INV-362"", ""investor_name"": ""Siddharth Kulkarni"", ""net_cash_flow"": 100003574.0}, {""investor_id"": ""INV-762"", ""investor_name"": ""Chetan Pandey"", ""net_cash_flow"": 100003558.0}, {""investor_id"": ""INV-1402"", ""investor_name"": ""Dipti Yadav"", ""net_cash_flow"": 100003452.0}]"
wealth_management_multi_step_comparative_125_questions:MC125-027,wealth_management_multi_step_comparative_125_questions.csv,MC125-027,"Across risk tolerance, compare the average net cash flow, average signed cash-flow amount, and average rebalance amount of investors.",Cross-dimension metric comparison,Hard,Multi-step Comparative,ATOM_ENTITY_INVESTOR_PROFILE_001; ATOM_EVENT_CASH_FLOW_001; ATOM_EVENT_REBALANCING_ACTION_001,3,"WITH cash AS (SELECT investor_id, SUM(amount) c_net, AVG(amount) c_avg, COUNT(*) c_cnt FROM ATOM_EVENT_CASH_FLOW_001 GROUP BY investor_id),
     reb AS (SELECT investor_id, SUM(amount) r_amt, AVG(target_allocation_pct-current_allocation_pct) r_shift, COUNT(*) r_cnt FROM ATOM_EVENT_REBALANCING_ACTION_001 GROUP BY investor_id)
SELECT p.risk_tolerance AS risk_tolerance,
       ROUND(AVG(cf.c_net),2) AS avg_net_cash_flow,
       ROUND(AVG(cf.c_avg),2) AS avg_cashflow_amount,
       ROUND(AVG(rb.r_amt),2) AS avg_rebalance_amount,
       COUNT(DISTINCT p.investor_id) AS investor_count
FROM ATOM_ENTITY_INVESTOR_PROFILE_001 p
     LEFT JOIN cash cf ON cf.investor_id=p.investor_id
     LEFT JOIN reb rb ON rb.investor_id=p.investor_id
GROUP BY p.risk_tolerance
ORDER BY p.risk_tolerance;","[{""risk_tolerance"": null, ""avg_net_cash_flow"": 7844.03, ""avg_cashflow_amount"": 1629.62, ""avg_rebalance_amount"": 415032.17, ""investor_count"": 77}, {""risk_tolerance"": ""Aggressive"", ""avg_net_cash_flow"": 1652919.38, ""avg_cashflow_amount"": 282637.82, ""avg_rebalance_amount"": 405853.84, ""investor_count"": 486}, {""risk_tolerance"": ""Conservative"", ""avg_net_cash_flow"": 1600495.38, ""avg_cashflow_amount"": 273687.31, ""avg_rebalance_amount"": 414995.35, ""investor_count"": 502}, {""risk_tolerance"": ""Moderate"", ""avg_net_cash_flow"": 1037620.49, ""avg_cashflow_amount"": 186955.64, ""avg_rebalance_amount"": 396592.36, ""investor_count"": 485}]"
wealth_management_multi_step_comparative_125_questions:MC125-031,wealth_management_multi_step_comparative_125_questions.csv,MC125-031,"Across risk tolerance, compare the average net cash flow, average signed cash-flow amount, and average goal progress of investors.",Cross-dimension metric comparison,Hard,Multi-step Comparative,ATOM_ENTITY_INVESTMENT_GOAL_001; ATOM_ENTITY_INVESTOR_PROFILE_001; ATOM_EVENT_CASH_FLOW_001,3,"WITH cash AS (SELECT investor_id, SUM(amount) c_net, AVG(amount) c_avg, COUNT(*) c_cnt FROM ATOM_EVENT_CASH_FLOW_001 GROUP BY investor_id),
     goals AS (SELECT investor_id, AVG(progress_pct) g_prog, AVG(shortfall) g_short, AVG(avg_annual_return_pct) g_ret, AVG(avg_volatility_pct) g_vol FROM ATOM_ENTITY_INVESTMENT_GOAL_001 GROUP BY investor_id)
SELECT p.risk_tolerance AS risk_tolerance,
       ROUND(AVG(cf.c_net),2) AS avg_net_cash_flow,
       ROUND(AVG(cf.c_avg),2) AS avg_cashflow_amount,
       ROUND(AVG(g.g_prog),2) AS avg_goal_progress,
       COUNT(DISTINCT p.investor_id) AS investor_count
FROM ATOM_ENTITY_INVESTOR_PROFILE_001 p
     LEFT JOIN cash cf ON cf.investor_id=p.investor_id
     LEFT JOIN goals g ON g.investor_id=p.investor_id
GROUP BY p.risk_tolerance
ORDER BY p.risk_tolerance;","[{""risk_tolerance"": null, ""avg_net_cash_flow"": 7844.03, ""avg_cashflow_amount"": 1629.62, ""avg_goal_progress"": 46.45, ""investor_count"": 77}, {""risk_tolerance"": ""Aggressive"", ""avg_net_cash_flow"": 1652919.38, ""avg_cashflow_amount"": 282637.82, ""avg_goal_progress"": 39.76, ""investor_count"": 486}, {""risk_tolerance"": ""Conservative"", ""avg_net_cash_flow"": 1600495.38, ""avg_cashflow_amount"": 273687.31, ""avg_goal_progress"": 38.25, ""investor_count"": 502}, {""risk_tolerance"": ""Moderate"", ""avg_net_cash_flow"": 1037620.49, ""avg_cashflow_amount"": 186955.64, ""avg_goal_progress"": 41.21, ""investor_count"": 485}]"
wealth_management_multi_step_comparative_125_questions:MC125-035,wealth_management_multi_step_comparative_125_questions.csv,MC125-035,"Across risk tolerance, compare the average total holding value, average holding return (counting only holdings with a recorded cost and current value), and average risk score of investors.",Cross-dimension metric comparison,Hard,Multi-step Comparative,ATOM_ENTITY_INVESTOR_PROFILE_001; ATOM_ENTITY_PORTFOLIO_HEALTH_001; ATOM_ENTITY_PORTFOLIO_HOLDING_001,3,"WITH hold AS (SELECT o.investor_id, SUM(o.current_value) h_val, AVG(CASE WHEN o.cost > 0 AND o.current_value IS NOT NULL THEN o.returns_pct END) h_ret, SUM(CASE WHEN o.cost > 0 AND o.current_value IS NOT NULL THEN o.current_value - o.cost END) h_gain, SUM(o.dividends) h_div FROM ATOM_ENTITY_PORTFOLIO_HOLDING_001 o GROUP BY o.investor_id)
SELECT p.risk_tolerance AS risk_tolerance,
       ROUND(AVG(ho.h_val),2) AS avg_holding_value,
       ROUND(AVG(ho.h_ret),2) AS avg_holding_return,
       ROUND(AVG(h.risk_score),2) AS avg_risk_score,
       COUNT(DISTINCT p.investor_id) AS investor_count
FROM ATOM_ENTITY_INVESTOR_PROFILE_001 p
     LEFT JOIN hold ho ON ho.investor_id=p.investor_id
     LEFT JOIN ATOM_ENTITY_PORTFOLIO_HEALTH_001 h ON h.investor_id=p.investor_id
GROUP BY p.risk_tolerance
ORDER BY p.risk_tolerance;","[{""risk_tolerance"": null, ""avg_holding_value"": 10459250.55, ""avg_holding_return"": 89.82, ""avg_risk_score"": 55.31, ""investor_count"": 77}, {""risk_tolerance"": ""Aggressive"", ""avg_holding_value"": 7772076.82, ""avg_holding_return"": 75.8, ""avg_risk_score"": 49.12, ""investor_count"": 486}, {""risk_tolerance"": ""Conservative"", ""avg_holding_value"": 7365637.73, ""avg_holding_return"": 64.68, ""avg_risk_score"": 51.7, ""investor_count"": 502}, {""risk_tolerance"": ""Moderate"", ""avg_holding_value"": 9186349.25, ""avg_holding_return"": 89.16, ""avg_risk_score"": 49.29, ""investor_count"": 485}]"
wealth_management_multi_step_comparative_125_questions:MC125-039,wealth_management_multi_step_comparative_125_questions.csv,MC125-039,"Across risk tolerance, compare the average rebalance amount, average rebalance shift (target minus current allocation %), and average risk score of investors.",Cross-dimension metric comparison,Hard,Multi-step Comparative,ATOM_ENTITY_INVESTOR_PROFILE_001; ATOM_ENTITY_PORTFOLIO_HEALTH_001; ATOM_EVENT_REBALANCING_ACTION_001,3,"WITH reb AS (SELECT investor_id, SUM(amount) r_amt, AVG(target_allocation_pct-current_allocation_pct) r_shift, COUNT(*) r_cnt FROM ATOM_EVENT_REBALANCING_ACTION_001 GROUP BY investor_id)
SELECT p.risk_tolerance AS risk_tolerance,
       ROUND(AVG(rb.r_amt),2) AS avg_rebalance_amount,
       ROUND(AVG(rb.r_shift),2) AS avg_rebalance_shift,
       ROUND(AVG(h.risk_score),2) AS avg_risk_score,
       COUNT(DISTINCT p.investor_id) AS investor_count
FROM ATOM_ENTITY_INVESTOR_PROFILE_001 p
     LEFT JOIN reb rb ON rb.investor_id=p.investor_id
     LEFT JOIN ATOM_ENTITY_PORTFOLIO_HEALTH_001 h ON h.investor_id=p.investor_id
GROUP BY p.risk_tolerance
ORDER BY p.risk_tolerance;","[{""risk_tolerance"": null, ""avg_rebalance_amount"": 415032.17, ""avg_rebalance_shift"": 0.43, ""avg_risk_score"": 55.31, ""investor_count"": 77}, {""risk_tolerance"": ""Aggressive"", ""avg_rebalance_amount"": 405853.84, ""avg_rebalance_shift"": -1.29, ""avg_risk_score"": 49.12, ""investor_count"": 486}, {""risk_tolerance"": ""Conservative"", ""avg_rebalance_amount"": 414995.35, ""avg_rebalance_shift"": 1.75, ""avg_risk_score"": 51.7, ""investor_count"": 502}, {""risk_tolerance"": ""Moderate"", ""avg_rebalance_amount"": 396592.36, ""avg_rebalance_shift"": -1.76, ""avg_risk_score"": 49.29, ""investor_count"": 485}]"
wealth_management_multi_step_comparative_125_questions:MC125-043,wealth_management_multi_step_comparative_125_questions.csv,MC125-043,"Across risk tolerance, compare the average total sector investment, average allocation percentage, and average goal progress of investors.",Cross-dimension metric comparison,Hard,Multi-step Comparative,ATOM_ENTITY_INVESTMENT_GOAL_001; ATOM_ENTITY_INVESTOR_PROFILE_001; ATOM_ENTITY_SECTOR_ALLOCATION_001,3,"WITH alloc AS (SELECT investor_id, SUM(total_investment) a_inv, AVG(allocation_pct) a_pct FROM ATOM_ENTITY_SECTOR_ALLOCATION_001 GROUP BY investor_id),
     goals AS (SELECT investor_id, AVG(progress_pct) g_prog, AVG(shortfall) g_short, AVG(avg_annual_return_pct) g_ret, AVG(avg_volatility_pct) g_vol FROM ATOM_ENTITY_INVESTMENT_GOAL_001 GROUP BY investor_id)
SELECT p.risk_tolerance AS risk_tolerance,
       ROUND(AVG(al.a_inv),2) AS avg_sector_investment,
       ROUND(AVG(al.a_pct),2) AS avg_allocation_pct,
       ROUND(AVG(g.g_prog),2) AS avg_goal_progress,
       COUNT(DISTINCT p.investor_id) AS investor_count
FROM ATOM_ENTITY_INVESTOR_PROFILE_001 p
     LEFT JOIN alloc al ON al.investor_id=p.investor_id
     LEFT JOIN goals g ON g.investor_id=p.investor_id
GROUP BY p.risk_tolerance
ORDER BY p.risk_tolerance;","[{""risk_tolerance"": null, ""avg_sector_investment"": 837086.46, ""avg_allocation_pct"": 15.32, ""avg_goal_progress"": 46.45, ""investor_count"": 77}, {""risk_tolerance"": ""Aggressive"", ""avg_sector_investment"": 905299.45, ""avg_allocation_pct"": 14.91, ""avg_goal_progress"": 39.76, ""investor_count"": 486}, {""risk_tolerance"": ""Conservative"", ""avg_sector_investment"": 897105.65, ""avg_allocation_pct"": 15.23, ""avg_goal_progress"": 38.25, ""investor_count"": 502}, {""risk_tolerance"": ""Moderate"", ""avg_sector_investment"": 944870.24, ""avg_allocation_pct"": 15.54, ""avg_goal_progress"": 41.21, ""investor_count"": 485}]"
wealth_management_multi_step_comparative_125_questions:MC125-047,wealth_management_multi_step_comparative_125_questions.csv,MC125-047,"Across time horizon, compare the average net cash flow, average signed cash-flow amount, and average total holding value of investors.",Cross-dimension metric comparison,Hard,Multi-step Comparative,ATOM_ENTITY_INVESTOR_PROFILE_001; ATOM_ENTITY_PORTFOLIO_HOLDING_001; ATOM_EVENT_CASH_FLOW_001,3,"WITH cash AS (SELECT investor_id, SUM(amount) c_net, AVG(amount) c_avg, COUNT(*) c_cnt FROM ATOM_EVENT_CASH_FLOW_001 GROUP BY investor_id),
     hold AS (SELECT investor_id, SUM(current_value) h_val, AVG(returns_pct) h_ret, SUM(current_value-cost) h_gain, SUM(dividends) h_div FROM ATOM_ENTITY_PORTFOLIO_HOLDING_001 GROUP BY investor_id)
SELECT p.time_horizon AS time_horizon,
       ROUND(AVG(cf.c_net),2) AS avg_net_cash_flow,
       ROUND(AVG(cf.c_avg),2) AS avg_cashflow_amount,
       ROUND(AVG(ho.h_val),2) AS avg_holding_value,
       COUNT(DISTINCT p.investor_id) AS investor_count
FROM ATOM_ENTITY_INVESTOR_PROFILE_001 p
     LEFT JOIN cash cf ON cf.investor_id=p.investor_id
     LEFT JOIN hold ho ON ho.investor_id=p.investor_id
GROUP BY p.time_horizon
ORDER BY p.time_horizon;","[{""time_horizon"": null, ""avg_net_cash_flow"": 1305239.48, ""avg_cashflow_amount"": 217813.59, ""avg_holding_value"": 9256000.18, ""investor_count"": 77}, {""time_horizon"": ""Long-term"", ""avg_net_cash_flow"": 1029435.71, ""avg_cashflow_amount"": 178677.57, ""avg_holding_value"": 8476172.69, ""investor_count"": 489}, {""time_horizon"": ""Medium-term"", ""avg_net_cash_flow"": 1649318.64, ""avg_cashflow_amount"": 282019.74, ""avg_holding_value"": 7810071.33, ""investor_count"": 487}, {""time_horizon"": ""Short-term"", ""avg_net_cash_flow"": 1415496.47, ""avg_cashflow_amount"": 249624.52, ""avg_holding_value"": 8197553.59, ""investor_count"": 497}]"
wealth_management_multi_step_comparative_125_questions:MC125-051,wealth_management_multi_step_comparative_125_questions.csv,MC125-051,"List the top 10 investors ranked by a composite score (0-100 index) combining net cash flow and total scenario allocation shift (sum of new minus current allocation %). Over investors that have both components, min-max normalise each component to 0-1, and take 100 times their equal-weighted mean; break ties by investor_id.",Investor composite ranking,Expert,Composite Reasoning,ATOM_ENTITY_INVESTOR_PROFILE_001; ATOM_EVENT_CASH_FLOW_001; ATOM_EVENT_SCENARIO_REBALANCING_001,3,"WITH cash AS (SELECT investor_id, SUM(amount) c_net FROM ATOM_EVENT_CASH_FLOW_001 GROUP BY investor_id),
     scen AS (SELECT investor_id, SUM(new_allocation_pct-current_allocation_pct) s_shift FROM ATOM_EVENT_SCENARIO_REBALANCING_001 GROUP BY investor_id),
     per AS (SELECT p.investor_id, p.investor_name,
                 cf.c_net AS net_cash_flow,
                 sc.s_shift AS scenario_shift
              FROM ATOM_ENTITY_INVESTOR_PROFILE_001 p
              LEFT JOIN cash cf ON cf.investor_id=p.investor_id
              LEFT JOIN scen sc ON sc.investor_id=p.investor_id
              WHERE cf.c_net IS NOT NULL AND sc.s_shift IS NOT NULL),
     b AS (SELECT MIN(net_cash_flow) mn_0, MAX(net_cash_flow) mx_0, MIN(scenario_shift) mn_1, MAX(scenario_shift) mx_1 FROM per)
SELECT per.investor_id, per.investor_name,
       ROUND(100.0*((net_cash_flow-b.mn_0)*1.0/NULLIF(b.mx_0-b.mn_0,0) + (scenario_shift-b.mn_1)*1.0/NULLIF(b.mx_1-b.mn_1,0))/2.0,2) AS composite_score,
       ROUND(per.net_cash_flow,2) AS net_cash_flow,
       ROUND(per.scenario_shift,2) AS scenario_shift
FROM per, b
ORDER BY composite_score DESC, per.investor_id ASC
LIMIT 10;","[{""investor_id"": ""INV-1322"", ""investor_name"": ""Bhavna Gupta"", ""composite_score"": 87.24, ""net_cash_flow"": 100013945.0, ""scenario_shift"": 84.0}, {""investor_id"": ""INV-202"", ""investor_name"": ""Chetan Patel"", ""composite_score"": 82.82, ""net_cash_flow"": 100017961.0, ""scenario_shift"": 58.0}, {""investor_id"": ""INV-842"", ""investor_name"": ""Akshay Iyer"", ""composite_score"": 82.82, ""net_cash_flow"": 99994483.0, ""scenario_shift"": 58.0}, {""investor_id"": ""INV-1082"", ""investor_name"": ""Suresh Verma"", ""composite_score"": 81.46, ""net_cash_flow"": 100006214.0, ""scenario_shift"": 50.0}, {""investor_id"": ""INV-1122"", ""investor_name"": ""Deepak Sharma"", ""composite_score"": 79.25, ""net_cash_flow"": 100006313.0, ""scenario_shift"": 37.0}, {""investor_id"": ""INV-042"", ""investor_name"": ""Suresh Bhat"", ""composite_score"": 75.51, ""net_cash_flow"": 99999255.0, ""scenario_shift"": 15.0}, {""investor_id"": ""INV-1335"", ""investor_name"": ""Anjali Gupta"", ""composite_score"": 75.0, ""net_cash_flow"": 3189.0, ""scenario_shift"": 159.0}, {""investor_id"": ""INV-482"", ""investor_name"": ""Deepak Mishra"", ""composite_score"": 74.66, ""net_cash_flow"": 100015961.0, ""scenario_shift"": 10.0}, {""investor_id"": ""INV-014"", ""investor_name"": ""Rohan Chauhan"", ""composite_score"": 72.28, ""net_cash_flow"": 2374.0, ""scenario_shift"": 143.0}, {""investor_id"": ""INV-1119"", ""investor_name"": ""Ishita Nair"", ""composite_score"": 71.77, ""net_cash_flow"": -413.0, ""scenario_shift"": 140.0}]"
wealth_management_multi_step_comparative_125_questions:MC125-055,wealth_management_multi_step_comparative_125_questions.csv,MC125-055,"Among investors with every component recorded, list the top 10 ranked by a composite score defined as total holding gain (counting only holdings with a recorded cost and current value) plus total sector investment (all components in INR); break ties by investor_id.",Investor composite ranking,Expert,Composite Reasoning,ATOM_ENTITY_INVESTOR_PROFILE_001; ATOM_ENTITY_PORTFOLIO_HOLDING_001; ATOM_ENTITY_SECTOR_ALLOCATION_001,3,"WITH hold AS (SELECT o.investor_id, SUM(o.current_value-o.cost) h_gain FROM ATOM_ENTITY_PORTFOLIO_HOLDING_001 o WHERE o.cost > 0 AND o.current_value IS NOT NULL GROUP BY o.investor_id),
     alloc AS (SELECT investor_id, SUM(total_investment) a_inv FROM ATOM_ENTITY_SECTOR_ALLOCATION_001 GROUP BY investor_id)
SELECT p.investor_id, p.investor_name,
       ROUND(ho.h_gain + al.a_inv,2) AS composite_score,
       ROUND(ho.h_gain,2) AS holding_gain,
       ROUND(al.a_inv,2) AS sector_investment
FROM ATOM_ENTITY_INVESTOR_PROFILE_001 p
     LEFT JOIN hold ho ON ho.investor_id=p.investor_id
     LEFT JOIN alloc al ON al.investor_id=p.investor_id
WHERE ho.h_gain IS NOT NULL AND al.a_inv IS NOT NULL
ORDER BY composite_score DESC, p.investor_id ASC
LIMIT 10;","[{""investor_id"": ""INV-1323"", ""investor_name"": ""Bhavna Bhat"", ""composite_score"": 101734303.0, ""holding_gain"": 100332508.0, ""sector_investment"": 1401795.0}, {""investor_id"": ""INV-693"", ""investor_name"": ""Rohan Mehta"", ""composite_score"": 100353250.5, ""holding_gain"": 99528443.5, ""sector_investment"": 824807.0}, {""investor_id"": ""INV-1023"", ""investor_name"": ""Priyanka Joshi"", ""composite_score"": 98333215.5, ""holding_gain"": 95466765.5, ""sector_investment"": 2866450.0}, {""investor_id"": ""INV-663"", ""investor_name"": ""Siddharth Yadav"", ""composite_score"": 92908995.5, ""holding_gain"": 91387689.5, ""sector_investment"": 1521306.0}, {""investor_id"": ""INV-1263"", ""investor_name"": ""Sunita Gupta"", ""composite_score"": 92487623.0, ""holding_gain"": 91171559.0, ""sector_investment"": 1316064.0}, {""investor_id"": ""INV-723"", ""investor_name"": ""Aishwarya Joshi"", ""composite_score"": 89275121.0, ""holding_gain"": 88293974.0, ""sector_investment"": 981147.0}, {""investor_id"": ""INV-213"", ""investor_name"": ""Suresh Mishra"", ""composite_score"": 88976055.5, ""holding_gain"": 87799432.5, ""sector_investment"": 1176623.0}, {""investor_id"": ""INV-183"", ""investor_name"": ""Sneha Mishra"", ""composite_score"": 88889037.5, ""holding_gain"": 87803540.5, ""sector_investment"": 1085497.0}, {""investor_id"": ""INV-1473"", ""investor_name"": ""Rohan Patel"", ""composite_score"": 78771987.0, ""holding_gain"": 78771987.0, ""sector_investment"": 0.0}, {""investor_id"": ""INV-423"", ""investor_name"": ""Sunita Patel"", ""composite_score"": 77470326.0, ""holding_gain"": 76518273.0, ""sector_investment"": 952053.0}]"
wealth_management_multi_step_comparative_125_questions:MC125-059,wealth_management_multi_step_comparative_125_questions.csv,MC125-059,"Among investors with every component recorded, list the top 10 ranked by a composite score defined as total rebalance amount plus total sector investment (all components in INR); break ties by investor_id.",Investor composite ranking,Expert,Composite Reasoning,ATOM_ENTITY_INVESTOR_PROFILE_001; ATOM_ENTITY_SECTOR_ALLOCATION_001; ATOM_EVENT_REBALANCING_ACTION_001,3,"WITH reb AS (SELECT investor_id, SUM(amount) r_amt FROM ATOM_EVENT_REBALANCING_ACTION_001 GROUP BY investor_id),
     alloc AS (SELECT investor_id, SUM(total_investment) a_inv FROM ATOM_ENTITY_SECTOR_ALLOCATION_001 GROUP BY investor_id)
SELECT p.investor_id, p.investor_name,
       ROUND(rb.r_amt + al.a_inv,2) AS composite_score,
       ROUND(rb.r_amt,2) AS rebalance_amount,
       ROUND(al.a_inv,2) AS sector_investment
FROM ATOM_ENTITY_INVESTOR_PROFILE_001 p
     LEFT JOIN reb rb ON rb.investor_id=p.investor_id
     LEFT JOIN alloc al ON al.investor_id=p.investor_id
WHERE rb.r_amt IS NOT NULL AND al.a_inv IS NOT NULL
ORDER BY composite_score DESC, p.investor_id ASC
LIMIT 10;","[{""investor_id"": ""INV-1125"", ""investor_name"": ""Vikram Joshi"", ""composite_score"": 4597601.0, ""rebalance_amount"": 975863.0, ""sector_investment"": 3621738.0}, {""investor_id"": ""INV-1315"", ""investor_name"": ""Priyanka Hegde"", ""composite_score"": 4101050.0, ""rebalance_amount"": 206010.0, ""sector_investment"": 3895040.0}, {""investor_id"": ""INV-1004"", ""investor_name"": ""Abhishek Hegde"", ""composite_score"": 4087960.0, ""rebalance_amount"": 405885.0, ""sector_investment"": 3682075.0}, {""investor_id"": ""INV-515"", ""investor_name"": ""Rahul Verma"", ""composite_score"": 4086193.0, ""rebalance_amount"": 167489.0, ""sector_investment"": 3918704.0}, {""investor_id"": ""INV-1304"", ""investor_name"": ""Aishwarya Chauhan"", ""composite_score"": 3885147.0, ""rebalance_amount"": 338463.0, ""sector_investment"": 3546684.0}, {""investor_id"": ""INV-1096"", ""investor_name"": ""Amrita Sharma"", ""composite_score"": 3838711.0, ""rebalance_amount"": 241967.0, ""sector_investment"": 3596744.0}, {""investor_id"": ""INV-250"", ""investor_name"": ""Vivek Chauhan"", ""composite_score"": 3648026.0, ""rebalance_amount"": 201415.0, ""sector_investment"": 3446611.0}, {""investor_id"": ""INV-533"", ""investor_name"": ""Anita Iyer"", ""composite_score"": 3612170.0, ""rebalance_amount"": 625940.0, ""sector_investment"": 2986230.0}, {""investor_id"": ""INV-1481"", ""investor_name"": ""Amit Mishra"", ""composite_score"": 3538481.0, ""rebalance_amount"": 501920.0, ""sector_investment"": 3036561.0}, {""investor_id"": ""INV-1265"", ""investor_name"": ""Vivek Gupta"", ""composite_score"": 3388607.0, ""rebalance_amount"": 693375.0, ""sector_investment"": 2695232.0}]"
wealth_management_multi_step_comparative_125_questions:MC125-063,wealth_management_multi_step_comparative_125_questions.csv,MC125-063,"Across risk tolerance, compare the average net cash flow, average signed cash-flow amount, average total holding value, and average scenario shift (new minus current allocation %) of investors.",Cross-dimension metric comparison,Expert,Multi-step Comparative,ATOM_ENTITY_INVESTOR_PROFILE_001; ATOM_ENTITY_PORTFOLIO_HOLDING_001; ATOM_EVENT_CASH_FLOW_001; ATOM_EVENT_SCENARIO_REBALANCING_001,4,"WITH cash AS (SELECT investor_id, SUM(amount) c_net, AVG(amount) c_avg, COUNT(*) c_cnt FROM ATOM_EVENT_CASH_FLOW_001 GROUP BY investor_id),
     hold AS (SELECT investor_id, SUM(current_value) h_val, AVG(returns_pct) h_ret, SUM(current_value-cost) h_gain, SUM(dividends) h_div FROM ATOM_ENTITY_PORTFOLIO_HOLDING_001 GROUP BY investor_id),
     scen AS (SELECT investor_id, AVG(new_allocation_pct-current_allocation_pct) s_shift, COUNT(*) s_cnt FROM ATOM_EVENT_SCENARIO_REBALANCING_001 GROUP BY investor_id)
SELECT p.risk_tolerance AS risk_tolerance,
       ROUND(AVG(cf.c_net),2) AS avg_net_cash_flow,
       ROUND(AVG(cf.c_avg),2) AS avg_cashflow_amount,
       ROUND(AVG(ho.h_val),2) AS avg_holding_value,
       ROUND(AVG(sc.s_shift),2) AS avg_scenario_shift,
       COUNT(DISTINCT p.investor_id) AS investor_count
FROM ATOM_ENTITY_INVESTOR_PROFILE_001 p
     LEFT JOIN cash cf ON cf.investor_id=p.investor_id
     LEFT JOIN hold ho ON ho.investor_id=p.investor_id
     LEFT JOIN scen sc ON sc.investor_id=p.investor_id
GROUP BY p.risk_tolerance
ORDER BY p.risk_tolerance;","[{""risk_tolerance"": null, ""avg_net_cash_flow"": 7844.03, ""avg_cashflow_amount"": 1629.62, ""avg_holding_value"": 10459250.55, ""avg_scenario_shift"": -0.71, ""investor_count"": 77}, {""risk_tolerance"": ""Aggressive"", ""avg_net_cash_flow"": 1652919.38, ""avg_cashflow_amount"": 282637.82, ""avg_holding_value"": 7772076.82, ""avg_scenario_shift"": -1.85, ""investor_count"": 486}, {""risk_tolerance"": ""Conservative"", ""avg_net_cash_flow"": 1600495.38, ""avg_cashflow_amount"": 273687.31, ""avg_holding_value"": 7365637.73, ""avg_scenario_shift"": -2.22, ""investor_count"": 502}, {""risk_tolerance"": ""Moderate"", ""avg_net_cash_flow"": 1037620.49, ""avg_cashflow_amount"": 186955.64, ""avg_holding_value"": 9186349.25, ""avg_scenario_shift"": 0.07, ""investor_count"": 485}]"
wealth_management_multi_step_comparative_125_questions:MC125-067,wealth_management_multi_step_comparative_125_questions.csv,MC125-067,"Across risk tolerance, compare the average net cash flow, average cash-flow amount, average total rebalance amount, and average scenario allocation shift (new minus current allocation %) of investors.",Cross-dimension metric comparison,Expert,Multi-step Comparative,ATOM_ENTITY_INVESTOR_PROFILE_001; ATOM_EVENT_CASH_FLOW_001; ATOM_EVENT_REBALANCING_ACTION_001; ATOM_EVENT_SCENARIO_REBALANCING_001,4,"WITH cash AS (SELECT investor_id, SUM(amount) c_net, AVG(amount) c_avg, COUNT(*) c_cnt FROM ATOM_EVENT_CASH_FLOW_001 GROUP BY investor_id),
     reb AS (SELECT investor_id, SUM(amount) r_amt, AVG(target_allocation_pct-current_allocation_pct) r_shift, COUNT(*) r_cnt FROM ATOM_EVENT_REBALANCING_ACTION_001 GROUP BY investor_id),
     scen AS (SELECT investor_id, AVG(new_allocation_pct-current_allocation_pct) s_shift, COUNT(*) s_cnt FROM ATOM_EVENT_SCENARIO_REBALANCING_001 GROUP BY investor_id)
SELECT p.risk_tolerance AS risk_tolerance,
       ROUND(AVG(cf.c_net),2) AS avg_net_cash_flow,
       ROUND(AVG(cf.c_avg),2) AS avg_cashflow_amount,
       ROUND(AVG(rb.r_amt),2) AS avg_rebalance_amount,
       ROUND(AVG(sc.s_shift),2) AS avg_scenario_shift,
       COUNT(DISTINCT p.investor_id) AS investor_count
FROM ATOM_ENTITY_INVESTOR_PROFILE_001 p
     LEFT JOIN cash cf ON cf.investor_id=p.investor_id
     LEFT JOIN reb rb ON rb.investor_id=p.investor_id
     LEFT JOIN scen sc ON sc.investor_id=p.investor_id
GROUP BY p.risk_tolerance
ORDER BY p.risk_tolerance;","[{""risk_tolerance"": null, ""avg_net_cash_flow"": 7844.03, ""avg_cashflow_amount"": 1629.62, ""avg_rebalance_amount"": 415032.17, ""avg_scenario_shift"": -0.71, ""investor_count"": 77}, {""risk_tolerance"": ""Aggressive"", ""avg_net_cash_flow"": 1652919.38, ""avg_cashflow_amount"": 282637.82, ""avg_rebalance_amount"": 405853.84, ""avg_scenario_shift"": -1.85, ""investor_count"": 486}, {""risk_tolerance"": ""Conservative"", ""avg_net_cash_flow"": 1600495.38, ""avg_cashflow_amount"": 273687.31, ""avg_rebalance_amount"": 414995.35, ""avg_scenario_shift"": -2.22, ""investor_count"": 502}, {""risk_tolerance"": ""Moderate"", ""avg_net_cash_flow"": 1037620.49, ""avg_cashflow_amount"": 186955.64, ""avg_rebalance_amount"": 396592.36, ""avg_scenario_shift"": 0.07, ""investor_count"": 485}]"
wealth_management_multi_step_comparative_125_questions:MC125-071,wealth_management_multi_step_comparative_125_questions.csv,MC125-071,"Across risk tolerance, compare the average net cash flow, average cash-flow amount, average total sector investment, and average risk score of investors.",Cross-dimension metric comparison,Expert,Multi-step Comparative,ATOM_ENTITY_INVESTOR_PROFILE_001; ATOM_ENTITY_PORTFOLIO_HEALTH_001; ATOM_ENTITY_SECTOR_ALLOCATION_001; ATOM_EVENT_CASH_FLOW_001,4,"WITH cash AS (SELECT investor_id, SUM(amount) c_net, AVG(amount) c_avg, COUNT(*) c_cnt FROM ATOM_EVENT_CASH_FLOW_001 GROUP BY investor_id),
     alloc AS (SELECT investor_id, SUM(total_investment) a_inv, AVG(allocation_pct) a_pct FROM ATOM_ENTITY_SECTOR_ALLOCATION_001 GROUP BY investor_id)
SELECT p.risk_tolerance AS risk_tolerance,
       ROUND(AVG(cf.c_net),2) AS avg_net_cash_flow,
       ROUND(AVG(cf.c_avg),2) AS avg_cashflow_amount,
       ROUND(AVG(al.a_inv),2) AS avg_sector_investment,
       ROUND(AVG(h.risk_score),2) AS avg_risk_score,
       COUNT(DISTINCT p.investor_id) AS investor_count
FROM ATOM_ENTITY_INVESTOR_PROFILE_001 p
     LEFT JOIN cash cf ON cf.investor_id=p.investor_id
     LEFT JOIN alloc al ON al.investor_id=p.investor_id
     LEFT JOIN ATOM_ENTITY_PORTFOLIO_HEALTH_001 h ON h.investor_id=p.investor_id
GROUP BY p.risk_tolerance
ORDER BY p.risk_tolerance;","[{""risk_tolerance"": null, ""avg_net_cash_flow"": 7844.03, ""avg_cashflow_amount"": 1629.62, ""avg_sector_investment"": 837086.46, ""avg_risk_score"": 55.31, ""investor_count"": 77}, {""risk_tolerance"": ""Aggressive"", ""avg_net_cash_flow"": 1652919.38, ""avg_cashflow_amount"": 282637.82, ""avg_sector_investment"": 905299.45, ""avg_risk_score"": 49.12, ""investor_count"": 486}, {""risk_tolerance"": ""Conservative"", ""avg_net_cash_flow"": 1600495.38, ""avg_cashflow_amount"": 273687.31, ""avg_sector_investment"": 897105.65, ""avg_risk_score"": 51.7, ""investor_count"": 502}, {""risk_tolerance"": ""Moderate"", ""avg_net_cash_flow"": 1037620.49, ""avg_cashflow_amount"": 186955.64, ""avg_sector_investment"": 944870.24, ""avg_risk_score"": 49.29, ""investor_count"": 485}]"
wealth_management_multi_step_comparative_125_questions:MC125-075,wealth_management_multi_step_comparative_125_questions.csv,MC125-075,"Across risk tolerance, compare the average net cash flow, average cash-flow amount, average risk score, and average goal progress of investors.",Cross-dimension metric comparison,Expert,Multi-step Comparative,ATOM_ENTITY_INVESTMENT_GOAL_001; ATOM_ENTITY_INVESTOR_PROFILE_001; ATOM_ENTITY_PORTFOLIO_HEALTH_001; ATOM_EVENT_CASH_FLOW_001,4,"WITH cash AS (SELECT investor_id, SUM(amount) c_net, AVG(amount) c_avg, COUNT(*) c_cnt FROM ATOM_EVENT_CASH_FLOW_001 GROUP BY investor_id),
     goals AS (SELECT investor_id, AVG(progress_pct) g_prog, AVG(shortfall) g_short, AVG(avg_annual_return_pct) g_ret, AVG(avg_volatility_pct) g_vol FROM ATOM_ENTITY_INVESTMENT_GOAL_001 GROUP BY investor_id)
SELECT p.risk_tolerance AS risk_tolerance,
       ROUND(AVG(cf.c_net),2) AS avg_net_cash_flow,
       ROUND(AVG(cf.c_avg),2) AS avg_cashflow_amount,
       ROUND(AVG(h.risk_score),2) AS avg_risk_score,
       ROUND(AVG(g.g_prog),2) AS avg_goal_progress,
       COUNT(DISTINCT p.investor_id) AS investor_count
FROM ATOM_ENTITY_INVESTOR_PROFILE_001 p
     LEFT JOIN cash cf ON cf.investor_id=p.investor_id
     LEFT JOIN ATOM_ENTITY_PORTFOLIO_HEALTH_001 h ON h.investor_id=p.investor_id
     LEFT JOIN goals g ON g.investor_id=p.investor_id
GROUP BY p.risk_tolerance
ORDER BY p.risk_tolerance;","[{""risk_tolerance"": null, ""avg_net_cash_flow"": 7844.03, ""avg_cashflow_amount"": 1629.62, ""avg_risk_score"": 55.31, ""avg_goal_progress"": 46.45, ""investor_count"": 77}, {""risk_tolerance"": ""Aggressive"", ""avg_net_cash_flow"": 1652919.38, ""avg_cashflow_amount"": 282637.82, ""avg_risk_score"": 49.12, ""avg_goal_progress"": 39.76, ""investor_count"": 486}, {""risk_tolerance"": ""Conservative"", ""avg_net_cash_flow"": 1600495.38, ""avg_cashflow_amount"": 273687.31, ""avg_risk_score"": 51.7, ""avg_goal_progress"": 38.25, ""investor_count"": 502}, {""risk_tolerance"": ""Moderate"", ""avg_net_cash_flow"": 1037620.49, ""avg_cashflow_amount"": 186955.64, ""avg_risk_score"": 49.29, ""avg_goal_progress"": 41.21, ""investor_count"": 485}]"
wealth_management_multi_step_comparative_125_questions:MC125-079,wealth_management_multi_step_comparative_125_questions.csv,MC125-079,"Across risk tolerance, compare the average total holding value, average holding return (counting only holdings with a recorded cost and current value), average total rebalance amount, and average goal progress of investors.",Cross-dimension metric comparison,Expert,Multi-step Comparative,ATOM_ENTITY_INVESTMENT_GOAL_001; ATOM_ENTITY_INVESTOR_PROFILE_001; ATOM_ENTITY_PORTFOLIO_HOLDING_001; ATOM_EVENT_REBALANCING_ACTION_001,4,"WITH hold AS (SELECT o.investor_id, SUM(o.current_value) h_val, AVG(CASE WHEN o.cost > 0 AND o.current_value IS NOT NULL THEN o.returns_pct END) h_ret, SUM(CASE WHEN o.cost > 0 AND o.current_value IS NOT NULL THEN o.current_value-o.cost END) h_gain, SUM(o.dividends) h_div FROM ATOM_ENTITY_PORTFOLIO_HOLDING_001 o GROUP BY o.investor_id),
     reb AS (SELECT investor_id, SUM(amount) r_amt, AVG(target_allocation_pct-current_allocation_pct) r_shift, COUNT(*) r_cnt FROM ATOM_EVENT_REBALANCING_ACTION_001 GROUP BY investor_id),
     goals AS (SELECT investor_id, AVG(progress_pct) g_prog, AVG(shortfall) g_short, AVG(avg_annual_return_pct) g_ret, AVG(avg_volatility_pct) g_vol FROM ATOM_ENTITY_INVESTMENT_GOAL_001 GROUP BY investor_id)
SELECT p.risk_tolerance AS risk_tolerance,
       ROUND(AVG(ho.h_val),2) AS avg_holding_value,
       ROUND(AVG(ho.h_ret),2) AS avg_holding_return,
       ROUND(AVG(rb.r_amt),2) AS avg_rebalance_amount,
       ROUND(AVG(g.g_prog),2) AS avg_goal_progress,
       COUNT(DISTINCT p.investor_id) AS investor_count
FROM ATOM_ENTITY_INVESTOR_PROFILE_001 p
     LEFT JOIN hold ho ON ho.investor_id=p.investor_id
     LEFT JOIN reb rb ON rb.investor_id=p.investor_id
     LEFT JOIN goals g ON g.investor_id=p.investor_id
GROUP BY p.risk_tolerance
ORDER BY p.risk_tolerance;","[{""risk_tolerance"": null, ""avg_holding_value"": 10459250.55, ""avg_holding_return"": 89.82, ""avg_rebalance_amount"": 415032.17, ""avg_goal_progress"": 46.45, ""investor_count"": 77}, {""risk_tolerance"": ""Aggressive"", ""avg_holding_value"": 7772076.82, ""avg_holding_return"": 75.8, ""avg_rebalance_amount"": 405853.84, ""avg_goal_progress"": 39.76, ""investor_count"": 486}, {""risk_tolerance"": ""Conservative"", ""avg_holding_value"": 7365637.73, ""avg_holding_return"": 64.68, ""avg_rebalance_amount"": 414995.35, ""avg_goal_progress"": 38.25, ""investor_count"": 502}, {""risk_tolerance"": ""Moderate"", ""avg_holding_value"": 9186349.25, ""avg_holding_return"": 89.16, ""avg_rebalance_amount"": 396592.36, ""avg_goal_progress"": 41.21, ""investor_count"": 485}]"
wealth_management_multi_step_comparative_125_questions:MC125-083,wealth_management_multi_step_comparative_125_questions.csv,MC125-083,"List the top 10 investors ranked by a composite score (0-100 index) combining net cash flow, total holding gain (counting only holdings with a recorded cost and current value) and total scenario allocation shift (sum of new minus current allocation %). Over investors that have all 3 components, min-max normalise each component to 0-1, and take 100 times their equal-weighted mean; break ties by investor_id.",Investor composite ranking,Expert,Composite Reasoning,ATOM_ENTITY_INVESTOR_PROFILE_001; ATOM_ENTITY_PORTFOLIO_HOLDING_001; ATOM_EVENT_CASH_FLOW_001; ATOM_EVENT_SCENARIO_REBALANCING_001,4,"WITH cash AS (SELECT investor_id, SUM(amount) c_net FROM ATOM_EVENT_CASH_FLOW_001 GROUP BY investor_id),
     hold AS (SELECT o.investor_id, SUM(o.current_value-o.cost) h_gain FROM ATOM_ENTITY_PORTFOLIO_HOLDING_001 o WHERE o.cost > 0 AND o.current_value IS NOT NULL GROUP BY o.investor_id),
     scen AS (SELECT investor_id, SUM(new_allocation_pct-current_allocation_pct) s_shift FROM ATOM_EVENT_SCENARIO_REBALANCING_001 GROUP BY investor_id),
     per AS (SELECT p.investor_id, p.investor_name,
                 cf.c_net AS net_cash_flow,
                 ho.h_gain AS holding_gain,
                 sc.s_shift AS scenario_shift
              FROM ATOM_ENTITY_INVESTOR_PROFILE_001 p
              LEFT JOIN cash cf ON cf.investor_id=p.investor_id
              LEFT JOIN hold ho ON ho.investor_id=p.investor_id
              LEFT JOIN scen sc ON sc.investor_id=p.investor_id
              WHERE cf.c_net IS NOT NULL AND ho.h_gain IS NOT NULL AND sc.s_shift IS NOT NULL),
     b AS (SELECT MIN(net_cash_flow) mn_0, MAX(net_cash_flow) mx_0, MIN(holding_gain) mn_1, MAX(holding_gain) mx_1, MIN(scenario_shift) mn_2, MAX(scenario_shift) mx_2 FROM per)
SELECT per.investor_id, per.investor_name,
       ROUND(100.0*((net_cash_flow-b.mn_0)*1.0/NULLIF(b.mx_0-b.mn_0,0) + (holding_gain-b.mn_1)*1.0/NULLIF(b.mx_1-b.mn_1,0) + (scenario_shift-b.mn_2)*1.0/NULLIF(b.mx_2-b.mn_2,0))/3.0,2) AS composite_score,
       ROUND(per.net_cash_flow,2) AS net_cash_flow,
       ROUND(per.holding_gain,2) AS holding_gain,
       ROUND(per.scenario_shift,2) AS scenario_shift
FROM per, b
ORDER BY composite_score DESC, per.investor_id ASC
LIMIT 10;","[{""investor_id"": ""INV-693"", ""investor_name"": ""Rohan Mehta"", ""composite_score"": 64.81, ""net_cash_flow"": -4722.0, ""holding_gain"": 99528443.5, ""scenario_shift"": -2.0}, {""investor_id"": ""INV-1323"", ""investor_name"": ""Bhavna Bhat"", ""composite_score"": 62.36, ""net_cash_flow"": 4544.0, ""holding_gain"": 100332508.0, ""scenario_shift"": -26.0}, {""investor_id"": ""INV-723"", ""investor_name"": ""Aishwarya Joshi"", ""composite_score"": 62.26, ""net_cash_flow"": -7447.0, ""holding_gain"": 88293974.0, ""scenario_shift"": 8.0}, {""investor_id"": ""INV-1233"", ""investor_name"": ""Suresh Rao"", ""composite_score"": 62.19, ""net_cash_flow"": 17085.0, ""holding_gain"": 98787218.5, ""scenario_shift"": -23.0}, {""investor_id"": ""INV-213"", ""investor_name"": ""Suresh Mishra"", ""composite_score"": 61.53, ""net_cash_flow"": -1649.0, ""holding_gain"": 87799432.5, ""scenario_shift"": 3.0}, {""investor_id"": ""INV-393"", ""investor_name"": ""Amrita Pandey"", ""composite_score"": 59.63, ""net_cash_flow"": -1898.0, ""holding_gain"": 54360917.5, ""scenario_shift"": 83.0}, {""investor_id"": ""INV-1263"", ""investor_name"": ""Sunita Gupta"", ""composite_score"": 59.58, ""net_cash_flow"": 1956.0, ""holding_gain"": 91171559.0, ""scenario_shift"": -24.0}, {""investor_id"": ""INV-1322"", ""investor_name"": ""Bhavna Gupta"", ""composite_score"": 59.26, ""net_cash_flow"": 100013945.0, ""holding_gain"": 2102875.5, ""scenario_shift"": 84.0}, {""investor_id"": ""INV-663"", ""investor_name"": ""Siddharth Yadav"", ""composite_score"": 59.19, ""net_cash_flow"": 2275.0, ""holding_gain"": 91387689.5, ""scenario_shift"": -28.0}, {""investor_id"": ""INV-483"", ""investor_name"": ""Kavita Reddy"", ""composite_score"": 58.79, ""net_cash_flow"": -1507.0, ""holding_gain"": 83587020.5, ""scenario_shift"": -9.0}]"
wealth_management_multi_step_comparative_125_questions:MC125-087,wealth_management_multi_step_comparative_125_questions.csv,MC125-087,"List the top 10 investors ranked by the transaction_rebalance_index (a 0-100 composite index) combining net cash flow, total rebalance amount and total scenario allocation shift (sum of new minus current allocation %). Over investors that have all 3 components, min-max normalise each component to 0-1, and take 100 times their equal-weighted mean; break ties by investor_id.",Investor composite ranking,Expert,Composite Reasoning,ATOM_ENTITY_INVESTOR_PROFILE_001; ATOM_EVENT_CASH_FLOW_001; ATOM_EVENT_REBALANCING_ACTION_001; ATOM_EVENT_SCENARIO_REBALANCING_001,4,"WITH cash AS (SELECT investor_id, SUM(amount) c_net FROM ATOM_EVENT_CASH_FLOW_001 GROUP BY investor_id),
     reb AS (SELECT investor_id, SUM(amount) r_amt FROM ATOM_EVENT_REBALANCING_ACTION_001 GROUP BY investor_id),
     scen AS (SELECT investor_id, SUM(new_allocation_pct-current_allocation_pct) s_shift FROM ATOM_EVENT_SCENARIO_REBALANCING_001 GROUP BY investor_id),
     per AS (SELECT p.investor_id, p.investor_name,
                 cf.c_net AS net_cash_flow,
                 rb.r_amt AS rebalance_amount,
                 sc.s_shift AS scenario_shift
              FROM ATOM_ENTITY_INVESTOR_PROFILE_001 p
              LEFT JOIN cash cf ON cf.investor_id=p.investor_id
              LEFT JOIN reb rb ON rb.investor_id=p.investor_id
              LEFT JOIN scen sc ON sc.investor_id=p.investor_id
              WHERE cf.c_net IS NOT NULL AND rb.r_amt IS NOT NULL AND sc.s_shift IS NOT NULL),
     b AS (SELECT MIN(net_cash_flow) mn_0, MAX(net_cash_flow) mx_0, MIN(rebalance_amount) mn_1, MAX(rebalance_amount) mx_1, MIN(scenario_shift) mn_2, MAX(scenario_shift) mx_2 FROM per)
SELECT per.investor_id, per.investor_name,
       ROUND(100.0*((net_cash_flow-b.mn_0)*1.0/NULLIF(b.mx_0-b.mn_0,0) + (rebalance_amount-b.mn_1)*1.0/NULLIF(b.mx_1-b.mn_1,0) + (scenario_shift-b.mn_2)*1.0/NULLIF(b.mx_2-b.mn_2,0))/3.0,2) AS composite_score,
       ROUND(per.net_cash_flow,2) AS net_cash_flow,
       ROUND(per.rebalance_amount,2) AS rebalance_amount,
       ROUND(per.scenario_shift,2) AS scenario_shift
FROM per, b
ORDER BY composite_score DESC, per.investor_id ASC
LIMIT 10;","[{""investor_id"": ""INV-1322"", ""investor_name"": ""Bhavna Gupta"", ""composite_score"": 76.86, ""net_cash_flow"": 100013945.0, ""rebalance_amount"": 686423.0, ""scenario_shift"": 84.0}, {""investor_id"": ""INV-202"", ""investor_name"": ""Chetan Patel"", ""composite_score"": 69.91, ""net_cash_flow"": 100017961.0, ""rebalance_amount"": 539501.0, ""scenario_shift"": 58.0}, {""investor_id"": ""INV-1185"", ""investor_name"": ""Kavita Singh"", ""composite_score"": 67.57, ""net_cash_flow"": -2786.0, ""rebalance_amount"": 1111528.0, ""scenario_shift"": 47.0}, {""investor_id"": ""INV-1082"", ""investor_name"": ""Suresh Verma"", ""composite_score"": 66.97, ""net_cash_flow"": 100006214.0, ""rebalance_amount"": 464813.0, ""scenario_shift"": 50.0}, {""investor_id"": ""INV-1222"", ""investor_name"": ""Siddharth Arora"", ""composite_score"": 66.41, ""net_cash_flow"": 16520.0, ""rebalance_amount"": 976993.0, ""scenario_shift"": 69.0}, {""investor_id"": ""INV-1122"", ""investor_name"": ""Deepak Sharma"", ""composite_score"": 66.29, ""net_cash_flow"": 100006313.0, ""rebalance_amount"": 494029.0, ""scenario_shift"": 37.0}, {""investor_id"": ""INV-044"", ""investor_name"": ""Ishita Sharma"", ""composite_score"": 64.52, ""net_cash_flow"": 2372.0, ""rebalance_amount"": 941084.0, ""scenario_shift"": 61.0}, {""investor_id"": ""INV-350"", ""investor_name"": ""Rahul Verma"", ""composite_score"": 63.73, ""net_cash_flow"": 11749.0, ""rebalance_amount"": 895558.0, ""scenario_shift"": 65.0}, {""investor_id"": ""INV-1345"", ""investor_name"": ""Rajesh Verma"", ""composite_score"": 63.72, ""net_cash_flow"": 1875.0, ""rebalance_amount"": 1223864.0, ""scenario_shift"": -14.0}, {""investor_id"": ""INV-1393"", ""investor_name"": ""Rahul Iyer"", ""composite_score"": 62.8, ""net_cash_flow"": -2628.0, ""rebalance_amount"": 1077732.0, ""scenario_shift"": 13.0}]"
wealth_management_multi_step_comparative_125_questions:MC125-091,wealth_management_multi_step_comparative_125_questions.csv,MC125-091,"List the top 10 investors ranked by a composite score (0-100 index) combining net cash flow, total sector investment and risk score. Over investors that have all 3 components, min-max normalise each component to 0-1, and take 100 times their equal-weighted mean; break ties by investor_id.",Investor composite ranking,Expert,Composite Reasoning,ATOM_ENTITY_INVESTOR_PROFILE_001; ATOM_ENTITY_PORTFOLIO_HEALTH_001; ATOM_ENTITY_SECTOR_ALLOCATION_001; ATOM_EVENT_CASH_FLOW_001,4,"WITH cash AS (SELECT investor_id, SUM(amount) c_net FROM ATOM_EVENT_CASH_FLOW_001 GROUP BY investor_id),
     alloc AS (SELECT investor_id, SUM(total_investment) a_inv FROM ATOM_ENTITY_SECTOR_ALLOCATION_001 GROUP BY investor_id),
     per AS (SELECT p.investor_id, p.investor_name,
                 cf.c_net AS net_cash_flow,
                 al.a_inv AS sector_investment,
                 h.risk_score AS risk_score
              FROM ATOM_ENTITY_INVESTOR_PROFILE_001 p
              LEFT JOIN cash cf ON cf.investor_id=p.investor_id
              LEFT JOIN alloc al ON al.investor_id=p.investor_id
              LEFT JOIN ATOM_ENTITY_PORTFOLIO_HEALTH_001 h ON h.investor_id=p.investor_id
              WHERE cf.c_net IS NOT NULL AND al.a_inv IS NOT NULL AND h.risk_score IS NOT NULL),
     b AS (SELECT MIN(net_cash_flow) mn_0, MAX(net_cash_flow) mx_0, MIN(sector_investment) mn_1, MAX(sector_investment) mx_1, MIN(risk_score) mn_2, MAX(risk_score) mx_2 FROM per)
SELECT per.investor_id, per.investor_name,
       ROUND(100.0*((net_cash_flow-b.mn_0)*1.0/NULLIF(b.mx_0-b.mn_0,0) + (sector_investment-b.mn_1)*1.0/NULLIF(b.mx_1-b.mn_1,0) + (risk_score-b.mn_2)*1.0/NULLIF(b.mx_2-b.mn_2,0))/3.0,2) AS composite_score,
       ROUND(per.net_cash_flow,2) AS net_cash_flow,
       ROUND(per.sector_investment,2) AS sector_investment,
       ROUND(per.risk_score,2) AS risk_score
FROM per, b
ORDER BY composite_score DESC, per.investor_id ASC
LIMIT 10;","[{""investor_id"": ""INV-250"", ""investor_name"": ""Vivek Chauhan"", ""composite_score"": 77.62, ""net_cash_flow"": 1684.0, ""sector_investment"": 3446611.0, ""risk_score"": 94.91}, {""investor_id"": ""INV-1481"", ""investor_name"": ""Amit Mishra"", ""composite_score"": 75.83, ""net_cash_flow"": -3782.0, ""sector_investment"": 3036561.0, ""risk_score"": 100.0}, {""investor_id"": ""INV-921"", ""investor_name"": ""Vikram Sharma"", ""composite_score"": 72.04, ""net_cash_flow"": 11572.0, ""sector_investment"": 2590636.0, ""risk_score"": 100.0}, {""investor_id"": ""INV-1141"", ""investor_name"": ""Ankita Iyer"", ""composite_score"": 71.74, ""net_cash_flow"": 2889.0, ""sector_investment"": 2555552.0, ""risk_score"": 100.0}, {""investor_id"": ""INV-1025"", ""investor_name"": ""Rohan Arora"", ""composite_score"": 70.16, ""net_cash_flow"": 14119.0, ""sector_investment"": 3034583.0, ""risk_score"": 83.05}, {""investor_id"": ""INV-886"", ""investor_name"": ""Rohan Pandey"", ""composite_score"": 69.67, ""net_cash_flow"": 1649.0, ""sector_investment"": 3110874.0, ""risk_score"": 79.62}, {""investor_id"": ""INV-1312"", ""investor_name"": ""Amit Verma"", ""composite_score"": 69.09, ""net_cash_flow"": 7941.0, ""sector_investment"": 3090435.0, ""risk_score"": 78.41}, {""investor_id"": ""INV-960"", ""investor_name"": ""Arvind Patel"", ""composite_score"": 67.7, ""net_cash_flow"": 13420.0, ""sector_investment"": 2945816.0, ""risk_score"": 77.93}, {""investor_id"": ""INV-1369"", ""investor_name"": ""Anand Bhat"", ""composite_score"": 66.36, ""net_cash_flow"": 6669.0, ""sector_investment"": 2915878.0, ""risk_score"": 74.68}, {""investor_id"": ""INV-1348"", ""investor_name"": ""Anand Deshmukh"", ""composite_score"": 66.31, ""net_cash_flow"": 10141.0, ""sector_investment"": 2115979.0, ""risk_score"": 94.94}]"
wealth_management_multi_step_comparative_125_questions:MC125-095,wealth_management_multi_step_comparative_125_questions.csv,MC125-095,"List the top 10 investors ranked by a composite score (0-100 index) combining net cash flow and risk score, with average goal shortfall counting against the score. Over investors that have all 3 components, min-max normalise each component to 0-1 (use 1 minus the normalised value for average goal shortfall), and take 100 times their equal-weighted mean; break ties by investor_id.",Investor composite ranking,Expert,Composite Reasoning,ATOM_ENTITY_INVESTMENT_GOAL_001; ATOM_ENTITY_INVESTOR_PROFILE_001; ATOM_ENTITY_PORTFOLIO_HEALTH_001; ATOM_EVENT_CASH_FLOW_001,4,"WITH cash AS (SELECT investor_id, SUM(amount) c_net FROM ATOM_EVENT_CASH_FLOW_001 GROUP BY investor_id),
     goals AS (SELECT investor_id, AVG(shortfall) g_short FROM ATOM_ENTITY_INVESTMENT_GOAL_001 GROUP BY investor_id),
     per AS (SELECT p.investor_id, p.investor_name,
                 cf.c_net AS net_cash_flow,
                 h.risk_score AS risk_score,
                 g.g_short AS goal_shortfall
              FROM ATOM_ENTITY_INVESTOR_PROFILE_001 p
              LEFT JOIN cash cf ON cf.investor_id=p.investor_id
              LEFT JOIN ATOM_ENTITY_PORTFOLIO_HEALTH_001 h ON h.investor_id=p.investor_id
              LEFT JOIN goals g ON g.investor_id=p.investor_id
              WHERE cf.c_net IS NOT NULL AND h.risk_score IS NOT NULL AND g.g_short IS NOT NULL),
     b AS (SELECT MIN(net_cash_flow) mn_0, MAX(net_cash_flow) mx_0, MIN(risk_score) mn_1, MAX(risk_score) mx_1, MIN(goal_shortfall) mn_2, MAX(goal_shortfall) mx_2 FROM per)
SELECT per.investor_id, per.investor_name,
       ROUND(100.0*((net_cash_flow-b.mn_0)*1.0/NULLIF(b.mx_0-b.mn_0,0) + (risk_score-b.mn_1)*1.0/NULLIF(b.mx_1-b.mn_1,0) + (1-(goal_shortfall-b.mn_2)*1.0/NULLIF(b.mx_2-b.mn_2,0)))/3.0,2) AS composite_score,
       ROUND(per.net_cash_flow,2) AS net_cash_flow,
       ROUND(per.risk_score,2) AS risk_score,
       ROUND(per.goal_shortfall,2) AS goal_shortfall
FROM per, b
ORDER BY composite_score DESC, per.investor_id ASC
LIMIT 10;","[{""investor_id"": ""INV-921"", ""investor_name"": ""Vikram Sharma"", ""composite_score"": 82.17, ""net_cash_flow"": 11572.0, ""risk_score"": 100.0, ""goal_shortfall"": -1100070.8}, {""investor_id"": ""INV-601"", ""investor_name"": ""Akshay Gupta"", ""composite_score"": 82.13, ""net_cash_flow"": -3825.0, ""risk_score"": 100.0, ""goal_shortfall"": -699663.23}, {""investor_id"": ""INV-721"", ""investor_name"": ""Amrita Reddy"", ""composite_score"": 82.06, ""net_cash_flow"": 10886.0, ""risk_score"": 100.0, ""goal_shortfall"": 95264.41}, {""investor_id"": ""INV-1541"", ""investor_name"": ""Geeta Rao"", ""composite_score"": 82.05, ""net_cash_flow"": 12027.0, ""risk_score"": 100.0, ""goal_shortfall"": 289773.45}, {""investor_id"": ""INV-541"", ""investor_name"": ""Priyanka Rao"", ""composite_score"": 82.05, ""net_cash_flow"": 10810.0, ""risk_score"": 100.0, ""goal_shortfall"": 285466.83}, {""investor_id"": ""INV-661"", ""investor_name"": ""Geeta Gupta"", ""composite_score"": 82.05, ""net_cash_flow"": 9910.0, ""risk_score"": 100.0, ""goal_shortfall"": 257164.07}, {""investor_id"": ""INV-961"", ""investor_name"": ""Amrita Yadav"", ""composite_score"": 82.04, ""net_cash_flow"": 1218.0, ""risk_score"": 100.0, ""goal_shortfall"": 333169.1}, {""investor_id"": ""INV-101"", ""investor_name"": ""Aishwarya Patel"", ""composite_score"": 82.03, ""net_cash_flow"": 5237.0, ""risk_score"": 100.0, ""goal_shortfall"": 499984.09}, {""investor_id"": ""INV-1441"", ""investor_name"": ""Rahul Chauhan"", ""composite_score"": 82.03, ""net_cash_flow"": 8915.0, ""risk_score"": 100.0, ""goal_shortfall"": 511582.53}, {""investor_id"": ""INV-161"", ""investor_name"": ""Rahul Mishra"", ""composite_score"": 82.02, ""net_cash_flow"": 11896.0, ""risk_score"": 100.0, ""goal_shortfall"": 626408.67}]"
wealth_management_multi_step_comparative_125_questions:MC125-099,wealth_management_multi_step_comparative_125_questions.csv,MC125-099,"Across risk tolerance, compare the average net cash flow, average cash-flow amount, average total holding value, average total rebalance amount, and average goal progress of investors.",Cross-dimension metric comparison,Expert,Multi-step Comparative,ATOM_ENTITY_INVESTMENT_GOAL_001; ATOM_ENTITY_INVESTOR_PROFILE_001; ATOM_ENTITY_PORTFOLIO_HOLDING_001; ATOM_EVENT_CASH_FLOW_001; ATOM_EVENT_REBALANCING_ACTION_001,5,"WITH cash AS (SELECT investor_id, SUM(amount) c_net, AVG(amount) c_avg, COUNT(*) c_cnt FROM ATOM_EVENT_CASH_FLOW_001 GROUP BY investor_id),
     hold AS (SELECT investor_id, SUM(current_value) h_val, AVG(returns_pct) h_ret, SUM(current_value-cost) h_gain, SUM(dividends) h_div FROM ATOM_ENTITY_PORTFOLIO_HOLDING_001 GROUP BY investor_id),
     reb AS (SELECT investor_id, SUM(amount) r_amt, AVG(target_allocation_pct-current_allocation_pct) r_shift, COUNT(*) r_cnt FROM ATOM_EVENT_REBALANCING_ACTION_001 GROUP BY investor_id),
     goals AS (SELECT investor_id, AVG(progress_pct) g_prog, AVG(shortfall) g_short, AVG(avg_annual_return_pct) g_ret, AVG(avg_volatility_pct) g_vol FROM ATOM_ENTITY_INVESTMENT_GOAL_001 GROUP BY investor_id)
SELECT p.risk_tolerance AS risk_tolerance,
       ROUND(AVG(cf.c_net),2) AS avg_net_cash_flow,
       ROUND(AVG(cf.c_avg),2) AS avg_cashflow_amount,
       ROUND(AVG(ho.h_val),2) AS avg_holding_value,
       ROUND(AVG(rb.r_amt),2) AS avg_rebalance_amount,
       ROUND(AVG(g.g_prog),2) AS avg_goal_progress,
       COUNT(DISTINCT p.investor_id) AS investor_count
FROM ATOM_ENTITY_INVESTOR_PROFILE_001 p
     LEFT JOIN cash cf ON cf.investor_id=p.investor_id
     LEFT JOIN hold ho ON ho.investor_id=p.investor_id
     LEFT JOIN reb rb ON rb.investor_id=p.investor_id
     LEFT JOIN goals g ON g.investor_id=p.investor_id
GROUP BY p.risk_tolerance
ORDER BY p.risk_tolerance;","[{""risk_tolerance"": null, ""avg_net_cash_flow"": 7844.03, ""avg_cashflow_amount"": 1629.62, ""avg_holding_value"": 10459250.55, ""avg_rebalance_amount"": 415032.17, ""avg_goal_progress"": 46.45, ""investor_count"": 77}, {""risk_tolerance"": ""Aggressive"", ""avg_net_cash_flow"": 1652919.38, ""avg_cashflow_amount"": 282637.82, ""avg_holding_value"": 7772076.82, ""avg_rebalance_amount"": 405853.84, ""avg_goal_progress"": 39.76, ""investor_count"": 486}, {""risk_tolerance"": ""Conservative"", ""avg_net_cash_flow"": 1600495.38, ""avg_cashflow_amount"": 273687.31, ""avg_holding_value"": 7365637.73, ""avg_rebalance_amount"": 414995.35, ""avg_goal_progress"": 38.25, ""investor_count"": 502}, {""risk_tolerance"": ""Moderate"", ""avg_net_cash_flow"": 1037620.49, ""avg_cashflow_amount"": 186955.64, ""avg_holding_value"": 9186349.25, ""avg_rebalance_amount"": 396592.36, ""avg_goal_progress"": 41.21, ""investor_count"": 485}]"
wealth_management_multi_step_comparative_125_questions:MC125-103,wealth_management_multi_step_comparative_125_questions.csv,MC125-103,"Across risk tolerance, compare the average net cash flow, average cash-flow amount, average total holding value, average scenario allocation shift (new minus current allocation %), and average risk score of investors.",Cross-dimension metric comparison,Expert,Multi-step Comparative,ATOM_ENTITY_INVESTOR_PROFILE_001; ATOM_ENTITY_PORTFOLIO_HEALTH_001; ATOM_ENTITY_PORTFOLIO_HOLDING_001; ATOM_EVENT_CASH_FLOW_001; ATOM_EVENT_SCENARIO_REBALANCING_001,5,"WITH cash AS (SELECT investor_id, SUM(amount) c_net, AVG(amount) c_avg, COUNT(*) c_cnt FROM ATOM_EVENT_CASH_FLOW_001 GROUP BY investor_id),
     hold AS (SELECT investor_id, SUM(current_value) h_val, AVG(returns_pct) h_ret, SUM(current_value-cost) h_gain, SUM(dividends) h_div FROM ATOM_ENTITY_PORTFOLIO_HOLDING_001 GROUP BY investor_id),
     scen AS (SELECT investor_id, AVG(new_allocation_pct-current_allocation_pct) s_shift, COUNT(*) s_cnt FROM ATOM_EVENT_SCENARIO_REBALANCING_001 GROUP BY investor_id)
SELECT p.risk_tolerance AS risk_tolerance,
       ROUND(AVG(cf.c_net),2) AS avg_net_cash_flow,
       ROUND(AVG(cf.c_avg),2) AS avg_cashflow_amount,
       ROUND(AVG(ho.h_val),2) AS avg_holding_value,
       ROUND(AVG(sc.s_shift),2) AS avg_scenario_shift,
       ROUND(AVG(h.risk_score),2) AS avg_risk_score,
       COUNT(DISTINCT p.investor_id) AS investor_count
FROM ATOM_ENTITY_INVESTOR_PROFILE_001 p
     LEFT JOIN cash cf ON cf.investor_id=p.investor_id
     LEFT JOIN hold ho ON ho.investor_id=p.investor_id
     LEFT JOIN scen sc ON sc.investor_id=p.investor_id
     LEFT JOIN ATOM_ENTITY_PORTFOLIO_HEALTH_001 h ON h.investor_id=p.investor_id
GROUP BY p.risk_tolerance
ORDER BY p.risk_tolerance;","[{""risk_tolerance"": null, ""avg_net_cash_flow"": 7844.03, ""avg_cashflow_amount"": 1629.62, ""avg_holding_value"": 10459250.55, ""avg_scenario_shift"": -0.71, ""avg_risk_score"": 55.31, ""investor_count"": 77}, {""risk_tolerance"": ""Aggressive"", ""avg_net_cash_flow"": 1652919.38, ""avg_cashflow_amount"": 282637.82, ""avg_holding_value"": 7772076.82, ""avg_scenario_shift"": -1.85, ""avg_risk_score"": 49.12, ""investor_count"": 486}, {""risk_tolerance"": ""Conservative"", ""avg_net_cash_flow"": 1600495.38, ""avg_cashflow_amount"": 273687.31, ""avg_holding_value"": 7365637.73, ""avg_scenario_shift"": -2.22, ""avg_risk_score"": 51.7, ""investor_count"": 502}, {""risk_tolerance"": ""Moderate"", ""avg_net_cash_flow"": 1037620.49, ""avg_cashflow_amount"": 186955.64, ""avg_holding_value"": 9186349.25, ""avg_scenario_shift"": 0.07, ""avg_risk_score"": 49.29, ""investor_count"": 485}]"
wealth_management_multi_step_comparative_125_questions:MC125-107,wealth_management_multi_step_comparative_125_questions.csv,MC125-107,"Across risk tolerance, compare the average net cash flow, average cash-flow amount, average total rebalance amount, average total sector investment, and average risk score of investors.",Cross-dimension metric comparison,Expert,Multi-step Comparative,ATOM_ENTITY_INVESTOR_PROFILE_001; ATOM_ENTITY_PORTFOLIO_HEALTH_001; ATOM_ENTITY_SECTOR_ALLOCATION_001; ATOM_EVENT_CASH_FLOW_001; ATOM_EVENT_REBALANCING_ACTION_001,5,"WITH cash AS (SELECT investor_id, SUM(amount) c_net, AVG(amount) c_avg, COUNT(*) c_cnt FROM ATOM_EVENT_CASH_FLOW_001 GROUP BY investor_id),
     reb AS (SELECT investor_id, SUM(amount) r_amt, AVG(target_allocation_pct-current_allocation_pct) r_shift, COUNT(*) r_cnt FROM ATOM_EVENT_REBALANCING_ACTION_001 GROUP BY investor_id),
     alloc AS (SELECT investor_id, SUM(total_investment) a_inv, AVG(allocation_pct) a_pct FROM ATOM_ENTITY_SECTOR_ALLOCATION_001 GROUP BY investor_id)
SELECT p.risk_tolerance AS risk_tolerance,
       ROUND(AVG(cf.c_net),2) AS avg_net_cash_flow,
       ROUND(AVG(cf.c_avg),2) AS avg_cashflow_amount,
       ROUND(AVG(rb.r_amt),2) AS avg_rebalance_amount,
       ROUND(AVG(al.a_inv),2) AS avg_sector_investment,
       ROUND(AVG(h.risk_score),2) AS avg_risk_score,
       COUNT(DISTINCT p.investor_id) AS investor_count
FROM ATOM_ENTITY_INVESTOR_PROFILE_001 p
     LEFT JOIN cash cf ON cf.investor_id=p.investor_id
     LEFT JOIN reb rb ON rb.investor_id=p.investor_id
     LEFT JOIN alloc al ON al.investor_id=p.investor_id
     LEFT JOIN ATOM_ENTITY_PORTFOLIO_HEALTH_001 h ON h.investor_id=p.investor_id
GROUP BY p.risk_tolerance
ORDER BY p.risk_tolerance;","[{""risk_tolerance"": null, ""avg_net_cash_flow"": 7844.03, ""avg_cashflow_amount"": 1629.62, ""avg_rebalance_amount"": 415032.17, ""avg_sector_investment"": 837086.46, ""avg_risk_score"": 55.31, ""investor_count"": 77}, {""risk_tolerance"": ""Aggressive"", ""avg_net_cash_flow"": 1652919.38, ""avg_cashflow_amount"": 282637.82, ""avg_rebalance_amount"": 405853.84, ""avg_sector_investment"": 905299.45, ""avg_risk_score"": 49.12, ""investor_count"": 486}, {""risk_tolerance"": ""Conservative"", ""avg_net_cash_flow"": 1600495.38, ""avg_cashflow_amount"": 273687.31, ""avg_rebalance_amount"": 414995.35, ""avg_sector_investment"": 897105.65, ""avg_risk_score"": 51.7, ""investor_count"": 502}, {""risk_tolerance"": ""Moderate"", ""avg_net_cash_flow"": 1037620.49, ""avg_cashflow_amount"": 186955.64, ""avg_rebalance_amount"": 396592.36, ""avg_sector_investment"": 944870.24, ""avg_risk_score"": 49.29, ""investor_count"": 485}]"
wealth_management_multi_step_comparative_125_questions:MC125-111,wealth_management_multi_step_comparative_125_questions.csv,MC125-111,"List the top 10 investors ranked by a composite score (0-100 index) combining net cash flow, total holding gain (counting only holdings with a recorded cost and current value), total rebalance amount and risk score. Over investors that have all 4 components, min-max normalise each component to 0-1, and take 100 times their equal-weighted mean; break ties by investor_id.",Investor composite ranking,Expert,Composite Reasoning,ATOM_ENTITY_INVESTOR_PROFILE_001; ATOM_ENTITY_PORTFOLIO_HEALTH_001; ATOM_ENTITY_PORTFOLIO_HOLDING_001; ATOM_EVENT_CASH_FLOW_001; ATOM_EVENT_REBALANCING_ACTION_001,5,"WITH cash AS (SELECT investor_id, SUM(amount) c_net FROM ATOM_EVENT_CASH_FLOW_001 GROUP BY investor_id),
     hold AS (SELECT o.investor_id, SUM(o.current_value-o.cost) h_gain FROM ATOM_ENTITY_PORTFOLIO_HOLDING_001 o WHERE o.cost > 0 AND o.current_value IS NOT NULL GROUP BY o.investor_id),
     reb AS (SELECT investor_id, SUM(amount) r_amt FROM ATOM_EVENT_REBALANCING_ACTION_001 GROUP BY investor_id),
     per AS (SELECT p.investor_id, p.investor_name,
                 cf.c_net AS net_cash_flow,
                 ho.h_gain AS holding_gain,
                 rb.r_amt AS rebalance_amount,
                 h.risk_score AS risk_score
              FROM ATOM_ENTITY_INVESTOR_PROFILE_001 p
              LEFT JOIN cash cf ON cf.investor_id=p.investor_id
              LEFT JOIN hold ho ON ho.investor_id=p.investor_id
              LEFT JOIN reb rb ON rb.investor_id=p.investor_id
              LEFT JOIN ATOM_ENTITY_PORTFOLIO_HEALTH_001 h ON h.investor_id=p.investor_id
              WHERE cf.c_net IS NOT NULL AND ho.h_gain IS NOT NULL AND rb.r_amt IS NOT NULL AND h.risk_score IS NOT NULL),
     b AS (SELECT MIN(net_cash_flow) mn_0, MAX(net_cash_flow) mx_0, MIN(holding_gain) mn_1, MAX(holding_gain) mx_1, MIN(rebalance_amount) mn_2, MAX(rebalance_amount) mx_2, MIN(risk_score) mn_3, MAX(risk_score) mx_3 FROM per)
SELECT per.investor_id, per.investor_name,
       ROUND(100.0*((net_cash_flow-b.mn_0)*1.0/NULLIF(b.mx_0-b.mn_0,0) + (holding_gain-b.mn_1)*1.0/NULLIF(b.mx_1-b.mn_1,0) + (rebalance_amount-b.mn_2)*1.0/NULLIF(b.mx_2-b.mn_2,0) + (risk_score-b.mn_3)*1.0/NULLIF(b.mx_3-b.mn_3,0))/4.0,2) AS composite_score,
       ROUND(per.net_cash_flow,2) AS net_cash_flow,
       ROUND(per.holding_gain,2) AS holding_gain,
       ROUND(per.rebalance_amount,2) AS rebalance_amount,
       ROUND(per.risk_score,2) AS risk_score
FROM per, b
ORDER BY composite_score DESC, per.investor_id ASC
LIMIT 10;","[{""investor_id"": ""INV-1233"", ""investor_name"": ""Suresh Rao"", ""composite_score"": 66.7, ""net_cash_flow"": 17085.0, ""holding_gain"": 98787218.5, ""rebalance_amount"": 540658.0, ""risk_score"": 74.13}, {""investor_id"": ""INV-213"", ""investor_name"": ""Suresh Mishra"", ""composite_score"": 60.98, ""net_cash_flow"": -1649.0, ""holding_gain"": 87799432.5, ""rebalance_amount"": 732797.0, ""risk_score"": 46.4}, {""investor_id"": ""INV-1153"", ""investor_name"": ""Arvind Sharma"", ""composite_score"": 58.85, ""net_cash_flow"": 11997.0, ""holding_gain"": 295551.0, ""rebalance_amount"": 1130071.0, ""risk_score"": 91.55}, {""investor_id"": ""INV-1061"", ""investor_name"": ""Vikram Verma"", ""composite_score"": 58.11, ""net_cash_flow"": -4054.0, ""holding_gain"": 1917556.0, ""rebalance_amount"": 971160.0, ""risk_score"": 100.0}, {""investor_id"": ""INV-1023"", ""investor_name"": ""Priyanka Joshi"", ""composite_score"": 56.66, ""net_cash_flow"": 11728.0, ""holding_gain"": 95466765.5, ""rebalance_amount"": 384590.0, ""risk_score"": 50.0}, {""investor_id"": ""INV-878"", ""investor_name"": ""Vikram Kulkarni"", ""composite_score"": 56.6, ""net_cash_flow"": 8318.0, ""holding_gain"": 447256.0, ""rebalance_amount"": 994761.0, ""risk_score"": 93.46}, {""investor_id"": ""INV-1047"", ""investor_name"": ""Anjali Hegde"", ""composite_score"": 55.94, ""net_cash_flow"": 8311.0, ""holding_gain"": 1240047.0, ""rebalance_amount"": 960932.0, ""risk_score"": 92.79}, {""investor_id"": ""INV-1378"", ""investor_name"": ""Anjali Joshi"", ""composite_score"": 55.87, ""net_cash_flow"": 6209.0, ""holding_gain"": 1733204.5, ""rebalance_amount"": 1059469.0, ""risk_score"": 84.01}, {""investor_id"": ""INV-1293"", ""investor_name"": ""Anjali Arora"", ""composite_score"": 55.86, ""net_cash_flow"": 10338.0, ""holding_gain"": 67264938.5, ""rebalance_amount"": 622438.0, ""risk_score"": 55.12}, {""investor_id"": ""INV-644"", ""investor_name"": ""Abhishek Reddy"", ""composite_score"": 55.68, ""net_cash_flow"": 6142.0, ""holding_gain"": 1251571.0, ""rebalance_amount"": 959163.0, ""risk_score"": 91.9}]"
wealth_management_multi_step_comparative_125_questions:MC125-115,wealth_management_multi_step_comparative_125_questions.csv,MC125-115,"Among investors with every component recorded, list the top 10 ranked by a composite score defined as net cash flow plus total holding gain (counting only holdings with a recorded cost and current value) plus total sector investment minus average goal shortfall (all components in INR); break ties by investor_id.",Investor composite ranking,Expert,Composite Reasoning,ATOM_ENTITY_INVESTMENT_GOAL_001; ATOM_ENTITY_INVESTOR_PROFILE_001; ATOM_ENTITY_PORTFOLIO_HOLDING_001; ATOM_ENTITY_SECTOR_ALLOCATION_001; ATOM_EVENT_CASH_FLOW_001,5,"WITH cash AS (SELECT investor_id, SUM(amount) c_net FROM ATOM_EVENT_CASH_FLOW_001 GROUP BY investor_id),
     hold AS (SELECT o.investor_id, SUM(o.current_value-o.cost) h_gain FROM ATOM_ENTITY_PORTFOLIO_HOLDING_001 o WHERE o.cost > 0 AND o.current_value IS NOT NULL GROUP BY o.investor_id),
     alloc AS (SELECT investor_id, SUM(total_investment) a_inv FROM ATOM_ENTITY_SECTOR_ALLOCATION_001 GROUP BY investor_id),
     goals AS (SELECT investor_id, AVG(shortfall) g_short FROM ATOM_ENTITY_INVESTMENT_GOAL_001 GROUP BY investor_id)
SELECT p.investor_id, p.investor_name,
       ROUND(cf.c_net + ho.h_gain + al.a_inv - g.g_short,2) AS composite_score,
       ROUND(cf.c_net,2) AS net_cash_flow,
       ROUND(ho.h_gain,2) AS holding_gain,
       ROUND(al.a_inv,2) AS sector_investment,
       ROUND(g.g_short,2) AS goal_shortfall
FROM ATOM_ENTITY_INVESTOR_PROFILE_001 p
     LEFT JOIN cash cf ON cf.investor_id=p.investor_id
     LEFT JOIN hold ho ON ho.investor_id=p.investor_id
     LEFT JOIN alloc al ON al.investor_id=p.investor_id
     LEFT JOIN goals g ON g.investor_id=p.investor_id
WHERE cf.c_net IS NOT NULL AND ho.h_gain IS NOT NULL AND al.a_inv IS NOT NULL AND g.g_short IS NOT NULL
ORDER BY composite_score DESC, p.investor_id ASC
LIMIT 10;","[{""investor_id"": ""INV-1122"", ""investor_name"": ""Deepak Sharma"", ""composite_score"": 103387445.03, ""net_cash_flow"": 100006313.0, ""holding_gain"": 2687501.0, ""sector_investment"": 1010431.0, ""goal_shortfall"": 316799.97}, {""investor_id"": ""INV-802"", ""investor_name"": ""Sunita Arora"", ""composite_score"": 102736726.33, ""net_cash_flow"": 100006527.0, ""holding_gain"": 1936466.0, ""sector_investment"": 1441722.0, ""goal_shortfall"": 647988.67}, {""investor_id"": ""INV-482"", ""investor_name"": ""Deepak Mishra"", ""composite_score"": 102554288.08, ""net_cash_flow"": 100015961.0, ""holding_gain"": 2977244.5, ""sector_investment"": 862159.0, ""goal_shortfall"": 1301076.42}, {""investor_id"": ""INV-762"", ""investor_name"": ""Chetan Pandey"", ""composite_score"": 102105317.72, ""net_cash_flow"": 100003558.0, ""holding_gain"": 834630.0, ""sector_investment"": 713597.0, ""goal_shortfall"": -553532.72}, {""investor_id"": ""INV-082"", ""investor_name"": ""Amit Chauhan"", ""composite_score"": 101234128.26, ""net_cash_flow"": 100015142.0, ""holding_gain"": 956750.0, ""sector_investment"": 1384151.0, ""goal_shortfall"": 1121914.74}, {""investor_id"": ""INV-042"", ""investor_name"": ""Suresh Bhat"", ""composite_score"": 101179215.6, ""net_cash_flow"": 99999255.0, ""holding_gain"": 1303860.5, ""sector_investment"": 404706.0, ""goal_shortfall"": 528605.9}, {""investor_id"": ""INV-602"", ""investor_name"": ""Sneha Bhat"", ""composite_score"": 101127152.0, ""net_cash_flow"": 100000636.0, ""holding_gain"": 2003126.0, ""sector_investment"": 123390.0, ""goal_shortfall"": 1000000.0}, {""investor_id"": ""INV-202"", ""investor_name"": ""Chetan Patel"", ""composite_score"": 100629509.67, ""net_cash_flow"": 100017961.0, ""holding_gain"": 685441.0, ""sector_investment"": 1597288.0, ""goal_shortfall"": 1671180.33}, {""investor_id"": ""INV-162"", ""investor_name"": ""Suresh Joshi"", ""composite_score"": 100521609.58, ""net_cash_flow"": 100002561.0, ""holding_gain"": 2608090.5, ""sector_investment"": 114649.0, ""goal_shortfall"": 2203690.92}, {""investor_id"": ""INV-402"", ""investor_name"": ""Anita Kulkarni"", ""composite_score"": 100155823.58, ""net_cash_flow"": 100000457.0, ""holding_gain"": 1533223.5, ""sector_investment"": 420135.0, ""goal_shortfall"": 1797991.92}]"
wealth_management_multi_step_comparative_125_questions:MC125-119,wealth_management_multi_step_comparative_125_questions.csv,MC125-119,"List the top 10 investors ranked by a composite score (0-100 index) combining net cash flow, total rebalance amount, total sector investment and total scenario allocation shift (sum of new minus current allocation %). Over investors that have all 4 components, min-max normalise each component to 0-1, and take 100 times their equal-weighted mean; break ties by investor_id.",Investor composite ranking,Expert,Composite Reasoning,ATOM_ENTITY_INVESTOR_PROFILE_001; ATOM_ENTITY_SECTOR_ALLOCATION_001; ATOM_EVENT_CASH_FLOW_001; ATOM_EVENT_REBALANCING_ACTION_001; ATOM_EVENT_SCENARIO_REBALANCING_001,5,"WITH cash AS (SELECT investor_id, SUM(amount) c_net FROM ATOM_EVENT_CASH_FLOW_001 GROUP BY investor_id),
     reb AS (SELECT investor_id, SUM(amount) r_amt FROM ATOM_EVENT_REBALANCING_ACTION_001 GROUP BY investor_id),
     alloc AS (SELECT investor_id, SUM(total_investment) a_inv FROM ATOM_ENTITY_SECTOR_ALLOCATION_001 GROUP BY investor_id),
     scen AS (SELECT investor_id, SUM(new_allocation_pct-current_allocation_pct) s_shift FROM ATOM_EVENT_SCENARIO_REBALANCING_001 GROUP BY investor_id),
     per AS (SELECT p.investor_id, p.investor_name,
                 cf.c_net AS net_cash_flow,
                 rb.r_amt AS rebalance_amount,
                 al.a_inv AS sector_investment,
                 sc.s_shift AS scenario_shift
              FROM ATOM_ENTITY_INVESTOR_PROFILE_001 p
              LEFT JOIN cash cf ON cf.investor_id=p.investor_id
              LEFT JOIN reb rb ON rb.investor_id=p.investor_id
              LEFT JOIN alloc al ON al.investor_id=p.investor_id
              LEFT JOIN scen sc ON sc.investor_id=p.investor_id
              WHERE cf.c_net IS NOT NULL AND rb.r_amt IS NOT NULL AND al.a_inv IS NOT NULL AND sc.s_shift IS NOT NULL),
     b AS (SELECT MIN(net_cash_flow) mn_0, MAX(net_cash_flow) mx_0, MIN(rebalance_amount) mn_1, MAX(rebalance_amount) mx_1, MIN(sector_investment) mn_2, MAX(sector_investment) mx_2, MIN(scenario_shift) mn_3, MAX(scenario_shift) mx_3 FROM per)
SELECT per.investor_id, per.investor_name,
       ROUND(100.0*((net_cash_flow-b.mn_0)*1.0/NULLIF(b.mx_0-b.mn_0,0) + (rebalance_amount-b.mn_1)*1.0/NULLIF(b.mx_1-b.mn_1,0) + (sector_investment-b.mn_2)*1.0/NULLIF(b.mx_2-b.mn_2,0) + (scenario_shift-b.mn_3)*1.0/NULLIF(b.mx_3-b.mn_3,0))/4.0,2) AS composite_score,
       ROUND(per.net_cash_flow,2) AS net_cash_flow,
       ROUND(per.rebalance_amount,2) AS rebalance_amount,
       ROUND(per.sector_investment,2) AS sector_investment,
       ROUND(per.scenario_shift,2) AS scenario_shift
FROM per, b
ORDER BY composite_score DESC, per.investor_id ASC
LIMIT 10;","[{""investor_id"": ""INV-202"", ""investor_name"": ""Chetan Patel"", ""composite_score"": 63.51, ""net_cash_flow"": 100017961.0, ""rebalance_amount"": 539501.0, ""sector_investment"": 1597288.0, ""scenario_shift"": 58.0}, {""investor_id"": ""INV-1322"", ""investor_name"": ""Bhavna Gupta"", ""composite_score"": 62.47, ""net_cash_flow"": 100013945.0, ""rebalance_amount"": 686423.0, ""sector_investment"": 578053.0, ""scenario_shift"": 84.0}, {""investor_id"": ""INV-1304"", ""investor_name"": ""Aishwarya Chauhan"", ""composite_score"": 58.91, ""net_cash_flow"": 9104.0, ""rebalance_amount"": 338463.0, ""sector_investment"": 3546684.0, ""scenario_shift"": 57.0}, {""investor_id"": ""INV-1393"", ""investor_name"": ""Rahul Iyer"", ""composite_score"": 58.44, ""net_cash_flow"": -2628.0, ""rebalance_amount"": 1077732.0, ""sector_investment"": 1498247.0, ""scenario_shift"": 13.0}, {""investor_id"": ""INV-477"", ""investor_name"": ""Vivek Sharma"", ""composite_score"": 57.79, ""net_cash_flow"": 7392.0, ""rebalance_amount"": 834885.0, ""sector_investment"": 1783184.0, ""scenario_shift"": 47.0}, {""investor_id"": ""INV-1517"", ""investor_name"": ""Vivek Arora"", ""composite_score"": 57.63, ""net_cash_flow"": 10066.0, ""rebalance_amount"": 706904.0, ""sector_investment"": 2055316.0, ""scenario_shift"": 58.0}, {""investor_id"": ""INV-1389"", ""investor_name"": ""Vikram Patel"", ""composite_score"": 57.3, ""net_cash_flow"": 601.0, ""rebalance_amount"": 633292.0, ""sector_investment"": 2660248.0, ""scenario_shift"": 28.0}, {""investor_id"": ""INV-1122"", ""investor_name"": ""Deepak Sharma"", ""composite_score"": 56.96, ""net_cash_flow"": 100006313.0, ""rebalance_amount"": 494029.0, ""sector_investment"": 1010431.0, ""scenario_shift"": 37.0}, {""investor_id"": ""INV-1357"", ""investor_name"": ""Priyanka Joshi"", ""composite_score"": 56.57, ""net_cash_flow"": 9078.0, ""rebalance_amount"": 563051.0, ""sector_investment"": 1999266.0, ""scenario_shift"": 87.0}, {""investor_id"": ""INV-447"", ""investor_name"": ""Amrita Sharma"", ""composite_score"": 56.31, ""net_cash_flow"": 4429.0, ""rebalance_amount"": 944139.0, ""sector_investment"": 2054709.0, ""scenario_shift"": -19.0}]"
wealth_management_multi_step_comparative_125_questions:MC125-123,wealth_management_multi_step_comparative_125_questions.csv,MC125-123,"List the top 10 investors ranked by a composite score (0-100 index) combining net cash flow, total rebalance amount and total scenario allocation shift (sum of new minus current allocation %), with average goal shortfall counting against the score. Over investors that have all 4 components, min-max normalise each component to 0-1 (use 1 minus the normalised value for average goal shortfall), and take 100 times their equal-weighted mean; break ties by investor_id.",Investor composite ranking,Expert,Composite Reasoning,ATOM_ENTITY_INVESTMENT_GOAL_001; ATOM_ENTITY_INVESTOR_PROFILE_001; ATOM_EVENT_CASH_FLOW_001; ATOM_EVENT_REBALANCING_ACTION_001; ATOM_EVENT_SCENARIO_REBALANCING_001,5,"WITH cash AS (SELECT investor_id, SUM(amount) c_net FROM ATOM_EVENT_CASH_FLOW_001 GROUP BY investor_id),
     reb AS (SELECT investor_id, SUM(amount) r_amt FROM ATOM_EVENT_REBALANCING_ACTION_001 GROUP BY investor_id),
     scen AS (SELECT investor_id, SUM(new_allocation_pct-current_allocation_pct) s_shift FROM ATOM_EVENT_SCENARIO_REBALANCING_001 GROUP BY investor_id),
     goals AS (SELECT investor_id, AVG(shortfall) g_short FROM ATOM_ENTITY_INVESTMENT_GOAL_001 GROUP BY investor_id),
     per AS (SELECT p.investor_id, p.investor_name,
                 cf.c_net AS net_cash_flow,
                 rb.r_amt AS rebalance_amount,
                 sc.s_shift AS scenario_shift,
                 g.g_short AS goal_shortfall
              FROM ATOM_ENTITY_INVESTOR_PROFILE_001 p
              LEFT JOIN cash cf ON cf.investor_id=p.investor_id
              LEFT JOIN reb rb ON rb.investor_id=p.investor_id
              LEFT JOIN scen sc ON sc.investor_id=p.investor_id
              LEFT JOIN goals g ON g.investor_id=p.investor_id
              WHERE cf.c_net IS NOT NULL AND rb.r_amt IS NOT NULL AND sc.s_shift IS NOT NULL AND g.g_short IS NOT NULL),
     b AS (SELECT MIN(net_cash_flow) mn_0, MAX(net_cash_flow) mx_0, MIN(rebalance_amount) mn_1, MAX(rebalance_amount) mx_1, MIN(scenario_shift) mn_2, MAX(scenario_shift) mx_2, MIN(goal_shortfall) mn_3, MAX(goal_shortfall) mx_3 FROM per)
SELECT per.investor_id, per.investor_name,
       ROUND(100.0*((net_cash_flow-b.mn_0)*1.0/NULLIF(b.mx_0-b.mn_0,0) + (rebalance_amount-b.mn_1)*1.0/NULLIF(b.mx_1-b.mn_1,0) + (scenario_shift-b.mn_2)*1.0/NULLIF(b.mx_2-b.mn_2,0) + (1-(goal_shortfall-b.mn_3)*1.0/NULLIF(b.mx_3-b.mn_3,0)))/4.0,2) AS composite_score,
       ROUND(per.net_cash_flow,2) AS net_cash_flow,
       ROUND(per.rebalance_amount,2) AS rebalance_amount,
       ROUND(per.scenario_shift,2) AS scenario_shift,
       ROUND(per.goal_shortfall,2) AS goal_shortfall
FROM per, b
ORDER BY composite_score DESC, per.investor_id ASC
LIMIT 10;","[{""investor_id"": ""INV-1322"", ""investor_name"": ""Bhavna Gupta"", ""composite_score"": 79.01, ""net_cash_flow"": 100013945.0, ""rebalance_amount"": 686423.0, ""scenario_shift"": 84.0, ""goal_shortfall"": 40743669.92}, {""investor_id"": ""INV-202"", ""investor_name"": ""Chetan Patel"", ""composite_score"": 76.38, ""net_cash_flow"": 100017961.0, ""rebalance_amount"": 539501.0, ""scenario_shift"": 58.0, ""goal_shortfall"": 1671180.33}, {""investor_id"": ""INV-1185"", ""investor_name"": ""Kavita Singh"", ""composite_score"": 74.71, ""net_cash_flow"": -2786.0, ""rebalance_amount"": 1111528.0, ""scenario_shift"": 47.0, ""goal_shortfall"": 351925.53}, {""investor_id"": ""INV-1082"", ""investor_name"": ""Suresh Verma"", ""composite_score"": 74.17, ""net_cash_flow"": 100006214.0, ""rebalance_amount"": 464813.0, ""scenario_shift"": 50.0, ""goal_shortfall"": 1677793.09}, {""investor_id"": ""INV-1222"", ""investor_name"": ""Siddharth Arora"", ""composite_score"": 73.79, ""net_cash_flow"": 16520.0, ""rebalance_amount"": 976993.0, ""scenario_shift"": 69.0, ""goal_shortfall"": 1000000.0}, {""investor_id"": ""INV-1122"", ""investor_name"": ""Deepak Sharma"", ""composite_score"": 73.75, ""net_cash_flow"": 100006313.0, ""rebalance_amount"": 494029.0, ""scenario_shift"": 37.0, ""goal_shortfall"": 316799.97}, {""investor_id"": ""INV-1345"", ""investor_name"": ""Rajesh Verma"", ""composite_score"": 71.75, ""net_cash_flow"": 1875.0, ""rebalance_amount"": 1223864.0, ""scenario_shift"": -14.0, ""goal_shortfall"": 1364595.57}, {""investor_id"": ""INV-350"", ""investor_name"": ""Rahul Verma"", ""composite_score"": 71.75, ""net_cash_flow"": 11749.0, ""rebalance_amount"": 895558.0, ""scenario_shift"": 65.0, ""goal_shortfall"": 1593131.55}, {""investor_id"": ""INV-1393"", ""investor_name"": ""Rahul Iyer"", ""composite_score"": 71.14, ""net_cash_flow"": -2628.0, ""rebalance_amount"": 1077732.0, ""scenario_shift"": 13.0, ""goal_shortfall"": 192362.29}, {""investor_id"": ""INV-1276"", ""investor_name"": ""Anand Deshmukh"", ""composite_score"": 70.52, ""net_cash_flow"": -1347.0, ""rebalance_amount"": 865349.0, ""scenario_shift"": 57.0, ""goal_shortfall"": 500045.33}]"
wealth_management_reference_compliance_125_questions:RC125-002,wealth_management_reference_compliance_125_questions.csv,RC125-002,"Using the allowed time_horizon values Long-term, Medium-term, Short-term, which investor profiles have a time_horizon value outside this set?",Reference / Compliance / Integrity,Medium,Reference Compliance,ATOM_ENTITY_INVESTOR_PROFILE_001,1,"SELECT investor_id, time_horizon FROM ATOM_ENTITY_INVESTOR_PROFILE_001 WHERE time_horizon IS NOT NULL AND time_horizon NOT IN ('Long-term', 'Medium-term', 'Short-term') ORDER BY investor_id;",[]
wealth_management_reference_compliance_125_questions:RC125-006,wealth_management_reference_compliance_125_questions.csv,RC125-006,"Using the allowed investment_type values Corporate Bond, ETF, Equity, Global Equity, Gold, Government Bond, Hedge Fund, InVIT, Index Fund, Mutual Fund, Private Equity, REIT, Real Estate, Venture Capital, which portfolio holdings have a investment_type value outside this set?",Reference / Compliance / Integrity,Medium,Reference Compliance,ATOM_ENTITY_PORTFOLIO_HOLDING_001,1,"SELECT holding_id, investor_id, investment_type FROM ATOM_ENTITY_PORTFOLIO_HOLDING_001 WHERE investment_type IS NOT NULL AND investment_type NOT IN ('Corporate Bond', 'ETF', 'Equity', 'Global Equity', 'Gold', 'Government Bond', 'Hedge Fund', 'InVIT', 'Index Fund', 'Mutual Fund', 'Private Equity', 'REIT', 'Real Estate', 'Venture Capital') ORDER BY holding_id;",[]
wealth_management_reference_compliance_125_questions:RC125-010,wealth_management_reference_compliance_125_questions.csv,RC125-010,List the investor profiles that are missing a required risk_tolerance value (risk_tolerance IS NULL).,Reference / Compliance / Integrity,Hard,Filtered List,ATOM_ENTITY_INVESTOR_PROFILE_001,1,SELECT investor_id FROM ATOM_ENTITY_INVESTOR_PROFILE_001 WHERE risk_tolerance IS NULL ORDER BY investor_id;,"{""_total_rows"": 77, ""_truncated_to"": 50, ""rows"": [{""investor_id"": ""INV-005""}, {""investor_id"": ""INV-017""}, {""investor_id"": ""INV-093""}, {""investor_id"": ""INV-1010""}, {""investor_id"": ""INV-1123""}, {""investor_id"": ""INV-1156""}, {""investor_id"": ""INV-116""}, {""investor_id"": ""INV-1161""}, {""investor_id"": ""INV-1168""}, {""investor_id"": ""INV-1179""}, {""investor_id"": ""INV-1181""}, {""investor_id"": ""INV-1194""}, {""investor_id"": ""INV-1204""}, {""investor_id"": ""INV-1253""}, {""investor_id"": ""INV-1254""}, {""investor_id"": ""INV-1255""}, {""investor_id"": ""INV-1263""}, {""investor_id"": ""INV-1276""}, {""investor_id"": ""INV-1304""}, {""investor_id"": ""INV-1344""}, {""investor_id"": ""INV-1352""}, {""investor_id"": ""INV-1366""}, {""investor_id"": ""INV-1404""}, {""investor_id"": ""INV-1405""}, {""investor_id"": ""INV-1413""}, {""investor_id"": ""INV-1415""}, {""investor_id"": ""INV-1416""}, {""investor_id"": ""INV-1426""}, {""investor_id"": ""INV-1436""}, {""investor_id"": ""INV-1449""}, {""investor_id"": ""INV-1453""}, {""investor_id"": ""INV-1455""}, {""investor_id"": ""INV-1490""}, {""investor_id"": ""INV-1506""}, {""investor_id"": ""INV-1509""}, {""investor_id"": ""INV-1524""}, {""investor_id"": ""INV-1542""}, {""investor_id"": ""INV-156""}, {""investor_id"": ""INV-191""}, {""investor_id"": ""INV-206""}, {""investor_id"": ""INV-225""}, {""investor_id"": ""INV-227""}, {""investor_id"": ""INV-228""}, {""investor_id"": ""INV-321""}, {""investor_id"": ""INV-338""}, {""investor_id"": ""INV-348""}, {""investor_id"": ""INV-356""}, {""investor_id"": ""INV-361""}, {""investor_id"": ""INV-392""}, {""investor_id"": ""INV-415""}]}"
wealth_management_reference_compliance_125_questions:RC125-014,wealth_management_reference_compliance_125_questions.csv,RC125-014,"For the reference attribute segment, which values are actually in use across investor profiles, and how many records use each? (compare against the allowed set Diversified, Large Cap, Mid Cap, Small Cap)",Reference / Compliance / Integrity,Medium,Reference Compliance,ATOM_ENTITY_INVESTOR_PROFILE_001,1,"SELECT segment, COUNT(*) AS record_count FROM ATOM_ENTITY_INVESTOR_PROFILE_001 WHERE segment IS NOT NULL GROUP BY segment ORDER BY segment;","[{""segment"": ""Diversified"", ""record_count"": 360}, {""segment"": ""Large Cap"", ""record_count"": 373}, {""segment"": ""Mid Cap"", ""record_count"": 361}, {""segment"": ""Small Cap"", ""record_count"": 379}]"
wealth_management_reference_compliance_125_questions:RC125-018,wealth_management_reference_compliance_125_questions.csv,RC125-018,How many investor profiles are missing a required segment value (segment IS NULL)?,Reference / Compliance / Integrity,Medium,Exception Detection,ATOM_ENTITY_INVESTOR_PROFILE_001,1,SELECT COUNT(DISTINCT investor_id) AS missing_count FROM ATOM_ENTITY_INVESTOR_PROFILE_001 WHERE segment IS NULL;,"[{""missing_count"": 77}]"
wealth_management_reference_compliance_125_questions:RC125-022,wealth_management_reference_compliance_125_questions.csv,RC125-022,List the portfolio-health records that are missing a required risk_score value (risk_score IS NULL).,Reference / Compliance / Integrity,Hard,Filtered List,ATOM_ENTITY_PORTFOLIO_HEALTH_001,1,"SELECT portfolio_health_id, investor_id FROM ATOM_ENTITY_PORTFOLIO_HEALTH_001 WHERE risk_score IS NULL ORDER BY portfolio_health_id;","{""_total_rows"": 77, ""_truncated_to"": 50, ""rows"": [{""portfolio_health_id"": ""01ca0e11-5dd1-4fb6-a381-73714bb9f7e9"", ""investor_id"": ""INV-1032""}, {""portfolio_health_id"": ""06447100-8024-4e02-b4c7-643200246d6e"", ""investor_id"": ""INV-1087""}, {""portfolio_health_id"": ""081e8ca2-f0c9-4fac-a054-c022532963eb"", ""investor_id"": ""INV-085""}, {""portfolio_health_id"": ""082b3a5b-2eb0-46af-96b3-2add50b464c9"", ""investor_id"": ""INV-1298""}, {""portfolio_health_id"": ""0e7e2656-742a-4c27-bbb5-2b8e46a335d1"", ""investor_id"": ""INV-336""}, {""portfolio_health_id"": ""16296b11-62e0-4980-9035-a97caeeefb24"", ""investor_id"": ""INV-1280""}, {""portfolio_health_id"": ""171bf6d3-26b0-42c5-9a32-a4f43a7173f4"", ""investor_id"": ""INV-1334""}, {""portfolio_health_id"": ""171fbc82-c821-4a2e-8ddf-982a7f283898"", ""investor_id"": ""INV-1473""}, {""portfolio_health_id"": ""1f3dae4c-84fe-4be1-ba5d-80a2a1d05c11"", ""investor_id"": ""INV-1535""}, {""portfolio_health_id"": ""22231590-ee7c-43aa-b1f1-71596ced5802"", ""investor_id"": ""INV-1124""}, {""portfolio_health_id"": ""223ecc8d-c590-40ed-aafc-46808ed53f3d"", ""investor_id"": ""INV-267""}, {""portfolio_health_id"": ""25baf737-2094-4675-b4b0-9509a66103a3"", ""investor_id"": ""INV-330""}, {""portfolio_health_id"": ""29562eac-95a3-4346-b771-e78496b69800"", ""investor_id"": ""INV-1543""}, {""portfolio_health_id"": ""2ba4987e-ecd5-4528-a894-4232207155bd"", ""investor_id"": ""INV-1504""}, {""portfolio_health_id"": ""2f022adf-50d7-48ef-b624-cf54f4bbc07f"", ""investor_id"": ""INV-325""}, {""portfolio_health_id"": ""31336d5b-8ac5-49a5-aebf-26a0b81fa65e"", ""investor_id"": ""INV-1191""}, {""portfolio_health_id"": ""31cfabf9-535e-47d3-9854-62966aebf273"", ""investor_id"": ""INV-1398""}, {""portfolio_health_id"": ""32d94060-426f-4521-8ffa-18f734c60c28"", ""investor_id"": ""INV-333""}, {""portfolio_health_id"": ""33517361-c658-4aa9-91ca-f5d850072d81"", ""investor_id"": ""INV-927""}, {""portfolio_health_id"": ""34a223f5-1be7-4288-a973-fd5b3b3a2c86"", ""investor_id"": ""INV-005""}, {""portfolio_health_id"": ""3877e581-578e-46df-a559-3beff3cb688c"", ""investor_id"": ""INV-1444""}, {""portfolio_health_id"": ""40540c23-859b-4e8a-81a0-7221adffc0f5"", ""investor_id"": ""INV-063""}, {""portfolio_health_id"": ""4ba2756c-c3b6-4ef8-9b4b-0f3c38c457da"", ""investor_id"": ""INV-1081""}, {""portfolio_health_id"": ""4d1c5afc-af55-45b1-a1a5-00020de391c3"", ""investor_id"": ""INV-994""}, {""portfolio_health_id"": ""532eeb8f-c1ba-4dcd-b7ab-6cc09f60735f"", ""investor_id"": ""INV-1482""}, {""portfolio_health_id"": ""552de1d0-4838-41c8-b87c-06a7b32c14da"", ""investor_id"": ""INV-480""}, {""portfolio_health_id"": ""5816553c-a1ab-4019-a693-f30642f24786"", ""investor_id"": ""INV-463""}, {""portfolio_health_id"": ""5ac53dff-9738-4153-92a3-b58ccfc8e6a4"", ""investor_id"": ""INV-1268""}, {""portfolio_health_id"": ""5f8cd80a-5be9-4a4a-a183-bc755219995d"", ""investor_id"": ""INV-249""}, {""portfolio_health_id"": ""66fafebc-aa8e-49a0-8753-80ea6e6eae95"", ""investor_id"": ""INV-958""}, {""portfolio_health_id"": ""6870b518-8134-4ef9-9716-3933e03406a8"", ""investor_id"": ""INV-1489""}, {""portfolio_health_id"": ""6a335808-d469-4bed-8403-42e76ae28430"", ""investor_id"": ""INV-1132""}, {""portfolio_health_id"": ""6cb926e9-2045-400a-a116-f9ec2f6dee09"", ""investor_id"": ""INV-742""}, {""portfolio_health_id"": ""6e8b437f-282c-44b8-8cf0-02b5926f15f8"", ""investor_id"": ""INV-216""}, {""portfolio_health_id"": ""742b4265-b1ee-4f3e-8367-b225ded7c849"", ""investor_id"": ""INV-791""}, {""portfolio_health_id"": ""7534b576-9e20-4c2a-8b69-027bd52e1004"", ""investor_id"": ""INV-975""}, {""portfolio_health_id"": ""767b3793-5fbc-4bc9-8a7f-91426799f6f7"", ""investor_id"": ""INV-415""}, {""portfolio_health_id"": ""7ba914e8-d69f-4b96-b8f7-f95e81d4c042"", ""investor_id"": ""INV-929""}, {""portfolio_health_id"": ""82120324-972d-497d-81af-b35c253b2b1a"", ""investor_id"": ""INV-965""}, {""portfolio_health_id"": ""84c88d8a-55bf-42cf-a415-b34ce9cc52fb"", ""investor_id"": ""INV-261""}, {""portfolio_health_id"": ""85987b9e-38a3-4966-bffe-21a73c0ed1c1"", ""investor_id"": ""INV-341""}, {""portfolio_health_id"": ""869a527b-22a7-44de-9c98-d76407f97014"", ""investor_id"": ""INV-286""}, {""portfolio_health_id"": ""89bdc867-0027-4987-804c-c2dbb42b89f1"", ""investor_id"": ""INV-255""}, {""portfolio_health_id"": ""8ee3170b-56df-425a-b1a6-e4304195b7e2"", ""investor_id"": ""INV-833""}, {""portfolio_health_id"": ""8f3361ec-f01a-4360-b98b-be765c35d70a"", ""investor_id"": ""INV-232""}, {""portfolio_health_id"": ""9c1d3574-7bb3-41b2-98bb-38ad450ff7e9"", ""investor_id"": ""INV-132""}, {""portfolio_health_id"": ""9c521137-b186-4ddd-a4a5-941c8e1704f2"", ""investor_id"": ""INV-004""}, {""portfolio_health_id"": ""9c603ae9-8299-4168-8577-b2ef31dada6a"", ""investor_id"": ""INV-1381""}, {""portfolio_health_id"": ""a38a0221-6cb4-411a-8e51-0d4420383717"", ""investor_id"": ""INV-1213""}, {""portfolio_health_id"": ""a5614e57-ada7-47f6-8ba5-14301bf4b9be"", ""investor_id"": ""INV-145""}]}"
wealth_management_reference_compliance_125_questions:RC125-026,wealth_management_reference_compliance_125_questions.csv,RC125-026,"For the reference attribute sector, which values are actually in use across portfolio holdings, and how many records use each? (compare against the allowed set Automobile, Banking, Consumer Goods, Corporate, Financial Services, Government, Healthcare, Infrastructure, Pharma, Private Equity, Real Estate, Technology)",Reference / Compliance / Integrity,Medium,Reference Compliance,ATOM_ENTITY_PORTFOLIO_HOLDING_001,1,"SELECT sector, COUNT(*) AS record_count FROM ATOM_ENTITY_PORTFOLIO_HOLDING_001 WHERE sector IS NOT NULL GROUP BY sector ORDER BY sector;","[{""sector"": ""Automobile"", ""record_count"": 1138}, {""sector"": ""Banking"", ""record_count"": 1164}, {""sector"": ""Consumer Goods"", ""record_count"": 1211}, {""sector"": ""Corporate"", ""record_count"": 1237}, {""sector"": ""Financial Services"", ""record_count"": 1199}, {""sector"": ""Government"", ""record_count"": 1156}, {""sector"": ""Healthcare"", ""record_count"": 1213}, {""sector"": ""Infrastructure"", ""record_count"": 1186}, {""sector"": ""Pharma"", ""record_count"": 1250}, {""sector"": ""Private Equity"", ""record_count"": 1171}, {""sector"": ""Real Estate"", ""record_count"": 1208}, {""sector"": ""Technology"", ""record_count"": 1214}]"
wealth_management_reference_compliance_125_questions:RC125-030,wealth_management_reference_compliance_125_questions.csv,RC125-030,How many portfolio-health records are missing a required liquidity_score value (liquidity_score IS NULL)?,Reference / Compliance / Integrity,Medium,Exception Detection,ATOM_ENTITY_PORTFOLIO_HEALTH_001,1,SELECT COUNT(*) AS missing_count FROM ATOM_ENTITY_PORTFOLIO_HEALTH_001 WHERE liquidity_score IS NULL;,"[{""missing_count"": 77}]"
wealth_management_reference_compliance_125_questions:RC125-034,wealth_management_reference_compliance_125_questions.csv,RC125-034,List the portfolio holdings that are missing a required cost value (cost IS NULL).,Reference / Compliance / Integrity,Hard,Filtered List,ATOM_ENTITY_PORTFOLIO_HOLDING_001,1,"SELECT holding_id, investor_id FROM ATOM_ENTITY_PORTFOLIO_HOLDING_001 WHERE cost IS NULL ORDER BY holding_id;","{""_total_rows"": 755, ""_truncated_to"": 50, ""rows"": [{""holding_id"": ""0036935d-fe9a-4c3d-bb81-64e0b0c70c9b"", ""investor_id"": ""INV-758""}, {""holding_id"": ""0091c2f6-2a77-4ea8-ae84-33cfae157126"", ""investor_id"": ""INV-491""}, {""holding_id"": ""00a948c1-c72e-458c-8290-9f95e855e4b6"", ""investor_id"": ""INV-1237""}, {""holding_id"": ""0107b417-b016-4803-8102-c970ebdec20b"", ""investor_id"": ""INV-1466""}, {""holding_id"": ""0136f733-1652-4876-bfa4-c8933e319cb0"", ""investor_id"": ""INV-042""}, {""holding_id"": ""0158f756-8b43-4552-87f5-ba7b4de25d62"", ""investor_id"": ""INV-369""}, {""holding_id"": ""0194c340-5d13-4946-8532-be9a32b44d1b"", ""investor_id"": ""INV-1432""}, {""holding_id"": ""0207c443-3273-464e-9997-4bec7d0b5cd1"", ""investor_id"": ""INV-579""}, {""holding_id"": ""0224e80f-6455-4f91-9774-6a477ccc6fef"", ""investor_id"": ""INV-816""}, {""holding_id"": ""0282b30e-4af8-473d-91e7-2977a4325799"", ""investor_id"": ""INV-1304""}, {""holding_id"": ""02981ec7-244d-46eb-b349-31295168332e"", ""investor_id"": ""INV-646""}, {""holding_id"": ""02ba3cf7-4fc4-4308-aa31-faf8037cb1ef"", ""investor_id"": ""INV-1339""}, {""holding_id"": ""02c2cacd-0e00-4420-b8ad-715455c9203a"", ""investor_id"": ""INV-1083""}, {""holding_id"": ""030e7dfe-f43e-43a3-a1be-6ff839070562"", ""investor_id"": ""INV-1329""}, {""holding_id"": ""031d0586-f3f4-4699-9911-0a6a7fcabc81"", ""investor_id"": ""INV-250""}, {""holding_id"": ""0362569e-7d83-4511-a418-e66432fb6e0f"", ""investor_id"": ""INV-777""}, {""holding_id"": ""03beb37d-931f-43e3-8bac-67aee88113c0"", ""investor_id"": ""INV-812""}, {""holding_id"": ""03d7488c-df6d-4c09-8ff8-79b039116ae4"", ""investor_id"": ""INV-536""}, {""holding_id"": ""0428caeb-e41a-4c64-89de-490f4723eb3b"", ""investor_id"": ""INV-729""}, {""holding_id"": ""051dbe6c-1b7d-4ea4-afa9-f505a28ed68c"", ""investor_id"": ""INV-1355""}, {""holding_id"": ""05cd59c4-1972-410e-8a41-b6d87e218298"", ""investor_id"": ""INV-1545""}, {""holding_id"": ""066ea4a3-7052-4107-b805-b1bc5a8fa35d"", ""investor_id"": ""INV-900""}, {""holding_id"": ""068b863c-7d07-464a-9f16-87f2cbfa6238"", ""investor_id"": ""INV-1137""}, {""holding_id"": ""06993170-5af8-4a7e-b7be-1c5baaab7da3"", ""investor_id"": ""INV-1134""}, {""holding_id"": ""06be6e9b-f992-4ecd-a571-cb4e218870e1"", ""investor_id"": ""INV-932""}, {""holding_id"": ""06c976c0-9d8a-408e-90f6-e1b3bd55b122"", ""investor_id"": ""INV-1117""}, {""holding_id"": ""06cb6f95-d185-43a5-b366-d1a5d26d0599"", ""investor_id"": ""INV-903""}, {""holding_id"": ""06e38e75-12d0-4fee-8635-0197e53301ae"", ""investor_id"": ""INV-237""}, {""holding_id"": ""06e9679c-865f-4825-b4e7-6998f291d120"", ""investor_id"": ""INV-1030""}, {""holding_id"": ""073cd110-aa23-4131-a587-d247bf8ae03a"", ""investor_id"": ""INV-1362""}, {""holding_id"": ""079d9b43-5f78-4531-aff2-90c2d85abbfe"", ""investor_id"": ""INV-488""}, {""holding_id"": ""07c2e46d-325b-4e01-9263-56ee7b97006f"", ""investor_id"": ""INV-306""}, {""holding_id"": ""07cbbc12-7dfd-4cd1-bc3d-e59d331ec357"", ""investor_id"": ""INV-659""}, {""holding_id"": ""07f3319e-18c3-4819-99c9-b3404917d153"", ""investor_id"": ""INV-880""}, {""holding_id"": ""08171251-8e0c-4d5f-85fc-466243b81814"", ""investor_id"": ""INV-410""}, {""holding_id"": ""0844213f-edea-4b56-94fd-7bf9cfb1abe3"", ""investor_id"": ""INV-730""}, {""holding_id"": ""096377c7-9d85-4bb6-a8d0-2da281b5185f"", ""investor_id"": ""INV-426""}, {""holding_id"": ""09841eca-3b3f-46d7-8a8b-653f88e95a24"", ""investor_id"": ""INV-860""}, {""holding_id"": ""098dc6de-457a-4b59-9445-e521db1a4052"", ""investor_id"": ""INV-432""}, {""holding_id"": ""0a499109-f39a-4cef-95fa-3dc0e4d1ef65"", ""investor_id"": ""INV-1283""}, {""holding_id"": ""0ab00657-90df-44b8-ab50-1822ba7b51e2"", ""investor_id"": ""INV-166""}, {""holding_id"": ""0afe0b87-c5f0-4a86-be4f-fba6bced683e"", ""investor_id"": ""INV-1280""}, {""holding_id"": ""0b8ceb3d-1812-4449-bd20-83427de966b4"", ""investor_id"": ""INV-996""}, {""holding_id"": ""0bc84cc2-b8b4-4385-93e3-d130d874b4da"", ""investor_id"": ""INV-432""}, {""holding_id"": ""0c125d2b-011f-4401-bf3c-d1a6f70a63ff"", ""investor_id"": ""INV-1276""}, {""holding_id"": ""0c66197a-e37a-45be-a8f9-3b3d33e1c0fd"", ""investor_id"": ""INV-363""}, {""holding_id"": ""0d2d3de8-5e70-4340-9edd-2b639a03543b"", ""investor_id"": ""INV-973""}, {""holding_id"": ""0da7bc87-2b27-4bb6-bbbe-e4b6e24a042f"", ""investor_id"": ""INV-043""}, {""holding_id"": ""0df2aa53-a938-4d8b-9c31-0ff1c59c6434"", ""investor_id"": ""INV-619""}, {""holding_id"": ""0dface35-787d-4f20-8c18-76fa5f1a9936"", ""investor_id"": ""INV-1340""}]}"
wealth_management_reference_compliance_125_questions:RC125-038,wealth_management_reference_compliance_125_questions.csv,RC125-038,"For the reference attribute type, which values are actually in use across cash-flow records, and how many records use each? (compare against the allowed set Deposit, Dividend Reinvestment, Interest Credit, Lump Sum, Redemption, SIP, Tax Refund, Withdrawal)",Reference / Compliance / Integrity,Medium,Reference Compliance,ATOM_EVENT_CASH_FLOW_001,1,"SELECT type, COUNT(*) AS record_count FROM ATOM_EVENT_CASH_FLOW_001 WHERE type IS NOT NULL GROUP BY type ORDER BY type;","[{""type"": ""Deposit"", ""record_count"": 905}, {""type"": ""Dividend Reinvestment"", ""record_count"": 916}, {""type"": ""Interest Credit"", ""record_count"": 944}, {""type"": ""Lump Sum"", ""record_count"": 968}, {""type"": ""Redemption"", ""record_count"": 870}, {""type"": ""SIP"", ""record_count"": 997}, {""type"": ""Tax Refund"", ""record_count"": 936}, {""type"": ""Withdrawal"", ""record_count"": 901}]"
wealth_management_reference_compliance_125_questions:RC125-042,wealth_management_reference_compliance_125_questions.csv,RC125-042,How many portfolio holdings are missing a required sector value (sector IS NULL)?,Reference / Compliance / Integrity,Medium,Exception Detection,ATOM_ENTITY_PORTFOLIO_HOLDING_001,1,SELECT COUNT(*) AS missing_count FROM ATOM_ENTITY_PORTFOLIO_HOLDING_001 WHERE sector IS NULL;,"[{""missing_count"": 755}]"
wealth_management_reference_compliance_125_questions:RC125-046,wealth_management_reference_compliance_125_questions.csv,RC125-046,List the investment-goal records that are missing a required target_amount value (target_amount IS NULL).,Reference / Compliance / Integrity,Hard,Filtered List,ATOM_ENTITY_INVESTMENT_GOAL_001,1,"SELECT goal_id, investor_id FROM ATOM_ENTITY_INVESTMENT_GOAL_001 WHERE target_amount IS NULL ORDER BY goal_id;","{""_total_rows"": 193, ""_truncated_to"": 50, ""rows"": [{""goal_id"": ""0060e38a-174f-47ee-bf1e-ec84aa1d08b5"", ""investor_id"": ""INV-1342""}, {""goal_id"": ""00b126b2-6fc3-49c1-8465-fd91dfce7d4f"", ""investor_id"": ""INV-1530""}, {""goal_id"": ""040cf7c5-390e-4c7e-ad45-87b0dd16a181"", ""investor_id"": ""INV-1126""}, {""goal_id"": ""04bd8305-0cee-4059-97fb-63cf2efb068a"", ""investor_id"": ""INV-359""}, {""goal_id"": ""06601ca7-ff6d-4c43-bf64-fda0387f2946"", ""investor_id"": ""INV-1334""}, {""goal_id"": ""07954dcc-549e-4abe-b1d4-efe5dec5bcf9"", ""investor_id"": ""INV-164""}, {""goal_id"": ""07c0bba7-58ed-4f93-9b01-261855e0e4ba"", ""investor_id"": ""INV-152""}, {""goal_id"": ""084b5773-461a-4948-8e18-7cef02dda204"", ""investor_id"": ""INV-843""}, {""goal_id"": ""08ac0e12-a1e2-4dcd-bb4a-4c538e67278a"", ""investor_id"": ""INV-337""}, {""goal_id"": ""0a1f1a96-7ef2-4e80-8bb4-f7f0db5b52a6"", ""investor_id"": ""INV-1437""}, {""goal_id"": ""0ad69936-7cdb-4dd6-baf2-2435a812db96"", ""investor_id"": ""INV-888""}, {""goal_id"": ""0d47e237-b4bc-4aa2-803c-6279cda8c100"", ""investor_id"": ""INV-325""}, {""goal_id"": ""0d4a2b3b-f6ef-4378-8774-c736c0e9076f"", ""investor_id"": ""INV-582""}, {""goal_id"": ""0e16a834-9b23-495b-860a-e01047b75e85"", ""investor_id"": ""INV-727""}, {""goal_id"": ""10814104-03e4-40d1-9bb1-88be52e3540b"", ""investor_id"": ""INV-1316""}, {""goal_id"": ""1516ea61-1aec-4b50-bc6a-cdce30d505fc"", ""investor_id"": ""INV-254""}, {""goal_id"": ""19d500e5-bde3-4895-81cb-b8e74cd041cd"", ""investor_id"": ""INV-851""}, {""goal_id"": ""19ec5a5f-75eb-43e8-80e4-bc1feec58dce"", ""investor_id"": ""INV-502""}, {""goal_id"": ""1a00c28a-c9de-4dda-8457-3d4478a658e5"", ""investor_id"": ""INV-266""}, {""goal_id"": ""1b712bc9-edb3-4a02-900f-0581a64604a9"", ""investor_id"": ""INV-672""}, {""goal_id"": ""1d8905a2-cee9-4700-a6f7-ca36709a1677"", ""investor_id"": ""INV-1390""}, {""goal_id"": ""2027f6aa-0cee-4bbf-b8c9-fa4866eb7944"", ""investor_id"": ""INV-033""}, {""goal_id"": ""207d280b-4502-49f2-aad2-bdce390afb30"", ""investor_id"": ""INV-438""}, {""goal_id"": ""221f2ac2-b674-4c9b-974e-e165a6a04a9a"", ""investor_id"": ""INV-1137""}, {""goal_id"": ""2643ce9f-1749-4ea4-9447-aa046d1c8d73"", ""investor_id"": ""INV-1288""}, {""goal_id"": ""282343d0-7282-4548-8c3a-c910fa55297a"", ""investor_id"": ""INV-631""}, {""goal_id"": ""28b31fe2-0931-45af-a606-77885cc9991f"", ""investor_id"": ""INV-1229""}, {""goal_id"": ""2985c1c8-1f4b-4dcf-bf16-a91705e5446e"", ""investor_id"": ""INV-1040""}, {""goal_id"": ""2a6f134a-698b-405d-a1bc-10b997e6df78"", ""investor_id"": ""INV-1094""}, {""goal_id"": ""2b30e64e-2f0f-4767-b04c-9ad43552943c"", ""investor_id"": ""INV-563""}, {""goal_id"": ""2e7ba702-5cf9-4d98-a80d-d6857aceed92"", ""investor_id"": ""INV-1392""}, {""goal_id"": ""2f52266e-5008-4433-b17f-72ed706710a1"", ""investor_id"": ""INV-1392""}, {""goal_id"": ""2f7badb3-610c-41b9-a574-ff4fd7ae87e7"", ""investor_id"": ""INV-1264""}, {""goal_id"": ""30e0b2c4-67c1-47d1-bc96-d87eb5a03339"", ""investor_id"": ""INV-955""}, {""goal_id"": ""33e5d785-4b64-4d3c-aea9-705b36d97fce"", ""investor_id"": ""INV-1203""}, {""goal_id"": ""35db86ab-afd0-4ac8-a876-1a64ca692938"", ""investor_id"": ""INV-942""}, {""goal_id"": ""374a0c10-12d5-43d5-820b-fc6873b8594c"", ""investor_id"": ""INV-527""}, {""goal_id"": ""389e1797-9447-4e0a-8d9f-f866c2fb702e"", ""investor_id"": ""INV-314""}, {""goal_id"": ""390ed8ae-a9b4-47f2-95dc-97a904739482"", ""investor_id"": ""INV-829""}, {""goal_id"": ""3916a27e-b130-4aad-ace6-0d3cec8bd218"", ""investor_id"": ""INV-783""}, {""goal_id"": ""393e0508-1814-4415-af26-1fdb828064a5"", ""investor_id"": ""INV-624""}, {""goal_id"": ""3a39f737-b543-4338-8687-0a0057d7b7af"", ""investor_id"": ""INV-987""}, {""goal_id"": ""3b3807c1-bd3e-4d72-85f3-d3d5ab3af000"", ""investor_id"": ""INV-1324""}, {""goal_id"": ""3bc86b23-7f2a-47a4-ab0d-70718b4bbc0a"", ""investor_id"": ""INV-977""}, {""goal_id"": ""3c764ef4-bc62-48e6-b8f0-548acd8e4488"", ""investor_id"": ""INV-195""}, {""goal_id"": ""3daa5f03-2d09-46e0-b1a6-8f1bf0f800a9"", ""investor_id"": ""INV-1377""}, {""goal_id"": ""3efba11e-5d82-427f-a995-f64522b4174b"", ""investor_id"": ""INV-134""}, {""goal_id"": ""3f5584c0-7139-4536-b462-9efa3c994488"", ""investor_id"": ""INV-651""}, {""goal_id"": ""44393eec-641c-427c-9aac-ad3ccf9aacf0"", ""investor_id"": ""INV-1181""}, {""goal_id"": ""45a56427-1592-49c1-9453-452fbfd68598"", ""investor_id"": ""INV-204""}]}"
wealth_management_reference_compliance_125_questions:RC125-050,wealth_management_reference_compliance_125_questions.csv,RC125-050,"For the reference attribute scenario, which values are actually in use across scenario-rebalancing records, and how many records use each? (compare against the allowed set Approaching Goal, Bear Market, Bull Market, Currency Depreciation, Economic Growth, Flash Crash, Geopolitical Tension, Inflation Surge, Interest Rate Cut, Interest Rate Hike, Market Volatility, Sector Rotation)",Reference / Compliance / Integrity,Medium,Reference Compliance,ATOM_EVENT_SCENARIO_REBALANCING_001,1,"SELECT scenario, COUNT(*) AS record_count FROM ATOM_EVENT_SCENARIO_REBALANCING_001 WHERE scenario IS NOT NULL GROUP BY scenario ORDER BY scenario;","[{""scenario"": ""Approaching Goal"", ""record_count"": 142}, {""scenario"": ""Bear Market"", ""record_count"": 135}, {""scenario"": ""Bull Market"", ""record_count"": 114}, {""scenario"": ""Currency Depreciation"", ""record_count"": 115}, {""scenario"": ""Economic Growth"", ""record_count"": 133}, {""scenario"": ""Flash Crash"", ""record_count"": 119}, {""scenario"": ""Geopolitical Tension"", ""record_count"": 112}, {""scenario"": ""Inflation Surge"", ""record_count"": 121}, {""scenario"": ""Interest Rate Cut"", ""record_count"": 112}, {""scenario"": ""Interest Rate Hike"", ""record_count"": 129}, {""scenario"": ""Market Volatility"", ""record_count"": 114}, {""scenario"": ""Sector Rotation"", ""record_count"": 126}]"
wealth_management_reference_compliance_125_questions:RC125-054,wealth_management_reference_compliance_125_questions.csv,RC125-054,How many portfolio holdings are missing a required returns_pct value (returns_pct IS NULL)?,Reference / Compliance / Integrity,Medium,Exception Detection,ATOM_ENTITY_PORTFOLIO_HOLDING_001,1,SELECT COUNT(*) AS missing_count FROM ATOM_ENTITY_PORTFOLIO_HOLDING_001 WHERE returns_pct IS NULL;,"[{""missing_count"": 71}]"
wealth_management_reference_compliance_125_questions:RC125-058,wealth_management_reference_compliance_125_questions.csv,RC125-058,List the cash-flow records that are missing a required source value (source IS NULL).,Reference / Compliance / Integrity,Hard,Filtered List,ATOM_EVENT_CASH_FLOW_001,1,"SELECT cash_flow_id, investor_id FROM ATOM_EVENT_CASH_FLOW_001 WHERE source IS NULL ORDER BY cash_flow_id;","{""_total_rows"": 391, ""_truncated_to"": 50, ""rows"": [{""cash_flow_id"": ""007759f0-ba4b-473e-ad20-a216dce6d52e"", ""investor_id"": ""INV-1066""}, {""cash_flow_id"": ""007a0947-c957-4f3c-b6a7-bea5a7a7af4d"", ""investor_id"": ""INV-243""}, {""cash_flow_id"": ""00d14d79-3c0b-494b-a2ac-4bbb7dff59ca"", ""investor_id"": ""INV-059""}, {""cash_flow_id"": ""03c13c82-daaf-4b6f-9b78-13f9b94e2c41"", ""investor_id"": ""INV-1081""}, {""cash_flow_id"": ""04c9b57c-6005-46cd-988b-25298dbb878c"", ""investor_id"": ""INV-937""}, {""cash_flow_id"": ""05d63a94-6131-44b0-adb0-74e84f69d65f"", ""investor_id"": ""INV-972""}, {""cash_flow_id"": ""0632d7de-848b-452d-a133-e39c21656966"", ""investor_id"": ""INV-679""}, {""cash_flow_id"": ""06955439-8ed4-459f-814c-3815cef98708"", ""investor_id"": ""INV-882""}, {""cash_flow_id"": ""06e50011-08d8-4e16-b4fd-63c22fb5d7f2"", ""investor_id"": ""INV-1227""}, {""cash_flow_id"": ""09f2ed88-ba75-4647-aa79-4ee8a113c574"", ""investor_id"": ""INV-434""}, {""cash_flow_id"": ""0b5f4d84-ad17-4588-91d3-a3922856bebd"", ""investor_id"": ""INV-715""}, {""cash_flow_id"": ""0c1fbf1c-c7ab-4a61-a042-5fdfcd516fd1"", ""investor_id"": ""INV-414""}, {""cash_flow_id"": ""0c502e15-27f9-4fa0-afd3-04693870047a"", ""investor_id"": ""INV-725""}, {""cash_flow_id"": ""0d92b332-ae99-4743-8c3b-921cf2637c7a"", ""investor_id"": ""INV-1529""}, {""cash_flow_id"": ""0e218c06-e32c-4ed5-beac-69639b62a3b1"", ""investor_id"": ""INV-1513""}, {""cash_flow_id"": ""10e03b16-91ba-4c49-a851-5f10596f98af"", ""investor_id"": ""INV-064""}, {""cash_flow_id"": ""129efcee-5d02-483f-a604-223945be547c"", ""investor_id"": ""INV-336""}, {""cash_flow_id"": ""131134af-5261-41cd-af06-1378af21f392"", ""investor_id"": ""INV-308""}, {""cash_flow_id"": ""14c3df9b-f8cf-4fca-b724-b5d1f09e14be"", ""investor_id"": ""INV-1110""}, {""cash_flow_id"": ""15ef013d-07b0-4834-ac7d-155a24fc00e0"", ""investor_id"": ""INV-1503""}, {""cash_flow_id"": ""1686cee8-1972-465a-a5d1-1d44d006359d"", ""investor_id"": ""INV-1541""}, {""cash_flow_id"": ""1724f7ba-876e-4d9b-aee0-274daf9a25c9"", ""investor_id"": ""INV-527""}, {""cash_flow_id"": ""17374f60-b402-49c0-97e4-e793f63f3f9d"", ""investor_id"": ""INV-969""}, {""cash_flow_id"": ""1743fc31-2494-4b37-90e3-3c76831862ee"", ""investor_id"": ""INV-672""}, {""cash_flow_id"": ""178aa2b8-7bad-4bb4-aa66-84a202a31013"", ""investor_id"": ""INV-1272""}, {""cash_flow_id"": ""183207cf-8284-4f6b-b415-f1f6640ffd13"", ""investor_id"": ""INV-1389""}, {""cash_flow_id"": ""183e23ce-f461-43ef-9693-c192fe07cc2c"", ""investor_id"": ""INV-348""}, {""cash_flow_id"": ""18a83718-84c4-46d4-a9b2-51303e011e91"", ""investor_id"": ""INV-388""}, {""cash_flow_id"": ""19b2b393-afa3-4364-afc2-12e2db864cf1"", ""investor_id"": ""INV-730""}, {""cash_flow_id"": ""1aa7a035-19c2-4bcf-8799-37dd7e48aa4c"", ""investor_id"": ""INV-1246""}, {""cash_flow_id"": ""1ad9d1e8-d26e-4ad1-bdb0-c232496129cf"", ""investor_id"": ""INV-1512""}, {""cash_flow_id"": ""1ccb9e07-dd89-4b00-9c2d-3233455a5cc9"", ""investor_id"": ""INV-1377""}, {""cash_flow_id"": ""1dae68c4-672d-43cd-ab16-dded2628f382"", ""investor_id"": ""INV-693""}, {""cash_flow_id"": ""1dbec4b8-db80-4d8a-bc24-a8d24a7c4c88"", ""investor_id"": ""INV-081""}, {""cash_flow_id"": ""1e6286dc-2c1f-4fd2-88e2-00fa16eff5e8"", ""investor_id"": ""INV-669""}, {""cash_flow_id"": ""1e90609a-9692-4b28-948d-4c64ab7d4db1"", ""investor_id"": ""INV-879""}, {""cash_flow_id"": ""1e9b9b47-46c3-46c2-ba1e-8f4f5320e208"", ""investor_id"": ""INV-089""}, {""cash_flow_id"": ""1e9eb0ec-d621-4dd4-95c7-5ea68c5c6e25"", ""investor_id"": ""INV-052""}, {""cash_flow_id"": ""1f0d80a7-6803-4762-a6ff-fedd2f459a47"", ""investor_id"": ""INV-206""}, {""cash_flow_id"": ""1f8c135f-0b90-48da-a2db-62ddbe3b4b14"", ""investor_id"": ""INV-231""}, {""cash_flow_id"": ""21402306-83b3-483f-903d-8afba2df1fd1"", ""investor_id"": ""INV-233""}, {""cash_flow_id"": ""21e04c1d-44f1-48ed-b4ee-a859413dfb62"", ""investor_id"": ""INV-1088""}, {""cash_flow_id"": ""21ec1768-5e74-4d7d-ba7d-4cb3a6f400f4"", ""investor_id"": ""INV-365""}, {""cash_flow_id"": ""22db40c9-16a4-4a28-83ce-413c6e6b9ab1"", ""investor_id"": ""INV-1437""}, {""cash_flow_id"": ""23bf9e0f-2c53-4a7a-80c0-972c2e4940e3"", ""investor_id"": ""INV-442""}, {""cash_flow_id"": ""24847a97-5c9e-4f33-993e-78d851c163bf"", ""investor_id"": ""INV-1016""}, {""cash_flow_id"": ""24e00197-946d-4173-9540-5f7c325ae8b8"", ""investor_id"": ""INV-152""}, {""cash_flow_id"": ""2527a769-a07a-4050-8f37-cd19d71cb335"", ""investor_id"": ""INV-609""}, {""cash_flow_id"": ""2540cc94-cb37-4278-9806-4f86636591bb"", ""investor_id"": ""INV-1398""}, {""cash_flow_id"": ""25f4725d-f2d2-4e7c-80f9-5eb2dba5193b"", ""investor_id"": ""INV-283""}]}"
wealth_management_reference_compliance_125_questions:RC125-062,wealth_management_reference_compliance_125_questions.csv,RC125-062,List the distinct time_horizon values present in the investor-profile table (for coverage against the allowed reference set).,Reference / Compliance / Integrity,Medium,Reference Compliance,ATOM_ENTITY_INVESTOR_PROFILE_001,1,SELECT DISTINCT time_horizon FROM ATOM_ENTITY_INVESTOR_PROFILE_001 WHERE time_horizon IS NOT NULL ORDER BY time_horizon;,"[{""time_horizon"": ""Long-term""}, {""time_horizon"": ""Medium-term""}, {""time_horizon"": ""Short-term""}]"
wealth_management_reference_compliance_125_questions:RC125-066,wealth_management_reference_compliance_125_questions.csv,RC125-066,How many investment-goal records are missing a required investment_goal value (investment_goal IS NULL)?,Reference / Compliance / Integrity,Medium,Exception Detection,ATOM_ENTITY_INVESTMENT_GOAL_001,1,SELECT COUNT(*) AS missing_count FROM ATOM_ENTITY_INVESTMENT_GOAL_001 WHERE investment_goal IS NULL;,"[{""missing_count"": 265}]"
wealth_management_reference_compliance_125_questions:RC125-070,wealth_management_reference_compliance_125_questions.csv,RC125-070,List the scenario-rebalancing records that are missing a required triggered_action value (triggered_action IS NULL).,Reference / Compliance / Integrity,Hard,Filtered List,ATOM_EVENT_SCENARIO_REBALANCING_001,1,"SELECT scenario_rebalance_id, investor_id FROM ATOM_EVENT_SCENARIO_REBALANCING_001 WHERE triggered_action IS NULL ORDER BY scenario_rebalance_id;","{""_total_rows"": 77, ""_truncated_to"": 50, ""rows"": [{""scenario_rebalance_id"": ""04602c0f-db2e-4b94-9929-2ef486e86593"", ""investor_id"": ""INV-154""}, {""scenario_rebalance_id"": ""06bf8a8f-f32f-4ad2-9bd8-d6e3f91ba543"", ""investor_id"": ""INV-415""}, {""scenario_rebalance_id"": ""0bf6bada-43da-44d4-8666-669cebb28ac3"", ""investor_id"": ""INV-527""}, {""scenario_rebalance_id"": ""118c1b14-7d83-429f-b905-ba26c4197421"", ""investor_id"": ""INV-431""}, {""scenario_rebalance_id"": ""119d4395-194b-44f8-8a41-5758eedd3da1"", ""investor_id"": ""INV-1097""}, {""scenario_rebalance_id"": ""13dd09d0-b351-482d-b763-8d8e41cfd8d4"", ""investor_id"": ""INV-1479""}, {""scenario_rebalance_id"": ""14d5af2c-3e3e-450f-8f3b-75a65fc1e547"", ""investor_id"": ""INV-151""}, {""scenario_rebalance_id"": ""16423039-f9e4-4852-8547-4e54a2598d63"", ""investor_id"": ""INV-033""}, {""scenario_rebalance_id"": ""1bf84d2a-035b-4864-9260-d0ee384c93ee"", ""investor_id"": ""INV-1514""}, {""scenario_rebalance_id"": ""1d32a0fd-3606-43f8-8c5f-35b957ed2f30"", ""investor_id"": ""INV-1546""}, {""scenario_rebalance_id"": ""1f37ed12-4e50-44f5-9fe0-cfb90002f24e"", ""investor_id"": ""INV-1300""}, {""scenario_rebalance_id"": ""24002d06-d525-4c59-afee-ae15c7542d03"", ""investor_id"": ""INV-1286""}, {""scenario_rebalance_id"": ""264b7028-086b-491b-8e62-8068a9e392f6"", ""investor_id"": ""INV-496""}, {""scenario_rebalance_id"": ""26babdde-e004-4392-b1ac-8af0a6dfa926"", ""investor_id"": ""INV-663""}, {""scenario_rebalance_id"": ""2c631df6-c28b-4519-884a-54f8fae22d7c"", ""investor_id"": ""INV-403""}, {""scenario_rebalance_id"": ""2f13f0d8-c944-483c-8c41-0011df065470"", ""investor_id"": ""INV-598""}, {""scenario_rebalance_id"": ""330327e3-3f93-467e-9948-42920c0775de"", ""investor_id"": ""INV-1430""}, {""scenario_rebalance_id"": ""35d38f6e-af0c-49d6-bc55-1f5ca9030283"", ""investor_id"": ""INV-966""}, {""scenario_rebalance_id"": ""3767b52c-6b1c-4e7d-b3a8-3ef56e32ed6e"", ""investor_id"": ""INV-1033""}, {""scenario_rebalance_id"": ""37ba0797-16cf-4909-aa12-bd734a6f17c6"", ""investor_id"": ""INV-509""}, {""scenario_rebalance_id"": ""39432227-aa31-442a-8ef3-c152e9b8423b"", ""investor_id"": ""INV-048""}, {""scenario_rebalance_id"": ""3c6ce3df-444f-4f29-a686-be5328cdb84a"", ""investor_id"": ""INV-1237""}, {""scenario_rebalance_id"": ""43f22e18-8ca4-4075-b78d-9451c420a36f"", ""investor_id"": ""INV-219""}, {""scenario_rebalance_id"": ""46e59034-6567-4454-be4e-a611d84e34bb"", ""investor_id"": ""INV-1155""}, {""scenario_rebalance_id"": ""4b3510e4-1366-4d2f-a343-1e91b22e28f0"", ""investor_id"": ""INV-1308""}, {""scenario_rebalance_id"": ""50afc56b-a3c7-4796-a796-b362655f232c"", ""investor_id"": ""INV-358""}, {""scenario_rebalance_id"": ""5da35d0f-f6f4-4d73-ac69-778f9bc9b248"", ""investor_id"": ""INV-1528""}, {""scenario_rebalance_id"": ""5dc46dec-3e50-4986-8583-38ad7c133f36"", ""investor_id"": ""INV-314""}, {""scenario_rebalance_id"": ""6246cc6c-6fb7-4c79-a203-d3db659ef569"", ""investor_id"": ""INV-007""}, {""scenario_rebalance_id"": ""636f1d88-d0e4-467f-a156-5553f02db216"", ""investor_id"": ""INV-1074""}, {""scenario_rebalance_id"": ""66a60d15-be4e-41f0-94dd-b832ab977c64"", ""investor_id"": ""INV-714""}, {""scenario_rebalance_id"": ""6b823f28-7f5b-4bed-b44d-29df8033b8f5"", ""investor_id"": ""INV-249""}, {""scenario_rebalance_id"": ""6beb4aaf-d3a3-4593-8843-1e9b5daf39fc"", ""investor_id"": ""INV-977""}, {""scenario_rebalance_id"": ""6c9137eb-f128-416d-8cc9-a3394b4e90aa"", ""investor_id"": ""INV-845""}, {""scenario_rebalance_id"": ""6d08c4c1-9c5a-4666-9fbd-b9c629bb4ba8"", ""investor_id"": ""INV-900""}, {""scenario_rebalance_id"": ""6ee82e5c-1542-4fff-8d53-7073526ebdda"", ""investor_id"": ""INV-593""}, {""scenario_rebalance_id"": ""6f51a36d-e9ad-437e-99c9-e4925b3c9ae4"", ""investor_id"": ""INV-313""}, {""scenario_rebalance_id"": ""70650aa6-f802-413b-91b4-1effd15ca2d9"", ""investor_id"": ""INV-887""}, {""scenario_rebalance_id"": ""7204299e-6c36-4b2f-8799-d569939801c3"", ""investor_id"": ""INV-890""}, {""scenario_rebalance_id"": ""7634014d-e1e4-4240-9911-10ca95fd2dd6"", ""investor_id"": ""INV-1171""}, {""scenario_rebalance_id"": ""7bf46f4c-a829-4cb4-9452-79ade2f95209"", ""investor_id"": ""INV-260""}, {""scenario_rebalance_id"": ""86eef167-29cb-4b2c-8c6f-888302c3717f"", ""investor_id"": ""INV-643""}, {""scenario_rebalance_id"": ""8b4eb979-6d8f-48bb-8a4d-3248e2efce57"", ""investor_id"": ""INV-498""}, {""scenario_rebalance_id"": ""8be02d69-4d11-4408-a951-89b1c2de1ad3"", ""investor_id"": ""INV-131""}, {""scenario_rebalance_id"": ""90bb9ed0-d586-41b7-bcdb-1dc17c868de5"", ""investor_id"": ""INV-1396""}, {""scenario_rebalance_id"": ""90e93a78-9e2a-45de-a122-b5e239c2ab1e"", ""investor_id"": ""INV-424""}, {""scenario_rebalance_id"": ""92bda73f-75c3-46e6-8525-485e87653e01"", ""investor_id"": ""INV-622""}, {""scenario_rebalance_id"": ""9566ab4c-17ae-4364-ae02-4a62a0969441"", ""investor_id"": ""INV-1330""}, {""scenario_rebalance_id"": ""9b1d0903-aa7b-4ba5-94ee-46f3fa933cb7"", ""investor_id"": ""INV-1476""}, {""scenario_rebalance_id"": ""9bfb3b4f-13f1-454b-8f72-4809047d1d4f"", ""investor_id"": ""INV-781""}]}"
wealth_management_reference_compliance_125_questions:RC125-074,wealth_management_reference_compliance_125_questions.csv,RC125-074,"Using the allowed profile risk_tolerance values Aggressive, Conservative, Moderate, which investment-goal records belong to an investor whose profile risk_tolerance is outside this set?",Reference / Compliance / Integrity,Hard,Reference Compliance,ATOM_ENTITY_INVESTMENT_GOAL_001; ATOM_ENTITY_INVESTOR_PROFILE_001,2,"SELECT c.goal_id, c.investor_id, p.risk_tolerance FROM ATOM_ENTITY_INVESTMENT_GOAL_001 c JOIN ATOM_ENTITY_INVESTOR_PROFILE_001 p ON p.investor_id = c.investor_id WHERE p.risk_tolerance IS NOT NULL AND p.risk_tolerance NOT IN ('Aggressive', 'Conservative', 'Moderate') ORDER BY c.goal_id;",[]
wealth_management_reference_compliance_125_questions:RC125-078,wealth_management_reference_compliance_125_questions.csv,RC125-078,How many distinct investors in the investor-profile table have an investor_id not found in the rebalancing-action table?,Reference / Compliance / Integrity,Medium,Exception Detection,ATOM_ENTITY_INVESTOR_PROFILE_001; ATOM_EVENT_REBALANCING_ACTION_001,2,SELECT COUNT(DISTINCT a.investor_id) AS gap_investors FROM ATOM_ENTITY_INVESTOR_PROFILE_001 a WHERE NOT EXISTS (SELECT 1 FROM ATOM_EVENT_REBALANCING_ACTION_001 b WHERE b.investor_id = a.investor_id);,"[{""gap_investors"": 180}]"
wealth_management_reference_compliance_125_questions:RC125-082,wealth_management_reference_compliance_125_questions.csv,RC125-082,"How many portfolio holdings belong to an investor whose profile segment conforms to the allowed set (Diversified, Large Cap, Mid Cap, Small Cap)?",Reference / Compliance / Integrity,Hard,Reference Compliance,ATOM_ENTITY_INVESTOR_PROFILE_001; ATOM_ENTITY_PORTFOLIO_HOLDING_001,2,"SELECT COUNT(*) AS conforming_count FROM ATOM_ENTITY_PORTFOLIO_HOLDING_001 c JOIN ATOM_ENTITY_INVESTOR_PROFILE_001 p ON p.investor_id = c.investor_id WHERE p.segment IN ('Diversified', 'Large Cap', 'Mid Cap', 'Small Cap');","[{""conforming_count"": 14305}]"
wealth_management_reference_compliance_125_questions:RC125-086,wealth_management_reference_compliance_125_questions.csv,RC125-086,Cross-reference validation: which investors appearing in the portfolio-health table have an investor_id not found in the scenario-rebalancing table?,Reference / Compliance / Integrity,Hard,Filtered List,ATOM_ENTITY_PORTFOLIO_HEALTH_001; ATOM_EVENT_SCENARIO_REBALANCING_001,2,SELECT DISTINCT a.investor_id FROM ATOM_ENTITY_PORTFOLIO_HEALTH_001 a WHERE NOT EXISTS (SELECT 1 FROM ATOM_EVENT_SCENARIO_REBALANCING_001 b WHERE b.investor_id = a.investor_id) ORDER BY a.investor_id;,"{""_total_rows"": 573, ""_truncated_to"": 50, ""rows"": [{""investor_id"": ""INV-005""}, {""investor_id"": ""INV-009""}, {""investor_id"": ""INV-011""}, {""investor_id"": ""INV-012""}, {""investor_id"": ""INV-015""}, {""investor_id"": ""INV-026""}, {""investor_id"": ""INV-031""}, {""investor_id"": ""INV-035""}, {""investor_id"": ""INV-050""}, {""investor_id"": ""INV-054""}, {""investor_id"": ""INV-056""}, {""investor_id"": ""INV-057""}, {""investor_id"": ""INV-067""}, {""investor_id"": ""INV-069""}, {""investor_id"": ""INV-077""}, {""investor_id"": ""INV-080""}, {""investor_id"": ""INV-081""}, {""investor_id"": ""INV-082""}, {""investor_id"": ""INV-088""}, {""investor_id"": ""INV-091""}, {""investor_id"": ""INV-092""}, {""investor_id"": ""INV-094""}, {""investor_id"": ""INV-096""}, {""investor_id"": ""INV-100""}, {""investor_id"": ""INV-1005""}, {""investor_id"": ""INV-1007""}, {""investor_id"": ""INV-101""}, {""investor_id"": ""INV-1013""}, {""investor_id"": ""INV-1015""}, {""investor_id"": ""INV-1016""}, {""investor_id"": ""INV-1019""}, {""investor_id"": ""INV-102""}, {""investor_id"": ""INV-1020""}, {""investor_id"": ""INV-1021""}, {""investor_id"": ""INV-1022""}, {""investor_id"": ""INV-1023""}, {""investor_id"": ""INV-1024""}, {""investor_id"": ""INV-1030""}, {""investor_id"": ""INV-1037""}, {""investor_id"": ""INV-104""}, {""investor_id"": ""INV-1041""}, {""investor_id"": ""INV-1042""}, {""investor_id"": ""INV-1050""}, {""investor_id"": ""INV-1051""}, {""investor_id"": ""INV-1052""}, {""investor_id"": ""INV-1053""}, {""investor_id"": ""INV-1054""}, {""investor_id"": ""INV-1056""}, {""investor_id"": ""INV-1060""}, {""investor_id"": ""INV-1061""}]}"
wealth_management_reference_compliance_125_questions:RC125-090,wealth_management_reference_compliance_125_questions.csv,RC125-090,How many distinct investors in the portfolio-holding table have an investor_id not found in the rebalancing-action table?,Reference / Compliance / Integrity,Medium,Exception Detection,ATOM_ENTITY_PORTFOLIO_HOLDING_001; ATOM_EVENT_REBALANCING_ACTION_001,2,SELECT COUNT(DISTINCT a.investor_id) AS gap_investors FROM ATOM_ENTITY_PORTFOLIO_HOLDING_001 a WHERE NOT EXISTS (SELECT 1 FROM ATOM_EVENT_REBALANCING_ACTION_001 b WHERE b.investor_id = a.investor_id);,"[{""gap_investors"": 180}]"
wealth_management_reference_compliance_125_questions:RC125-094,wealth_management_reference_compliance_125_questions.csv,RC125-094,"How many cash-flow records belong to an investor whose profile risk_tolerance conforms to the allowed set (Aggressive, Conservative, Moderate)?",Reference / Compliance / Integrity,Hard,Reference Compliance,ATOM_ENTITY_INVESTOR_PROFILE_001; ATOM_EVENT_CASH_FLOW_001,2,"SELECT COUNT(*) AS conforming_count FROM ATOM_EVENT_CASH_FLOW_001 c JOIN ATOM_ENTITY_INVESTOR_PROFILE_001 p ON p.investor_id = c.investor_id WHERE p.risk_tolerance IN ('Aggressive', 'Conservative', 'Moderate');","[{""conforming_count"": 7439}]"
wealth_management_reference_compliance_125_questions:RC125-098,wealth_management_reference_compliance_125_questions.csv,RC125-098,Cross-reference validation: which investors appearing in the investment-goal table have an investor_id not found in the scenario-rebalancing table?,Reference / Compliance / Integrity,Hard,Filtered List,ATOM_ENTITY_INVESTMENT_GOAL_001; ATOM_EVENT_SCENARIO_REBALANCING_001,2,SELECT DISTINCT a.investor_id FROM ATOM_ENTITY_INVESTMENT_GOAL_001 a WHERE NOT EXISTS (SELECT 1 FROM ATOM_EVENT_SCENARIO_REBALANCING_001 b WHERE b.investor_id = a.investor_id) ORDER BY a.investor_id;,"{""_total_rows"": 573, ""_truncated_to"": 50, ""rows"": [{""investor_id"": ""INV-005""}, {""investor_id"": ""INV-009""}, {""investor_id"": ""INV-011""}, {""investor_id"": ""INV-012""}, {""investor_id"": ""INV-015""}, {""investor_id"": ""INV-026""}, {""investor_id"": ""INV-031""}, {""investor_id"": ""INV-035""}, {""investor_id"": ""INV-050""}, {""investor_id"": ""INV-054""}, {""investor_id"": ""INV-056""}, {""investor_id"": ""INV-057""}, {""investor_id"": ""INV-067""}, {""investor_id"": ""INV-069""}, {""investor_id"": ""INV-077""}, {""investor_id"": ""INV-080""}, {""investor_id"": ""INV-081""}, {""investor_id"": ""INV-082""}, {""investor_id"": ""INV-088""}, {""investor_id"": ""INV-091""}, {""investor_id"": ""INV-092""}, {""investor_id"": ""INV-094""}, {""investor_id"": ""INV-096""}, {""investor_id"": ""INV-100""}, {""investor_id"": ""INV-1005""}, {""investor_id"": ""INV-1007""}, {""investor_id"": ""INV-101""}, {""investor_id"": ""INV-1013""}, {""investor_id"": ""INV-1015""}, {""investor_id"": ""INV-1016""}, {""investor_id"": ""INV-1019""}, {""investor_id"": ""INV-102""}, {""investor_id"": ""INV-1020""}, {""investor_id"": ""INV-1021""}, {""investor_id"": ""INV-1022""}, {""investor_id"": ""INV-1023""}, {""investor_id"": ""INV-1024""}, {""investor_id"": ""INV-1030""}, {""investor_id"": ""INV-1037""}, {""investor_id"": ""INV-104""}, {""investor_id"": ""INV-1041""}, {""investor_id"": ""INV-1042""}, {""investor_id"": ""INV-1050""}, {""investor_id"": ""INV-1051""}, {""investor_id"": ""INV-1052""}, {""investor_id"": ""INV-1053""}, {""investor_id"": ""INV-1054""}, {""investor_id"": ""INV-1056""}, {""investor_id"": ""INV-1060""}, {""investor_id"": ""INV-1061""}]}"
wealth_management_reference_compliance_125_questions:RC125-102,wealth_management_reference_compliance_125_questions.csv,RC125-102,How many distinct investors in the cash-flow table have an investor_id not found in the rebalancing-action table?,Reference / Compliance / Integrity,Medium,Exception Detection,ATOM_EVENT_CASH_FLOW_001; ATOM_EVENT_REBALANCING_ACTION_001,2,SELECT COUNT(DISTINCT a.investor_id) AS gap_investors FROM ATOM_EVENT_CASH_FLOW_001 a WHERE NOT EXISTS (SELECT 1 FROM ATOM_EVENT_REBALANCING_ACTION_001 b WHERE b.investor_id = a.investor_id);,"[{""gap_investors"": 180}]"
wealth_management_reference_compliance_125_questions:RC125-106,wealth_management_reference_compliance_125_questions.csv,RC125-106,How many distinct investors in the sector-allocation table have an investor_id not found in the rebalancing-action table?,Reference / Compliance / Integrity,Medium,Exception Detection,ATOM_ENTITY_SECTOR_ALLOCATION_001; ATOM_EVENT_REBALANCING_ACTION_001,2,SELECT COUNT(DISTINCT a.investor_id) AS gap_investors FROM ATOM_ENTITY_SECTOR_ALLOCATION_001 a WHERE NOT EXISTS (SELECT 1 FROM ATOM_EVENT_REBALANCING_ACTION_001 b WHERE b.investor_id = a.investor_id);,"[{""gap_investors"": 180}]"
wealth_management_reference_compliance_125_questions:RC125-110,wealth_management_reference_compliance_125_questions.csv,RC125-110,How many investor profiles have no associated rebalancing-action record (a referential-integrity gap)?,Reference / Compliance / Integrity,Medium,Exception Detection,ATOM_ENTITY_INVESTOR_PROFILE_001; ATOM_EVENT_REBALANCING_ACTION_001,2,SELECT COUNT(DISTINCT p.investor_id) AS profiles_without_record FROM ATOM_ENTITY_INVESTOR_PROFILE_001 p WHERE NOT EXISTS (SELECT 1 FROM ATOM_EVENT_REBALANCING_ACTION_001 c WHERE c.investor_id = p.investor_id);,"[{""profiles_without_record"": 180}]"
wealth_management_reference_compliance_125_questions:RC125-114,wealth_management_reference_compliance_125_questions.csv,RC125-114,List investors who have a portfolio-health record but are missing a scenario-rebalancing record.,Reference / Compliance / Integrity,Hard,Filtered List,ATOM_ENTITY_INVESTOR_PROFILE_001; ATOM_ENTITY_PORTFOLIO_HEALTH_001; ATOM_EVENT_SCENARIO_REBALANCING_001,3,SELECT DISTINCT p.investor_id FROM ATOM_ENTITY_INVESTOR_PROFILE_001 p WHERE EXISTS (SELECT 1 FROM ATOM_ENTITY_PORTFOLIO_HEALTH_001 a WHERE a.investor_id = p.investor_id) AND NOT EXISTS (SELECT 1 FROM ATOM_EVENT_SCENARIO_REBALANCING_001 b WHERE b.investor_id = p.investor_id) ORDER BY p.investor_id;,"{""_total_rows"": 573, ""_truncated_to"": 50, ""rows"": [{""investor_id"": ""INV-005""}, {""investor_id"": ""INV-009""}, {""investor_id"": ""INV-011""}, {""investor_id"": ""INV-012""}, {""investor_id"": ""INV-015""}, {""investor_id"": ""INV-026""}, {""investor_id"": ""INV-031""}, {""investor_id"": ""INV-035""}, {""investor_id"": ""INV-050""}, {""investor_id"": ""INV-054""}, {""investor_id"": ""INV-056""}, {""investor_id"": ""INV-057""}, {""investor_id"": ""INV-067""}, {""investor_id"": ""INV-069""}, {""investor_id"": ""INV-077""}, {""investor_id"": ""INV-080""}, {""investor_id"": ""INV-081""}, {""investor_id"": ""INV-082""}, {""investor_id"": ""INV-088""}, {""investor_id"": ""INV-091""}, {""investor_id"": ""INV-092""}, {""investor_id"": ""INV-094""}, {""investor_id"": ""INV-096""}, {""investor_id"": ""INV-100""}, {""investor_id"": ""INV-1005""}, {""investor_id"": ""INV-1007""}, {""investor_id"": ""INV-101""}, {""investor_id"": ""INV-1013""}, {""investor_id"": ""INV-1015""}, {""investor_id"": ""INV-1016""}, {""investor_id"": ""INV-1019""}, {""investor_id"": ""INV-102""}, {""investor_id"": ""INV-1020""}, {""investor_id"": ""INV-1021""}, {""investor_id"": ""INV-1022""}, {""investor_id"": ""INV-1023""}, {""investor_id"": ""INV-1024""}, {""investor_id"": ""INV-1030""}, {""investor_id"": ""INV-1037""}, {""investor_id"": ""INV-104""}, {""investor_id"": ""INV-1041""}, {""investor_id"": ""INV-1042""}, {""investor_id"": ""INV-1050""}, {""investor_id"": ""INV-1051""}, {""investor_id"": ""INV-1052""}, {""investor_id"": ""INV-1053""}, {""investor_id"": ""INV-1054""}, {""investor_id"": ""INV-1056""}, {""investor_id"": ""INV-1060""}, {""investor_id"": ""INV-1061""}]}"
wealth_management_reference_compliance_125_questions:RC125-118,wealth_management_reference_compliance_125_questions.csv,RC125-118,List investors who have a portfolio-holding record but are missing a scenario-rebalancing record.,Reference / Compliance / Integrity,Hard,Filtered List,ATOM_ENTITY_INVESTOR_PROFILE_001; ATOM_ENTITY_PORTFOLIO_HOLDING_001; ATOM_EVENT_SCENARIO_REBALANCING_001,3,SELECT DISTINCT p.investor_id FROM ATOM_ENTITY_INVESTOR_PROFILE_001 p WHERE EXISTS (SELECT 1 FROM ATOM_ENTITY_PORTFOLIO_HOLDING_001 a WHERE a.investor_id = p.investor_id) AND NOT EXISTS (SELECT 1 FROM ATOM_EVENT_SCENARIO_REBALANCING_001 b WHERE b.investor_id = p.investor_id) ORDER BY p.investor_id;,"{""_total_rows"": 573, ""_truncated_to"": 50, ""rows"": [{""investor_id"": ""INV-005""}, {""investor_id"": ""INV-009""}, {""investor_id"": ""INV-011""}, {""investor_id"": ""INV-012""}, {""investor_id"": ""INV-015""}, {""investor_id"": ""INV-026""}, {""investor_id"": ""INV-031""}, {""investor_id"": ""INV-035""}, {""investor_id"": ""INV-050""}, {""investor_id"": ""INV-054""}, {""investor_id"": ""INV-056""}, {""investor_id"": ""INV-057""}, {""investor_id"": ""INV-067""}, {""investor_id"": ""INV-069""}, {""investor_id"": ""INV-077""}, {""investor_id"": ""INV-080""}, {""investor_id"": ""INV-081""}, {""investor_id"": ""INV-082""}, {""investor_id"": ""INV-088""}, {""investor_id"": ""INV-091""}, {""investor_id"": ""INV-092""}, {""investor_id"": ""INV-094""}, {""investor_id"": ""INV-096""}, {""investor_id"": ""INV-100""}, {""investor_id"": ""INV-1005""}, {""investor_id"": ""INV-1007""}, {""investor_id"": ""INV-101""}, {""investor_id"": ""INV-1013""}, {""investor_id"": ""INV-1015""}, {""investor_id"": ""INV-1016""}, {""investor_id"": ""INV-1019""}, {""investor_id"": ""INV-102""}, {""investor_id"": ""INV-1020""}, {""investor_id"": ""INV-1021""}, {""investor_id"": ""INV-1022""}, {""investor_id"": ""INV-1023""}, {""investor_id"": ""INV-1024""}, {""investor_id"": ""INV-1030""}, {""investor_id"": ""INV-1037""}, {""investor_id"": ""INV-104""}, {""investor_id"": ""INV-1041""}, {""investor_id"": ""INV-1042""}, {""investor_id"": ""INV-1050""}, {""investor_id"": ""INV-1051""}, {""investor_id"": ""INV-1052""}, {""investor_id"": ""INV-1053""}, {""investor_id"": ""INV-1054""}, {""investor_id"": ""INV-1056""}, {""investor_id"": ""INV-1060""}, {""investor_id"": ""INV-1061""}]}"
wealth_management_reference_compliance_125_questions:RC125-122,wealth_management_reference_compliance_125_questions.csv,RC125-122,List investors who have an investment-goal record but are missing a scenario-rebalancing record.,Reference / Compliance / Integrity,Hard,Filtered List,ATOM_ENTITY_INVESTMENT_GOAL_001; ATOM_ENTITY_INVESTOR_PROFILE_001; ATOM_EVENT_SCENARIO_REBALANCING_001,3,SELECT DISTINCT p.investor_id FROM ATOM_ENTITY_INVESTOR_PROFILE_001 p WHERE EXISTS (SELECT 1 FROM ATOM_ENTITY_INVESTMENT_GOAL_001 a WHERE a.investor_id = p.investor_id) AND NOT EXISTS (SELECT 1 FROM ATOM_EVENT_SCENARIO_REBALANCING_001 b WHERE b.investor_id = p.investor_id) ORDER BY p.investor_id;,"{""_total_rows"": 573, ""_truncated_to"": 50, ""rows"": [{""investor_id"": ""INV-005""}, {""investor_id"": ""INV-009""}, {""investor_id"": ""INV-011""}, {""investor_id"": ""INV-012""}, {""investor_id"": ""INV-015""}, {""investor_id"": ""INV-026""}, {""investor_id"": ""INV-031""}, {""investor_id"": ""INV-035""}, {""investor_id"": ""INV-050""}, {""investor_id"": ""INV-054""}, {""investor_id"": ""INV-056""}, {""investor_id"": ""INV-057""}, {""investor_id"": ""INV-067""}, {""investor_id"": ""INV-069""}, {""investor_id"": ""INV-077""}, {""investor_id"": ""INV-080""}, {""investor_id"": ""INV-081""}, {""investor_id"": ""INV-082""}, {""investor_id"": ""INV-088""}, {""investor_id"": ""INV-091""}, {""investor_id"": ""INV-092""}, {""investor_id"": ""INV-094""}, {""investor_id"": ""INV-096""}, {""investor_id"": ""INV-100""}, {""investor_id"": ""INV-1005""}, {""investor_id"": ""INV-1007""}, {""investor_id"": ""INV-101""}, {""investor_id"": ""INV-1013""}, {""investor_id"": ""INV-1015""}, {""investor_id"": ""INV-1016""}, {""investor_id"": ""INV-1019""}, {""investor_id"": ""INV-102""}, {""investor_id"": ""INV-1020""}, {""investor_id"": ""INV-1021""}, {""investor_id"": ""INV-1022""}, {""investor_id"": ""INV-1023""}, {""investor_id"": ""INV-1024""}, {""investor_id"": ""INV-1030""}, {""investor_id"": ""INV-1037""}, {""investor_id"": ""INV-104""}, {""investor_id"": ""INV-1041""}, {""investor_id"": ""INV-1042""}, {""investor_id"": ""INV-1050""}, {""investor_id"": ""INV-1051""}, {""investor_id"": ""INV-1052""}, {""investor_id"": ""INV-1053""}, {""investor_id"": ""INV-1054""}, {""investor_id"": ""INV-1056""}, {""investor_id"": ""INV-1060""}, {""investor_id"": ""INV-1061""}]}"
wealth_management_scoring_quantitative_125_questions:SQA125-1T-001,wealth_management_scoring_quantitative_125_questions.csv,SQA125-1T-001,What is the average goal progress for each investment goal type?,Goal metric by objective,Medium,Categorical Aggregation,ATOM_ENTITY_INVESTMENT_GOAL_001,1,"SELECT investment_goal, ROUND(AVG(progress_pct),3) AS avg_val, COUNT(*) AS n FROM ATOM_ENTITY_INVESTMENT_GOAL_001 GROUP BY investment_goal ORDER BY avg_val DESC, investment_goal ASC;","[{""investment_goal"": ""Emergency Fund"", ""avg_val"": 42.038, ""n"": 789}, {""investment_goal"": ""Growth"", ""avg_val"": 40.848, ""n"": 789}, {""investment_goal"": ""Retirement Planning"", ""avg_val"": 39.93, ""n"": 780}, {""investment_goal"": ""Wealth Preservation"", ""avg_val"": 39.321, ""n"": 739}, {""investment_goal"": ""Child Education"", ""avg_val"": 38.798, ""n"": 735}, {""investment_goal"": null, ""avg_val"": 38.222, ""n"": 265}, {""investment_goal"": ""Income Generation"", ""avg_val"": 37.616, ""n"": 768}]"
wealth_management_scoring_quantitative_125_questions:SQA125-1T-005,wealth_management_scoring_quantitative_125_questions.csv,SQA125-1T-005,List the investment goals whose Sharpe ratio is above 2.5.,Threshold filtered list,Medium,Filtered List,ATOM_ENTITY_INVESTMENT_GOAL_001,1,"SELECT goal_id, investor_id, avg_sharpe_ratio FROM ATOM_ENTITY_INVESTMENT_GOAL_001 WHERE avg_sharpe_ratio > 2.5 ORDER BY avg_sharpe_ratio DESC, goal_id ASC;","{""_total_rows"": 422, ""_truncated_to"": 50, ""rows"": [{""goal_id"": ""269585a6-0842-4d39-bab2-c3c99b5ba322"", ""investor_id"": ""INV-1062"", ""avg_sharpe_ratio"": 3.99}, {""goal_id"": ""2848f622-937f-40cd-9df2-194aec6a2c5d"", ""investor_id"": ""INV-725"", ""avg_sharpe_ratio"": 3.99}, {""goal_id"": ""78c149f6-1a94-4dad-8e9f-c77745336755"", ""investor_id"": ""INV-816"", ""avg_sharpe_ratio"": 3.99}, {""goal_id"": ""c7d53660-9856-4557-8873-8dde2f52f121"", ""investor_id"": ""INV-441"", ""avg_sharpe_ratio"": 3.99}, {""goal_id"": ""e9517519-b889-4494-b63b-c9e4215f43bc"", ""investor_id"": ""INV-1449"", ""avg_sharpe_ratio"": 3.99}, {""goal_id"": ""f733bfc9-6db9-4f54-a3c7-88465828ef93"", ""investor_id"": ""INV-1550"", ""avg_sharpe_ratio"": 3.99}, {""goal_id"": ""6d71796a-f47e-4c9d-9226-a9e925731075"", ""investor_id"": ""INV-020"", ""avg_sharpe_ratio"": 3.98}, {""goal_id"": ""8cdcdf7e-4737-4d9e-be00-26044ba0d84d"", ""investor_id"": ""INV-792"", ""avg_sharpe_ratio"": 3.9699999999999998}, {""goal_id"": ""a6967df7-9880-42be-a706-7a52f1864889"", ""investor_id"": ""INV-1241"", ""avg_sharpe_ratio"": 3.9699999999999998}, {""goal_id"": ""1b072672-20b3-4877-8d8f-e6175f9c0fdf"", ""investor_id"": ""INV-784"", ""avg_sharpe_ratio"": 3.96}, {""goal_id"": ""f899dbaf-5dbc-4cab-8013-349874fb3ccb"", ""investor_id"": ""INV-012"", ""avg_sharpe_ratio"": 3.96}, {""goal_id"": ""8a205358-336a-4751-b614-71675b8363a8"", ""investor_id"": ""INV-265"", ""avg_sharpe_ratio"": 3.95}, {""goal_id"": ""ed3b4002-28ab-41b9-9f8a-5b3a971e21e8"", ""investor_id"": ""INV-1149"", ""avg_sharpe_ratio"": 3.95}, {""goal_id"": ""f2423a42-f17c-442c-9ceb-5868d036c300"", ""investor_id"": ""INV-452"", ""avg_sharpe_ratio"": 3.93}, {""goal_id"": ""3c5a6505-2945-4acf-b7f0-954a84e53701"", ""investor_id"": ""INV-1160"", ""avg_sharpe_ratio"": 3.92}, {""goal_id"": ""a214d832-9e4a-4f17-a218-e192913ae347"", ""investor_id"": ""INV-742"", ""avg_sharpe_ratio"": 3.92}, {""goal_id"": ""a9ec7242-85c0-41e8-b59f-9c1ae10ed184"", ""investor_id"": ""INV-1490"", ""avg_sharpe_ratio"": 3.92}, {""goal_id"": ""cc346786-41eb-4871-9e98-6c5464d443be"", ""investor_id"": ""INV-685"", ""avg_sharpe_ratio"": 3.91}, {""goal_id"": ""f910f418-816c-445f-99fb-6cd027b93a05"", ""investor_id"": ""INV-759"", ""avg_sharpe_ratio"": 3.91}, {""goal_id"": ""3ff268fc-9840-48c3-9ca3-249a0a7bfe18"", ""investor_id"": ""INV-1363"", ""avg_sharpe_ratio"": 3.9}, {""goal_id"": ""7c052d1a-67c2-4af7-9658-1cee8c039b85"", ""investor_id"": ""INV-379"", ""avg_sharpe_ratio"": 3.9}, {""goal_id"": ""c53308da-1196-45bc-8560-2498d98b0c24"", ""investor_id"": ""INV-457"", ""avg_sharpe_ratio"": 3.9}, {""goal_id"": ""eb67e60a-77a8-4ff1-859e-c39fc4acf3db"", ""investor_id"": ""INV-112"", ""avg_sharpe_ratio"": 3.9}, {""goal_id"": ""4f57359b-fd44-45d6-847d-c54425a074a7"", ""investor_id"": ""INV-137"", ""avg_sharpe_ratio"": 3.89}, {""goal_id"": ""e389e640-a60b-41bb-93c8-cd7f6b3c8b1f"", ""investor_id"": ""INV-1000"", ""avg_sharpe_ratio"": 3.89}, {""goal_id"": ""fc558836-72ba-4461-980c-ce9ef1ae644f"", ""investor_id"": ""INV-466"", ""avg_sharpe_ratio"": 3.89}, {""goal_id"": ""af634dca-4ab9-42bb-88d8-a85bbfc48e65"", ""investor_id"": ""INV-1075"", ""avg_sharpe_ratio"": 3.88}, {""goal_id"": ""0ae5c9e4-ec48-40c4-8271-417c63478dbe"", ""investor_id"": ""INV-1271"", ""avg_sharpe_ratio"": 3.87}, {""goal_id"": ""04745431-9cb7-41a0-9a90-36a400a08162"", ""investor_id"": ""INV-113"", ""avg_sharpe_ratio"": 3.86}, {""goal_id"": ""e321ac0d-9a79-463b-8b76-b73b1522ab5b"", ""investor_id"": ""INV-1044"", ""avg_sharpe_ratio"": 3.86}, {""goal_id"": ""46b32738-6e27-4ecf-b816-d9f9c47b5ae8"", ""investor_id"": ""INV-627"", ""avg_sharpe_ratio"": 3.85}, {""goal_id"": ""ad8d1da2-bb0a-4ea2-94c3-d0d6d0717b23"", ""investor_id"": ""INV-455"", ""avg_sharpe_ratio"": 3.85}, {""goal_id"": ""ca402832-c043-4f6a-bede-8a3369c403ee"", ""investor_id"": ""INV-272"", ""avg_sharpe_ratio"": 3.85}, {""goal_id"": ""eb50852b-50e1-4bb4-ba7c-d1870c5430f2"", ""investor_id"": ""INV-1499"", ""avg_sharpe_ratio"": 3.85}, {""goal_id"": ""66ce0d8d-56f2-4c58-aad3-f7e216651fff"", ""investor_id"": ""INV-346"", ""avg_sharpe_ratio"": 3.84}, {""goal_id"": ""a73855b4-3415-4899-b15e-21d8c529164e"", ""investor_id"": ""INV-1268"", ""avg_sharpe_ratio"": 3.84}, {""goal_id"": ""e3cebc41-61ad-4fd2-9efb-8367ebc68c58"", ""investor_id"": ""INV-908"", ""avg_sharpe_ratio"": 3.84}, {""goal_id"": ""3da061d5-085f-4697-859a-7b8fc928b523"", ""investor_id"": ""INV-334"", ""avg_sharpe_ratio"": 3.83}, {""goal_id"": ""09b8fbcb-0a64-42df-a170-ae8c4a3ae0a5"", ""investor_id"": ""INV-1120"", ""avg_sharpe_ratio"": 3.82}, {""goal_id"": ""7b96f487-cd85-4e9e-a6e0-fecce798db8c"", ""investor_id"": ""INV-573"", ""avg_sharpe_ratio"": 3.81}, {""goal_id"": ""985eb2c4-ace2-4d0e-8a2b-ea4118140ae2"", ""investor_id"": ""INV-177"", ""avg_sharpe_ratio"": 3.81}, {""goal_id"": ""9a2183f8-0246-4926-aceb-0d44c3888981"", ""investor_id"": ""INV-087"", ""avg_sharpe_ratio"": 3.81}, {""goal_id"": ""0f163222-fe0b-4c32-a1d3-6b36730f860f"", ""investor_id"": ""INV-505"", ""avg_sharpe_ratio"": 3.8}, {""goal_id"": ""4a599d7f-0b3e-4dfa-8fd2-813b48e26ab3"", ""investor_id"": ""INV-320"", ""avg_sharpe_ratio"": 3.8}, {""goal_id"": ""3a7c0a48-b6cd-4068-86b1-3c7d910a2437"", ""investor_id"": ""INV-754"", ""avg_sharpe_ratio"": 3.79}, {""goal_id"": ""fd925464-12f0-4f32-9918-858a007ad01f"", ""investor_id"": ""INV-1261"", ""avg_sharpe_ratio"": 3.79}, {""goal_id"": ""0f63a371-b0a8-4138-88fe-7891e96d6fde"", ""investor_id"": ""INV-272"", ""avg_sharpe_ratio"": 3.7800000000000002}, {""goal_id"": ""4b0f7e6c-64fe-4de5-b13c-25e2d0606878"", ""investor_id"": ""INV-1418"", ""avg_sharpe_ratio"": 3.7800000000000002}, {""goal_id"": ""6bc89eca-9243-412a-aae1-ec1b48800ec6"", ""investor_id"": ""INV-613"", ""avg_sharpe_ratio"": 3.77}, {""goal_id"": ""8500d8fa-1cd1-42f8-a459-4a936e676315"", ""investor_id"": ""INV-1011"", ""avg_sharpe_ratio"": 3.77}]}"
wealth_management_scoring_quantitative_125_questions:SQA125-1T-009,wealth_management_scoring_quantitative_125_questions.csv,SQA125-1T-009,Which 10 investment goals have the lowest progress (excluding goals with missing progress; ties broken by goal ID)?,Score ranking,Medium,Ranking,ATOM_ENTITY_INVESTMENT_GOAL_001,1,"SELECT goal_id, investor_id, progress_pct FROM ATOM_ENTITY_INVESTMENT_GOAL_001 WHERE progress_pct IS NOT NULL ORDER BY progress_pct ASC, goal_id ASC LIMIT 10;","[{""goal_id"": ""012ab351-2896-479f-9f5d-eab003ec7415"", ""investor_id"": ""INV-048"", ""progress_pct"": 0.0}, {""goal_id"": ""046a5814-08ff-4f14-9dca-7d8daabd3feb"", ""investor_id"": ""INV-1267"", ""progress_pct"": 0.0}, {""goal_id"": ""09723bb1-ec34-4f6e-89c9-a2d9e7abdf4c"", ""investor_id"": ""INV-156"", ""progress_pct"": 0.0}, {""goal_id"": ""09b8fbcb-0a64-42df-a170-ae8c4a3ae0a5"", ""investor_id"": ""INV-1120"", ""progress_pct"": 0.0}, {""goal_id"": ""09e4a5dc-db0e-4262-8a55-a64f95c5eeb7"", ""investor_id"": ""INV-1429"", ""progress_pct"": 0.0}, {""goal_id"": ""0ad69936-7cdb-4dd6-baf2-2435a812db96"", ""investor_id"": ""INV-888"", ""progress_pct"": 0.0}, {""goal_id"": ""0d9c8863-1779-4d4c-a282-ab791649650c"", ""investor_id"": ""INV-060"", ""progress_pct"": 0.0}, {""goal_id"": ""0e7c1695-ecc3-415f-9fc0-c5e25cbcb207"", ""investor_id"": ""INV-477"", ""progress_pct"": 0.0}, {""goal_id"": ""10030384-af1c-44ce-8655-ba1ab06af731"", ""investor_id"": ""INV-1457"", ""progress_pct"": 0.0}, {""goal_id"": ""1200052b-06dc-48bb-93fa-fedcba320ad8"", ""investor_id"": ""INV-126"", ""progress_pct"": 0.0}]"
wealth_management_scoring_quantitative_125_questions:SQA125-1T-013,wealth_management_scoring_quantitative_125_questions.csv,SQA125-1T-013,What is the average return standard deviation for each investment goal type?,Goal metric by objective,Medium,Categorical Aggregation,ATOM_ENTITY_INVESTMENT_GOAL_001,1,"SELECT investment_goal, ROUND(AVG(std_dev_annual_return_pct),3) AS avg_val, COUNT(*) AS n FROM ATOM_ENTITY_INVESTMENT_GOAL_001 GROUP BY investment_goal ORDER BY avg_val DESC, investment_goal ASC;","[{""investment_goal"": ""Child Education"", ""avg_val"": 16.292, ""n"": 735}, {""investment_goal"": ""Growth"", ""avg_val"": 16.01, ""n"": 789}, {""investment_goal"": ""Emergency Fund"", ""avg_val"": 16.009, ""n"": 789}, {""investment_goal"": ""Wealth Preservation"", ""avg_val"": 15.94, ""n"": 739}, {""investment_goal"": ""Retirement Planning"", ""avg_val"": 15.425, ""n"": 780}, {""investment_goal"": ""Income Generation"", ""avg_val"": 15.017, ""n"": 768}, {""investment_goal"": null, ""avg_val"": 13.936, ""n"": 265}]"
wealth_management_scoring_quantitative_125_questions:SQA125-1T-017,wealth_management_scoring_quantitative_125_questions.csv,SQA125-1T-017,List the holdings whose dividend is above 27000.,Threshold filtered list,Medium,Filtered List,ATOM_ENTITY_PORTFOLIO_HOLDING_001,1,"SELECT holding_id, investor_id, dividends FROM ATOM_ENTITY_PORTFOLIO_HOLDING_001 WHERE dividends > 27000 ORDER BY dividends DESC, holding_id ASC;","{""_total_rows"": 1311, ""_truncated_to"": 50, ""rows"": [{""holding_id"": ""7a8afdf1-c178-4c5b-9ae8-00a9d04ae4d2"", ""investor_id"": ""INV-693"", ""dividends"": 1963770.0}, {""holding_id"": ""d987b2aa-c2a1-4c7b-b650-ae24c56f9001"", ""investor_id"": ""INV-1263"", ""dividends"": 1792298.0}, {""holding_id"": ""76be6774-6937-40a1-9841-d58094b87136"", ""investor_id"": ""INV-1503"", ""dividends"": 1789046.0}, {""holding_id"": ""170f9a16-f7e1-4abc-82a6-2c007aefce89"", ""investor_id"": ""INV-026"", ""dividends"": 1761694.0}, {""holding_id"": ""64df793b-a408-4ae7-9537-a4a48fd27752"", ""investor_id"": ""INV-723"", ""dividends"": 1761694.0}, {""holding_id"": ""b3429702-f84a-486e-a93d-a43591fb8b31"", ""investor_id"": ""INV-213"", ""dividends"": 1738068.0}, {""holding_id"": ""d9e86fb3-890b-4440-bdc3-4ada11449aaf"", ""investor_id"": ""INV-183"", ""dividends"": 1734266.0}, {""holding_id"": ""eab8c0de-6905-45fb-a842-b6da59cf6704"", ""investor_id"": ""INV-093"", ""dividends"": 1707034.0}, {""holding_id"": ""f2adba09-0b8e-40b9-8813-41cb7cadaa73"", ""investor_id"": ""INV-1347"", ""dividends"": 1707034.0}, {""holding_id"": ""a1f63a30-a147-44b0-b45f-860d3d743457"", ""investor_id"": ""INV-615"", ""dividends"": 1671982.0}, {""holding_id"": ""a2ebe84a-630f-43d3-9635-7d15c3554560"", ""investor_id"": ""INV-633"", ""dividends"": 1671982.0}, {""holding_id"": ""ff731fd4-45af-43a8-a58d-6957a857b520"", ""investor_id"": ""INV-081"", ""dividends"": 1671982.0}, {""holding_id"": ""b25f36ff-3075-4c86-b036-970c52a9a4f5"", ""investor_id"": ""INV-423"", ""dividends"": 1510442.0}, {""holding_id"": ""4825fb59-b8bb-40a4-9096-adffbacb709b"", ""investor_id"": ""INV-074"", ""dividends"": 1459758.0}, {""holding_id"": ""7c5e2324-80d8-414b-b5c9-ebcec8359e47"", ""investor_id"": ""INV-880"", ""dividends"": 1459758.0}, {""holding_id"": ""f3b6da89-4b3f-49d5-a374-390483b68a30"", ""investor_id"": ""INV-1383"", ""dividends"": 1459758.0}, {""holding_id"": ""31e6bd66-6993-4c8a-9ea3-cf6bb611fc81"", ""investor_id"": ""INV-453"", ""dividends"": 1432532.0}, {""holding_id"": ""3fa3440d-a47f-4248-859b-8fe216c1c827"", ""investor_id"": ""INV-1279"", ""dividends"": 1432532.0}, {""holding_id"": ""4d3c006a-2b62-4690-9c7b-24754f3b3700"", ""investor_id"": ""INV-1382"", ""dividends"": 1432532.0}, {""holding_id"": ""537d02e0-b927-4d2f-b839-4022eeca8120"", ""investor_id"": ""INV-515"", ""dividends"": 1432532.0}, {""holding_id"": ""a7a230db-af81-4568-b12e-5d1e17570371"", ""investor_id"": ""INV-1104"", ""dividends"": 1432532.0}, {""holding_id"": ""bd236290-cbbb-40c6-85d4-76b0df8222d1"", ""investor_id"": ""INV-1549"", ""dividends"": 1432532.0}, {""holding_id"": ""c2462b58-91f9-4c45-bec7-521a3cf268f5"", ""investor_id"": ""INV-1278"", ""dividends"": 1432532.0}, {""holding_id"": ""ce7a5afb-3273-4f79-8c31-86d31890c266"", ""investor_id"": ""INV-1187"", ""dividends"": 1432532.0}, {""holding_id"": ""72c31fa7-d690-45b3-938f-1e7f44cece27"", ""investor_id"": ""INV-603"", ""dividends"": 1401048.0}, {""holding_id"": ""220983d7-7e62-44d1-8fd8-cbc7623305a7"", ""investor_id"": ""INV-1460"", ""dividends"": 1322896.0}, {""holding_id"": ""30a35f14-e2c0-401d-a827-d81db4fa6b18"", ""investor_id"": ""INV-1413"", ""dividends"": 1322896.0}, {""holding_id"": ""7ac94fff-1461-499f-84a7-332f0dad5c21"", ""investor_id"": ""INV-959"", ""dividends"": 1322896.0}, {""holding_id"": ""9a9944b9-bdd8-4ec2-8b80-8d9f32fb25ab"", ""investor_id"": ""INV-063"", ""dividends"": 1322896.0}, {""holding_id"": ""90246b3b-b5c5-4947-8958-6d0de4f6788c"", ""investor_id"": ""INV-003"", ""dividends"": 1311964.0}, {""holding_id"": ""ca425307-4d4d-4d1d-a3ab-c1e0dee953ad"", ""investor_id"": ""INV-1293"", ""dividends"": 1309310.0}, {""holding_id"": ""1a7719d0-9024-4040-be2f-d2e41048dc24"", ""investor_id"": ""INV-1353"", ""dividends"": 1173432.0}, {""holding_id"": ""57adc323-963e-4e4c-92ba-633d3072c339"", ""investor_id"": ""INV-255"", ""dividends"": 1173432.0}, {""holding_id"": ""a2198964-46b1-44f1-862c-1aea863d86de"", ""investor_id"": ""INV-1360"", ""dividends"": 1089020.0}, {""holding_id"": ""f7938ff3-d90b-4975-9388-425e56578d2d"", ""investor_id"": ""INV-1113"", ""dividends"": 1089020.0}, {""holding_id"": ""d9987553-4f9f-4a0d-91e8-a18114450706"", ""investor_id"": ""INV-753"", ""dividends"": 1010512.0}, {""holding_id"": ""b27b1ca1-fbf8-4d59-b919-83e306b7009d"", ""investor_id"": ""INV-1143"", ""dividends"": 966658.0}, {""holding_id"": ""b64d6673-ab62-4f08-b819-209043409537"", ""investor_id"": ""INV-873"", ""dividends"": 932506.0}, {""holding_id"": ""68ba0bf9-8a3d-4ab7-8610-384763ff3885"", ""investor_id"": ""INV-933"", ""dividends"": 929534.0}, {""holding_id"": ""a7db5c32-b100-4bbb-8a14-f3eeb2b12398"", ""investor_id"": ""INV-1083"", ""dividends"": 845014.0}, {""holding_id"": ""3cab6f8d-c4f7-47cb-8cb7-c56a0a2268a3"", ""investor_id"": ""INV-200"", ""dividends"": 627812.0}, {""holding_id"": ""48703a09-000b-41a4-b682-17fa6a271446"", ""investor_id"": ""INV-056"", ""dividends"": 627812.0}, {""holding_id"": ""ff05fe31-e9cb-4479-a997-933e300dfce7"", ""investor_id"": ""INV-963"", ""dividends"": 627812.0}, {""holding_id"": ""047c92c4-d709-4f1f-bb15-d2671126a025"", ""investor_id"": ""INV-243"", ""dividends"": 615292.0}, {""holding_id"": ""6a077501-53c4-4284-ba41-00b99fffa2d7"", ""investor_id"": ""INV-1307"", ""dividends"": 601384.0}, {""holding_id"": ""6c21729d-d013-443c-a96b-82c0c9eb9c9a"", ""investor_id"": ""INV-993"", ""dividends"": 601384.0}, {""holding_id"": ""d9353830-8b22-43e9-940d-10ad546939a3"", ""investor_id"": ""INV-861"", ""dividends"": 601384.0}, {""holding_id"": ""388e0d1b-60ac-4bb4-a6d4-e80dbaafa8c2"", ""investor_id"": ""INV-1173"", ""dividends"": 344444.0}, {""holding_id"": ""3bab3264-5f29-44e7-984a-862b075db472"", ""investor_id"": ""INV-117"", ""dividends"": 321946.0}, {""holding_id"": ""c6192161-6cfc-4077-a7e8-feaa570a71cd"", ""investor_id"": ""INV-543"", ""dividends"": 321946.0}]}"
wealth_management_scoring_quantitative_125_questions:SQA125-1T-021,wealth_management_scoring_quantitative_125_questions.csv,SQA125-1T-021,Which 10 holdings have the highest tax paid?,Score ranking,Medium,Ranking,ATOM_ENTITY_PORTFOLIO_HOLDING_001,1,"SELECT holding_id, investor_id, taxes_paid FROM ATOM_ENTITY_PORTFOLIO_HOLDING_001 ORDER BY taxes_paid DESC, holding_id ASC LIMIT 10;","[{""holding_id"": ""7a8afdf1-c178-4c5b-9ae8-00a9d04ae4d2"", ""investor_id"": ""INV-693"", ""taxes_paid"": 294565.5}, {""holding_id"": ""d987b2aa-c2a1-4c7b-b650-ae24c56f9001"", ""investor_id"": ""INV-1263"", ""taxes_paid"": 268844.7}, {""holding_id"": ""76be6774-6937-40a1-9841-d58094b87136"", ""investor_id"": ""INV-1503"", ""taxes_paid"": 268356.9}, {""holding_id"": ""64df793b-a408-4ae7-9537-a4a48fd27752"", ""investor_id"": ""INV-723"", ""taxes_paid"": 264254.1}, {""holding_id"": ""585a89ae-7890-4253-98e5-aadead53a446"", ""investor_id"": ""INV-1184"", ""taxes_paid"": 260710.2}, {""holding_id"": ""b3429702-f84a-486e-a93d-a43591fb8b31"", ""investor_id"": ""INV-213"", ""taxes_paid"": 260710.2}, {""holding_id"": ""d9e86fb3-890b-4440-bdc3-4ada11449aaf"", ""investor_id"": ""INV-183"", ""taxes_paid"": 260139.9}, {""holding_id"": ""eab8c0de-6905-45fb-a842-b6da59cf6704"", ""investor_id"": ""INV-093"", ""taxes_paid"": 256055.1}, {""holding_id"": ""a2ebe84a-630f-43d3-9635-7d15c3554560"", ""investor_id"": ""INV-633"", ""taxes_paid"": 250797.30000000002}, {""holding_id"": ""b25f36ff-3075-4c86-b036-970c52a9a4f5"", ""investor_id"": ""INV-423"", ""taxes_paid"": 226566.30000000002}]"
wealth_management_scoring_quantitative_125_questions:SQA125-1T-025,wealth_management_scoring_quantitative_125_questions.csv,SQA125-1T-025,What is the average tax paid broken down by investment type?,Holding/allocation metric by category,Medium,Categorical Aggregation,ATOM_ENTITY_PORTFOLIO_HOLDING_001,1,"SELECT investment_type, ROUND(AVG(taxes_paid),3) AS avg_val, COUNT(*) AS n FROM ATOM_ENTITY_PORTFOLIO_HOLDING_001 GROUP BY investment_type ORDER BY avg_val DESC, investment_type ASC;","[{""investment_type"": ""Private Equity"", ""avg_val"": 3073.265, ""n"": 970}, {""investment_type"": ""ETF"", ""avg_val"": 3009.567, ""n"": 999}, {""investment_type"": ""Hedge Fund"", ""avg_val"": 2892.367, ""n"": 1025}, {""investment_type"": ""Venture Capital"", ""avg_val"": 2689.601, ""n"": 1020}, {""investment_type"": ""Real Estate"", ""avg_val"": 2639.593, ""n"": 1043}, {""investment_type"": ""REIT"", ""avg_val"": 2592.99, ""n"": 1052}, {""investment_type"": ""Government Bond"", ""avg_val"": 2591.053, ""n"": 1067}, {""investment_type"": ""Global Equity"", ""avg_val"": 2500.281, ""n"": 1037}, {""investment_type"": ""Mutual Fund"", ""avg_val"": 2458.274, ""n"": 959}, {""investment_type"": ""Equity"", ""avg_val"": 2364.961, ""n"": 1084}, {""investment_type"": ""Corporate Bond"", ""avg_val"": 2353.572, ""n"": 1002}, {""investment_type"": ""Gold"", ""avg_val"": 2309.204, ""n"": 1028}, {""investment_type"": ""InVIT"", ""avg_val"": 2261.991, ""n"": 1027}, {""investment_type"": ""Index Fund"", ""avg_val"": 2137.164, ""n"": 1034}, {""investment_type"": null, ""avg_val"": 2129.055, ""n"": 755}]"
wealth_management_scoring_quantitative_125_questions:SQA125-1T-029,wealth_management_scoring_quantitative_125_questions.csv,SQA125-1T-029,List the investors whose liquidity score is below 25.,Threshold filtered list,Medium,Filtered List,ATOM_ENTITY_PORTFOLIO_HEALTH_001,1,"SELECT investor_id, liquidity_score FROM ATOM_ENTITY_PORTFOLIO_HEALTH_001 WHERE liquidity_score < 25 ORDER BY liquidity_score DESC, investor_id ASC;","{""_total_rows"": 335, ""_truncated_to"": 50, ""rows"": [{""investor_id"": ""INV-157"", ""liquidity_score"": 24.961164}, {""investor_id"": ""INV-1194"", ""liquidity_score"": 24.92207}, {""investor_id"": ""INV-1294"", ""liquidity_score"": 24.894116}, {""investor_id"": ""INV-1044"", ""liquidity_score"": 24.841903}, {""investor_id"": ""INV-977"", ""liquidity_score"": 24.812491}, {""investor_id"": ""INV-818"", ""liquidity_score"": 24.434301}, {""investor_id"": ""INV-051"", ""liquidity_score"": 24.389652}, {""investor_id"": ""INV-059"", ""liquidity_score"": 24.139147}, {""investor_id"": ""INV-1265"", ""liquidity_score"": 24.099191}, {""investor_id"": ""INV-476"", ""liquidity_score"": 23.929561}, {""investor_id"": ""INV-830"", ""liquidity_score"": 23.890214}, {""investor_id"": ""INV-184"", ""liquidity_score"": 23.790917}, {""investor_id"": ""INV-239"", ""liquidity_score"": 23.721502}, {""investor_id"": ""INV-1116"", ""liquidity_score"": 23.582177}, {""investor_id"": ""INV-1259"", ""liquidity_score"": 23.512344}, {""investor_id"": ""INV-1155"", ""liquidity_score"": 23.371341}, {""investor_id"": ""INV-924"", ""liquidity_score"": 23.324808}, {""investor_id"": ""INV-416"", ""liquidity_score"": 23.320349}, {""investor_id"": ""INV-1433"", ""liquidity_score"": 23.24833}, {""investor_id"": ""INV-1371"", ""liquidity_score"": 23.192082}, {""investor_id"": ""INV-119"", ""liquidity_score"": 22.907972}, {""investor_id"": ""INV-775"", ""liquidity_score"": 22.66001}, {""investor_id"": ""INV-585"", ""liquidity_score"": 22.62048}, {""investor_id"": ""INV-1376"", ""liquidity_score"": 22.578683}, {""investor_id"": ""INV-104"", ""liquidity_score"": 22.345472}, {""investor_id"": ""INV-1277"", ""liquidity_score"": 22.238143}, {""investor_id"": ""INV-1117"", ""liquidity_score"": 22.193643}, {""investor_id"": ""INV-290"", ""liquidity_score"": 22.169009}, {""investor_id"": ""INV-1407"", ""liquidity_score"": 22.144824}, {""investor_id"": ""INV-308"", ""liquidity_score"": 22.092923}, {""investor_id"": ""INV-1273"", ""liquidity_score"": 21.963709}, {""investor_id"": ""INV-186"", ""liquidity_score"": 21.946708}, {""investor_id"": ""INV-1132"", ""liquidity_score"": 21.842341}, {""investor_id"": ""INV-174"", ""liquidity_score"": 21.74603}, {""investor_id"": ""INV-646"", ""liquidity_score"": 21.689882}, {""investor_id"": ""INV-877"", ""liquidity_score"": 21.547932}, {""investor_id"": ""INV-1438"", ""liquidity_score"": 21.47355}, {""investor_id"": ""INV-1279"", ""liquidity_score"": 21.458051}, {""investor_id"": ""INV-330"", ""liquidity_score"": 21.284452}, {""investor_id"": ""INV-1266"", ""liquidity_score"": 21.233665}, {""investor_id"": ""INV-1546"", ""liquidity_score"": 21.026227}, {""investor_id"": ""INV-515"", ""liquidity_score"": 21.003541}, {""investor_id"": ""INV-1492"", ""liquidity_score"": 20.889631}, {""investor_id"": ""INV-1365"", ""liquidity_score"": 20.872028}, {""investor_id"": ""INV-213"", ""liquidity_score"": 20.802459}, {""investor_id"": ""INV-089"", ""liquidity_score"": 20.774749}, {""investor_id"": ""INV-1084"", ""liquidity_score"": 20.477441}, {""investor_id"": ""INV-619"", ""liquidity_score"": 20.453138}, {""investor_id"": ""INV-1192"", ""liquidity_score"": 20.240446}, {""investor_id"": ""INV-947"", ""liquidity_score"": 20.235197}]}"
wealth_management_scoring_quantitative_125_questions:SQA125-1T-033,wealth_management_scoring_quantitative_125_questions.csv,SQA125-1T-033,How many investment goals have an average Sharpe ratio above 1.0?,Threshold count,Easy,Categorical Aggregation,ATOM_ENTITY_INVESTMENT_GOAL_001,1,SELECT COUNT(*) AS cnt FROM ATOM_ENTITY_INVESTMENT_GOAL_001 WHERE avg_sharpe_ratio > 1.0;,"[{""cnt"": 1109}]"
wealth_management_scoring_quantitative_125_questions:SQA125-1T-037,wealth_management_scoring_quantitative_125_questions.csv,SQA125-1T-037,How many investment goals have an average annual return above 35?,Threshold count,Easy,Categorical Aggregation,ATOM_ENTITY_INVESTMENT_GOAL_001,1,SELECT COUNT(*) AS cnt FROM ATOM_ENTITY_INVESTMENT_GOAL_001 WHERE avg_annual_return_pct > 35;,"[{""cnt"": 452}]"
wealth_management_scoring_quantitative_125_questions:SQA125-2T-001,wealth_management_scoring_quantitative_125_questions.csv,SQA125-2T-001,What is the average risk score by investor risk tolerance?,Health score by profile,Medium,Categorical Aggregation,ATOM_ENTITY_INVESTOR_PROFILE_001; ATOM_ENTITY_PORTFOLIO_HEALTH_001,2,"SELECT p.risk_tolerance, ROUND(AVG(h.risk_score),3) AS avg_val, COUNT(DISTINCT p.investor_id) AS n FROM ATOM_ENTITY_INVESTOR_PROFILE_001 p JOIN ATOM_ENTITY_PORTFOLIO_HEALTH_001 h ON h.investor_id=p.investor_id GROUP BY p.risk_tolerance ORDER BY avg_val DESC, p.risk_tolerance ASC;","[{""risk_tolerance"": null, ""avg_val"": 55.315, ""n"": 77}, {""risk_tolerance"": ""Conservative"", ""avg_val"": 51.699, ""n"": 502}, {""risk_tolerance"": ""Moderate"", ""avg_val"": 49.293, ""n"": 485}, {""risk_tolerance"": ""Aggressive"", ""avg_val"": 49.115, ""n"": 486}]"
wealth_management_scoring_quantitative_125_questions:SQA125-2T-005,wealth_management_scoring_quantitative_125_questions.csv,SQA125-2T-005,What is the average liquidity score by investor risk tolerance?,Health score by profile,Medium,Categorical Aggregation,ATOM_ENTITY_INVESTOR_PROFILE_001; ATOM_ENTITY_PORTFOLIO_HEALTH_001,2,"SELECT p.risk_tolerance, ROUND(AVG(h.liquidity_score),3) AS avg_val, COUNT(DISTINCT p.investor_id) AS n FROM ATOM_ENTITY_INVESTOR_PROFILE_001 p JOIN ATOM_ENTITY_PORTFOLIO_HEALTH_001 h ON h.investor_id=p.investor_id GROUP BY p.risk_tolerance ORDER BY avg_val DESC, p.risk_tolerance ASC;","[{""risk_tolerance"": null, ""avg_val"": 55.896, ""n"": 77}, {""risk_tolerance"": ""Conservative"", ""avg_val"": 50.846, ""n"": 502}, {""risk_tolerance"": ""Moderate"", ""avg_val"": 49.693, ""n"": 485}, {""risk_tolerance"": ""Aggressive"", ""avg_val"": 47.173, ""n"": 486}]"
wealth_management_scoring_quantitative_125_questions:SQA125-2T-009,wealth_management_scoring_quantitative_125_questions.csv,SQA125-2T-009,What is the average diversification score by investor risk tolerance?,Health score by profile,Medium,Categorical Aggregation,ATOM_ENTITY_INVESTOR_PROFILE_001; ATOM_ENTITY_PORTFOLIO_HEALTH_001,2,"SELECT p.risk_tolerance, ROUND(AVG(h.diversification_score),3) AS avg_val, COUNT(DISTINCT p.investor_id) AS n FROM ATOM_ENTITY_INVESTOR_PROFILE_001 p JOIN ATOM_ENTITY_PORTFOLIO_HEALTH_001 h ON h.investor_id=p.investor_id GROUP BY p.risk_tolerance ORDER BY avg_val DESC, p.risk_tolerance ASC;","[{""risk_tolerance"": null, ""avg_val"": 55.788, ""n"": 77}, {""risk_tolerance"": ""Moderate"", ""avg_val"": 50.184, ""n"": 485}, {""risk_tolerance"": ""Conservative"", ""avg_val"": 49.907, ""n"": 502}, {""risk_tolerance"": ""Aggressive"", ""avg_val"": 49.053, ""n"": 486}]"
wealth_management_scoring_quantitative_125_questions:SQA125-2T-013,wealth_management_scoring_quantitative_125_questions.csv,SQA125-2T-013,What is the average goal-match % by investor risk tolerance?,Health score by profile,Medium,Categorical Aggregation,ATOM_ENTITY_INVESTOR_PROFILE_001; ATOM_ENTITY_PORTFOLIO_HEALTH_001,2,"SELECT p.risk_tolerance, ROUND(AVG(h.goal_match_pct),3) AS avg_val, COUNT(DISTINCT p.investor_id) AS n FROM ATOM_ENTITY_INVESTOR_PROFILE_001 p JOIN ATOM_ENTITY_PORTFOLIO_HEALTH_001 h ON h.investor_id=p.investor_id GROUP BY p.risk_tolerance ORDER BY avg_val DESC, p.risk_tolerance ASC;","[{""risk_tolerance"": null, ""avg_val"": 50.699, ""n"": 77}, {""risk_tolerance"": ""Conservative"", ""avg_val"": 50.035, ""n"": 502}, {""risk_tolerance"": ""Aggressive"", ""avg_val"": 47.732, ""n"": 486}, {""risk_tolerance"": ""Moderate"", ""avg_val"": 46.618, ""n"": 485}]"
wealth_management_scoring_quantitative_125_questions:SQA125-2T-017,wealth_management_scoring_quantitative_125_questions.csv,SQA125-2T-017,Which 10 Aggressive investors have the highest risk score (ties broken by investor ID)?,Cohort score ranking,Medium,Ranking,ATOM_ENTITY_INVESTOR_PROFILE_001; ATOM_ENTITY_PORTFOLIO_HEALTH_001,2,"SELECT p.investor_id, p.investor_name, h.risk_score FROM ATOM_ENTITY_INVESTOR_PROFILE_001 p JOIN ATOM_ENTITY_PORTFOLIO_HEALTH_001 h ON h.investor_id=p.investor_id WHERE p.risk_tolerance='Aggressive' AND h.risk_score IS NOT NULL ORDER BY h.risk_score DESC, p.investor_id ASC LIMIT 10;","[{""investor_id"": ""INV-061"", ""investor_name"": ""Kavita Sharma"", ""risk_score"": 100.0}, {""investor_id"": ""INV-081"", ""investor_name"": ""Bhavna Pandey"", ""risk_score"": 100.0}, {""investor_id"": ""INV-1001"", ""investor_name"": ""Vikram Singh"", ""risk_score"": 100.0}, {""investor_id"": ""INV-1041"", ""investor_name"": ""Deepak Kulkarni"", ""risk_score"": 100.0}, {""investor_id"": ""INV-121"", ""investor_name"": ""Anita Hegde"", ""risk_score"": 100.0}, {""investor_id"": ""INV-1261"", ""investor_name"": ""Ishita Arora"", ""risk_score"": 100.0}, {""investor_id"": ""INV-1341"", ""investor_name"": ""Amrita Chauhan"", ""risk_score"": 100.0}, {""investor_id"": ""INV-1361"", ""investor_name"": ""Anand Iyer"", ""risk_score"": 100.0}, {""investor_id"": ""INV-1501"", ""investor_name"": ""Priyanka Singh"", ""risk_score"": 100.0}, {""investor_id"": ""INV-181"", ""investor_name"": ""Suresh Reddy"", ""risk_score"": 100.0}]"
wealth_management_scoring_quantitative_125_questions:SQA125-2T-021,wealth_management_scoring_quantitative_125_questions.csv,SQA125-2T-021,Which 10 Moderate investors have the highest risk score (ties broken by investor ID)?,Cohort score ranking,Medium,Ranking,ATOM_ENTITY_INVESTOR_PROFILE_001; ATOM_ENTITY_PORTFOLIO_HEALTH_001,2,"SELECT p.investor_id, p.investor_name, h.risk_score FROM ATOM_ENTITY_INVESTOR_PROFILE_001 p JOIN ATOM_ENTITY_PORTFOLIO_HEALTH_001 h ON h.investor_id=p.investor_id WHERE p.risk_tolerance='Moderate' AND h.risk_score IS NOT NULL ORDER BY h.risk_score DESC, p.investor_id ASC LIMIT 10;","[{""investor_id"": ""INV-041"", ""investor_name"": ""Sneha Nair"", ""risk_score"": 100.0}, {""investor_id"": ""INV-1021"", ""investor_name"": ""Amit Joshi"", ""risk_score"": 100.0}, {""investor_id"": ""INV-1101"", ""investor_name"": ""Rahul Verma"", ""risk_score"": 100.0}, {""investor_id"": ""INV-1141"", ""investor_name"": ""Ankita Iyer"", ""risk_score"": 100.0}, {""investor_id"": ""INV-1241"", ""investor_name"": ""Sneha Hegde"", ""risk_score"": 100.0}, {""investor_id"": ""INV-1401"", ""investor_name"": ""Anand Arora"", ""risk_score"": 100.0}, {""investor_id"": ""INV-1441"", ""investor_name"": ""Rahul Chauhan"", ""risk_score"": 100.0}, {""investor_id"": ""INV-1461"", ""investor_name"": ""Amit Yadav"", ""risk_score"": 100.0}, {""investor_id"": ""INV-241"", ""investor_name"": ""Vivek Rao"", ""risk_score"": 100.0}, {""investor_id"": ""INV-421"", ""investor_name"": ""Kavita Rao"", ""risk_score"": 100.0}]"
wealth_management_scoring_quantitative_125_questions:SQA125-2T-025,wealth_management_scoring_quantitative_125_questions.csv,SQA125-2T-025,Which 10 investors in the Large Cap segment have the lowest liquidity score (excluding investors with no liquidity score; ties broken by investor ID)?,Cohort score ranking,Medium,Ranking,ATOM_ENTITY_INVESTOR_PROFILE_001; ATOM_ENTITY_PORTFOLIO_HEALTH_001,2,"SELECT p.investor_id, p.investor_name, h.liquidity_score FROM ATOM_ENTITY_INVESTOR_PROFILE_001 p JOIN ATOM_ENTITY_PORTFOLIO_HEALTH_001 h ON h.investor_id=p.investor_id WHERE p.segment='Large Cap' AND h.liquidity_score IS NOT NULL ORDER BY h.liquidity_score ASC, p.investor_id ASC LIMIT 10;","[{""investor_id"": ""INV-1002"", ""investor_name"": ""Anjali Sharma"", ""liquidity_score"": 0.0}, {""investor_id"": ""INV-1022"", ""investor_name"": ""Geeta Mehta"", ""liquidity_score"": 0.0}, {""investor_id"": ""INV-1102"", ""investor_name"": ""Deepak Gupta"", ""liquidity_score"": 0.0}, {""investor_id"": ""INV-1182"", ""investor_name"": ""Priyanka Singh"", ""liquidity_score"": 0.0}, {""investor_id"": ""INV-1282"", ""investor_name"": ""Akshay Pandey"", ""liquidity_score"": 0.0}, {""investor_id"": ""INV-1462"", ""investor_name"": ""Sunita Kulkarni"", ""liquidity_score"": 0.0}, {""investor_id"": ""INV-222"", ""investor_name"": ""Geeta Pandey"", ""liquidity_score"": 0.0}, {""investor_id"": ""INV-282"", ""investor_name"": ""Anita Deshmukh"", ""liquidity_score"": 0.0}, {""investor_id"": ""INV-342"", ""investor_name"": ""Ankita Rao"", ""liquidity_score"": 0.0}, {""investor_id"": ""INV-442"", ""investor_name"": ""Arvind Rao"", ""liquidity_score"": 0.0}]"
wealth_management_scoring_quantitative_125_questions:SQA125-2T-029,wealth_management_scoring_quantitative_125_questions.csv,SQA125-2T-029,Which 10 investors in the Small Cap segment have the lowest liquidity score (excluding investors with no liquidity score; ties broken by investor ID)?,Cohort score ranking,Medium,Ranking,ATOM_ENTITY_INVESTOR_PROFILE_001; ATOM_ENTITY_PORTFOLIO_HEALTH_001,2,"SELECT p.investor_id, p.investor_name, h.liquidity_score FROM ATOM_ENTITY_INVESTOR_PROFILE_001 p JOIN ATOM_ENTITY_PORTFOLIO_HEALTH_001 h ON h.investor_id=p.investor_id WHERE p.segment='Small Cap' AND h.liquidity_score IS NOT NULL ORDER BY h.liquidity_score ASC, p.investor_id ASC LIMIT 10;","[{""investor_id"": ""INV-1042"", ""investor_name"": ""Rajesh Kulkarni"", ""liquidity_score"": 0.0}, {""investor_id"": ""INV-1082"", ""investor_name"": ""Suresh Verma"", ""liquidity_score"": 0.0}, {""investor_id"": ""INV-1222"", ""investor_name"": ""Siddharth Arora"", ""liquidity_score"": 0.0}, {""investor_id"": ""INV-1242"", ""investor_name"": ""Rajesh Arora"", ""liquidity_score"": 0.0}, {""investor_id"": ""INV-1262"", ""investor_name"": ""Vivek Kulkarni"", ""liquidity_score"": 0.0}, {""investor_id"": ""INV-1362"", ""investor_name"": ""Rahul Bhat"", ""liquidity_score"": 0.0}, {""investor_id"": ""INV-1382"", ""investor_name"": ""Arjun Arora"", ""liquidity_score"": 0.0}, {""investor_id"": ""INV-1522"", ""investor_name"": ""Sunita Kulkarni"", ""liquidity_score"": 0.0}, {""investor_id"": ""INV-182"", ""investor_name"": ""Bhavna Verma"", ""liquidity_score"": 0.0}, {""investor_id"": ""INV-242"", ""investor_name"": ""Rahul Mishra"", ""liquidity_score"": 0.0}]"
wealth_management_scoring_quantitative_125_questions:SQA125-2T-033,wealth_management_scoring_quantitative_125_questions.csv,SQA125-2T-033,What is the average diversification score by investor category?,Health score by profile,Medium,Categorical Aggregation,ATOM_ENTITY_INVESTOR_PROFILE_001; ATOM_ENTITY_PORTFOLIO_HEALTH_001,2,"SELECT p.category, ROUND(AVG(h.diversification_score),3) AS avg_val, COUNT(DISTINCT p.investor_id) AS n FROM ATOM_ENTITY_INVESTOR_PROFILE_001 p JOIN ATOM_ENTITY_PORTFOLIO_HEALTH_001 h ON h.investor_id=p.investor_id GROUP BY p.category ORDER BY avg_val DESC, p.category ASC;","[{""category"": ""Gold"", ""avg_val"": 53.357, ""n"": 301}, {""category"": ""Debt"", ""avg_val"": 52.476, ""n"": 273}, {""category"": null, ""avg_val"": 51.01, ""n"": 77}, {""category"": ""Equity"", ""avg_val"": 48.718, ""n"": 306}, {""category"": ""Real Estate"", ""avg_val"": 48.683, ""n"": 289}, {""category"": ""Hybrid"", ""avg_val"": 46.918, ""n"": 304}]"
wealth_management_scoring_quantitative_125_questions:SQA125-2T-037,wealth_management_scoring_quantitative_125_questions.csv,SQA125-2T-037,"What is the average volatility by investor risk tolerance, averaging each investor's goals first and then across investors?",Goal metric by profile,Medium,Categorical Aggregation,ATOM_ENTITY_INVESTMENT_GOAL_001; ATOM_ENTITY_INVESTOR_PROFILE_001,2,"WITH g AS (SELECT investor_id, AVG(avg_volatility_pct) AS v FROM ATOM_ENTITY_INVESTMENT_GOAL_001 GROUP BY investor_id) SELECT p.risk_tolerance, ROUND(AVG(g.v),3) AS avg_val, COUNT(DISTINCT p.investor_id) AS n FROM ATOM_ENTITY_INVESTOR_PROFILE_001 p LEFT JOIN g ON g.investor_id=p.investor_id GROUP BY p.risk_tolerance ORDER BY avg_val DESC, p.risk_tolerance ASC;","[{""risk_tolerance"": ""Moderate"", ""avg_val"": 14.458, ""n"": 485}, {""risk_tolerance"": ""Aggressive"", ""avg_val"": 14.381, ""n"": 486}, {""risk_tolerance"": ""Conservative"", ""avg_val"": 14.186, ""n"": 502}, {""risk_tolerance"": null, ""avg_val"": 13.938, ""n"": 77}]"
wealth_management_scoring_quantitative_125_questions:SQA125-3T-001,wealth_management_scoring_quantitative_125_questions.csv,SQA125-3T-001,Which Aggressive investors have an average goal progress below 30 and a risk score above 50?,Goal-average + health cohort,Advanced,Composite Reasoning,ATOM_ENTITY_INVESTMENT_GOAL_001; ATOM_ENTITY_INVESTOR_PROFILE_001; ATOM_ENTITY_PORTFOLIO_HEALTH_001,3,"WITH g AS (SELECT investor_id, ROUND(AVG(progress_pct),3) ap, ROUND(AVG(avg_sharpe_ratio),3) asr, ROUND(AVG(avg_volatility_pct),3) avol, ROUND(AVG(avg_annual_return_pct),3) aret FROM ATOM_ENTITY_INVESTMENT_GOAL_001 GROUP BY investor_id) SELECT p.investor_id, p.investor_name, g.ap AS goal_metric, h.risk_score FROM ATOM_ENTITY_INVESTOR_PROFILE_001 p JOIN ATOM_ENTITY_PORTFOLIO_HEALTH_001 h ON h.investor_id=p.investor_id JOIN g ON g.investor_id=p.investor_id WHERE p.risk_tolerance='Aggressive' AND g.ap < 30 AND h.risk_score>50 ORDER BY p.investor_id;","{""_total_rows"": 72, ""_truncated_to"": 50, ""rows"": [{""investor_id"": ""INV-030"", ""investor_name"": ""Ramesh Rao"", ""goal_metric"": 20.705, ""risk_score"": 81.011479}, {""investor_id"": ""INV-037"", ""investor_name"": ""Chetan Sharma"", ""goal_metric"": 23.936, ""risk_score"": 82.898306}, {""investor_id"": ""INV-061"", ""investor_name"": ""Kavita Sharma"", ""goal_metric"": 11.308, ""risk_score"": 100.0}, {""investor_id"": ""INV-078"", ""investor_name"": ""Rajesh Bhat"", ""goal_metric"": 11.546, ""risk_score"": 75.562992}, {""investor_id"": ""INV-079"", ""investor_name"": ""Ankita Rao"", ""goal_metric"": 25.002, ""risk_score"": 78.71825}, {""investor_id"": ""INV-081"", ""investor_name"": ""Bhavna Pandey"", ""goal_metric"": 0.003, ""risk_score"": 100.0}, {""investor_id"": ""INV-084"", ""investor_name"": ""Anand Reddy"", ""goal_metric"": 26.69, ""risk_score"": 87.255643}, {""investor_id"": ""INV-090"", ""investor_name"": ""Abhishek Mishra"", ""goal_metric"": 12.144, ""risk_score"": 51.315577}, {""investor_id"": ""INV-094"", ""investor_name"": ""Anita Bhat"", ""goal_metric"": 26.089, ""risk_score"": 84.524677}, {""investor_id"": ""INV-097"", ""investor_name"": ""Rajesh Patel"", ""goal_metric"": 20.001, ""risk_score"": 63.717536}, {""investor_id"": ""INV-1001"", ""investor_name"": ""Vikram Singh"", ""goal_metric"": 13.288, ""risk_score"": 100.0}, {""investor_id"": ""INV-1018"", ""investor_name"": ""Kavita Hegde"", ""goal_metric"": 20.0, ""risk_score"": 68.546494}, {""investor_id"": ""INV-1031"", ""investor_name"": ""Vikram Arora"", ""goal_metric"": 20.927, ""risk_score"": 91.325465}, {""investor_id"": ""INV-1033"", ""investor_name"": ""Arjun Kulkarni"", ""goal_metric"": 22.501, ""risk_score"": 72.54391}, {""investor_id"": ""INV-1041"", ""investor_name"": ""Deepak Kulkarni"", ""goal_metric"": 15.012, ""risk_score"": 100.0}, {""investor_id"": ""INV-1046"", ""investor_name"": ""Dipti Deshmukh"", ""goal_metric"": 25.004, ""risk_score"": 57.73789}, {""investor_id"": ""INV-1070"", ""investor_name"": ""Ishita Chauhan"", ""goal_metric"": 25.0, ""risk_score"": 94.007238}, {""investor_id"": ""INV-1075"", ""investor_name"": ""Amrita Iyer"", ""goal_metric"": 28.413, ""risk_score"": 87.602967}, {""investor_id"": ""INV-1104"", ""investor_name"": ""Arjun Patel"", ""goal_metric"": 16.667, ""risk_score"": 87.803954}, {""investor_id"": ""INV-1111"", ""investor_name"": ""Rajesh Sharma"", ""goal_metric"": 25.857, ""risk_score"": 76.491998}, {""investor_id"": ""INV-1236"", ""investor_name"": ""Dipti Yadav"", ""goal_metric"": 20.068, ""risk_score"": 81.669786}, {""investor_id"": ""INV-1245"", ""investor_name"": ""Amit Patel"", ""goal_metric"": 26.765, ""risk_score"": 55.089291}, {""investor_id"": ""INV-1248"", ""investor_name"": ""Siddharth Deshmukh"", ""goal_metric"": 6.219, ""risk_score"": 81.894791}, {""investor_id"": ""INV-1261"", ""investor_name"": ""Ishita Arora"", ""goal_metric"": 11.121, ""risk_score"": 100.0}, {""investor_id"": ""INV-1264"", ""investor_name"": ""Aishwarya Singh"", ""goal_metric"": 23.333, ""risk_score"": 92.551128}, {""investor_id"": ""INV-1275"", ""investor_name"": ""Amit Patel"", ""goal_metric"": 22.074, ""risk_score"": 52.871232}, {""investor_id"": ""INV-1296"", ""investor_name"": ""Amit Chauhan"", ""goal_metric"": 19.791, ""risk_score"": 72.145636}, {""investor_id"": ""INV-1308"", ""investor_name"": ""Kavita Deshmukh"", ""goal_metric"": 23.041, ""risk_score"": 89.178315}, {""investor_id"": ""INV-1311"", ""investor_name"": ""Ramesh Patel"", ""goal_metric"": 20.0, ""risk_score"": 89.572554}, {""investor_id"": ""INV-133"", ""investor_name"": ""Rohan Arora"", ""goal_metric"": 20.0, ""risk_score"": 89.104098}, {""investor_id"": ""INV-1341"", ""investor_name"": ""Amrita Chauhan"", ""goal_metric"": 12.654, ""risk_score"": 100.0}, {""investor_id"": ""INV-1361"", ""investor_name"": ""Anand Iyer"", ""goal_metric"": 16.667, ""risk_score"": 100.0}, {""investor_id"": ""INV-1429"", ""investor_name"": ""Meena Hegde"", ""goal_metric"": 27.551, ""risk_score"": 88.001321}, {""investor_id"": ""INV-1458"", ""investor_name"": ""Sunita Singh"", ""goal_metric"": 27.673, ""risk_score"": 71.877062}, {""investor_id"": ""INV-1466"", ""investor_name"": ""Ankita Mehta"", ""goal_metric"": 20.0, ""risk_score"": 54.542022}, {""investor_id"": ""INV-147"", ""investor_name"": ""Rohan Sharma"", ""goal_metric"": 5.0, ""risk_score"": 71.314227}, {""investor_id"": ""INV-1501"", ""investor_name"": ""Priyanka Singh"", ""goal_metric"": 20.928, ""risk_score"": 100.0}, {""investor_id"": ""INV-1511"", ""investor_name"": ""Abhishek Sharma"", ""goal_metric"": 16.695, ""risk_score"": 61.200847}, {""investor_id"": ""INV-1526"", ""investor_name"": ""Siddharth Deshmukh"", ""goal_metric"": 25.65, ""risk_score"": 78.083555}, {""investor_id"": ""INV-187"", ""investor_name"": ""Anand Singh"", ""goal_metric"": 11.704, ""risk_score"": 52.755328}, {""investor_id"": ""INV-229"", ""investor_name"": ""Kavita Pandey"", ""goal_metric"": 15.0, ""risk_score"": 70.233204}, {""investor_id"": ""INV-244"", ""investor_name"": ""Vikram Mishra"", ""goal_metric"": 27.812, ""risk_score"": 75.095343}, {""investor_id"": ""INV-274"", ""investor_name"": ""Chetan Pandey"", ""goal_metric"": 0.0, ""risk_score"": 74.813334}, {""investor_id"": ""INV-296"", ""investor_name"": ""Akshay Sharma"", ""goal_metric"": 25.002, ""risk_score"": 53.385289}, {""investor_id"": ""INV-298"", ""investor_name"": ""Anita Arora"", ""goal_metric"": 3.334, ""risk_score"": 85.219298}, {""investor_id"": ""INV-312"", ""investor_name"": ""Priyanka Pandey"", ""goal_metric"": 3.646, ""risk_score"": 66.050911}, {""investor_id"": ""INV-349"", ""investor_name"": ""Arvind Kulkarni"", ""goal_metric"": 27.5, ""risk_score"": 77.066757}, {""investor_id"": ""INV-377"", ""investor_name"": ""Anita Singh"", ""goal_metric"": 0.005, ""risk_score"": 81.056001}, {""investor_id"": ""INV-387"", ""investor_name"": ""Deepak Bhat"", ""goal_metric"": 26.806, ""risk_score"": 53.602008}, {""investor_id"": ""INV-401"", ""investor_name"": ""Amit Sharma"", ""goal_metric"": 28.213, ""risk_score"": 100.0}]}"
wealth_management_scoring_quantitative_125_questions:SQA125-3T-005,wealth_management_scoring_quantitative_125_questions.csv,SQA125-3T-005,Which Aggressive investors have an average Sharpe ratio above 1.0 and a risk score above 50?,Goal-average + health cohort,Advanced,Composite Reasoning,ATOM_ENTITY_INVESTMENT_GOAL_001; ATOM_ENTITY_INVESTOR_PROFILE_001; ATOM_ENTITY_PORTFOLIO_HEALTH_001,3,"WITH g AS (SELECT investor_id, ROUND(AVG(progress_pct),3) ap, ROUND(AVG(avg_sharpe_ratio),3) asr, ROUND(AVG(avg_volatility_pct),3) avol, ROUND(AVG(avg_annual_return_pct),3) aret FROM ATOM_ENTITY_INVESTMENT_GOAL_001 GROUP BY investor_id) SELECT p.investor_id, p.investor_name, g.asr AS goal_metric, h.risk_score FROM ATOM_ENTITY_INVESTOR_PROFILE_001 p JOIN ATOM_ENTITY_PORTFOLIO_HEALTH_001 h ON h.investor_id=p.investor_id JOIN g ON g.investor_id=p.investor_id WHERE p.risk_tolerance='Aggressive' AND g.asr > 1.0 AND h.risk_score>50 ORDER BY p.investor_id;","[{""investor_id"": ""INV-076"", ""investor_name"": ""Aishwarya Kulkarni"", ""goal_metric"": 1.22, ""risk_score"": 90.516188}, {""investor_id"": ""INV-081"", ""investor_name"": ""Bhavna Pandey"", ""goal_metric"": 1.893, ""risk_score"": 100.0}, {""investor_id"": ""INV-090"", ""investor_name"": ""Abhishek Mishra"", ""goal_metric"": 1.373, ""risk_score"": 51.315577}, {""investor_id"": ""INV-1031"", ""investor_name"": ""Vikram Arora"", ""goal_metric"": 1.373, ""risk_score"": 91.325465}, {""investor_id"": ""INV-1059"", ""investor_name"": ""Rahul Sharma"", ""goal_metric"": 1.123, ""risk_score"": 76.731318}, {""investor_id"": ""INV-1075"", ""investor_name"": ""Amrita Iyer"", ""goal_metric"": 1.462, ""risk_score"": 87.602967}, {""investor_id"": ""INV-1248"", ""investor_name"": ""Siddharth Deshmukh"", ""goal_metric"": 1.54, ""risk_score"": 81.894791}, {""investor_id"": ""INV-1271"", ""investor_name"": ""Rohan Arora"", ""goal_metric"": 1.91, ""risk_score"": 87.849346}, {""investor_id"": ""INV-130"", ""investor_name"": ""Abhishek Verma"", ""goal_metric"": 1.35, ""risk_score"": 86.207697}, {""investor_id"": ""INV-1311"", ""investor_name"": ""Ramesh Patel"", ""goal_metric"": 1.063, ""risk_score"": 89.572554}, {""investor_id"": ""INV-152"", ""investor_name"": ""Ramesh Gupta"", ""goal_metric"": 1.14, ""risk_score"": 92.395902}, {""investor_id"": ""INV-189"", ""investor_name"": ""Meena Hegde"", ""goal_metric"": 1.953, ""risk_score"": 89.54094}, {""investor_id"": ""INV-192"", ""investor_name"": ""Abhishek Sharma"", ""goal_metric"": 1.115, ""risk_score"": 54.168479}, {""investor_id"": ""INV-246"", ""investor_name"": ""Ishita Hegde"", ""goal_metric"": 1.277, ""risk_score"": 85.466763}, {""investor_id"": ""INV-281"", ""investor_name"": ""Sunita Pandey"", ""goal_metric"": 1.525, ""risk_score"": 100.0}, {""investor_id"": ""INV-337"", ""investor_name"": ""Geeta Kulkarni"", ""goal_metric"": 1.45, ""risk_score"": 74.509083}, {""investor_id"": ""INV-377"", ""investor_name"": ""Anita Singh"", ""goal_metric"": 1.193, ""risk_score"": 81.056001}, {""investor_id"": ""INV-416"", ""investor_name"": ""Akshay Reddy"", ""goal_metric"": 2.053, ""risk_score"": 54.625145}, {""investor_id"": ""INV-445"", ""investor_name"": ""Sneha Sharma"", ""goal_metric"": 1.753, ""risk_score"": 66.494842}, {""investor_id"": ""INV-452"", ""investor_name"": ""Rohan Rao"", ""goal_metric"": 1.047, ""risk_score"": 92.513539}, {""investor_id"": ""INV-454"", ""investor_name"": ""Arjun Kulkarni"", ""goal_metric"": 1.16, ""risk_score"": 68.874389}, {""investor_id"": ""INV-574"", ""investor_name"": ""Vivek Nair"", ""goal_metric"": 1.28, ""risk_score"": 55.896645}, {""investor_id"": ""INV-580"", ""investor_name"": ""Anita Patel"", ""goal_metric"": 1.36, ""risk_score"": 94.105528}, {""investor_id"": ""INV-593"", ""investor_name"": ""Rahul Chauhan"", ""goal_metric"": 1.025, ""risk_score"": 94.03573}, {""investor_id"": ""INV-653"", ""investor_name"": ""Suresh Bhat"", ""goal_metric"": 1.933, ""risk_score"": 81.416246}, {""investor_id"": ""INV-714"", ""investor_name"": ""Abhishek Deshmukh"", ""goal_metric"": 2.225, ""risk_score"": 86.877005}, {""investor_id"": ""INV-755"", ""investor_name"": ""Vivek Rao"", ""goal_metric"": 2.365, ""risk_score"": 51.127545}, {""investor_id"": ""INV-768"", ""investor_name"": ""Amrita Reddy"", ""goal_metric"": 1.143, ""risk_score"": 89.842241}, {""investor_id"": ""INV-798"", ""investor_name"": ""Aishwarya Singh"", ""goal_metric"": 1.063, ""risk_score"": 58.448096}, {""investor_id"": ""INV-810"", ""investor_name"": ""Dipti Mishra"", ""goal_metric"": 1.45, ""risk_score"": 78.677244}, {""investor_id"": ""INV-861"", ""investor_name"": ""Suresh Bhat"", ""goal_metric"": 1.665, ""risk_score"": 100.0}, {""investor_id"": ""INV-908"", ""investor_name"": ""Arjun Sharma"", ""goal_metric"": 1.6, ""risk_score"": 83.733408}, {""investor_id"": ""INV-925"", ""investor_name"": ""Anand Mishra"", ""goal_metric"": 1.245, ""risk_score"": 63.968534}]"
wealth_management_scoring_quantitative_125_questions:SQA125-3T-009,wealth_management_scoring_quantitative_125_questions.csv,SQA125-3T-009,Which Aggressive investors have an average annual return above 35 and a risk score above 50?,Goal-average + health cohort,Advanced,Composite Reasoning,ATOM_ENTITY_INVESTMENT_GOAL_001; ATOM_ENTITY_INVESTOR_PROFILE_001; ATOM_ENTITY_PORTFOLIO_HEALTH_001,3,"WITH g AS (SELECT investor_id, ROUND(AVG(progress_pct),3) ap, ROUND(AVG(avg_sharpe_ratio),3) asr, ROUND(AVG(avg_volatility_pct),3) avol, ROUND(AVG(avg_annual_return_pct),3) aret FROM ATOM_ENTITY_INVESTMENT_GOAL_001 GROUP BY investor_id) SELECT p.investor_id, p.investor_name, g.aret AS goal_metric, h.risk_score FROM ATOM_ENTITY_INVESTOR_PROFILE_001 p JOIN ATOM_ENTITY_PORTFOLIO_HEALTH_001 h ON h.investor_id=p.investor_id JOIN g ON g.investor_id=p.investor_id WHERE p.risk_tolerance='Aggressive' AND g.aret > 35 AND h.risk_score>50 ORDER BY p.investor_id;","[{""investor_id"": ""INV-1070"", ""investor_name"": ""Ishita Chauhan"", ""goal_metric"": 40.277, ""risk_score"": 94.007238}, {""investor_id"": ""INV-1424"", ""investor_name"": ""Ankita Mehta"", ""goal_metric"": 36.004, ""risk_score"": 61.69148}]"
wealth_management_scoring_quantitative_125_questions:SQA125-3T-013,wealth_management_scoring_quantitative_125_questions.csv,SQA125-3T-013,Which Conservative investors have an average goal progress below 30 and a risk score above 50?,Goal-average + health cohort,Advanced,Composite Reasoning,ATOM_ENTITY_INVESTMENT_GOAL_001; ATOM_ENTITY_INVESTOR_PROFILE_001; ATOM_ENTITY_PORTFOLIO_HEALTH_001,3,"WITH g AS (SELECT investor_id, ROUND(AVG(progress_pct),3) ap, ROUND(AVG(avg_sharpe_ratio),3) asr, ROUND(AVG(avg_volatility_pct),3) avol, ROUND(AVG(avg_annual_return_pct),3) aret FROM ATOM_ENTITY_INVESTMENT_GOAL_001 GROUP BY investor_id) SELECT p.investor_id, p.investor_name, g.ap AS goal_metric, h.risk_score FROM ATOM_ENTITY_INVESTOR_PROFILE_001 p JOIN ATOM_ENTITY_PORTFOLIO_HEALTH_001 h ON h.investor_id=p.investor_id JOIN g ON g.investor_id=p.investor_id WHERE p.risk_tolerance='Conservative' AND g.ap < 30 AND h.risk_score>50 ORDER BY p.investor_id;","{""_total_rows"": 92, ""_truncated_to"": 50, ""rows"": [{""investor_id"": ""INV-027"", ""investor_name"": ""Sneha Verma"", ""goal_metric"": 27.5, ""risk_score"": 60.546932}, {""investor_id"": ""INV-028"", ""investor_name"": ""Chetan Yadav"", ""goal_metric"": 23.333, ""risk_score"": 74.822741}, {""investor_id"": ""INV-031"", ""investor_name"": ""Meena Rao"", ""goal_metric"": 25.81, ""risk_score"": 64.75314}, {""investor_id"": ""INV-071"", ""investor_name"": ""Anita Iyer"", ""goal_metric"": 25.0, ""risk_score"": 87.362282}, {""investor_id"": ""INV-074"", ""investor_name"": ""Vivek Deshmukh"", ""goal_metric"": 0.002, ""risk_score"": 63.687343}, {""investor_id"": ""INV-092"", ""investor_name"": ""Anita Yadav"", ""goal_metric"": 9.55, ""risk_score"": 60.173295}, {""investor_id"": ""INV-1012"", ""investor_name"": ""Amrita Iyer"", ""goal_metric"": 26.598, ""risk_score"": 86.23076}, {""investor_id"": ""INV-1025"", ""investor_name"": ""Rohan Arora"", ""goal_metric"": 3.966, ""risk_score"": 83.054802}, {""investor_id"": ""INV-1034"", ""investor_name"": ""Priyanka Arora"", ""goal_metric"": 13.064, ""risk_score"": 69.97468}, {""investor_id"": ""INV-1071"", ""investor_name"": ""Anand Joshi"", ""goal_metric"": 25.001, ""risk_score"": 85.820379}, {""investor_id"": ""INV-1091"", ""investor_name"": ""Bhavna Rao"", ""goal_metric"": 24.982, ""risk_score"": 89.598393}, {""investor_id"": ""INV-1115"", ""investor_name"": ""Akshay Chauhan"", ""goal_metric"": 1.899, ""risk_score"": 64.11968}, {""investor_id"": ""INV-1120"", ""investor_name"": ""Arjun Bhat"", ""goal_metric"": 16.667, ""risk_score"": 81.399572}, {""investor_id"": ""INV-1138"", ""investor_name"": ""Sneha Reddy"", ""goal_metric"": 8.96, ""risk_score"": 91.768916}, {""investor_id"": ""INV-1139"", ""investor_name"": ""Rahul Chauhan"", ""goal_metric"": 29.611, ""risk_score"": 78.551368}, {""investor_id"": ""INV-1171"", ""investor_name"": ""Anjali Iyer"", ""goal_metric"": 9.472, ""risk_score"": 72.615874}, {""investor_id"": ""INV-1176"", ""investor_name"": ""Vikram Mishra"", ""goal_metric"": 26.182, ""risk_score"": 77.445398}, {""investor_id"": ""INV-1217"", ""investor_name"": ""Siddharth Mehta"", ""goal_metric"": 10.806, ""risk_score"": 64.69443}, {""investor_id"": ""INV-1221"", ""investor_name"": ""Aishwarya Kulkarni"", ""goal_metric"": 22.288, ""risk_score"": 100.0}, {""investor_id"": ""INV-1238"", ""investor_name"": ""Bhavna Bhat"", ""goal_metric"": 26.22, ""risk_score"": 91.066202}, {""investor_id"": ""INV-126"", ""investor_name"": ""Vivek Pandey"", ""goal_metric"": 0.0, ""risk_score"": 51.546135}, {""investor_id"": ""INV-1269"", ""investor_name"": ""Vikram Patel"", ""goal_metric"": 16.044, ""risk_score"": 92.604454}, {""investor_id"": ""INV-1272"", ""investor_name"": ""Sneha Deshmukh"", ""goal_metric"": 19.888, ""risk_score"": 50.15948}, {""investor_id"": ""INV-1297"", ""investor_name"": ""Akshay Rao"", ""goal_metric"": 12.834, ""risk_score"": 58.558177}, {""investor_id"": ""INV-1310"", ""investor_name"": ""Sneha Iyer"", ""goal_metric"": 28.656, ""risk_score"": 76.222569}, {""investor_id"": ""INV-1312"", ""investor_name"": ""Amit Verma"", ""goal_metric"": 3.982, ""risk_score"": 78.409648}, {""investor_id"": ""INV-1354"", ""investor_name"": ""Dipti Verma"", ""goal_metric"": 25.0, ""risk_score"": 68.272259}, {""investor_id"": ""INV-1358"", ""investor_name"": ""Akshay Mishra"", ""goal_metric"": 14.694, ""risk_score"": 73.753924}, {""investor_id"": ""INV-1378"", ""investor_name"": ""Anjali Joshi"", ""goal_metric"": 23.534, ""risk_score"": 84.010889}, {""investor_id"": ""INV-1391"", ""investor_name"": ""Geeta Hegde"", ""goal_metric"": 20.0, ""risk_score"": 64.703876}, {""investor_id"": ""INV-1394"", ""investor_name"": ""Arjun Patel"", ""goal_metric"": 18.632, ""risk_score"": 67.31776}, {""investor_id"": ""INV-1409"", ""investor_name"": ""Vivek Hegde"", ""goal_metric"": 19.822, ""risk_score"": 89.666635}, {""investor_id"": ""INV-1421"", ""investor_name"": ""Meena Mishra"", ""goal_metric"": 20.001, ""risk_score"": 100.0}, {""investor_id"": ""INV-1452"", ""investor_name"": ""Akshay Gupta"", ""goal_metric"": 15.0, ""risk_score"": 94.093187}, {""investor_id"": ""INV-1460"", ""investor_name"": ""Priyanka Iyer"", ""goal_metric"": 0.001, ""risk_score"": 93.335909}, {""investor_id"": ""INV-1479"", ""investor_name"": ""Rajesh Patel"", ""goal_metric"": 17.341, ""risk_score"": 61.270393}, {""investor_id"": ""INV-1481"", ""investor_name"": ""Amit Mishra"", ""goal_metric"": 16.668, ""risk_score"": 100.0}, {""investor_id"": ""INV-1484"", ""investor_name"": ""Geeta Bhat"", ""goal_metric"": 27.5, ""risk_score"": 90.736797}, {""investor_id"": ""INV-1537"", ""investor_name"": ""Anjali Singh"", ""goal_metric"": 0.0, ""risk_score"": 83.698024}, {""investor_id"": ""INV-154"", ""investor_name"": ""Ishita Arora"", ""goal_metric"": 5.496, ""risk_score"": 67.757143}, {""investor_id"": ""INV-157"", ""investor_name"": ""Dipti Mehta"", ""goal_metric"": 23.814, ""risk_score"": 52.419748}, {""investor_id"": ""INV-200"", ""investor_name"": ""Rahul Reddy"", ""goal_metric"": 3.334, ""risk_score"": 57.759647}, {""investor_id"": ""INV-210"", ""investor_name"": ""Vivek Mishra"", ""goal_metric"": 3.338, ""risk_score"": 51.113541}, {""investor_id"": ""INV-221"", ""investor_name"": ""Aishwarya Yadav"", ""goal_metric"": 5.0, ""risk_score"": 100.0}, {""investor_id"": ""INV-226"", ""investor_name"": ""Sneha Bhat"", ""goal_metric"": 26.723, ""risk_score"": 79.806371}, {""investor_id"": ""INV-265"", ""investor_name"": ""Ramesh Gupta"", ""goal_metric"": 28.828, ""risk_score"": 54.857822}, {""investor_id"": ""INV-273"", ""investor_name"": ""Ankita Yadav"", ""goal_metric"": 19.653, ""risk_score"": 78.483717}, {""investor_id"": ""INV-294"", ""investor_name"": ""Anita Nair"", ""goal_metric"": 16.668, ""risk_score"": 76.999893}, {""investor_id"": ""INV-300"", ""investor_name"": ""Geeta Rao"", ""goal_metric"": 10.612, ""risk_score"": 79.921579}, {""investor_id"": ""INV-340"", ""investor_name"": ""Rajesh Deshmukh"", ""goal_metric"": 3.346, ""risk_score"": 64.812561}]}"
wealth_management_scoring_quantitative_125_questions:SQA125-3T-017,wealth_management_scoring_quantitative_125_questions.csv,SQA125-3T-017,Which Conservative investors have an average Sharpe ratio above 1.0 and a risk score above 50?,Goal-average + health cohort,Advanced,Composite Reasoning,ATOM_ENTITY_INVESTMENT_GOAL_001; ATOM_ENTITY_INVESTOR_PROFILE_001; ATOM_ENTITY_PORTFOLIO_HEALTH_001,3,"WITH g AS (SELECT investor_id, ROUND(AVG(progress_pct),3) ap, ROUND(AVG(avg_sharpe_ratio),3) asr, ROUND(AVG(avg_volatility_pct),3) avol, ROUND(AVG(avg_annual_return_pct),3) aret FROM ATOM_ENTITY_INVESTMENT_GOAL_001 GROUP BY investor_id) SELECT p.investor_id, p.investor_name, g.asr AS goal_metric, h.risk_score FROM ATOM_ENTITY_INVESTOR_PROFILE_001 p JOIN ATOM_ENTITY_PORTFOLIO_HEALTH_001 h ON h.investor_id=p.investor_id JOIN g ON g.investor_id=p.investor_id WHERE p.risk_tolerance='Conservative' AND g.asr > 1.0 AND h.risk_score>50 ORDER BY p.investor_id;","[{""investor_id"": ""INV-012"", ""investor_name"": ""Dipti Arora"", ""goal_metric"": 1.603, ""risk_score"": 60.254462}, {""investor_id"": ""INV-021"", ""investor_name"": ""Arvind Chauhan"", ""goal_metric"": 1.593, ""risk_score"": 100.0}, {""investor_id"": ""INV-074"", ""investor_name"": ""Vivek Deshmukh"", ""goal_metric"": 1.047, ""risk_score"": 63.687343}, {""investor_id"": ""INV-101"", ""investor_name"": ""Aishwarya Patel"", ""goal_metric"": 1.19, ""risk_score"": 100.0}, {""investor_id"": ""INV-1024"", ""investor_name"": ""Geeta Gupta"", ""goal_metric"": 1.185, ""risk_score"": 74.915244}, {""investor_id"": ""INV-1076"", ""investor_name"": ""Suresh Yadav"", ""goal_metric"": 2.695, ""risk_score"": 50.989469}, {""investor_id"": ""INV-1120"", ""investor_name"": ""Arjun Bhat"", ""goal_metric"": 1.753, ""risk_score"": 81.399572}, {""investor_id"": ""INV-1148"", ""investor_name"": ""Rohan Rao"", ""goal_metric"": 1.525, ""risk_score"": 78.767841}, {""investor_id"": ""INV-1217"", ""investor_name"": ""Siddharth Mehta"", ""goal_metric"": 1.217, ""risk_score"": 64.69443}, {""investor_id"": ""INV-124"", ""investor_name"": ""Rajesh Kulkarni"", ""goal_metric"": 1.47, ""risk_score"": 78.34734}, {""investor_id"": ""INV-1299"", ""investor_name"": ""Geeta Chauhan"", ""goal_metric"": 2.04, ""risk_score"": 82.409592}, {""investor_id"": ""INV-1301"", ""investor_name"": ""Ishita Pandey"", ""goal_metric"": 1.15, ""risk_score"": 100.0}, {""investor_id"": ""INV-1348"", ""investor_name"": ""Anand Deshmukh"", ""goal_metric"": 1.75, ""risk_score"": 94.936217}, {""investor_id"": ""INV-1369"", ""investor_name"": ""Anand Bhat"", ""goal_metric"": 1.545, ""risk_score"": 74.684329}, {""investor_id"": ""INV-1387"", ""investor_name"": ""Ishita Mehta"", ""goal_metric"": 1.077, ""risk_score"": 66.313098}, {""investor_id"": ""INV-1421"", ""investor_name"": ""Meena Mishra"", ""goal_metric"": 1.387, ""risk_score"": 100.0}, {""investor_id"": ""INV-1425"", ""investor_name"": ""Geeta Iyer"", ""goal_metric"": 2.343, ""risk_score"": 85.600713}, {""investor_id"": ""INV-148"", ""investor_name"": ""Rohan Joshi"", ""goal_metric"": 2.143, ""risk_score"": 75.150805}, {""investor_id"": ""INV-1537"", ""investor_name"": ""Anjali Singh"", ""goal_metric"": 1.425, ""risk_score"": 83.698024}, {""investor_id"": ""INV-1545"", ""investor_name"": ""Anita Patel"", ""goal_metric"": 1.895, ""risk_score"": 50.29189}, {""investor_id"": ""INV-171"", ""investor_name"": ""Meena Mehta"", ""goal_metric"": 1.71, ""risk_score"": 90.798144}, {""investor_id"": ""INV-217"", ""investor_name"": ""Rohan Reddy"", ""goal_metric"": 1.37, ""risk_score"": 82.402616}, {""investor_id"": ""INV-251"", ""investor_name"": ""Ishita Sharma"", ""goal_metric"": 1.905, ""risk_score"": 93.333752}, {""investor_id"": ""INV-265"", ""investor_name"": ""Ramesh Gupta"", ""goal_metric"": 1.618, ""risk_score"": 54.857822}, {""investor_id"": ""INV-273"", ""investor_name"": ""Ankita Yadav"", ""goal_metric"": 1.61, ""risk_score"": 78.483717}, {""investor_id"": ""INV-319"", ""investor_name"": ""Siddharth Patel"", ""goal_metric"": 1.867, ""risk_score"": 69.440137}, {""investor_id"": ""INV-381"", ""investor_name"": ""Priyanka Deshmukh"", ""goal_metric"": 1.397, ""risk_score"": 100.0}, {""investor_id"": ""INV-399"", ""investor_name"": ""Amrita Singh"", ""goal_metric"": 1.617, ""risk_score"": 88.817293}, {""investor_id"": ""INV-539"", ""investor_name"": ""Vikram Iyer"", ""goal_metric"": 1.385, ""risk_score"": 61.317292}, {""investor_id"": ""INV-547"", ""investor_name"": ""Rajesh Arora"", ""goal_metric"": 1.463, ""risk_score"": 66.629925}, {""investor_id"": ""INV-557"", ""investor_name"": ""Priyanka Arora"", ""goal_metric"": 1.42, ""risk_score"": 87.92128}, {""investor_id"": ""INV-581"", ""investor_name"": ""Siddharth Pandey"", ""goal_metric"": 1.753, ""risk_score"": 100.0}, {""investor_id"": ""INV-588"", ""investor_name"": ""Anita Deshmukh"", ""goal_metric"": 1.403, ""risk_score"": 77.59761}, {""investor_id"": ""INV-616"", ""investor_name"": ""Anjali Patel"", ""goal_metric"": 1.17, ""risk_score"": 83.190772}, {""investor_id"": ""INV-620"", ""investor_name"": ""Geeta Singh"", ""goal_metric"": 1.11, ""risk_score"": 67.954654}, {""investor_id"": ""INV-696"", ""investor_name"": ""Rajesh Chauhan"", ""goal_metric"": 1.635, ""risk_score"": 87.845464}, {""investor_id"": ""INV-706"", ""investor_name"": ""Vikram Deshmukh"", ""goal_metric"": 1.623, ""risk_score"": 73.316035}, {""investor_id"": ""INV-725"", ""investor_name"": ""Ishita Patel"", ""goal_metric"": 1.005, ""risk_score"": 85.783384}, {""investor_id"": ""INV-761"", ""investor_name"": ""Meena Gupta"", ""goal_metric"": 1.32, ""risk_score"": 100.0}, {""investor_id"": ""INV-792"", ""investor_name"": ""Amrita Arora"", ""goal_metric"": 1.46, ""risk_score"": 86.194229}, {""investor_id"": ""INV-805"", ""investor_name"": ""Amrita Kulkarni"", ""goal_metric"": 2.023, ""risk_score"": 57.972503}, {""investor_id"": ""INV-821"", ""investor_name"": ""Amit Iyer"", ""goal_metric"": 1.792, ""risk_score"": 100.0}, {""investor_id"": ""INV-871"", ""investor_name"": ""Sunita Nair"", ""goal_metric"": 1.21, ""risk_score"": 52.7768}, {""investor_id"": ""INV-901"", ""investor_name"": ""Geeta Patel"", ""goal_metric"": 1.767, ""risk_score"": 100.0}, {""investor_id"": ""INV-941"", ""investor_name"": ""Rahul Iyer"", ""goal_metric"": 1.74, ""risk_score"": 100.0}]"
wealth_management_scoring_quantitative_125_questions:SQA125-3T-021,wealth_management_scoring_quantitative_125_questions.csv,SQA125-3T-021,Which Conservative investors have an average annual return above 35 and a risk score above 50?,Goal-average + health cohort,Advanced,Composite Reasoning,ATOM_ENTITY_INVESTMENT_GOAL_001; ATOM_ENTITY_INVESTOR_PROFILE_001; ATOM_ENTITY_PORTFOLIO_HEALTH_001,3,"WITH g AS (SELECT investor_id, ROUND(AVG(progress_pct),3) ap, ROUND(AVG(avg_sharpe_ratio),3) asr, ROUND(AVG(avg_volatility_pct),3) avol, ROUND(AVG(avg_annual_return_pct),3) aret FROM ATOM_ENTITY_INVESTMENT_GOAL_001 GROUP BY investor_id) SELECT p.investor_id, p.investor_name, g.aret AS goal_metric, h.risk_score FROM ATOM_ENTITY_INVESTOR_PROFILE_001 p JOIN ATOM_ENTITY_PORTFOLIO_HEALTH_001 h ON h.investor_id=p.investor_id JOIN g ON g.investor_id=p.investor_id WHERE p.risk_tolerance='Conservative' AND g.aret > 35 AND h.risk_score>50 ORDER BY p.investor_id;","[{""investor_id"": ""INV-1309"", ""investor_name"": ""Anjali Rao"", ""goal_metric"": 39.931, ""risk_score"": 78.335916}, {""investor_id"": ""INV-1364"", ""investor_name"": ""Amit Patel"", ""goal_metric"": 35.432, ""risk_score"": 70.856404}, {""investor_id"": ""INV-1514"", ""investor_name"": ""Anjali Joshi"", ""goal_metric"": 35.464, ""risk_score"": 60.619234}]"
wealth_management_scoring_quantitative_125_questions:SQA125-3T-025,wealth_management_scoring_quantitative_125_questions.csv,SQA125-3T-025,"For investors with a risk score above 50, what is the average goal progress by time horizon?",Health-filtered goal metric by cohort,Advanced,Categorical Aggregation,ATOM_ENTITY_INVESTMENT_GOAL_001; ATOM_ENTITY_INVESTOR_PROFILE_001; ATOM_ENTITY_PORTFOLIO_HEALTH_001,3,"WITH g AS (SELECT investor_id, ROUND(AVG(progress_pct),3) ap, ROUND(AVG(avg_sharpe_ratio),3) asr, ROUND(AVG(avg_volatility_pct),3) avol, ROUND(AVG(avg_annual_return_pct),3) aret FROM ATOM_ENTITY_INVESTMENT_GOAL_001 GROUP BY investor_id) SELECT p.time_horizon, ROUND(AVG(g.ap),3) AS avg_val, COUNT(DISTINCT p.investor_id) AS n FROM ATOM_ENTITY_INVESTOR_PROFILE_001 p JOIN ATOM_ENTITY_PORTFOLIO_HEALTH_001 h ON h.investor_id=p.investor_id JOIN g ON g.investor_id=p.investor_id WHERE h.risk_score>50 GROUP BY p.time_horizon ORDER BY avg_val DESC, p.time_horizon ASC;","[{""time_horizon"": ""Long-term"", ""avg_val"": 43.098, ""n"": 216}, {""time_horizon"": null, ""avg_val"": 40.88, ""n"": 28}, {""time_horizon"": ""Medium-term"", ""avg_val"": 39.335, ""n"": 229}, {""time_horizon"": ""Short-term"", ""avg_val"": 39.256, ""n"": 239}]"
wealth_management_scoring_quantitative_125_questions:SQA125-3T-029,wealth_management_scoring_quantitative_125_questions.csv,SQA125-3T-029,"For investors with a risk score above 50, what is the average annual return by time horizon?",Health-filtered goal metric by cohort,Advanced,Categorical Aggregation,ATOM_ENTITY_INVESTMENT_GOAL_001; ATOM_ENTITY_INVESTOR_PROFILE_001; ATOM_ENTITY_PORTFOLIO_HEALTH_001,3,"WITH g AS (SELECT investor_id, ROUND(AVG(progress_pct),3) ap, ROUND(AVG(avg_sharpe_ratio),3) asr, ROUND(AVG(avg_volatility_pct),3) avol, ROUND(AVG(avg_annual_return_pct),3) aret FROM ATOM_ENTITY_INVESTMENT_GOAL_001 GROUP BY investor_id) SELECT p.time_horizon, ROUND(AVG(g.aret),3) AS avg_val, COUNT(DISTINCT p.investor_id) AS n FROM ATOM_ENTITY_INVESTOR_PROFILE_001 p JOIN ATOM_ENTITY_PORTFOLIO_HEALTH_001 h ON h.investor_id=p.investor_id JOIN g ON g.investor_id=p.investor_id WHERE h.risk_score>50 GROUP BY p.time_horizon ORDER BY avg_val DESC, p.time_horizon ASC;","[{""time_horizon"": ""Short-term"", ""avg_val"": 10.632, ""n"": 239}, {""time_horizon"": ""Medium-term"", ""avg_val"": 10.606, ""n"": 229}, {""time_horizon"": null, ""avg_val"": 10.596, ""n"": 28}, {""time_horizon"": ""Long-term"", ""avg_val"": 10.557, ""n"": 216}]"
wealth_management_scoring_quantitative_125_questions:SQA125-4T-003,wealth_management_scoring_quantitative_125_questions.csv,SQA125-4T-003,"For investors with an average goal progress above 30 and a risk score above 50, what is the average holding return (counting only holdings with a recorded cost and current value) by risk tolerance?",Multi-CTE cohort aggregation,Expert,Categorical Aggregation,ATOM_ENTITY_INVESTMENT_GOAL_001; ATOM_ENTITY_INVESTOR_PROFILE_001; ATOM_ENTITY_PORTFOLIO_HEALTH_001; ATOM_ENTITY_PORTFOLIO_HOLDING_001,4,"WITH g AS (SELECT investor_id, ROUND(AVG(progress_pct),3) ap, ROUND(AVG(avg_sharpe_ratio),3) asr FROM ATOM_ENTITY_INVESTMENT_GOAL_001 GROUP BY investor_id), ho AS (SELECT o.investor_id, ROUND(AVG(CASE WHEN o.cost > 0 AND o.current_value IS NOT NULL THEN o.returns_pct END),3) aret, ROUND(AVG(o.dividends),3) adiv FROM ATOM_ENTITY_PORTFOLIO_HOLDING_001 o GROUP BY o.investor_id) SELECT p.risk_tolerance, ROUND(AVG(ho.aret),3) AS avg_return, COUNT(DISTINCT p.investor_id) AS n FROM ATOM_ENTITY_INVESTOR_PROFILE_001 p JOIN ATOM_ENTITY_PORTFOLIO_HEALTH_001 h ON h.investor_id=p.investor_id JOIN g ON g.investor_id=p.investor_id JOIN ho ON ho.investor_id=p.investor_id WHERE ho.aret IS NOT NULL AND g.ap>30 AND h.risk_score>50 GROUP BY p.risk_tolerance ORDER BY avg_return DESC, p.risk_tolerance ASC;","[{""risk_tolerance"": null, ""avg_return"": 89.355, ""n"": 31}, {""risk_tolerance"": ""Moderate"", ""avg_return"": 76.19, ""n"": 129}, {""risk_tolerance"": ""Aggressive"", ""avg_return"": 69.936, ""n"": 142}, {""risk_tolerance"": ""Conservative"", ""avg_return"": 49.495, ""n"": 141}]"
wealth_management_scoring_quantitative_125_questions:SQA125-4T-007,wealth_management_scoring_quantitative_125_questions.csv,SQA125-4T-007,"Which Aggressive investors have an average goal progress above 30, average holding dividends below 14000, and a liquidity score below 50?",Goal + holding + health composite,Expert,Composite Reasoning,ATOM_ENTITY_INVESTMENT_GOAL_001; ATOM_ENTITY_INVESTOR_PROFILE_001; ATOM_ENTITY_PORTFOLIO_HEALTH_001; ATOM_ENTITY_PORTFOLIO_HOLDING_001,4,"WITH g AS (SELECT investor_id, ROUND(AVG(progress_pct),3) ap, ROUND(AVG(avg_sharpe_ratio),3) asr FROM ATOM_ENTITY_INVESTMENT_GOAL_001 GROUP BY investor_id), ho AS (SELECT investor_id, ROUND(AVG(returns_pct),3) aret, ROUND(AVG(dividends),3) adiv FROM ATOM_ENTITY_PORTFOLIO_HOLDING_001 GROUP BY investor_id) SELECT p.investor_id, p.investor_name, g.ap, ho.adiv, h.liquidity_score FROM ATOM_ENTITY_INVESTOR_PROFILE_001 p JOIN ATOM_ENTITY_PORTFOLIO_HEALTH_001 h ON h.investor_id=p.investor_id JOIN g ON g.investor_id=p.investor_id JOIN ho ON ho.investor_id=p.investor_id WHERE p.risk_tolerance='Aggressive' AND g.ap>30 AND ho.adiv<14000 AND h.liquidity_score<50 ORDER BY p.investor_id;","{""_total_rows"": 66, ""_truncated_to"": 50, ""rows"": [{""investor_id"": ""INV-045"", ""investor_name"": ""Aishwarya Deshmukh"", ""ap"": 33.333, ""adiv"": 9147.266, ""liquidity_score"": 46.438422}, {""investor_id"": ""INV-051"", ""investor_name"": ""Ishita Sharma"", ""ap"": 43.403, ""adiv"": 5856.21, ""liquidity_score"": 24.389652}, {""investor_id"": ""INV-064"", ""investor_name"": ""Arvind Singh"", ""ap"": 36.667, ""adiv"": 10700.406, ""liquidity_score"": 17.586996}, {""investor_id"": ""INV-067"", ""investor_name"": ""Vikram Iyer"", ""ap"": 32.174, ""adiv"": 10730.544, ""liquidity_score"": 10.609347}, {""investor_id"": ""INV-082"", ""investor_name"": ""Amit Chauhan"", ""ap"": 47.444, ""adiv"": 8826.108, ""liquidity_score"": 0.0}, {""investor_id"": ""INV-1016"", ""investor_name"": ""Ankita Joshi"", ""ap"": 57.316, ""adiv"": 8586.163, ""liquidity_score"": 35.706618}, {""investor_id"": ""INV-1052"", ""investor_name"": ""Amit Reddy"", ""ap"": 110.045, ""adiv"": 4970.224, ""liquidity_score"": 31.305733}, {""investor_id"": ""INV-1084"", ""investor_name"": ""Amit Singh"", ""ap"": 94.518, ""adiv"": 9468.995, ""liquidity_score"": 20.477441}, {""investor_id"": ""INV-1106"", ""investor_name"": ""Vivek Bhat"", ""ap"": 40.237, ""adiv"": 9587.03, ""liquidity_score"": 12.517707}, {""investor_id"": ""INV-1140"", ""investor_name"": ""Ishita Gupta"", ""ap"": 43.999, ""adiv"": 10582.369, ""liquidity_score"": 45.069684}, {""investor_id"": ""INV-1153"", ""investor_name"": ""Arvind Sharma"", ""ap"": 62.422, ""adiv"": 11763.535, ""liquidity_score"": 34.400067}, {""investor_id"": ""INV-1165"", ""investor_name"": ""Bhavna Mishra"", ""ap"": 46.667, ""adiv"": 13933.149, ""liquidity_score"": 11.06914}, {""investor_id"": ""INV-1213"", ""investor_name"": ""Sneha Reddy"", ""ap"": 43.519, ""adiv"": 12804.33, ""liquidity_score"": 34.913739}, {""investor_id"": ""INV-1229"", ""investor_name"": ""Ramesh Joshi"", ""ap"": 49.566, ""adiv"": 13913.727, ""liquidity_score"": 19.091112}, {""investor_id"": ""INV-1259"", ""investor_name"": ""Sneha Iyer"", ""ap"": 102.48, ""adiv"": 8987.443, ""liquidity_score"": 23.512344}, {""investor_id"": ""INV-1266"", ""investor_name"": ""Vikram Iyer"", ""ap"": 47.5, ""adiv"": 13102.383, ""liquidity_score"": 21.233665}, {""investor_id"": ""INV-1277"", ""investor_name"": ""Geeta Gupta"", ""ap"": 65.341, ""adiv"": 13143.997, ""liquidity_score"": 22.238143}, {""investor_id"": ""INV-1290"", ""investor_name"": ""Abhishek Joshi"", ""ap"": 95.633, ""adiv"": 13120.686, ""liquidity_score"": 12.643525}, {""investor_id"": ""INV-130"", ""investor_name"": ""Abhishek Verma"", ""ap"": 30.68, ""adiv"": 10000.15, ""liquidity_score"": 30.964188}, {""investor_id"": ""INV-1314"", ""investor_name"": ""Siddharth Patel"", ""ap"": 40.052, ""adiv"": 11013.039, ""liquidity_score"": 18.290686}, {""investor_id"": ""INV-1336"", ""investor_name"": ""Vikram Kulkarni"", ""ap"": 30.001, ""adiv"": 12003.185, ""liquidity_score"": 16.193495}, {""investor_id"": ""INV-1398"", ""investor_name"": ""Rahul Singh"", ""ap"": 30.453, ""adiv"": 11605.558, ""liquidity_score"": 12.33837}, {""investor_id"": ""INV-1407"", ""investor_name"": ""Akshay Verma"", ""ap"": 67.887, ""adiv"": 10560.944, ""liquidity_score"": 22.144824}, {""investor_id"": ""INV-1465"", ""investor_name"": ""Amit Gupta"", ""ap"": 33.333, ""adiv"": 12430.004, ""liquidity_score"": 12.306416}, {""investor_id"": ""INV-1485"", ""investor_name"": ""Geeta Rao"", ""ap"": 61.649, ""adiv"": 12325.245, ""liquidity_score"": 46.024337}, {""investor_id"": ""INV-162"", ""investor_name"": ""Suresh Joshi"", ""ap"": 48.088, ""adiv"": 13085.057, ""liquidity_score"": 0.0}, {""investor_id"": ""INV-182"", ""investor_name"": ""Bhavna Verma"", ""ap"": 39.908, ""adiv"": 10847.894, ""liquidity_score"": 0.0}, {""investor_id"": ""INV-184"", ""investor_name"": ""Vivek Joshi"", ""ap"": 71.506, ""adiv"": 13886.763, ""liquidity_score"": 23.790917}, {""investor_id"": ""INV-219"", ""investor_name"": ""Anita Nair"", ""ap"": 83.525, ""adiv"": 8745.523, ""liquidity_score"": 18.485186}, {""investor_id"": ""INV-330"", ""investor_name"": ""Amit Kulkarni"", ""ap"": 36.468, ""adiv"": 13079.454, ""liquidity_score"": 21.284452}, {""investor_id"": ""INV-360"", ""investor_name"": ""Ankita Verma"", ""ap"": 33.298, ""adiv"": 12643.377, ""liquidity_score"": 37.923379}, {""investor_id"": ""INV-364"", ""investor_name"": ""Anjali Patel"", ""ap"": 30.004, ""adiv"": 12564.204, ""liquidity_score"": 26.334398}, {""investor_id"": ""INV-395"", ""investor_name"": ""Rajesh Gupta"", ""ap"": 96.694, ""adiv"": 13829.595, ""liquidity_score"": 11.077402}, {""investor_id"": ""INV-454"", ""investor_name"": ""Arjun Kulkarni"", ""ap"": 58.443, ""adiv"": 10096.185, ""liquidity_score"": 8.372346}, {""investor_id"": ""INV-482"", ""investor_name"": ""Deepak Mishra"", ""ap"": 40.045, ""adiv"": 11061.135, ""liquidity_score"": 0.0}, {""investor_id"": ""INV-529"", ""investor_name"": ""Bhavna Yadav"", ""ap"": 62.116, ""adiv"": 11694.221, ""liquidity_score"": 47.216617}, {""investor_id"": ""INV-538"", ""investor_name"": ""Rahul Pandey"", ""ap"": 35.277, ""adiv"": 12090.78, ""liquidity_score"": 17.849095}, {""investor_id"": ""INV-562"", ""investor_name"": ""Ankita Joshi"", ""ap"": 60.542, ""adiv"": 11785.872, ""liquidity_score"": 0.0}, {""investor_id"": ""INV-568"", ""investor_name"": ""Arvind Deshmukh"", ""ap"": 33.055, ""adiv"": 13797.72, ""liquidity_score"": 43.835889}, {""investor_id"": ""INV-577"", ""investor_name"": ""Amrita Hegde"", ""ap"": 80.211, ""adiv"": 11572.98, ""liquidity_score"": 37.077689}, {""investor_id"": ""INV-629"", ""investor_name"": ""Suresh Hegde"", ""ap"": 61.608, ""adiv"": 13335.123, ""liquidity_score"": 19.404619}, {""investor_id"": ""INV-634"", ""investor_name"": ""Rohan Singh"", ""ap"": 35.743, ""adiv"": 12370.684, ""liquidity_score"": 10.015448}, {""investor_id"": ""INV-650"", ""investor_name"": ""Rohan Mehta"", ""ap"": 70.0, ""adiv"": 9224.715, ""liquidity_score"": 29.04435}, {""investor_id"": ""INV-656"", ""investor_name"": ""Ishita Joshi"", ""ap"": 30.802, ""adiv"": 10341.824, ""liquidity_score"": 34.936554}, {""investor_id"": ""INV-665"", ""investor_name"": ""Vikram Singh"", ""ap"": 32.555, ""adiv"": 10479.997, ""liquidity_score"": 12.667275}, {""investor_id"": ""INV-714"", ""investor_name"": ""Abhishek Deshmukh"", ""ap"": 70.0, ""adiv"": 7321.075, ""liquidity_score"": 20.099627}, {""investor_id"": ""INV-738"", ""investor_name"": ""Arvind Nair"", ""ap"": 35.725, ""adiv"": 11898.275, ""liquidity_score"": 28.078275}, {""investor_id"": ""INV-749"", ""investor_name"": ""Rahul Pandey"", ""ap"": 97.288, ""adiv"": 13198.881, ""liquidity_score"": 33.925623}, {""investor_id"": ""INV-757"", ""investor_name"": ""Meena Mishra"", ""ap"": 59.305, ""adiv"": 13548.923, ""liquidity_score"": 39.602442}, {""investor_id"": ""INV-773"", ""investor_name"": ""Arvind Joshi"", ""ap"": 54.789, ""adiv"": 12929.716, ""liquidity_score"": 40.395508}]}"
wealth_management_scoring_quantitative_125_questions:SQA125-4T-011,wealth_management_scoring_quantitative_125_questions.csv,SQA125-4T-011,"Among investors with a goal-match percentage above 50, which 10 have the highest average goal progress (also reporting their average holding dividends)?","Goal+holding ranking, health-filtered",Expert,Ranking,ATOM_ENTITY_INVESTMENT_GOAL_001; ATOM_ENTITY_INVESTOR_PROFILE_001; ATOM_ENTITY_PORTFOLIO_HEALTH_001; ATOM_ENTITY_PORTFOLIO_HOLDING_001,4,"WITH g AS (SELECT investor_id, ROUND(AVG(progress_pct),3) ap, ROUND(AVG(avg_sharpe_ratio),3) asr FROM ATOM_ENTITY_INVESTMENT_GOAL_001 GROUP BY investor_id), ho AS (SELECT investor_id, ROUND(AVG(returns_pct),3) aret, ROUND(AVG(dividends),3) adiv FROM ATOM_ENTITY_PORTFOLIO_HOLDING_001 GROUP BY investor_id) SELECT p.investor_id, p.investor_name, g.ap AS metric, ho.adiv, h.goal_match_pct FROM ATOM_ENTITY_INVESTOR_PROFILE_001 p JOIN ATOM_ENTITY_PORTFOLIO_HEALTH_001 h ON h.investor_id=p.investor_id JOIN g ON g.investor_id=p.investor_id JOIN ho ON ho.investor_id=p.investor_id WHERE h.goal_match_pct>50 ORDER BY g.ap DESC, p.investor_id ASC LIMIT 10;","[{""investor_id"": ""INV-427"", ""investor_name"": ""Meena Mishra"", ""metric"": 134.542, ""adiv"": 11018.147, ""goal_match_pct"": 89.731072}, {""investor_id"": ""INV-1390"", ""investor_name"": ""Suresh Reddy"", ""metric"": 132.712, ""adiv"": 17404.143, ""goal_match_pct"": 72.639473}, {""investor_id"": ""INV-416"", ""investor_name"": ""Akshay Reddy"", ""metric"": 120.013, ""adiv"": 17211.697, ""goal_match_pct"": 53.403181}, {""investor_id"": ""INV-601"", ""investor_name"": ""Akshay Gupta"", ""metric"": 119.966, ""adiv"": 15326.01, ""goal_match_pct"": 100.0}, {""investor_id"": ""INV-478"", ""investor_name"": ""Anand Singh"", ""metric"": 119.522, ""adiv"": 12876.854, ""goal_match_pct"": 94.2122}, {""investor_id"": ""INV-1090"", ""investor_name"": ""Rajesh Yadav"", ""metric"": 115.404, ""adiv"": 19005.38, ""goal_match_pct"": 78.27293}, {""investor_id"": ""INV-517"", ""investor_name"": ""Priyanka Gupta"", ""metric"": 112.711, ""adiv"": 17744.959, ""goal_match_pct"": 65.515719}, {""investor_id"": ""INV-1052"", ""investor_name"": ""Amit Reddy"", ""metric"": 110.045, ""adiv"": 4970.224, ""goal_match_pct"": 89.332512}, {""investor_id"": ""INV-705"", ""investor_name"": ""Anjali Iyer"", ""metric"": 109.534, ""adiv"": 21492.15, ""goal_match_pct"": 69.988064}, {""investor_id"": ""INV-1424"", ""investor_name"": ""Ankita Mehta"", ""metric"": 107.753, ""adiv"": 14755.238, ""goal_match_pct"": 56.552769}]"
wealth_management_scoring_quantitative_125_questions:SQA125-4T-015,wealth_management_scoring_quantitative_125_questions.csv,SQA125-4T-015,"Which Conservative investors have an average goal progress above 30, average holding dividends below 14000, and a liquidity score below 50?",Goal + holding + health composite,Expert,Composite Reasoning,ATOM_ENTITY_INVESTMENT_GOAL_001; ATOM_ENTITY_INVESTOR_PROFILE_001; ATOM_ENTITY_PORTFOLIO_HEALTH_001; ATOM_ENTITY_PORTFOLIO_HOLDING_001,4,"WITH g AS (SELECT investor_id, ROUND(AVG(progress_pct),3) ap, ROUND(AVG(avg_sharpe_ratio),3) asr FROM ATOM_ENTITY_INVESTMENT_GOAL_001 GROUP BY investor_id), ho AS (SELECT investor_id, ROUND(AVG(returns_pct),3) aret, ROUND(AVG(dividends),3) adiv FROM ATOM_ENTITY_PORTFOLIO_HOLDING_001 GROUP BY investor_id) SELECT p.investor_id, p.investor_name, g.ap, ho.adiv, h.liquidity_score FROM ATOM_ENTITY_INVESTOR_PROFILE_001 p JOIN ATOM_ENTITY_PORTFOLIO_HEALTH_001 h ON h.investor_id=p.investor_id JOIN g ON g.investor_id=p.investor_id JOIN ho ON ho.investor_id=p.investor_id WHERE p.risk_tolerance='Conservative' AND g.ap>30 AND ho.adiv<14000 AND h.liquidity_score<50 ORDER BY p.investor_id;","{""_total_rows"": 61, ""_truncated_to"": 50, ""rows"": [{""investor_id"": ""INV-002"", ""investor_name"": ""Geeta Nair"", ""ap"": 37.5, ""adiv"": 11445.045, ""liquidity_score"": 0.0}, {""investor_id"": ""INV-039"", ""investor_name"": ""Siddharth Chauhan"", ""ap"": 60.545, ""adiv"": 6660.984, ""liquidity_score"": 5.225284}, {""investor_id"": ""INV-098"", ""investor_name"": ""Arvind Singh"", ""ap"": 39.012, ""adiv"": 9417.877, ""liquidity_score"": 39.212019}, {""investor_id"": ""INV-1035"", ""investor_name"": ""Arjun Verma"", ""ap"": 58.755, ""adiv"": 13930.573, ""liquidity_score"": 26.418041}, {""investor_id"": ""INV-1048"", ""investor_name"": ""Geeta Pandey"", ""ap"": 33.333, ""adiv"": 13734.297, ""liquidity_score"": 7.857197}, {""investor_id"": ""INV-1065"", ""investor_name"": ""Akshay Gupta"", ""ap"": 131.582, ""adiv"": 12838.922, ""liquidity_score"": 29.564864}, {""investor_id"": ""INV-108"", ""investor_name"": ""Vivek Kulkarni"", ""ap"": 63.333, ""adiv"": 13507.676, ""liquidity_score"": 45.468938}, {""investor_id"": ""INV-1127"", ""investor_name"": ""Bhavna Bhat"", ""ap"": 83.113, ""adiv"": 11385.24, ""liquidity_score"": 17.601715}, {""investor_id"": ""INV-1130"", ""investor_name"": ""Siddharth Chauhan"", ""ap"": 51.778, ""adiv"": 13284.76, ""liquidity_score"": 47.633723}, {""investor_id"": ""INV-1142"", ""investor_name"": ""Aishwarya Arora"", ""ap"": 30.001, ""adiv"": 12513.974, ""liquidity_score"": 0.0}, {""investor_id"": ""INV-1145"", ""investor_name"": ""Rajesh Hegde"", ""ap"": 33.333, ""adiv"": 12518.026, ""liquidity_score"": 46.7657}, {""investor_id"": ""INV-1200"", ""investor_name"": ""Ishita Gupta"", ""ap"": 53.579, ""adiv"": 10051.933, ""liquidity_score"": 12.52214}, {""investor_id"": ""INV-1224"", ""investor_name"": ""Akshay Pandey"", ""ap"": 30.284, ""adiv"": 12385.668, ""liquidity_score"": 40.052356}, {""investor_id"": ""INV-1235"", ""investor_name"": ""Aishwarya Reddy"", ""ap"": 46.667, ""adiv"": 11510.093, ""liquidity_score"": 18.900583}, {""investor_id"": ""INV-1273"", ""investor_name"": ""Aishwarya Hegde"", ""ap"": 31.049, ""adiv"": 10920.165, ""liquidity_score"": 21.963709}, {""investor_id"": ""INV-1318"", ""investor_name"": ""Priyanka Pandey"", ""ap"": 32.849, ""adiv"": 11797.86, ""liquidity_score"": 35.827903}, {""investor_id"": ""INV-1348"", ""investor_name"": ""Anand Deshmukh"", ""ap"": 36.436, ""adiv"": 12886.465, ""liquidity_score"": 17.145857}, {""investor_id"": ""INV-1374"", ""investor_name"": ""Vivek Mehta"", ""ap"": 33.333, ""adiv"": 12215.178, ""liquidity_score"": 8.25273}, {""investor_id"": ""INV-1376"", ""investor_name"": ""Anand Hegde"", ""ap"": 64.574, ""adiv"": 12213.729, ""liquidity_score"": 22.578683}, {""investor_id"": ""INV-1379"", ""investor_name"": ""Vikram Deshmukh"", ""ap"": 64.38, ""adiv"": 11432.235, ""liquidity_score"": 28.257527}, {""investor_id"": ""INV-1389"", ""investor_name"": ""Vikram Patel"", ""ap"": 38.921, ""adiv"": 12787.644, ""liquidity_score"": 36.569682}, {""investor_id"": ""INV-1437"", ""investor_name"": ""Arvind Rao"", ""ap"": 77.371, ""adiv"": 8311.157, ""liquidity_score"": 15.796369}, {""investor_id"": ""INV-1446"", ""investor_name"": ""Arvind Arora"", ""ap"": 92.251, ""adiv"": 7572.963, ""liquidity_score"": 31.254119}, {""investor_id"": ""INV-1476"", ""investor_name"": ""Dipti Nair"", ""ap"": 47.521, ""adiv"": 13247.064, ""liquidity_score"": 12.685892}, {""investor_id"": ""INV-149"", ""investor_name"": ""Deepak Pandey"", ""ap"": 62.412, ""adiv"": 12705.907, ""liquidity_score"": 44.813197}, {""investor_id"": ""INV-1492"", ""investor_name"": ""Amrita Yadav"", ""ap"": 52.156, ""adiv"": 13348.32, ""liquidity_score"": 20.889631}, {""investor_id"": ""INV-1496"", ""investor_name"": ""Vikram Chauhan"", ""ap"": 33.333, ""adiv"": 13529.991, ""liquidity_score"": 47.765067}, {""investor_id"": ""INV-1520"", ""investor_name"": ""Priyanka Mehta"", ""ap"": 67.705, ""adiv"": 10492.657, ""liquidity_score"": 12.705343}, {""investor_id"": ""INV-1525"", ""investor_name"": ""Ishita Joshi"", ""ap"": 58.987, ""adiv"": 12458.571, ""liquidity_score"": 32.174288}, {""investor_id"": ""INV-1538"", ""investor_name"": ""Priyanka Joshi"", ""ap"": 38.543, ""adiv"": 5050.89, ""liquidity_score"": 18.996557}, {""investor_id"": ""INV-171"", ""investor_name"": ""Meena Mehta"", ""ap"": 50.0, ""adiv"": 12979.635, ""liquidity_score"": 31.904199}, {""investor_id"": ""INV-179"", ""investor_name"": ""Anita Singh"", ""ap"": 51.345, ""adiv"": 13979.85, ""liquidity_score"": 7.453476}, {""investor_id"": ""INV-205"", ""investor_name"": ""Kavita Deshmukh"", ""ap"": 46.667, ""adiv"": 12631.085, ""liquidity_score"": 42.510251}, {""investor_id"": ""INV-208"", ""investor_name"": ""Suresh Kulkarni"", ""ap"": 46.667, ""adiv"": 13794.016, ""liquidity_score"": 9.044052}, {""investor_id"": ""INV-212"", ""investor_name"": ""Meena Arora"", ""ap"": 50.876, ""adiv"": 10521.19, ""liquidity_score"": 39.812178}, {""investor_id"": ""INV-258"", ""investor_name"": ""Anita Rao"", ""ap"": 81.953, ""adiv"": 9067.455, ""liquidity_score"": 13.61103}, {""investor_id"": ""INV-262"", ""investor_name"": ""Sneha Deshmukh"", ""ap"": 47.056, ""adiv"": 11426.01, ""liquidity_score"": 0.0}, {""investor_id"": ""INV-279"", ""investor_name"": ""Aishwarya Mehta"", ""ap"": 35.439, ""adiv"": 13577.195, ""liquidity_score"": 25.059757}, {""investor_id"": ""INV-291"", ""investor_name"": ""Rahul Iyer"", ""ap"": 30.003, ""adiv"": 10238.377, ""liquidity_score"": 28.144423}, {""investor_id"": ""INV-292"", ""investor_name"": ""Abhishek Yadav"", ""ap"": 60.126, ""adiv"": 9904.073, ""liquidity_score"": 19.008522}, {""investor_id"": ""INV-313"", ""investor_name"": ""Vivek Mishra"", ""ap"": 40.814, ""adiv"": 13071.387, ""liquidity_score"": 25.476593}, {""investor_id"": ""INV-396"", ""investor_name"": ""Sunita Deshmukh"", ""ap"": 59.674, ""adiv"": 9055.65, ""liquidity_score"": 7.640485}, {""investor_id"": ""INV-448"", ""investor_name"": ""Meena Iyer"", ""ap"": 66.189, ""adiv"": 12908.047, ""liquidity_score"": 39.931365}, {""investor_id"": ""INV-472"", ""investor_name"": ""Chetan Kulkarni"", ""ap"": 70.0, ""adiv"": 12419.781, ""liquidity_score"": 12.736832}, {""investor_id"": ""INV-484"", ""investor_name"": ""Anand Mishra"", ""ap"": 34.583, ""adiv"": 12413.853, ""liquidity_score"": 26.711614}, {""investor_id"": ""INV-492"", ""investor_name"": ""Ramesh Patel"", ""ap"": 31.291, ""adiv"": 12080.606, ""liquidity_score"": 30.726734}, {""investor_id"": ""INV-522"", ""investor_name"": ""Siddharth Chauhan"", ""ap"": 103.085, ""adiv"": 13273.077, ""liquidity_score"": 0.0}, {""investor_id"": ""INV-600"", ""investor_name"": ""Ankita Yadav"", ""ap"": 46.667, ""adiv"": 11046.477, ""liquidity_score"": 8.262103}, {""investor_id"": ""INV-619"", ""investor_name"": ""Vivek Patel"", ""ap"": 35.439, ""adiv"": 12340.963, ""liquidity_score"": 20.453138}, {""investor_id"": ""INV-642"", ""investor_name"": ""Priyanka Mishra"", ""ap"": 97.036, ""adiv"": 7972.962, ""liquidity_score"": 0.0}]}"
wealth_management_temporal_transaction_125_questions:TT125-004,wealth_management_temporal_transaction_125_questions.csv,TT125-004,List investors whose net cash flow during calendar year 2024 was negative (net withdrawals).,Temporal / transaction,Hard,Filtered List,ATOM_EVENT_CASH_FLOW_001,1,"SELECT investor_id, ROUND(SUM(amount),2) AS net_cash_flow FROM ATOM_EVENT_CASH_FLOW_001 WHERE date >= '2024-01-01' AND date < '2025-01-01' GROUP BY investor_id HAVING SUM(amount) < 0 ORDER BY net_cash_flow ASC, investor_id ASC;","{""_total_rows"": 212, ""_truncated_to"": 50, ""rows"": [{""investor_id"": ""INV-1442"", ""net_cash_flow"": -100000000.0}, {""investor_id"": ""INV-682"", ""net_cash_flow"": -99995323.0}, {""investor_id"": ""INV-1162"", ""net_cash_flow"": -99989079.0}, {""investor_id"": ""INV-1064"", ""net_cash_flow"": -8964.0}, {""investor_id"": ""INV-141"", ""net_cash_flow"": -7204.0}, {""investor_id"": ""INV-1371"", ""net_cash_flow"": -7117.0}, {""investor_id"": ""INV-493"", ""net_cash_flow"": -6897.0}, {""investor_id"": ""INV-139"", ""net_cash_flow"": -6618.0}, {""investor_id"": ""INV-1314"", ""net_cash_flow"": -6212.0}, {""investor_id"": ""INV-411"", ""net_cash_flow"": -6162.0}, {""investor_id"": ""INV-1277"", ""net_cash_flow"": -5932.0}, {""investor_id"": ""INV-976"", ""net_cash_flow"": -5865.0}, {""investor_id"": ""INV-1281"", ""net_cash_flow"": -5559.0}, {""investor_id"": ""INV-1043"", ""net_cash_flow"": -5337.0}, {""investor_id"": ""INV-673"", ""net_cash_flow"": -5122.0}, {""investor_id"": ""INV-781"", ""net_cash_flow"": -5067.0}, {""investor_id"": ""INV-268"", ""net_cash_flow"": -4980.0}, {""investor_id"": ""INV-347"", ""net_cash_flow"": -4953.0}, {""investor_id"": ""INV-1141"", ""net_cash_flow"": -4946.0}, {""investor_id"": ""INV-489"", ""net_cash_flow"": -4905.0}, {""investor_id"": ""INV-1092"", ""net_cash_flow"": -4898.0}, {""investor_id"": ""INV-174"", ""net_cash_flow"": -4850.0}, {""investor_id"": ""INV-744"", ""net_cash_flow"": -4839.0}, {""investor_id"": ""INV-226"", ""net_cash_flow"": -4789.0}, {""investor_id"": ""INV-808"", ""net_cash_flow"": -4787.0}, {""investor_id"": ""INV-677"", ""net_cash_flow"": -4770.0}, {""investor_id"": ""INV-1531"", ""net_cash_flow"": -4722.0}, {""investor_id"": ""INV-003"", ""net_cash_flow"": -4720.0}, {""investor_id"": ""INV-009"", ""net_cash_flow"": -4688.0}, {""investor_id"": ""INV-1246"", ""net_cash_flow"": -4669.0}, {""investor_id"": ""INV-1495"", ""net_cash_flow"": -4664.0}, {""investor_id"": ""INV-1034"", ""net_cash_flow"": -4613.0}, {""investor_id"": ""INV-1518"", ""net_cash_flow"": -4604.0}, {""investor_id"": ""INV-533"", ""net_cash_flow"": -4594.0}, {""investor_id"": ""INV-1081"", ""net_cash_flow"": -4571.0}, {""investor_id"": ""INV-1192"", ""net_cash_flow"": -4561.0}, {""investor_id"": ""INV-239"", ""net_cash_flow"": -4520.0}, {""investor_id"": ""INV-1209"", ""net_cash_flow"": -4507.0}, {""investor_id"": ""INV-1473"", ""net_cash_flow"": -4465.0}, {""investor_id"": ""INV-822"", ""net_cash_flow"": -4465.0}, {""investor_id"": ""INV-1410"", ""net_cash_flow"": -4416.0}, {""investor_id"": ""INV-576"", ""net_cash_flow"": -4384.0}, {""investor_id"": ""INV-076"", ""net_cash_flow"": -4344.0}, {""investor_id"": ""INV-731"", ""net_cash_flow"": -4337.0}, {""investor_id"": ""INV-1493"", ""net_cash_flow"": -4300.0}, {""investor_id"": ""INV-349"", ""net_cash_flow"": -4299.0}, {""investor_id"": ""INV-1499"", ""net_cash_flow"": -4253.0}, {""investor_id"": ""INV-840"", ""net_cash_flow"": -4244.0}, {""investor_id"": ""INV-706"", ""net_cash_flow"": -4178.0}, {""investor_id"": ""INV-367"", ""net_cash_flow"": -4146.0}]}"
wealth_management_temporal_transaction_125_questions:TT125-008,wealth_management_temporal_transaction_125_questions.csv,TT125-008,List investors whose net cash flow during calendar year 2025 was negative (net withdrawals).,Temporal / transaction,Hard,Filtered List,ATOM_EVENT_CASH_FLOW_001,1,"SELECT investor_id, ROUND(SUM(amount),2) AS net_cash_flow FROM ATOM_EVENT_CASH_FLOW_001 WHERE date >= '2025-01-01' AND date < '2026-01-01' GROUP BY investor_id HAVING SUM(amount) < 0 ORDER BY net_cash_flow ASC, investor_id ASC;","{""_total_rows"": 196, ""_truncated_to"": 50, ""rows"": [{""investor_id"": ""INV-242"", ""net_cash_flow"": -99997954.0}, {""investor_id"": ""INV-1431"", ""net_cash_flow"": -10867.0}, {""investor_id"": ""INV-667"", ""net_cash_flow"": -9395.0}, {""investor_id"": ""INV-881"", ""net_cash_flow"": -8194.0}, {""investor_id"": ""INV-1252"", ""net_cash_flow"": -7900.0}, {""investor_id"": ""INV-867"", ""net_cash_flow"": -7710.0}, {""investor_id"": ""INV-1526"", ""net_cash_flow"": -7709.0}, {""investor_id"": ""INV-1235"", ""net_cash_flow"": -6514.0}, {""investor_id"": ""INV-1523"", ""net_cash_flow"": -6111.0}, {""investor_id"": ""INV-1125"", ""net_cash_flow"": -5634.0}, {""investor_id"": ""INV-1401"", ""net_cash_flow"": -5585.0}, {""investor_id"": ""INV-433"", ""net_cash_flow"": -5140.0}, {""investor_id"": ""INV-608"", ""net_cash_flow"": -4951.0}, {""investor_id"": ""INV-376"", ""net_cash_flow"": -4939.0}, {""investor_id"": ""INV-807"", ""net_cash_flow"": -4938.0}, {""investor_id"": ""INV-1323"", ""net_cash_flow"": -4920.0}, {""investor_id"": ""INV-803"", ""net_cash_flow"": -4825.0}, {""investor_id"": ""INV-125"", ""net_cash_flow"": -4816.0}, {""investor_id"": ""INV-065"", ""net_cash_flow"": -4765.0}, {""investor_id"": ""INV-1046"", ""net_cash_flow"": -4765.0}, {""investor_id"": ""INV-329"", ""net_cash_flow"": -4758.0}, {""investor_id"": ""INV-1376"", ""net_cash_flow"": -4750.0}, {""investor_id"": ""INV-1239"", ""net_cash_flow"": -4747.0}, {""investor_id"": ""INV-783"", ""net_cash_flow"": -4743.0}, {""investor_id"": ""INV-115"", ""net_cash_flow"": -4704.0}, {""investor_id"": ""INV-098"", ""net_cash_flow"": -4698.0}, {""investor_id"": ""INV-1057"", ""net_cash_flow"": -4665.0}, {""investor_id"": ""INV-938"", ""net_cash_flow"": -4643.0}, {""investor_id"": ""INV-588"", ""net_cash_flow"": -4615.0}, {""investor_id"": ""INV-643"", ""net_cash_flow"": -4553.0}, {""investor_id"": ""INV-1038"", ""net_cash_flow"": -4513.0}, {""investor_id"": ""INV-1127"", ""net_cash_flow"": -4492.0}, {""investor_id"": ""INV-531"", ""net_cash_flow"": -4487.0}, {""investor_id"": ""INV-609"", ""net_cash_flow"": -4403.0}, {""investor_id"": ""INV-221"", ""net_cash_flow"": -4385.0}, {""investor_id"": ""INV-1096"", ""net_cash_flow"": -4381.0}, {""investor_id"": ""INV-1297"", ""net_cash_flow"": -4381.0}, {""investor_id"": ""INV-957"", ""net_cash_flow"": -4289.0}, {""investor_id"": ""INV-961"", ""net_cash_flow"": -4156.0}, {""investor_id"": ""INV-702"", ""net_cash_flow"": -4151.0}, {""investor_id"": ""INV-462"", ""net_cash_flow"": -4044.0}, {""investor_id"": ""INV-593"", ""net_cash_flow"": -4011.0}, {""investor_id"": ""INV-1441"", ""net_cash_flow"": -3998.0}, {""investor_id"": ""INV-544"", ""net_cash_flow"": -3989.0}, {""investor_id"": ""INV-990"", ""net_cash_flow"": -3965.0}, {""investor_id"": ""INV-070"", ""net_cash_flow"": -3944.0}, {""investor_id"": ""INV-931"", ""net_cash_flow"": -3910.0}, {""investor_id"": ""INV-167"", ""net_cash_flow"": -3909.0}, {""investor_id"": ""INV-1496"", ""net_cash_flow"": -3847.0}, {""investor_id"": ""INV-749"", ""net_cash_flow"": -3814.0}]}"
wealth_management_temporal_transaction_125_questions:TT125-012,wealth_management_temporal_transaction_125_questions.csv,TT125-012,List investors whose total deposits exceed 100000.,Temporal / transaction,Hard,Filtered List,ATOM_EVENT_CASH_FLOW_001,1,"SELECT investor_id, ROUND(SUM(amount),2) AS total_deposits FROM ATOM_EVENT_CASH_FLOW_001 WHERE type='Deposit' GROUP BY investor_id HAVING SUM(amount) > 100000 ORDER BY total_deposits DESC, investor_id ASC;","[{""investor_id"": ""INV-1042"", ""total_deposits"": 100004191.0}]"
wealth_management_temporal_transaction_125_questions:TT125-016,wealth_management_temporal_transaction_125_questions.csv,TT125-016,List investors who recorded more than 5 cash-flow transactions.,Temporal / transaction,Hard,Filtered List,ATOM_EVENT_CASH_FLOW_001,1,"SELECT investor_id, COUNT(*) AS transaction_count FROM ATOM_EVENT_CASH_FLOW_001 GROUP BY investor_id HAVING COUNT(*) > 5 ORDER BY transaction_count DESC, investor_id ASC;","{""_total_rows"": 78, ""_truncated_to"": 50, ""rows"": [{""investor_id"": ""INV-001"", ""transaction_count"": 6}, {""investor_id"": ""INV-002"", ""transaction_count"": 6}, {""investor_id"": ""INV-041"", ""transaction_count"": 6}, {""investor_id"": ""INV-042"", ""transaction_count"": 6}, {""investor_id"": ""INV-081"", ""transaction_count"": 6}, {""investor_id"": ""INV-082"", ""transaction_count"": 6}, {""investor_id"": ""INV-1001"", ""transaction_count"": 6}, {""investor_id"": ""INV-1002"", ""transaction_count"": 6}, {""investor_id"": ""INV-1041"", ""transaction_count"": 6}, {""investor_id"": ""INV-1042"", ""transaction_count"": 6}, {""investor_id"": ""INV-1081"", ""transaction_count"": 6}, {""investor_id"": ""INV-1082"", ""transaction_count"": 6}, {""investor_id"": ""INV-1121"", ""transaction_count"": 6}, {""investor_id"": ""INV-1122"", ""transaction_count"": 6}, {""investor_id"": ""INV-1161"", ""transaction_count"": 6}, {""investor_id"": ""INV-1162"", ""transaction_count"": 6}, {""investor_id"": ""INV-1201"", ""transaction_count"": 6}, {""investor_id"": ""INV-1202"", ""transaction_count"": 6}, {""investor_id"": ""INV-121"", ""transaction_count"": 6}, {""investor_id"": ""INV-122"", ""transaction_count"": 6}, {""investor_id"": ""INV-1241"", ""transaction_count"": 6}, {""investor_id"": ""INV-1242"", ""transaction_count"": 6}, {""investor_id"": ""INV-1281"", ""transaction_count"": 6}, {""investor_id"": ""INV-1282"", ""transaction_count"": 6}, {""investor_id"": ""INV-1321"", ""transaction_count"": 6}, {""investor_id"": ""INV-1322"", ""transaction_count"": 6}, {""investor_id"": ""INV-1361"", ""transaction_count"": 6}, {""investor_id"": ""INV-1362"", ""transaction_count"": 6}, {""investor_id"": ""INV-1401"", ""transaction_count"": 6}, {""investor_id"": ""INV-1402"", ""transaction_count"": 6}, {""investor_id"": ""INV-1441"", ""transaction_count"": 6}, {""investor_id"": ""INV-1442"", ""transaction_count"": 6}, {""investor_id"": ""INV-1481"", ""transaction_count"": 6}, {""investor_id"": ""INV-1482"", ""transaction_count"": 6}, {""investor_id"": ""INV-1521"", ""transaction_count"": 6}, {""investor_id"": ""INV-1522"", ""transaction_count"": 6}, {""investor_id"": ""INV-161"", ""transaction_count"": 6}, {""investor_id"": ""INV-162"", ""transaction_count"": 6}, {""investor_id"": ""INV-201"", ""transaction_count"": 6}, {""investor_id"": ""INV-202"", ""transaction_count"": 6}, {""investor_id"": ""INV-241"", ""transaction_count"": 6}, {""investor_id"": ""INV-242"", ""transaction_count"": 6}, {""investor_id"": ""INV-281"", ""transaction_count"": 6}, {""investor_id"": ""INV-282"", ""transaction_count"": 6}, {""investor_id"": ""INV-321"", ""transaction_count"": 6}, {""investor_id"": ""INV-322"", ""transaction_count"": 6}, {""investor_id"": ""INV-361"", ""transaction_count"": 6}, {""investor_id"": ""INV-362"", ""transaction_count"": 6}, {""investor_id"": ""INV-401"", ""transaction_count"": 6}, {""investor_id"": ""INV-402"", ""transaction_count"": 6}]}"
wealth_management_temporal_transaction_125_questions:TT125-020,wealth_management_temporal_transaction_125_questions.csv,TT125-020,List all Deposit transactions with an amount above 3500 recorded on or after 2024-01-01.,Temporal / transaction,Medium,Filtered List,ATOM_EVENT_CASH_FLOW_001,1,"SELECT investor_id, date, amount FROM ATOM_EVENT_CASH_FLOW_001 WHERE type='Deposit' AND amount > 3500 AND date >= '2024-01-01' ORDER BY amount DESC, cash_flow_id ASC;","{""_total_rows"": 120, ""_truncated_to"": 50, ""rows"": [{""investor_id"": ""INV-1110"", ""date"": ""2025-06-21"", ""amount"": 4994.0}, {""investor_id"": ""INV-506"", ""date"": ""2024-08-15"", ""amount"": 4983.0}, {""investor_id"": ""INV-082"", ""date"": ""2026-04-03"", ""amount"": 4979.0}, {""investor_id"": ""INV-1158"", ""date"": ""2024-01-16"", ""amount"": 4976.0}, {""investor_id"": ""INV-244"", ""date"": ""2025-10-06"", ""amount"": 4974.0}, {""investor_id"": ""INV-670"", ""date"": ""2025-04-20"", ""amount"": 4963.0}, {""investor_id"": ""INV-392"", ""date"": ""2025-03-07"", ""amount"": 4962.0}, {""investor_id"": ""INV-053"", ""date"": ""2024-11-01"", ""amount"": 4950.0}, {""investor_id"": ""INV-1353"", ""date"": ""2024-09-13"", ""amount"": 4937.0}, {""investor_id"": ""INV-1254"", ""date"": ""2025-11-20"", ""amount"": 4936.0}, {""investor_id"": ""INV-657"", ""date"": ""2025-03-20"", ""amount"": 4936.0}, {""investor_id"": ""INV-158"", ""date"": ""2024-05-17"", ""amount"": 4934.0}, {""investor_id"": ""INV-260"", ""date"": ""2025-12-30"", ""amount"": 4932.0}, {""investor_id"": ""INV-1303"", ""date"": ""2024-08-13"", ""amount"": 4901.0}, {""investor_id"": ""INV-104"", ""date"": ""2026-01-28"", ""amount"": 4900.0}, {""investor_id"": ""INV-1405"", ""date"": ""2025-08-25"", ""amount"": 4899.0}, {""investor_id"": ""INV-002"", ""date"": ""2024-05-22"", ""amount"": 4863.0}, {""investor_id"": ""INV-116"", ""date"": ""2025-12-15"", ""amount"": 4862.0}, {""investor_id"": ""INV-562"", ""date"": ""2025-11-04"", ""amount"": 4830.0}, {""investor_id"": ""INV-1505"", ""date"": ""2024-05-27"", ""amount"": 4819.0}, {""investor_id"": ""INV-1315"", ""date"": ""2025-02-15"", ""amount"": 4818.0}, {""investor_id"": ""INV-1350"", ""date"": ""2025-10-15"", ""amount"": 4813.0}, {""investor_id"": ""INV-404"", ""date"": ""2025-10-19"", ""amount"": 4804.0}, {""investor_id"": ""INV-604"", ""date"": ""2024-12-17"", ""amount"": 4798.0}, {""investor_id"": ""INV-631"", ""date"": ""2024-06-06"", ""amount"": 4796.0}, {""investor_id"": ""INV-414"", ""date"": ""2024-03-17"", ""amount"": 4788.0}, {""investor_id"": ""INV-1382"", ""date"": ""2024-12-08"", ""amount"": 4766.0}, {""investor_id"": ""INV-1071"", ""date"": ""2024-09-02"", ""amount"": 4759.0}, {""investor_id"": ""INV-1162"", ""date"": ""2024-06-08"", ""amount"": 4749.0}, {""investor_id"": ""INV-853"", ""date"": ""2025-06-04"", ""amount"": 4738.0}, {""investor_id"": ""INV-1020"", ""date"": ""2025-02-24"", ""amount"": 4732.0}, {""investor_id"": ""INV-309"", ""date"": ""2024-09-18"", ""amount"": 4697.0}, {""investor_id"": ""INV-1204"", ""date"": ""2024-06-19"", ""amount"": 4690.0}, {""investor_id"": ""INV-1086"", ""date"": ""2025-04-29"", ""amount"": 4682.0}, {""investor_id"": ""INV-1237"", ""date"": ""2025-01-11"", ""amount"": 4675.0}, {""investor_id"": ""INV-902"", ""date"": ""2026-04-14"", ""amount"": 4666.0}, {""investor_id"": ""INV-466"", ""date"": ""2024-08-12"", ""amount"": 4661.0}, {""investor_id"": ""INV-344"", ""date"": ""2025-09-03"", ""amount"": 4658.0}, {""investor_id"": ""INV-094"", ""date"": ""2025-10-23"", ""amount"": 4654.0}, {""investor_id"": ""INV-527"", ""date"": ""2024-03-21"", ""amount"": 4643.0}, {""investor_id"": ""INV-1243"", ""date"": ""2025-11-14"", ""amount"": 4641.0}, {""investor_id"": ""INV-804"", ""date"": ""2025-05-31"", ""amount"": 4624.0}, {""investor_id"": ""INV-402"", ""date"": ""2025-04-12"", ""amount"": 4616.0}, {""investor_id"": ""INV-1385"", ""date"": ""2024-01-03"", ""amount"": 4616.0}, {""investor_id"": ""INV-1230"", ""date"": ""2024-06-28"", ""amount"": 4605.0}, {""investor_id"": ""INV-357"", ""date"": ""2025-04-29"", ""amount"": 4603.0}, {""investor_id"": ""INV-1524"", ""date"": ""2025-10-05"", ""amount"": 4603.0}, {""investor_id"": ""INV-383"", ""date"": ""2024-07-19"", ""amount"": 4571.0}, {""investor_id"": ""INV-1232"", ""date"": ""2025-07-11"", ""amount"": 4556.0}, {""investor_id"": ""INV-1391"", ""date"": ""2026-03-03"", ""amount"": 4549.0}]}"
wealth_management_temporal_transaction_125_questions:TT125-024,wealth_management_temporal_transaction_125_questions.csv,TT125-024,List all SIP transactions with an amount above 3500 recorded on or after 2024-01-01.,Temporal / transaction,Medium,Filtered List,ATOM_EVENT_CASH_FLOW_001,1,"SELECT investor_id, date, amount FROM ATOM_EVENT_CASH_FLOW_001 WHERE type='SIP' AND amount > 3500 AND date >= '2024-01-01' ORDER BY amount DESC, cash_flow_id ASC;","{""_total_rows"": 160, ""_truncated_to"": 50, ""rows"": [{""investor_id"": ""INV-1133"", ""date"": ""2024-12-21"", ""amount"": 4999.0}, {""investor_id"": ""INV-222"", ""date"": ""2024-11-19"", ""amount"": 4993.0}, {""investor_id"": ""INV-523"", ""date"": ""2025-02-16"", ""amount"": 4972.0}, {""investor_id"": ""INV-1433"", ""date"": ""2026-04-25"", ""amount"": 4969.0}, {""investor_id"": ""INV-292"", ""date"": ""2024-06-29"", ""amount"": 4948.0}, {""investor_id"": ""INV-728"", ""date"": ""2024-11-18"", ""amount"": 4935.0}, {""investor_id"": ""INV-927"", ""date"": ""2024-12-07"", ""amount"": 4934.0}, {""investor_id"": ""INV-1449"", ""date"": ""2025-10-12"", ""amount"": 4927.0}, {""investor_id"": ""INV-039"", ""date"": ""2024-11-09"", ""amount"": 4921.0}, {""investor_id"": ""INV-544"", ""date"": ""2024-11-14"", ""amount"": 4920.0}, {""investor_id"": ""INV-1344"", ""date"": ""2024-11-14"", ""amount"": 4914.0}, {""investor_id"": ""INV-406"", ""date"": ""2024-11-05"", ""amount"": 4903.0}, {""investor_id"": ""INV-918"", ""date"": ""2025-07-06"", ""amount"": 4900.0}, {""investor_id"": ""INV-1122"", ""date"": ""2024-12-28"", ""amount"": 4885.0}, {""investor_id"": ""INV-929"", ""date"": ""2026-04-02"", ""amount"": 4877.0}, {""investor_id"": ""INV-1538"", ""date"": ""2024-08-16"", ""amount"": 4860.0}, {""investor_id"": ""INV-343"", ""date"": ""2025-10-06"", ""amount"": 4814.0}, {""investor_id"": ""INV-859"", ""date"": ""2025-07-07"", ""amount"": 4813.0}, {""investor_id"": ""INV-1227"", ""date"": ""2026-02-28"", ""amount"": 4807.0}, {""investor_id"": ""INV-563"", ""date"": ""2024-01-19"", ""amount"": 4803.0}, {""investor_id"": ""INV-291"", ""date"": ""2025-08-06"", ""amount"": 4798.0}, {""investor_id"": ""INV-398"", ""date"": ""2024-12-21"", ""amount"": 4778.0}, {""investor_id"": ""INV-026"", ""date"": ""2024-08-22"", ""amount"": 4771.0}, {""investor_id"": ""INV-1087"", ""date"": ""2025-05-29"", ""amount"": 4766.0}, {""investor_id"": ""INV-1262"", ""date"": ""2024-01-25"", ""amount"": 4755.0}, {""investor_id"": ""INV-317"", ""date"": ""2024-05-29"", ""amount"": 4744.0}, {""investor_id"": ""INV-1055"", ""date"": ""2024-12-28"", ""amount"": 4735.0}, {""investor_id"": ""INV-378"", ""date"": ""2024-08-23"", ""amount"": 4732.0}, {""investor_id"": ""INV-1327"", ""date"": ""2026-01-28"", ""amount"": 4721.0}, {""investor_id"": ""INV-853"", ""date"": ""2024-06-27"", ""amount"": 4710.0}, {""investor_id"": ""INV-1259"", ""date"": ""2025-10-23"", ""amount"": 4700.0}, {""investor_id"": ""INV-1447"", ""date"": ""2026-01-14"", ""amount"": 4660.0}, {""investor_id"": ""INV-838"", ""date"": ""2024-12-19"", ""amount"": 4659.0}, {""investor_id"": ""INV-358"", ""date"": ""2024-12-08"", ""amount"": 4650.0}, {""investor_id"": ""INV-122"", ""date"": ""2025-02-02"", ""amount"": 4644.0}, {""investor_id"": ""INV-511"", ""date"": ""2025-07-17"", ""amount"": 4638.0}, {""investor_id"": ""INV-463"", ""date"": ""2025-01-21"", ""amount"": 4622.0}, {""investor_id"": ""INV-1060"", ""date"": ""2025-09-17"", ""amount"": 4601.0}, {""investor_id"": ""INV-1151"", ""date"": ""2024-08-29"", ""amount"": 4579.0}, {""investor_id"": ""INV-955"", ""date"": ""2024-11-25"", ""amount"": 4560.0}, {""investor_id"": ""INV-1301"", ""date"": ""2024-02-01"", ""amount"": 4550.0}, {""investor_id"": ""INV-1095"", ""date"": ""2024-06-01"", ""amount"": 4548.0}, {""investor_id"": ""INV-1123"", ""date"": ""2025-12-26"", ""amount"": 4543.0}, {""investor_id"": ""INV-1274"", ""date"": ""2026-04-12"", ""amount"": 4521.0}, {""investor_id"": ""INV-1097"", ""date"": ""2024-08-02"", ""amount"": 4520.0}, {""investor_id"": ""INV-1366"", ""date"": ""2024-11-22"", ""amount"": 4512.0}, {""investor_id"": ""INV-523"", ""date"": ""2025-03-02"", ""amount"": 4509.0}, {""investor_id"": ""INV-1468"", ""date"": ""2025-12-10"", ""amount"": 4505.0}, {""investor_id"": ""INV-017"", ""date"": ""2025-04-02"", ""amount"": 4496.0}, {""investor_id"": ""INV-546"", ""date"": ""2024-06-16"", ""amount"": 4480.0}]}"
wealth_management_temporal_transaction_125_questions:TT125-028,wealth_management_temporal_transaction_125_questions.csv,TT125-028,List all Lump Sum transactions with an amount above 3500 recorded on or after 2024-01-01.,Temporal / transaction,Medium,Filtered List,ATOM_EVENT_CASH_FLOW_001,1,"SELECT investor_id, date, amount FROM ATOM_EVENT_CASH_FLOW_001 WHERE type='Lump Sum' AND amount > 3500 AND date >= '2024-01-01' ORDER BY amount DESC, cash_flow_id ASC;","{""_total_rows"": 126, ""_truncated_to"": 50, ""rows"": [{""investor_id"": ""INV-802"", ""date"": ""2024-04-07"", ""amount"": 100000000.0}, {""investor_id"": ""INV-847"", ""date"": ""2024-04-25"", ""amount"": 4987.0}, {""investor_id"": ""INV-347"", ""date"": ""2025-10-16"", ""amount"": 4977.0}, {""investor_id"": ""INV-1473"", ""date"": ""2025-08-27"", ""amount"": 4973.0}, {""investor_id"": ""INV-1232"", ""date"": ""2025-10-24"", ""amount"": 4972.0}, {""investor_id"": ""INV-616"", ""date"": ""2025-09-11"", ""amount"": 4964.0}, {""investor_id"": ""INV-1160"", ""date"": ""2026-01-14"", ""amount"": 4964.0}, {""investor_id"": ""INV-1008"", ""date"": ""2025-07-25"", ""amount"": 4917.0}, {""investor_id"": ""INV-777"", ""date"": ""2024-03-06"", ""amount"": 4898.0}, {""investor_id"": ""INV-072"", ""date"": ""2025-04-26"", ""amount"": 4897.0}, {""investor_id"": ""INV-1194"", ""date"": ""2025-01-25"", ""amount"": 4877.0}, {""investor_id"": ""INV-1260"", ""date"": ""2024-03-06"", ""amount"": 4863.0}, {""investor_id"": ""INV-252"", ""date"": ""2025-12-11"", ""amount"": 4860.0}, {""investor_id"": ""INV-1332"", ""date"": ""2025-03-18"", ""amount"": 4835.0}, {""investor_id"": ""INV-371"", ""date"": ""2026-01-13"", ""amount"": 4834.0}, {""investor_id"": ""INV-787"", ""date"": ""2026-02-27"", ""amount"": 4821.0}, {""investor_id"": ""INV-997"", ""date"": ""2025-01-02"", ""amount"": 4809.0}, {""investor_id"": ""INV-843"", ""date"": ""2024-07-18"", ""amount"": 4794.0}, {""investor_id"": ""INV-1437"", ""date"": ""2025-02-09"", ""amount"": 4789.0}, {""investor_id"": ""INV-843"", ""date"": ""2025-01-12"", ""amount"": 4773.0}, {""investor_id"": ""INV-072"", ""date"": ""2025-03-16"", ""amount"": 4765.0}, {""investor_id"": ""INV-024"", ""date"": ""2024-05-19"", ""amount"": 4751.0}, {""investor_id"": ""INV-1501"", ""date"": ""2026-04-16"", ""amount"": 4727.0}, {""investor_id"": ""INV-181"", ""date"": ""2024-04-17"", ""amount"": 4720.0}, {""investor_id"": ""INV-522"", ""date"": ""2024-01-14"", ""amount"": 4707.0}, {""investor_id"": ""INV-575"", ""date"": ""2024-03-09"", ""amount"": 4700.0}, {""investor_id"": ""INV-1103"", ""date"": ""2026-02-01"", ""amount"": 4687.0}, {""investor_id"": ""INV-1452"", ""date"": ""2026-01-23"", ""amount"": 4676.0}, {""investor_id"": ""INV-525"", ""date"": ""2024-07-20"", ""amount"": 4650.0}, {""investor_id"": ""INV-1257"", ""date"": ""2024-01-18"", ""amount"": 4620.0}, {""investor_id"": ""INV-462"", ""date"": ""2026-01-13"", ""amount"": 4620.0}, {""investor_id"": ""INV-054"", ""date"": ""2024-06-27"", ""amount"": 4611.0}, {""investor_id"": ""INV-994"", ""date"": ""2025-12-14"", ""amount"": 4605.0}, {""investor_id"": ""INV-1419"", ""date"": ""2025-10-20"", ""amount"": 4583.0}, {""investor_id"": ""INV-1341"", ""date"": ""2024-08-09"", ""amount"": 4571.0}, {""investor_id"": ""INV-514"", ""date"": ""2025-12-08"", ""amount"": 4570.0}, {""investor_id"": ""INV-109"", ""date"": ""2025-09-01"", ""amount"": 4567.0}, {""investor_id"": ""INV-1372"", ""date"": ""2024-11-18"", ""amount"": 4553.0}, {""investor_id"": ""INV-1449"", ""date"": ""2026-01-27"", ""amount"": 4534.0}, {""investor_id"": ""INV-194"", ""date"": ""2025-09-27"", ""amount"": 4533.0}, {""investor_id"": ""INV-052"", ""date"": ""2026-01-31"", ""amount"": 4522.0}, {""investor_id"": ""INV-633"", ""date"": ""2025-08-05"", ""amount"": 4521.0}, {""investor_id"": ""INV-1292"", ""date"": ""2024-11-26"", ""amount"": 4510.0}, {""investor_id"": ""INV-675"", ""date"": ""2024-07-20"", ""amount"": 4507.0}, {""investor_id"": ""INV-467"", ""date"": ""2025-06-01"", ""amount"": 4486.0}, {""investor_id"": ""INV-1266"", ""date"": ""2024-02-18"", ""amount"": 4485.0}, {""investor_id"": ""INV-022"", ""date"": ""2024-02-02"", ""amount"": 4483.0}, {""investor_id"": ""INV-042"", ""date"": ""2024-01-19"", ""amount"": 4472.0}, {""investor_id"": ""INV-904"", ""date"": ""2024-12-14"", ""amount"": 4468.0}, {""investor_id"": ""INV-790"", ""date"": ""2026-01-03"", ""amount"": 4464.0}]}"
wealth_management_temporal_transaction_125_questions:TT125-032,wealth_management_temporal_transaction_125_questions.csv,TT125-032,List the transactions with an amount above 3500 that were recorded during calendar year 2025.,Temporal / transaction,Medium,Filtered List,ATOM_EVENT_CASH_FLOW_001,1,"SELECT investor_id, date, type, amount FROM ATOM_EVENT_CASH_FLOW_001 WHERE amount > 3500 AND date >= '2025-01-01' AND date < '2026-01-01' ORDER BY amount DESC, cash_flow_id ASC;","{""_total_rows"": 324, ""_truncated_to"": 50, ""rows"": [{""investor_id"": ""INV-042"", ""date"": ""2025-10-14"", ""type"": ""Tax Refund"", ""amount"": 100000000.0}, {""investor_id"": ""INV-522"", ""date"": ""2025-02-21"", ""type"": ""Tax Refund"", ""amount"": 100000000.0}, {""investor_id"": ""INV-1402"", ""date"": ""2025-06-24"", ""type"": ""Tax Refund"", ""amount"": 100000000.0}, {""investor_id"": ""INV-1110"", ""date"": ""2025-06-21"", ""type"": ""Deposit"", ""amount"": 4994.0}, {""investor_id"": ""INV-1099"", ""date"": ""2025-02-15"", ""type"": ""Tax Refund"", ""amount"": 4991.0}, {""investor_id"": ""INV-1370"", ""date"": ""2025-07-26"", ""type"": ""Dividend Reinvestment"", ""amount"": 4990.0}, {""investor_id"": ""INV-403"", ""date"": ""2025-07-13"", ""type"": ""Tax Refund"", ""amount"": 4988.0}, {""investor_id"": ""INV-1028"", ""date"": ""2025-05-20"", ""type"": ""Dividend Reinvestment"", ""amount"": 4981.0}, {""investor_id"": ""INV-669"", ""date"": ""2025-01-02"", ""type"": ""Dividend Reinvestment"", ""amount"": 4980.0}, {""investor_id"": ""INV-347"", ""date"": ""2025-10-16"", ""type"": ""Lump Sum"", ""amount"": 4977.0}, {""investor_id"": ""INV-244"", ""date"": ""2025-10-06"", ""type"": ""Deposit"", ""amount"": 4974.0}, {""investor_id"": ""INV-1473"", ""date"": ""2025-08-27"", ""type"": ""Lump Sum"", ""amount"": 4973.0}, {""investor_id"": ""INV-1232"", ""date"": ""2025-10-24"", ""type"": ""Lump Sum"", ""amount"": 4972.0}, {""investor_id"": ""INV-523"", ""date"": ""2025-02-16"", ""type"": ""SIP"", ""amount"": 4972.0}, {""investor_id"": ""INV-943"", ""date"": ""2025-11-05"", ""type"": ""Dividend Reinvestment"", ""amount"": 4971.0}, {""investor_id"": ""INV-201"", ""date"": ""2025-07-09"", ""type"": null, ""amount"": 4969.0}, {""investor_id"": ""INV-825"", ""date"": ""2025-10-23"", ""type"": ""Dividend Reinvestment"", ""amount"": 4966.0}, {""investor_id"": ""INV-858"", ""date"": ""2025-10-10"", ""type"": null, ""amount"": 4965.0}, {""investor_id"": ""INV-616"", ""date"": ""2025-09-11"", ""type"": ""Lump Sum"", ""amount"": 4964.0}, {""investor_id"": ""INV-670"", ""date"": ""2025-04-20"", ""type"": ""Deposit"", ""amount"": 4963.0}, {""investor_id"": ""INV-392"", ""date"": ""2025-03-07"", ""type"": ""Deposit"", ""amount"": 4962.0}, {""investor_id"": ""INV-1314"", ""date"": ""2025-11-30"", ""type"": null, ""amount"": 4959.0}, {""investor_id"": ""INV-399"", ""date"": ""2025-10-09"", ""type"": null, ""amount"": 4951.0}, {""investor_id"": ""INV-1037"", ""date"": ""2025-11-10"", ""type"": ""Tax Refund"", ""amount"": 4941.0}, {""investor_id"": ""INV-1254"", ""date"": ""2025-11-20"", ""type"": ""Deposit"", ""amount"": 4936.0}, {""investor_id"": ""INV-657"", ""date"": ""2025-03-20"", ""type"": ""Deposit"", ""amount"": 4936.0}, {""investor_id"": ""INV-260"", ""date"": ""2025-12-30"", ""type"": ""Deposit"", ""amount"": 4932.0}, {""investor_id"": ""INV-1449"", ""date"": ""2025-10-12"", ""type"": ""SIP"", ""amount"": 4927.0}, {""investor_id"": ""INV-202"", ""date"": ""2025-12-13"", ""type"": ""Interest Credit"", ""amount"": 4926.0}, {""investor_id"": ""INV-1008"", ""date"": ""2025-07-25"", ""type"": ""Lump Sum"", ""amount"": 4917.0}, {""investor_id"": ""INV-1124"", ""date"": ""2025-01-31"", ""type"": ""Dividend Reinvestment"", ""amount"": 4906.0}, {""investor_id"": ""INV-1517"", ""date"": ""2025-12-10"", ""type"": ""Tax Refund"", ""amount"": 4903.0}, {""investor_id"": ""INV-389"", ""date"": ""2025-09-09"", ""type"": ""Tax Refund"", ""amount"": 4903.0}, {""investor_id"": ""INV-645"", ""date"": ""2025-07-31"", ""type"": ""Dividend Reinvestment"", ""amount"": 4901.0}, {""investor_id"": ""INV-918"", ""date"": ""2025-07-06"", ""type"": ""SIP"", ""amount"": 4900.0}, {""investor_id"": ""INV-1405"", ""date"": ""2025-08-25"", ""type"": ""Deposit"", ""amount"": 4899.0}, {""investor_id"": ""INV-072"", ""date"": ""2025-04-26"", ""type"": ""Lump Sum"", ""amount"": 4897.0}, {""investor_id"": ""INV-197"", ""date"": ""2025-05-29"", ""type"": ""Interest Credit"", ""amount"": 4895.0}, {""investor_id"": ""INV-471"", ""date"": ""2025-05-18"", ""type"": ""Dividend Reinvestment"", ""amount"": 4887.0}, {""investor_id"": ""INV-1194"", ""date"": ""2025-01-25"", ""type"": ""Lump Sum"", ""amount"": 4877.0}, {""investor_id"": ""INV-1233"", ""date"": ""2025-07-27"", ""type"": ""Tax Refund"", ""amount"": 4869.0}, {""investor_id"": ""INV-1050"", ""date"": ""2025-10-28"", ""type"": null, ""amount"": 4864.0}, {""investor_id"": ""INV-116"", ""date"": ""2025-12-15"", ""type"": ""Deposit"", ""amount"": 4862.0}, {""investor_id"": ""INV-252"", ""date"": ""2025-12-11"", ""type"": ""Lump Sum"", ""amount"": 4860.0}, {""investor_id"": ""INV-561"", ""date"": ""2025-04-25"", ""type"": ""Interest Credit"", ""amount"": 4856.0}, {""investor_id"": ""INV-660"", ""date"": ""2025-02-19"", ""type"": ""Interest Credit"", ""amount"": 4848.0}, {""investor_id"": ""INV-1332"", ""date"": ""2025-03-18"", ""type"": ""Lump Sum"", ""amount"": 4835.0}, {""investor_id"": ""INV-046"", ""date"": ""2025-03-18"", ""type"": ""Dividend Reinvestment"", ""amount"": 4835.0}, {""investor_id"": ""INV-562"", ""date"": ""2025-11-04"", ""type"": ""Deposit"", ""amount"": 4830.0}, {""investor_id"": ""INV-642"", ""date"": ""2025-05-23"", ""type"": null, ""amount"": 4829.0}]}"
wealth_management_temporal_transaction_125_questions:TT125-036,wealth_management_temporal_transaction_125_questions.csv,TT125-036,"List investors whose total withdrawals exceeded 200000 in absolute terms, showing the total as a positive amount.",Temporal / transaction,Hard,Filtered List,ATOM_EVENT_CASH_FLOW_001,1,"SELECT investor_id, ROUND(-SUM(amount),2) AS total_withdrawals FROM ATOM_EVENT_CASH_FLOW_001 WHERE type='Withdrawal' GROUP BY investor_id HAVING -SUM(amount) > 200000 ORDER BY total_withdrawals DESC, investor_id ASC;","[{""investor_id"": ""INV-002"", ""total_withdrawals"": 100002633.0}, {""investor_id"": ""INV-442"", ""total_withdrawals"": 100000718.0}, {""investor_id"": ""INV-1442"", ""total_withdrawals"": 100000000.0}, {""investor_id"": ""INV-682"", ""total_withdrawals"": 100000000.0}]"
wealth_management_temporal_transaction_125_questions:TT125-040,wealth_management_temporal_transaction_125_questions.csv,TT125-040,What is the average amount of Interest Credit transactions in the cash-flow log?,Temporal / transaction,Medium,Categorical Aggregation,ATOM_EVENT_CASH_FLOW_001,1,"SELECT ROUND(AVG(amount),2) AS avg_amount FROM ATOM_EVENT_CASH_FLOW_001 WHERE type='Interest Credit';","[{""avg_amount"": 224119.78}]"
wealth_management_temporal_transaction_125_questions:TT125-044,wealth_management_temporal_transaction_125_questions.csv,TT125-044,How many transactions occurred on or after 2023-01-01?,Temporal / transaction,Medium,Temporal,ATOM_EVENT_CASH_FLOW_001,1,SELECT COUNT(*) AS transaction_count FROM ATOM_EVENT_CASH_FLOW_001 WHERE date >= '2023-01-01';,"[{""transaction_count"": 4958}]"
wealth_management_temporal_transaction_125_questions:TT125-048,wealth_management_temporal_transaction_125_questions.csv,TT125-048,How many transactions occurred on or after 2024-07-01?,Temporal / transaction,Medium,Temporal,ATOM_EVENT_CASH_FLOW_001,1,SELECT COUNT(*) AS transaction_count FROM ATOM_EVENT_CASH_FLOW_001 WHERE date >= '2024-07-01';,"[{""transaction_count"": 2723}]"
wealth_management_temporal_transaction_125_questions:TT125-052,wealth_management_temporal_transaction_125_questions.csv,TT125-052,How many transactions occurred on or after 2025-07-01?,Temporal / transaction,Medium,Temporal,ATOM_EVENT_CASH_FLOW_001,1,SELECT COUNT(*) AS transaction_count FROM ATOM_EVENT_CASH_FLOW_001 WHERE date >= '2025-07-01';,"[{""transaction_count"": 1271}]"
wealth_management_temporal_transaction_125_questions:TT125-056,wealth_management_temporal_transaction_125_questions.csv,TT125-056,What was the total Dividend Reinvestment amount recorded in calendar year 2024?,Temporal / transaction,Medium,Temporal,ATOM_EVENT_CASH_FLOW_001,1,"SELECT ROUND(SUM(amount),2) AS total_amount FROM ATOM_EVENT_CASH_FLOW_001 WHERE type='Dividend Reinvestment' AND date >= '2024-01-01' AND date < '2025-01-01';","[{""total_amount"": 100406809.0}]"
wealth_management_temporal_transaction_125_questions:TT125-060,wealth_management_temporal_transaction_125_questions.csv,TT125-060,What was the total Lump Sum amount recorded in calendar year 2024?,Temporal / transaction,Medium,Temporal,ATOM_EVENT_CASH_FLOW_001,1,"SELECT ROUND(SUM(amount),2) AS total_amount FROM ATOM_EVENT_CASH_FLOW_001 WHERE type='Lump Sum' AND date >= '2024-01-01' AND date < '2025-01-01';","[{""total_amount"": 100424992.0}]"
wealth_management_temporal_transaction_125_questions:TT125-064,wealth_management_temporal_transaction_125_questions.csv,TT125-064,What was the total SIP amount recorded in calendar year 2024?,Temporal / transaction,Medium,Temporal,ATOM_EVENT_CASH_FLOW_001,1,"SELECT ROUND(SUM(amount),2) AS total_amount FROM ATOM_EVENT_CASH_FLOW_001 WHERE type='SIP' AND date >= '2024-01-01' AND date < '2025-01-01';","[{""total_amount"": 586086.0}]"
wealth_management_temporal_transaction_125_questions:TT125-068,wealth_management_temporal_transaction_125_questions.csv,TT125-068,What was the total Withdrawal amount recorded in calendar year 2024?,Temporal / transaction,Medium,Temporal,ATOM_EVENT_CASH_FLOW_001,1,"SELECT ROUND(-SUM(amount),2) AS total_amount FROM ATOM_EVENT_CASH_FLOW_001 WHERE type='Withdrawal' AND date >= '2024-01-01' AND date < '2025-01-01';","[{""total_amount"": 200446739.0}]"
wealth_management_temporal_transaction_125_questions:TT125-072,wealth_management_temporal_transaction_125_questions.csv,TT125-072,What was the net cash flow of Aggressive investors during calendar year 2024?,Temporal / transaction,Medium,Temporal,ATOM_ENTITY_INVESTOR_PROFILE_001; ATOM_EVENT_CASH_FLOW_001,2,"SELECT ROUND(SUM(cf.amount),2) AS net_cash_flow FROM ATOM_EVENT_CASH_FLOW_001 cf JOIN ATOM_ENTITY_INVESTOR_PROFILE_001 p ON p.investor_id=cf.investor_id WHERE p.risk_tolerance='Aggressive' AND cf.date >= '2024-01-01' AND date < '2025-01-01';","[{""net_cash_flow"": 300702150.0}]"
wealth_management_temporal_transaction_125_questions:TT125-076,wealth_management_temporal_transaction_125_questions.csv,TT125-076,What was the net cash flow of Conservative investors during calendar year 2024?,Temporal / transaction,Medium,Temporal,ATOM_ENTITY_INVESTOR_PROFILE_001; ATOM_EVENT_CASH_FLOW_001,2,"SELECT ROUND(SUM(cf.amount),2) AS net_cash_flow FROM ATOM_EVENT_CASH_FLOW_001 cf JOIN ATOM_ENTITY_INVESTOR_PROFILE_001 p ON p.investor_id=cf.investor_id WHERE p.risk_tolerance='Conservative' AND cf.date >= '2024-01-01' AND date < '2025-01-01';","[{""net_cash_flow"": -99476929.0}]"
wealth_management_temporal_transaction_125_questions:TT125-080,wealth_management_temporal_transaction_125_questions.csv,TT125-080,What was the net cash flow of Moderate investors during calendar year 2024?,Temporal / transaction,Medium,Temporal,ATOM_ENTITY_INVESTOR_PROFILE_001; ATOM_EVENT_CASH_FLOW_001,2,"SELECT ROUND(SUM(cf.amount),2) AS net_cash_flow FROM ATOM_EVENT_CASH_FLOW_001 cf JOIN ATOM_ENTITY_INVESTOR_PROFILE_001 p ON p.investor_id=cf.investor_id WHERE p.risk_tolerance='Moderate' AND cf.date >= '2024-01-01' AND date < '2025-01-01';","[{""net_cash_flow"": -99312131.0}]"
wealth_management_temporal_transaction_125_questions:TT125-084,wealth_management_temporal_transaction_125_questions.csv,TT125-084,What was the net cash flow of Diversified segment investors during calendar year 2025?,Temporal / transaction,Medium,Temporal,ATOM_ENTITY_INVESTOR_PROFILE_001; ATOM_EVENT_CASH_FLOW_001,2,"SELECT ROUND(SUM(cf.amount),2) AS net_cash_flow FROM ATOM_EVENT_CASH_FLOW_001 cf JOIN ATOM_ENTITY_INVESTOR_PROFILE_001 p ON p.investor_id=cf.investor_id WHERE p.segment='Diversified' AND cf.date >= '2025-01-01' AND date < '2026-01-01';","[{""net_cash_flow"": 200498710.0}]"
wealth_management_temporal_transaction_125_questions:TT125-088,wealth_management_temporal_transaction_125_questions.csv,TT125-088,What was the net cash flow of Large Cap segment investors during calendar year 2025?,Temporal / transaction,Medium,Temporal,ATOM_ENTITY_INVESTOR_PROFILE_001; ATOM_EVENT_CASH_FLOW_001,2,"SELECT ROUND(SUM(cf.amount),2) AS net_cash_flow FROM ATOM_EVENT_CASH_FLOW_001 cf JOIN ATOM_ENTITY_INVESTOR_PROFILE_001 p ON p.investor_id=cf.investor_id WHERE p.segment='Large Cap' AND cf.date >= '2025-01-01' AND date < '2026-01-01';","[{""net_cash_flow"": 100407459.0}]"
wealth_management_temporal_transaction_125_questions:TT125-092,wealth_management_temporal_transaction_125_questions.csv,TT125-092,What was the net cash flow of Mid Cap segment investors during calendar year 2025?,Temporal / transaction,Medium,Temporal,ATOM_ENTITY_INVESTOR_PROFILE_001; ATOM_EVENT_CASH_FLOW_001,2,"SELECT ROUND(SUM(cf.amount),2) AS net_cash_flow FROM ATOM_EVENT_CASH_FLOW_001 cf JOIN ATOM_ENTITY_INVESTOR_PROFILE_001 p ON p.investor_id=cf.investor_id WHERE p.segment='Mid Cap' AND cf.date >= '2025-01-01' AND date < '2026-01-01';","[{""net_cash_flow"": 457076.0}]"
wealth_management_temporal_transaction_125_questions:TT125-096,wealth_management_temporal_transaction_125_questions.csv,TT125-096,What was the net cash flow of Small Cap segment investors during calendar year 2025?,Temporal / transaction,Medium,Temporal,ATOM_ENTITY_INVESTOR_PROFILE_001; ATOM_EVENT_CASH_FLOW_001,2,"SELECT ROUND(SUM(cf.amount),2) AS net_cash_flow FROM ATOM_EVENT_CASH_FLOW_001 cf JOIN ATOM_ENTITY_INVESTOR_PROFILE_001 p ON p.investor_id=cf.investor_id WHERE p.segment='Small Cap' AND cf.date >= '2025-01-01' AND date < '2026-01-01';","[{""net_cash_flow"": -99487448.0}]"
wealth_management_temporal_transaction_125_questions:TT125-100,wealth_management_temporal_transaction_125_questions.csv,TT125-100,How many transactions did Debt category investors record on or after 2024-01-01?,Temporal / transaction,Medium,Temporal,ATOM_ENTITY_INVESTOR_PROFILE_001; ATOM_EVENT_CASH_FLOW_001,2,SELECT COUNT(*) AS transaction_count FROM ATOM_EVENT_CASH_FLOW_001 cf JOIN ATOM_ENTITY_INVESTOR_PROFILE_001 p ON p.investor_id=cf.investor_id WHERE p.category='Debt' AND cf.date >= '2024-01-01';,"[{""transaction_count"": 590}]"
wealth_management_temporal_transaction_125_questions:TT125-104,wealth_management_temporal_transaction_125_questions.csv,TT125-104,How many transactions did Equity category investors record on or after 2024-01-01?,Temporal / transaction,Medium,Temporal,ATOM_ENTITY_INVESTOR_PROFILE_001; ATOM_EVENT_CASH_FLOW_001,2,SELECT COUNT(*) AS transaction_count FROM ATOM_EVENT_CASH_FLOW_001 cf JOIN ATOM_ENTITY_INVESTOR_PROFILE_001 p ON p.investor_id=cf.investor_id WHERE p.category='Equity' AND cf.date >= '2024-01-01';,"[{""transaction_count"": 706}]"
wealth_management_temporal_transaction_125_questions:TT125-108,wealth_management_temporal_transaction_125_questions.csv,TT125-108,List Short-term time-horizon investors whose net cash flow during calendar year 2024 was negative.,Temporal / transaction,Hard,Filtered List,ATOM_ENTITY_INVESTOR_PROFILE_001; ATOM_EVENT_CASH_FLOW_001,2,"SELECT p.investor_id, p.investor_name, ROUND(SUM(cf.amount),2) AS net_cash_flow FROM ATOM_EVENT_CASH_FLOW_001 cf JOIN ATOM_ENTITY_INVESTOR_PROFILE_001 p ON p.investor_id=cf.investor_id WHERE p.time_horizon='Short-term' AND cf.date >= '2024-01-01' AND cf.date < '2025-01-01' GROUP BY p.investor_id, p.investor_name HAVING SUM(cf.amount) < 0 ORDER BY net_cash_flow ASC, p.investor_id ASC;","{""_total_rows"": 61, ""_truncated_to"": 50, ""rows"": [{""investor_id"": ""INV-1162"", ""investor_name"": ""Siddharth Joshi"", ""net_cash_flow"": -99989079.0}, {""investor_id"": ""INV-139"", ""investor_name"": ""Anita Iyer"", ""net_cash_flow"": -6618.0}, {""investor_id"": ""INV-781"", ""investor_name"": ""Dipti Reddy"", ""net_cash_flow"": -5067.0}, {""investor_id"": ""INV-268"", ""investor_name"": ""Meena Verma"", ""net_cash_flow"": -4980.0}, {""investor_id"": ""INV-1141"", ""investor_name"": ""Ankita Iyer"", ""net_cash_flow"": -4946.0}, {""investor_id"": ""INV-489"", ""investor_name"": ""Sneha Mishra"", ""net_cash_flow"": -4905.0}, {""investor_id"": ""INV-174"", ""investor_name"": ""Meena Sharma"", ""net_cash_flow"": -4850.0}, {""investor_id"": ""INV-744"", ""investor_name"": ""Anita Reddy"", ""net_cash_flow"": -4839.0}, {""investor_id"": ""INV-1531"", ""investor_name"": ""Rohan Singh"", ""net_cash_flow"": -4722.0}, {""investor_id"": ""INV-1518"", ""investor_name"": ""Priyanka Chauhan"", ""net_cash_flow"": -4604.0}, {""investor_id"": ""INV-1081"", ""investor_name"": ""Priyanka Deshmukh"", ""net_cash_flow"": -4571.0}, {""investor_id"": ""INV-1192"", ""investor_name"": ""Amit Deshmukh"", ""net_cash_flow"": -4561.0}, {""investor_id"": ""INV-1410"", ""investor_name"": ""Deepak Iyer"", ""net_cash_flow"": -4416.0}, {""investor_id"": ""INV-576"", ""investor_name"": ""Amit Kulkarni"", ""net_cash_flow"": -4384.0}, {""investor_id"": ""INV-1493"", ""investor_name"": ""Abhishek Nair"", ""net_cash_flow"": -4300.0}, {""investor_id"": ""INV-706"", ""investor_name"": ""Vikram Deshmukh"", ""net_cash_flow"": -4178.0}, {""investor_id"": ""INV-325"", ""investor_name"": ""Anand Chauhan"", ""net_cash_flow"": -4078.0}, {""investor_id"": ""INV-601"", ""investor_name"": ""Akshay Gupta"", ""net_cash_flow"": -3655.0}, {""investor_id"": ""INV-1021"", ""investor_name"": ""Amit Joshi"", ""net_cash_flow"": -3647.0}, {""investor_id"": ""INV-1244"", ""investor_name"": ""Aishwarya Chauhan"", ""net_cash_flow"": -3510.0}, {""investor_id"": ""INV-249"", ""investor_name"": ""Vivek Kulkarni"", ""net_cash_flow"": -3458.0}, {""investor_id"": ""INV-1068"", ""investor_name"": ""Rahul Bhat"", ""net_cash_flow"": -3357.0}, {""investor_id"": ""INV-112"", ""investor_name"": ""Amit Gupta"", ""net_cash_flow"": -3276.0}, {""investor_id"": ""INV-970"", ""investor_name"": ""Meena Nair"", ""net_cash_flow"": -3263.0}, {""investor_id"": ""INV-1355"", ""investor_name"": ""Vivek Verma"", ""net_cash_flow"": -3068.0}, {""investor_id"": ""INV-1269"", ""investor_name"": ""Vikram Patel"", ""net_cash_flow"": -3006.0}, {""investor_id"": ""INV-1208"", ""investor_name"": ""Ankita Gupta"", ""net_cash_flow"": -2721.0}, {""investor_id"": ""INV-637"", ""investor_name"": ""Priyanka Deshmukh"", ""net_cash_flow"": -2700.0}, {""investor_id"": ""INV-1045"", ""investor_name"": ""Arvind Nair"", ""net_cash_flow"": -2611.0}, {""investor_id"": ""INV-179"", ""investor_name"": ""Anita Singh"", ""net_cash_flow"": -2298.0}, {""investor_id"": ""INV-788"", ""investor_name"": ""Ramesh Kulkarni"", ""net_cash_flow"": -2205.0}, {""investor_id"": ""INV-145"", ""investor_name"": ""Sunita Singh"", ""net_cash_flow"": -2032.0}, {""investor_id"": ""INV-044"", ""investor_name"": ""Ishita Sharma"", ""net_cash_flow"": -1974.0}, {""investor_id"": ""INV-1502"", ""investor_name"": ""Meena Rao"", ""net_cash_flow"": -1955.0}, {""investor_id"": ""INV-1132"", ""investor_name"": ""Deepak Bhat"", ""net_cash_flow"": -1923.0}, {""investor_id"": ""INV-1211"", ""investor_name"": ""Kavita Bhat"", ""net_cash_flow"": -1861.0}, {""investor_id"": ""INV-640"", ""investor_name"": ""Vivek Bhat"", ""net_cash_flow"": -1773.0}, {""investor_id"": ""INV-1339"", ""investor_name"": ""Rahul Arora"", ""net_cash_flow"": -1762.0}, {""investor_id"": ""INV-1288"", ""investor_name"": ""Ramesh Nair"", ""net_cash_flow"": -1581.0}, {""investor_id"": ""INV-176"", ""investor_name"": ""Anjali Arora"", ""net_cash_flow"": -1488.0}, {""investor_id"": ""INV-1429"", ""investor_name"": ""Meena Hegde"", ""net_cash_flow"": -1425.0}, {""investor_id"": ""INV-421"", ""investor_name"": ""Kavita Rao"", ""net_cash_flow"": -1329.0}, {""investor_id"": ""INV-1144"", ""investor_name"": ""Deepak Reddy"", ""net_cash_flow"": -1323.0}, {""investor_id"": ""INV-1252"", ""investor_name"": ""Ramesh Sharma"", ""net_cash_flow"": -1299.0}, {""investor_id"": ""INV-427"", ""investor_name"": ""Meena Mishra"", ""net_cash_flow"": -1216.0}, {""investor_id"": ""INV-961"", ""investor_name"": ""Amrita Yadav"", ""net_cash_flow"": -1082.0}, {""investor_id"": ""INV-566"", ""investor_name"": ""Rahul Arora"", ""net_cash_flow"": -1061.0}, {""investor_id"": ""INV-183"", ""investor_name"": ""Sneha Mishra"", ""net_cash_flow"": -996.0}, {""investor_id"": ""INV-828"", ""investor_name"": ""Rahul Iyer"", ""net_cash_flow"": -883.0}, {""investor_id"": ""INV-996"", ""investor_name"": ""Rahul Verma"", ""net_cash_flow"": -863.0}]}"
wealth_management_temporal_transaction_125_questions:TT125-112,wealth_management_temporal_transaction_125_questions.csv,TT125-112,What was the total net cash flow during calendar year 2024 for investors who hold at least one position with investment type 'Equity'?,Temporal / transaction,Hard,Temporal,ATOM_ENTITY_INVESTOR_PROFILE_001; ATOM_ENTITY_PORTFOLIO_HOLDING_001; ATOM_EVENT_CASH_FLOW_001,3,"WITH cash AS (SELECT investor_id, SUM(amount) AS net FROM ATOM_EVENT_CASH_FLOW_001 WHERE date >= '2024-01-01' AND date < '2025-01-01' GROUP BY investor_id) SELECT ROUND(SUM(c.net),2) AS total_net_cash_flow FROM cash c JOIN ATOM_ENTITY_INVESTOR_PROFILE_001 p ON p.investor_id=c.investor_id WHERE EXISTS (SELECT 1 FROM ATOM_ENTITY_PORTFOLIO_HOLDING_001 o WHERE o.investor_id=p.investor_id AND o.investment_type='Equity');","[{""total_net_cash_flow"": 101045470.0}]"
wealth_management_temporal_transaction_125_questions:TT125-116,wealth_management_temporal_transaction_125_questions.csv,TT125-116,What was the total net cash flow during calendar year 2024 for investors who hold at least one position with investment type 'Gold'?,Temporal / transaction,Hard,Temporal,ATOM_ENTITY_INVESTOR_PROFILE_001; ATOM_ENTITY_PORTFOLIO_HOLDING_001; ATOM_EVENT_CASH_FLOW_001,3,"WITH cash AS (SELECT investor_id, SUM(amount) AS net FROM ATOM_EVENT_CASH_FLOW_001 WHERE date >= '2024-01-01' AND date < '2025-01-01' GROUP BY investor_id) SELECT ROUND(SUM(c.net),2) AS total_net_cash_flow FROM cash c JOIN ATOM_ENTITY_INVESTOR_PROFILE_001 p ON p.investor_id=c.investor_id WHERE EXISTS (SELECT 1 FROM ATOM_ENTITY_PORTFOLIO_HOLDING_001 o WHERE o.investor_id=p.investor_id AND o.investment_type='Gold');","[{""total_net_cash_flow"": 201049681.0}]"
wealth_management_temporal_transaction_125_questions:TT125-120,wealth_management_temporal_transaction_125_questions.csv,TT125-120,What was the total net cash flow during calendar year 2024 for investors who hold at least one position with investment type 'Mutual Fund'?,Temporal / transaction,Hard,Temporal,ATOM_ENTITY_INVESTOR_PROFILE_001; ATOM_ENTITY_PORTFOLIO_HOLDING_001; ATOM_EVENT_CASH_FLOW_001,3,"WITH cash AS (SELECT investor_id, SUM(amount) AS net FROM ATOM_EVENT_CASH_FLOW_001 WHERE date >= '2024-01-01' AND date < '2025-01-01' GROUP BY investor_id) SELECT ROUND(SUM(c.net),2) AS total_net_cash_flow FROM cash c JOIN ATOM_ENTITY_INVESTOR_PROFILE_001 p ON p.investor_id=c.investor_id WHERE EXISTS (SELECT 1 FROM ATOM_ENTITY_PORTFOLIO_HOLDING_001 o WHERE o.investor_id=p.investor_id AND o.investment_type='Mutual Fund');","[{""total_net_cash_flow"": 950270.0}]"
wealth_management_temporal_transaction_125_questions:TT125-124,wealth_management_temporal_transaction_125_questions.csv,TT125-124,What was the total net cash flow during calendar year 2024 for investors who hold at least one position with investment type 'ETF'?,Temporal / transaction,Hard,Temporal,ATOM_ENTITY_INVESTOR_PROFILE_001; ATOM_ENTITY_PORTFOLIO_HOLDING_001; ATOM_EVENT_CASH_FLOW_001,3,"WITH cash AS (SELECT investor_id, SUM(amount) AS net FROM ATOM_EVENT_CASH_FLOW_001 WHERE date >= '2024-01-01' AND date < '2025-01-01' GROUP BY investor_id) SELECT ROUND(SUM(c.net),2) AS total_net_cash_flow FROM cash c JOIN ATOM_ENTITY_INVESTOR_PROFILE_001 p ON p.investor_id=c.investor_id WHERE EXISTS (SELECT 1 FROM ATOM_ENTITY_PORTFOLIO_HOLDING_001 o WHERE o.investor_id=p.investor_id AND o.investment_type='ETF');","[{""total_net_cash_flow"": 200953111.0}]"
